record_type,from_width_mult,from_bit_width,width_mult,bit_width,sample_index,latency_ms
warm,,,0.25,4,0,95.18639999441803
warm,,,0.25,4,1,130.57679997291416
warm,,,0.25,4,2,89.43460008595139
warm,,,0.25,4,3,93.52630004286766
warm,,,0.25,4,4,96.2759000249207
warm,,,0.25,4,5,92.1725999796763
warm,,,0.25,4,6,136.35360007174313
warm,,,0.25,4,7,112.80360003001988
warm,,,0.25,4,8,79.58489994052798
warm,,,0.25,4,9,86.84760006144643
warm,,,0.25,4,10,117.59309994522482
warm,,,0.25,4,11,113.51719999220222
warm,,,0.25,4,12,87.10330002941191
warm,,,0.25,4,13,85.5277000227943
warm,,,0.25,4,14,88.9593999600038
warm,,,0.25,4,15,111.50379991158843
warm,,,0.25,4,16,108.4751000162214
warm,,,0.25,4,17,96.05699998792261
warm,,,0.25,4,18,86.7231999291107
warm,,,0.25,4,19,83.10249994974583
warm,,,0.25,4,20,85.97140002530068
warm,,,0.25,4,21,86.0907998867333
warm,,,0.25,4,22,79.8367999959737
warm,,,0.25,4,23,97.08560002036393
warm,,,0.25,4,24,121.57209997531027
warm,,,0.25,4,25,261.3659999333322
warm,,,0.25,4,26,48.867200035601854
warm,,,0.25,4,27,36.84570000041276
warm,,,0.25,4,28,34.670299966819584
warm,,,0.25,4,29,89.11379997152835
warm,,,0.25,4,30,66.77320005837828
warm,,,0.25,4,31,89.02489999309182
warm,,,0.25,4,32,84.73250002134591
warm,,,0.25,4,33,88.17480003926903
warm,,,0.25,4,34,102.85669995937496
warm,,,0.25,4,35,99.25239998847246
warm,,,0.25,4,36,94.97470001224428
warm,,,0.25,4,37,100.08720005862415
warm,,,0.25,4,38,79.44379991386086
warm,,,0.25,4,39,86.41160000115633
warm,,,0.25,4,40,97.60979993734509
warm,,,0.25,4,41,101.35360003914684
warm,,,0.25,4,42,87.17089996207505
warm,,,0.25,4,43,84.87909997347742
warm,,,0.25,4,44,85.81780001986772
warm,,,0.25,4,45,90.68190003745258
warm,,,0.25,4,46,88.11959996819496
warm,,,0.25,4,47,96.12190001644194
warm,,,0.25,4,48,98.88419997878373
warm,,,0.25,4,49,90.34770005382597
warm,,,0.25,4,50,82.30080001521856
warm,,,0.25,4,51,93.86460005771369
warm,,,0.25,4,52,91.64440003223717
warm,,,0.25,4,53,84.71760002430528
warm,,,0.25,4,54,77.08580000326037
warm,,,0.25,4,55,85.70549997966737
warm,,,0.25,4,56,83.40639993548393
warm,,,0.25,4,57,84.61579994764179
warm,,,0.25,4,58,94.7627000277862
warm,,,0.25,4,59,85.64239996485412
warm,,,0.25,4,60,85.33340005669743
warm,,,0.25,4,61,86.94379997905344
warm,,,0.25,4,62,91.47280000615865
warm,,,0.25,4,63,83.77159992232919
warm,,,0.25,4,64,82.10560004226863
warm,,,0.25,4,65,84.87340004649013
warm,,,0.25,4,66,85.3311000391841
warm,,,0.25,4,67,84.84500006306916
warm,,,0.25,4,68,86.73769992310554
warm,,,0.25,4,69,86.09490003436804
warm,,,0.25,4,70,77.3196000372991
warm,,,0.25,4,71,95.84929991979152
warm,,,0.25,4,72,84.60489998105913
warm,,,0.25,4,73,82.66399998683482
warm,,,0.25,4,74,88.99329998530447
warm,,,0.25,4,75,97.50350005924702
warm,,,0.25,4,76,76.16840000264347
warm,,,0.25,4,77,99.25580001436174
warm,,,0.25,4,78,89.44350003730506
warm,,,0.25,4,79,67.87180004175752
warm,,,0.25,4,80,88.41249998658895
warm,,,0.25,4,81,89.67140002641827
warm,,,0.25,4,82,88.65679998416454
warm,,,0.25,4,83,87.71670004352927
warm,,,0.25,4,84,88.93269998952746
warm,,,0.25,4,85,87.67719997558743
warm,,,0.25,4,86,87.24469994194806
warm,,,0.25,4,87,85.8952000271529
warm,,,0.25,4,88,96.2409001076594
warm,,,0.25,4,89,85.98869992420077
warm,,,0.25,4,90,81.61170000676066
warm,,,0.25,4,91,79.91319999564439
warm,,,0.25,4,92,94.089699909091
warm,,,0.25,4,93,75.02919994294643
warm,,,0.25,4,94,84.80809989850968
warm,,,0.25,4,95,86.12620003987104
warm,,,0.25,4,96,86.42160007730126
warm,,,0.25,4,97,86.58419991843402
warm,,,0.25,4,98,99.83800002373755
warm,,,0.25,4,99,84.58779996726662
warm,,,0.25,4,100,91.31209994666278
warm,,,0.25,4,101,94.51750002335757
warm,,,0.25,4,102,80.67759999539703
warm,,,0.25,4,103,87.24389993585646
warm,,,0.25,4,104,95.35469999536872
warm,,,0.25,4,105,85.15539998188615
warm,,,0.25,4,106,85.59819997753948
warm,,,0.25,4,107,96.52000002097338
warm,,,0.25,4,108,85.76579997316003
warm,,,0.25,4,109,83.82450009230524
warm,,,0.25,4,110,81.60139992833138
warm,,,0.25,4,111,86.66910009924322
warm,,,0.25,4,112,83.47409998532385
warm,,,0.25,4,113,90.41619999334216
warm,,,0.25,4,114,89.58130003884435
warm,,,0.25,4,115,95.60250001959503
warm,,,0.25,4,116,106.16329999174923
warm,,,0.25,4,117,82.38919998984784
warm,,,0.25,4,118,85.81920003052801
warm,,,0.25,4,119,104.228499927558
warm,,,0.25,4,120,88.66920007858425
warm,,,0.25,4,121,85.57510003447533
warm,,,0.25,4,122,87.72900002077222
warm,,,0.25,4,123,77.85520004108548
warm,,,0.25,4,124,80.97969996742904
warm,,,0.25,4,125,76.30089996382594
warm,,,0.25,4,126,100.27260007336736
warm,,,0.25,4,127,111.54279997572303
warm,,,0.25,4,128,133.07089998852462
warm,,,0.25,4,129,105.8750000083819
warm,,,0.25,4,130,98.54459995403886
warm,,,0.25,4,131,93.21249998174608
warm,,,0.25,4,132,94.46930000558496
warm,,,0.25,4,133,142.21759990323335
warm,,,0.25,4,134,115.74479995761067
warm,,,0.25,4,135,114.9152999278158
warm,,,0.25,4,136,263.34679999854416
warm,,,0.25,4,137,215.9323999658227
warm,,,0.25,4,138,267.8118000039831
warm,,,0.25,4,139,256.79969997145236
warm,,,0.25,4,140,84.51930002775043
warm,,,0.25,4,141,93.7424999428913
warm,,,0.25,4,142,91.43520006909966
warm,,,0.25,4,143,83.58950004912913
warm,,,0.25,4,144,107.7750000404194
warm,,,0.25,4,145,87.66139997169375
warm,,,0.25,4,146,91.6979000903666
warm,,,0.25,4,147,212.28139998856932
warm,,,0.25,4,148,125.87970006279647
warm,,,0.25,4,149,90.11449990794063
warm,,,0.25,4,150,84.6458999440074
warm,,,0.25,4,151,87.48850005213171
warm,,,0.25,4,152,108.85289998259395
warm,,,0.25,4,153,121.08529999386519
warm,,,0.25,4,154,79.89689998794347
warm,,,0.25,4,155,76.88840001355857
warm,,,0.25,4,156,81.80280006490648
warm,,,0.25,4,157,104.22880004625767
warm,,,0.25,4,158,72.20779999624938
warm,,,0.25,4,159,65.74380001984537
warm,,,0.25,4,160,81.33250009268522
warm,,,0.25,4,161,98.85869990102947
warm,,,0.25,4,162,77.1128999767825
warm,,,0.25,4,163,141.63940004073083
warm,,,0.25,4,164,82.50190003309399
warm,,,0.25,4,165,76.02729997597635
warm,,,0.25,4,166,82.99580006860197
warm,,,0.25,4,167,78.78919993527234
warm,,,0.25,4,168,111.67819995898753
warm,,,0.25,4,169,88.16759998444468
warm,,,0.25,4,170,81.69970009475946
warm,,,0.25,4,171,63.45559994224459
warm,,,0.25,4,172,55.94260001089424
warm,,,0.25,4,173,92.26529998704791
warm,,,0.25,4,174,68.74899996910244
warm,,,0.25,4,175,123.48249997012317
warm,,,0.25,4,176,69.37390007078648
warm,,,0.25,4,177,56.89669994171709
warm,,,0.25,4,178,74.9215999385342
warm,,,0.25,4,179,179.7941999975592
warm,,,0.25,4,180,144.17730004061013
warm,,,0.25,4,181,83.98250001482666
warm,,,0.25,4,182,85.19030001480132
warm,,,0.25,4,183,110.34940008539706
warm,,,0.25,4,184,173.0665999930352
warm,,,0.25,4,185,92.32160006649792
warm,,,0.25,4,186,81.51479996740818
warm,,,0.25,4,187,52.06970009021461
warm,,,0.25,4,188,65.75179996434599
warm,,,0.25,4,189,64.27269999403507
warm,,,0.25,4,190,61.95050000678748
warm,,,0.25,4,191,66.66910008061677
warm,,,0.25,4,192,110.16280006151646
warm,,,0.25,4,193,63.50600009318441
warm,,,0.25,4,194,63.02450003568083
warm,,,0.25,4,195,71.5961999958381
warm,,,0.25,4,196,81.60070003941655
warm,,,0.25,4,197,54.14650007151067
warm,,,0.25,4,198,68.37130000349134
warm,,,0.25,4,199,59.87420002929866
warm,,,0.25,8,0,55.67010003142059
warm,,,0.25,8,1,63.76290007028729
warm,,,0.25,8,2,62.17109994031489
warm,,,0.25,8,3,61.48410006426275
warm,,,0.25,8,4,66.63519993890077
warm,,,0.25,8,5,60.839699930511415
warm,,,0.25,8,6,70.59819996356964
warm,,,0.25,8,7,48.87689999304712
warm,,,0.25,8,8,64.33169997762889
warm,,,0.25,8,9,66.23100000433624
warm,,,0.25,8,10,94.12350005004555
warm,,,0.25,8,11,56.423199945129454
warm,,,0.25,8,12,65.04699995275587
warm,,,0.25,8,13,52.05930001102388
warm,,,0.25,8,14,88.77310005482286
warm,,,0.25,8,15,72.99360004253685
warm,,,0.25,8,16,76.84490003157407
warm,,,0.25,8,17,54.50580001343042
warm,,,0.25,8,18,65.35230006556958
warm,,,0.25,8,19,51.572400028817356
warm,,,0.25,8,20,51.21419997885823
warm,,,0.25,8,21,53.652700036764145
warm,,,0.25,8,22,52.37240006681532
warm,,,0.25,8,23,72.92000006418675
warm,,,0.25,8,24,55.981399957090616
warm,,,0.25,8,25,64.01659990660846
warm,,,0.25,8,26,54.55649993382394
warm,,,0.25,8,27,53.20269998628646
warm,,,0.25,8,28,66.11659994814545
warm,,,0.25,8,29,59.4325999263674
warm,,,0.25,8,30,60.98050007130951
warm,,,0.25,8,31,70.49069995991886
warm,,,0.25,8,32,65.59900008141994
warm,,,0.25,8,33,75.39880007971078
warm,,,0.25,8,34,67.8806999931112
warm,,,0.25,8,35,61.17969995830208
warm,,,0.25,8,36,59.94440009817481
warm,,,0.25,8,37,72.80820002779365
warm,,,0.25,8,38,66.79369998164475
warm,,,0.25,8,39,47.30870004277676
warm,,,0.25,8,40,47.55820007994771
warm,,,0.25,8,41,49.843300017528236
warm,,,0.25,8,42,49.8180000577122
warm,,,0.25,8,43,52.31739999726415
warm,,,0.25,8,44,54.07730001024902
warm,,,0.25,8,45,63.3444000268355
warm,,,0.25,8,46,56.520899990573525
warm,,,0.25,8,47,79.19740001671016
warm,,,0.25,8,48,55.58649997692555
warm,,,0.25,8,49,49.4635000359267
warm,,,0.25,8,50,83.52740004193038
warm,,,0.25,8,51,97.83019998576492
warm,,,0.25,8,52,67.48059997335076
warm,,,0.25,8,53,76.32889994420111
warm,,,0.25,8,54,67.06699996721
warm,,,0.25,8,55,82.44919998105615
warm,,,0.25,8,56,76.26060000620782
warm,,,0.25,8,57,66.39890000224113
warm,,,0.25,8,58,49.51949999667704
warm,,,0.25,8,59,63.662400003522635
warm,,,0.25,8,60,119.11910003982484
warm,,,0.25,8,61,48.77720004878938
warm,,,0.25,8,62,87.79690007213503
warm,,,0.25,8,63,46.6644000262022
warm,,,0.25,8,64,57.65790003351867
warm,,,0.25,8,65,54.217000026255846
warm,,,0.25,8,66,48.90200006775558
warm,,,0.25,8,67,48.96150005515665
warm,,,0.25,8,68,56.52440001722425
warm,,,0.25,8,69,55.4190999828279
warm,,,0.25,8,70,45.151100028306246
warm,,,0.25,8,71,90.26540000922978
warm,,,0.25,8,72,60.26020005811006
warm,,,0.25,8,73,55.437900009565055
warm,,,0.25,8,74,55.62679993454367
warm,,,0.25,8,75,80.02210000995547
warm,,,0.25,8,76,56.495700031518936
warm,,,0.25,8,77,56.49599991738796
warm,,,0.25,8,78,46.23320000246167
warm,,,0.25,8,79,62.3682999284938
warm,,,0.25,8,80,50.90749997179955
warm,,,0.25,8,81,40.088700014166534
warm,,,0.25,8,82,44.93239999283105
warm,,,0.25,8,83,48.00890001934022
warm,,,0.25,8,84,45.04670004826039
warm,,,0.25,8,85,59.543299954384565
warm,,,0.25,8,86,96.21129999868572
warm,,,0.25,8,87,77.23819999955595
warm,,,0.25,8,88,73.7564000301063
warm,,,0.25,8,89,81.69310004450381
warm,,,0.25,8,90,75.23329998366535
warm,,,0.25,8,91,94.80590000748634
warm,,,0.25,8,92,72.62989995069802
warm,,,0.25,8,93,73.21880001109093
warm,,,0.25,8,94,69.2879999987781
warm,,,0.25,8,95,78.25560006313026
warm,,,0.25,8,96,75.06199995987117
warm,,,0.25,8,97,66.18830002844334
warm,,,0.25,8,98,97.91870007757097
warm,,,0.25,8,99,73.10100004542619
warm,,,0.25,8,100,84.71280010417104
warm,,,0.25,8,101,71.05679996311665
warm,,,0.25,8,102,80.93299996107817
warm,,,0.25,8,103,104.93060003500432
warm,,,0.25,8,104,99.30280002299696
warm,,,0.25,8,105,87.75529998820275
warm,,,0.25,8,106,73.40630004182458
warm,,,0.25,8,107,105.80809996463358
warm,,,0.25,8,108,79.70309990923852
warm,,,0.25,8,109,86.71339997090399
warm,,,0.25,8,110,92.11129997856915
warm,,,0.25,8,111,74.19210008811206
warm,,,0.25,8,112,94.32969999033958
warm,,,0.25,8,113,123.66189993917942
warm,,,0.25,8,114,80.40750003419816
warm,,,0.25,8,115,87.52279996406287
warm,,,0.25,8,116,74.09449992701411
warm,,,0.25,8,117,73.01150006242096
warm,,,0.25,8,118,82.14089996181428
warm,,,0.25,8,119,109.3205000506714
warm,,,0.25,8,120,71.17490004748106
warm,,,0.25,8,121,73.33799998741597
warm,,,0.25,8,122,87.58449996821582
warm,,,0.25,8,123,65.12980000115931
warm,,,0.25,8,124,74.26509994547814
warm,,,0.25,8,125,68.53110005613416
warm,,,0.25,8,126,87.04379992559552
warm,,,0.25,8,127,72.19310000073165
warm,,,0.25,8,128,73.84800002910197
warm,,,0.25,8,129,80.75909991748631
warm,,,0.25,8,130,69.86769998911768
warm,,,0.25,8,131,75.34750003833324
warm,,,0.25,8,132,72.48540001455694
warm,,,0.25,8,133,103.39589999057353
warm,,,0.25,8,134,68.22780007496476
warm,,,0.25,8,135,77.97810004558414
warm,,,0.25,8,136,76.31260005291551
warm,,,0.25,8,137,69.76640003267676
warm,,,0.25,8,138,74.98260005377233
warm,,,0.25,8,139,79.48820001911372
warm,,,0.25,8,140,77.14109995868057
warm,,,0.25,8,141,71.7210000148043
warm,,,0.25,8,142,79.4218999799341
warm,,,0.25,8,143,75.22110000718385
warm,,,0.25,8,144,70.35089994315058
warm,,,0.25,8,145,74.66689997818321
warm,,,0.25,8,146,73.16110003739595
warm,,,0.25,8,147,96.51169995777309
warm,,,0.25,8,148,78.55629990808666
warm,,,0.25,8,149,78.79179995507002
warm,,,0.25,8,150,77.20339996740222
warm,,,0.25,8,151,75.70209994446486
warm,,,0.25,8,152,74.15220001712441
warm,,,0.25,8,153,81.00290002766997
warm,,,0.25,8,154,84.31810000911355
warm,,,0.25,8,155,75.95420000143349
warm,,,0.25,8,156,70.64259995240718
warm,,,0.25,8,157,84.48339998722076
warm,,,0.25,8,158,72.19310000073165
warm,,,0.25,8,159,72.05900002736598
warm,,,0.25,8,160,74.1472999798134
warm,,,0.25,8,161,91.30720002576709
warm,,,0.25,8,162,70.25320001412183
warm,,,0.25,8,163,67.07389990333468
warm,,,0.25,8,164,95.512600033544
warm,,,0.25,8,165,77.4354999884963
warm,,,0.25,8,166,85.4465999873355
warm,,,0.25,8,167,82.4803999857977
warm,,,0.25,8,168,76.80900010745972
warm,,,0.25,8,169,97.19860006589442
warm,,,0.25,8,170,85.98360000178218
warm,,,0.25,8,171,70.67020004615188
warm,,,0.25,8,172,98.6546000931412
warm,,,0.25,8,173,119.91690006107092
warm,,,0.25,8,174,75.69099997635931
warm,,,0.25,8,175,87.67500007525086
warm,,,0.25,8,176,76.3683000113815
warm,,,0.25,8,177,99.71579990815371
warm,,,0.25,8,178,71.19629997760057
warm,,,0.25,8,179,86.9764001108706
warm,,,0.25,8,180,77.39929994568229
warm,,,0.25,8,181,101.51529998984188
warm,,,0.25,8,182,96.83479997329414
warm,,,0.25,8,183,84.07800004351884
warm,,,0.25,8,184,77.69190007820725
warm,,,0.25,8,185,82.25119998678565
warm,,,0.25,8,186,89.35139991808683
warm,,,0.25,8,187,77.13840005453676
warm,,,0.25,8,188,103.84450003039092
warm,,,0.25,8,189,82.77219999581575
warm,,,0.25,8,190,70.15280006453395
warm,,,0.25,8,191,84.192999987863
warm,,,0.25,8,192,75.0844000140205
warm,,,0.25,8,193,76.8596000270918
warm,,,0.25,8,194,72.47299992013723
warm,,,0.25,8,195,88.56760000344366
warm,,,0.25,8,196,73.09630000963807
warm,,,0.25,8,197,93.00420002546161
warm,,,0.25,8,198,71.6854000929743
warm,,,0.25,8,199,80.92600002419204
warm,,,0.25,16,0,80.10509994346648
warm,,,0.25,16,1,73.33779998589307
warm,,,0.25,16,2,69.91090008523315
warm,,,0.25,16,3,91.56329999677837
warm,,,0.25,16,4,72.19880004413426
warm,,,0.25,16,5,71.15720002911985
warm,,,0.25,16,6,71.05059991590679
warm,,,0.25,16,7,74.64040000922978
warm,,,0.25,16,8,76.50719990488142
warm,,,0.25,16,9,71.22209994122386
warm,,,0.25,16,10,105.39619997143745
warm,,,0.25,16,11,77.411700040102
warm,,,0.25,16,12,77.43400009348989
warm,,,0.25,16,13,78.24699999764562
warm,,,0.25,16,14,71.7962000053376
warm,,,0.25,16,15,69.96739993337542
warm,,,0.25,16,16,69.89829998929054
warm,,,0.25,16,17,89.06780008692294
warm,,,0.25,16,18,69.64900007005781
warm,,,0.25,16,19,70.9830999840051
warm,,,0.25,16,20,72.0553999999538
warm,,,0.25,16,21,79.27829993423074
warm,,,0.25,16,22,74.18709993362427
warm,,,0.25,16,23,70.87789999786764
warm,,,0.25,16,24,104.02899992186576
warm,,,0.25,16,25,70.71040000300854
warm,,,0.25,16,26,78.40180001221597
warm,,,0.25,16,27,72.38150003831834
warm,,,0.25,16,28,74.63249994907528
warm,,,0.25,16,29,74.91829991340637
warm,,,0.25,16,30,88.11499993316829
warm,,,0.25,16,31,76.54360006563365
warm,,,0.25,16,32,95.65500007010996
warm,,,0.25,16,33,73.1845999835059
warm,,,0.25,16,34,80.29880002140999
warm,,,0.25,16,35,104.27340003661811
warm,,,0.25,16,36,71.60179992206395
warm,,,0.25,16,37,75.98009996581823
warm,,,0.25,16,38,79.86620010342449
warm,,,0.25,16,39,71.12690003123134
warm,,,0.25,16,40,78.04040005430579
warm,,,0.25,16,41,71.78290002048016
warm,,,0.25,16,42,94.15849996730685
warm,,,0.25,16,43,73.53350007906556
warm,,,0.25,16,44,85.65240004099905
warm,,,0.25,16,45,87.46559999417514
warm,,,0.25,16,46,68.01459996495396
warm,,,0.25,16,47,72.29929999448359
warm,,,0.25,16,48,76.93950005341321
warm,,,0.25,16,49,88.93029997125268
warm,,,0.25,16,50,68.8838999485597
warm,,,0.25,16,51,80.14989993534982
warm,,,0.25,16,52,83.3026000764221
warm,,,0.25,16,53,73.36030004080385
warm,,,0.25,16,54,78.11190001666546
warm,,,0.25,16,55,99.69149995595217
warm,,,0.25,16,56,75.40949992835522
warm,,,0.25,16,57,83.3052999805659
warm,,,0.25,16,58,71.02719997055829
warm,,,0.25,16,59,100.10489996057004
warm,,,0.25,16,60,69.69969999045134
warm,,,0.25,16,61,78.88240006286651
warm,,,0.25,16,62,71.80789997801185
warm,,,0.25,16,63,78.10849999077618
warm,,,0.25,16,64,82.56409992463887
warm,,,0.25,16,65,74.91530000697821
warm,,,0.25,16,66,81.03940007276833
warm,,,0.25,16,67,77.25670002400875
warm,,,0.25,16,68,76.23200002126396
warm,,,0.25,16,69,73.65260005462915
warm,,,0.25,16,70,81.53819991275668
warm,,,0.25,16,71,71.37809996493161
warm,,,0.25,16,72,71.9620999880135
warm,,,0.25,16,73,89.2267000162974
warm,,,0.25,16,74,74.47230000980198
warm,,,0.25,16,75,70.49189996905625
warm,,,0.25,16,76,76.86510006897151
warm,,,0.25,16,77,73.66610004100949
warm,,,0.25,16,78,73.37780005764216
warm,,,0.25,16,79,88.0857000593096
warm,,,0.25,16,80,84.53350001946092
warm,,,0.25,16,81,74.04279999900609
warm,,,0.25,16,82,70.35930000711232
warm,,,0.25,16,83,84.77369998581707
warm,,,0.25,16,84,69.81709995307028
warm,,,0.25,16,85,76.72050001565367
warm,,,0.25,16,86,78.59040005132556
warm,,,0.25,16,87,73.69310001377016
warm,,,0.25,16,88,83.202000008896
warm,,,0.25,16,89,73.54090001899749
warm,,,0.25,16,90,83.74729997012764
warm,,,0.25,16,91,78.75299989245832
warm,,,0.25,16,92,71.81480003055185
warm,,,0.25,16,93,100.49199999775738
warm,,,0.25,16,94,75.57200000155717
warm,,,0.25,16,95,80.06499998737127
warm,,,0.25,16,96,81.17200003471226
warm,,,0.25,16,97,82.36230001784861
warm,,,0.25,16,98,73.58109997585416
warm,,,0.25,16,99,79.31269996333867
warm,,,0.25,16,100,98.25979999732226
warm,,,0.25,16,101,82.97660003881902
warm,,,0.25,16,102,144.59249994251877
warm,,,0.25,16,103,154.75270000752062
warm,,,0.25,16,104,99.52869999688119
warm,,,0.25,16,105,68.45849996898323
warm,,,0.25,16,106,77.13839993812144
warm,,,0.25,16,107,79.49939998798072
warm,,,0.25,16,108,82.94989995192736
warm,,,0.25,16,109,82.03499997034669
warm,,,0.25,16,110,85.9189999755472
warm,,,0.25,16,111,90.08190000895411
warm,,,0.25,16,112,76.57410006504506
warm,,,0.25,16,113,100.7845998974517
warm,,,0.25,16,114,77.51570001710206
warm,,,0.25,16,115,81.55450003687292
warm,,,0.25,16,116,71.2384000653401
warm,,,0.25,16,117,75.59459994081408
warm,,,0.25,16,118,85.46449989080429
warm,,,0.25,16,119,73.36889998987317
warm,,,0.25,16,120,73.01679998636246
warm,,,0.25,16,121,105.6426001014188
warm,,,0.25,16,122,119.19799994211644
warm,,,0.25,16,123,112.59559995960444
warm,,,0.25,16,124,92.96919999178499
warm,,,0.25,16,125,76.51559996884316
warm,,,0.25,16,126,76.13890001084656
warm,,,0.25,16,127,86.14560007117689
warm,,,0.25,16,128,122.38910002633929
warm,,,0.25,16,129,109.19960006140172
warm,,,0.25,16,130,75.49059996381402
warm,,,0.25,16,131,122.25849996320903
warm,,,0.25,16,132,72.72119994740933
warm,,,0.25,16,133,76.26100000925362
warm,,,0.25,16,134,79.45760001894087
warm,,,0.25,16,135,71.75769994501024
warm,,,0.25,16,136,75.1701999688521
warm,,,0.25,16,137,76.2066999450326
warm,,,0.25,16,138,78.74790008645505
warm,,,0.25,16,139,66.53050007298589
warm,,,0.25,16,140,71.31089991889894
warm,,,0.25,16,141,88.78059999551624
warm,,,0.25,16,142,69.56909992732108
warm,,,0.25,16,143,74.09090001601726
warm,,,0.25,16,144,104.78050005622208
warm,,,0.25,16,145,71.28869998268783
warm,,,0.25,16,146,81.57229993958026
warm,,,0.25,16,147,76.32810005452484
warm,,,0.25,16,148,80.77649993356317
warm,,,0.25,16,149,75.81259997095913
warm,,,0.25,16,150,71.09420001506805
warm,,,0.25,16,151,80.5512999650091
warm,,,0.25,16,152,79.27460002247244
warm,,,0.25,16,153,78.23970005847514
warm,,,0.25,16,154,70.76290005352348
warm,,,0.25,16,155,81.96459989994764
warm,,,0.25,16,156,72.33499991707504
warm,,,0.25,16,157,73.16269993316382
warm,,,0.25,16,158,108.10110007878393
warm,,,0.25,16,159,82.31379999779165
warm,,,0.25,16,160,72.57970003411174
warm,,,0.25,16,161,75.41679998394102
warm,,,0.25,16,162,72.0988999819383
warm,,,0.25,16,163,79.84069990925491
warm,,,0.25,16,164,74.77880001533777
warm,,,0.25,16,165,77.28109997697175
warm,,,0.25,16,166,81.8191000726074
warm,,,0.25,16,167,71.58029999118298
warm,,,0.25,16,168,75.96049993298948
warm,,,0.25,16,169,69.82999993488193
warm,,,0.25,16,170,78.72650003992021
warm,,,0.25,16,171,81.25030004885048
warm,,,0.25,16,172,99.17599998880178
warm,,,0.25,16,173,76.78130001295358
warm,,,0.25,16,174,77.94019998982549
warm,,,0.25,16,175,82.24659995175898
warm,,,0.25,16,176,72.04639993142337
warm,,,0.25,16,177,65.06159994751215
warm,,,0.25,16,178,86.26969996839762
warm,,,0.25,16,179,73.582399985753
warm,,,0.25,16,180,82.11419999133795
warm,,,0.25,16,181,73.72850005049258
warm,,,0.25,16,182,80.09459997992963
warm,,,0.25,16,183,112.72990005090833
warm,,,0.25,16,184,84.18190001975745
warm,,,0.25,16,185,98.51679997518659
warm,,,0.25,16,186,76.05290005449206
warm,,,0.25,16,187,79.33149999007583
warm,,,0.25,16,188,80.30419994611293
warm,,,0.25,16,189,68.77230003010482
warm,,,0.25,16,190,77.92019995395094
warm,,,0.25,16,191,88.2337000221014
warm,,,0.25,16,192,71.11530005931854
warm,,,0.25,16,193,78.62640009261668
warm,,,0.25,16,194,77.09789997898042
warm,,,0.25,16,195,85.434400010854
warm,,,0.25,16,196,75.107799959369
warm,,,0.25,16,197,75.18049993086606
warm,,,0.25,16,198,107.66460001468658
warm,,,0.25,16,199,96.68710001278669
warm,,,0.25,32,0,50.6044999929145
warm,,,0.25,32,1,38.528300006873906
warm,,,0.25,32,2,38.648199988529086
warm,,,0.25,32,3,36.956299911253154
warm,,,0.25,32,4,39.32440001517534
warm,,,0.25,32,5,61.31220003589988
warm,,,0.25,32,6,58.39109991211444
warm,,,0.25,32,7,29.72260001115501
warm,,,0.25,32,8,38.008200004696846
warm,,,0.25,32,9,35.402099951170385
warm,,,0.25,32,10,36.53969999868423
warm,,,0.25,32,11,34.874700009822845
warm,,,0.25,32,12,51.184299984015524
warm,,,0.25,32,13,39.10840000025928
warm,,,0.25,32,14,40.01640004571527
warm,,,0.25,32,15,39.95030000805855
warm,,,0.25,32,16,34.77310005109757
warm,,,0.25,32,17,38.83309999946505
warm,,,0.25,32,18,27.68199995625764
warm,,,0.25,32,19,34.48299993760884
warm,,,0.25,32,20,48.28789993189275
warm,,,0.25,32,21,31.296200002543628
warm,,,0.25,32,22,34.96279998216778
warm,,,0.25,32,23,33.396300044842064
warm,,,0.25,32,24,27.909899945370853
warm,,,0.25,32,25,32.92840009089559
warm,,,0.25,32,26,39.91749999113381
warm,,,0.25,32,27,43.10610005632043
warm,,,0.25,32,28,38.74960006214678
warm,,,0.25,32,29,34.58710003178567
warm,,,0.25,32,30,45.52639997564256
warm,,,0.25,32,31,41.1676000803709
warm,,,0.25,32,32,39.416100014932454
warm,,,0.25,32,33,72.20729999244213
warm,,,0.25,32,34,36.44460008945316
warm,,,0.25,32,35,40.33940006047487
warm,,,0.25,32,36,36.71399992890656
warm,,,0.25,32,37,35.21790006197989
warm,,,0.25,32,38,41.41080006957054
warm,,,0.25,32,39,37.672000005841255
warm,,,0.25,32,40,51.03440000675619
warm,,,0.25,32,41,36.332800053060055
warm,,,0.25,32,42,42.52080002333969
warm,,,0.25,32,43,36.917799967341125
warm,,,0.25,32,44,37.24420000799
warm,,,0.25,32,45,36.308799986727536
warm,,,0.25,32,46,65.03489997703582
warm,,,0.25,32,47,32.53999992739409
warm,,,0.25,32,48,34.64750002603978
warm,,,0.25,32,49,43.90120005700737
warm,,,0.25,32,50,40.054299985058606
warm,,,0.25,32,51,34.292399999685585
warm,,,0.25,32,52,42.081200052052736
warm,,,0.25,32,53,52.10589990019798
warm,,,0.25,32,54,34.663999918848276
warm,,,0.25,32,55,38.73030003160238
warm,,,0.25,32,56,36.560700042173266
warm,,,0.25,32,57,34.8191000521183
warm,,,0.25,32,58,39.03189999982715
warm,,,0.25,32,59,66.43999996595085
warm,,,0.25,32,60,35.418399958871305
warm,,,0.25,32,61,37.65930002555251
warm,,,0.25,32,62,39.81230000499636
warm,,,0.25,32,63,40.94099998474121
warm,,,0.25,32,64,40.41779995895922
warm,,,0.25,32,65,33.138099941425025
warm,,,0.25,32,66,36.541400011628866
warm,,,0.25,32,67,36.480900016613305
warm,,,0.25,32,68,38.661799975670874
warm,,,0.25,32,69,45.64819997176528
warm,,,0.25,32,70,45.02489999867976
warm,,,0.25,32,71,32.40630007348955
warm,,,0.25,32,72,34.79419997893274
warm,,,0.25,32,73,35.17869999632239
warm,,,0.25,32,74,36.94859996903688
warm,,,0.25,32,75,45.54729990195483
warm,,,0.25,32,76,31.437200028449297
warm,,,0.25,32,77,40.445900056511164
warm,,,0.25,32,78,38.10999996494502
warm,,,0.25,32,79,35.89289996307343
warm,,,0.25,32,80,34.73569999914616
warm,,,0.25,32,81,54.240799974650145
warm,,,0.25,32,82,51.24669999349862
warm,,,0.25,32,83,35.49269994255155
warm,,,0.25,32,84,49.05889998190105
warm,,,0.25,32,85,37.97309997025877
warm,,,0.25,32,86,34.94230005890131
warm,,,0.25,32,87,39.94569997303188
warm,,,0.25,32,88,41.2652000086382
warm,,,0.25,32,89,40.36179999820888
warm,,,0.25,32,90,39.657399989664555
warm,,,0.25,32,91,36.126599996350706
warm,,,0.25,32,92,36.51420003734529
warm,,,0.25,32,93,44.98539993073791
warm,,,0.25,32,94,64.72429994028062
warm,,,0.25,32,95,43.39040000922978
warm,,,0.25,32,96,39.24250009004027
warm,,,0.25,32,97,38.768500089645386
warm,,,0.25,32,98,35.350300022400916
warm,,,0.25,32,99,40.39630002807826
warm,,,0.25,32,100,50.78599997796118
warm,,,0.25,32,101,35.80329997930676
warm,,,0.25,32,102,39.387399912811816
warm,,,0.25,32,103,37.54930000286549
warm,,,0.25,32,104,37.92769997380674
warm,,,0.25,32,105,36.17510001640767
warm,,,0.25,32,106,53.18539997097105
warm,,,0.25,32,107,40.153499925509095
warm,,,0.25,32,108,37.49499993864447
warm,,,0.25,32,109,35.2785000577569
warm,,,0.25,32,110,47.933700028806925
warm,,,0.25,32,111,34.47549999691546
warm,,,0.25,32,112,38.10450003948063
warm,,,0.25,32,113,37.25960000883788
warm,,,0.25,32,114,30.729099991731346
warm,,,0.25,32,115,77.24230003077537
warm,,,0.25,32,116,41.38300009071827
warm,,,0.25,32,117,34.955000039190054
warm,,,0.25,32,118,41.09880002215505
warm,,,0.25,32,119,43.411399936303496
warm,,,0.25,32,120,34.80229992419481
warm,,,0.25,32,121,35.81390006002039
warm,,,0.25,32,122,39.49700004886836
warm,,,0.25,32,123,41.485499939881265
warm,,,0.25,32,124,47.629899927414954
warm,,,0.25,32,125,36.1154000274837
warm,,,0.25,32,126,36.9648999767378
warm,,,0.25,32,127,39.71839998848736
warm,,,0.25,32,128,40.6157000688836
warm,,,0.25,32,129,42.371700052171946
warm,,,0.25,32,130,32.817100058309734
warm,,,0.25,32,131,34.71230005379766
warm,,,0.25,32,132,38.32189994864166
warm,,,0.25,32,133,38.986300001852214
warm,,,0.25,32,134,65.76770008541644
warm,,,0.25,32,135,41.31030000280589
warm,,,0.25,32,136,40.685700019821525
warm,,,0.25,32,137,38.5250000981614
warm,,,0.25,32,138,36.43620002549142
warm,,,0.25,32,139,33.46750000491738
warm,,,0.25,32,140,53.3100999891758
warm,,,0.25,32,141,37.92510007042438
warm,,,0.25,32,142,34.93339999113232
warm,,,0.25,32,143,38.41509995982051
warm,,,0.25,32,144,39.719399996101856
warm,,,0.25,32,145,43.62619994208217
warm,,,0.25,32,146,36.651300033554435
warm,,,0.25,32,147,42.161400080658495
warm,,,0.25,32,148,38.448299979791045
warm,,,0.25,32,149,33.57220010366291
warm,,,0.25,32,150,36.651400034315884
warm,,,0.25,32,151,38.918400066904724
warm,,,0.25,32,152,38.9769000466913
warm,,,0.25,32,153,36.339899990707636
warm,,,0.25,32,154,37.32460003811866
warm,,,0.25,32,155,38.67249994073063
warm,,,0.25,32,156,34.892500028945506
warm,,,0.25,32,157,38.023300003260374
warm,,,0.25,32,158,38.630700088106096
warm,,,0.25,32,159,43.24449994601309
warm,,,0.25,32,160,36.135499947704375
warm,,,0.25,32,161,45.57020007632673
warm,,,0.25,32,162,35.82670004107058
warm,,,0.25,32,163,32.72720007225871
warm,,,0.25,32,164,35.02329997718334
warm,,,0.25,32,165,38.21570007130504
warm,,,0.25,32,166,37.50800003763288
warm,,,0.25,32,167,38.99229993112385
warm,,,0.25,32,168,37.13189996778965
warm,,,0.25,32,169,37.30929992161691
warm,,,0.25,32,170,33.59290002845228
warm,,,0.25,32,171,38.68439991492778
warm,,,0.25,32,172,37.15260000899434
warm,,,0.25,32,173,41.21699999086559
warm,,,0.25,32,174,35.50919995177537
warm,,,0.25,32,175,43.174499995075166
warm,,,0.25,32,176,37.41950006224215
warm,,,0.25,32,177,33.03559997584671
warm,,,0.25,32,178,37.90550003759563
warm,,,0.25,32,179,44.822199968621135
warm,,,0.25,32,180,42.72170003969222
warm,,,0.25,32,181,34.71989999525249
warm,,,0.25,32,182,38.501499919220805
warm,,,0.25,32,183,42.58979996666312
warm,,,0.25,32,184,52.6754999300465
warm,,,0.25,32,185,91.73569991253316
warm,,,0.25,32,186,81.71089994721115
warm,,,0.25,32,187,85.62699996400625
warm,,,0.25,32,188,83.15080008469522
warm,,,0.25,32,189,226.57119994983077
warm,,,0.25,32,190,100.75149999465793
warm,,,0.25,32,191,70.50140004139394
warm,,,0.25,32,192,151.88690007198602
warm,,,0.25,32,193,564.8201000876725
warm,,,0.25,32,194,175.66990002524108
warm,,,0.25,32,195,67.73339991923422
warm,,,0.25,32,196,214.4702000077814
warm,,,0.25,32,197,308.08700004126877
warm,,,0.25,32,198,57.41959996521473
warm,,,0.25,32,199,112.22950008232147
warm,,,0.5,4,0,158.11809990555048
warm,,,0.5,4,1,151.12300007604063
warm,,,0.5,4,2,117.26299999281764
warm,,,0.5,4,3,113.35640004836023
warm,,,0.5,4,4,121.62310001440346
warm,,,0.5,4,5,135.20670006982982
warm,,,0.5,4,6,169.34859997127205
warm,,,0.5,4,7,176.9768000813201
warm,,,0.5,4,8,214.29229993373156
warm,,,0.5,4,9,363.0745999980718
warm,,,0.5,4,10,280.2411000011489
warm,,,0.5,4,11,220.93429998494685
warm,,,0.5,4,12,315.824200049974
warm,,,0.5,4,13,215.87259997613728
warm,,,0.5,4,14,183.86450002435595
warm,,,0.5,4,15,442.78349995147437
warm,,,0.5,4,16,231.14379995968193
warm,,,0.5,4,17,282.5426000636071
warm,,,0.5,4,18,211.3534000236541
warm,,,0.5,4,19,950.758200022392
warm,,,0.5,4,20,280.8223000029102
warm,,,0.5,4,21,359.8693999228999
warm,,,0.5,4,22,136.0311999451369
warm,,,0.5,4,23,237.72149998694658
warm,,,0.5,4,24,183.3966999547556
warm,,,0.5,4,25,139.60849994327873
warm,,,0.5,4,26,140.35020000301301
warm,,,0.5,4,27,111.47680005524307
warm,,,0.5,4,28,155.2252999972552
warm,,,0.5,4,29,112.70070006139576
warm,,,0.5,4,30,129.4044000096619
warm,,,0.5,4,31,100.87970003951341
warm,,,0.5,4,32,150.53580002859235
warm,,,0.5,4,33,98.5145999584347
warm,,,0.5,4,34,98.87460002209991
warm,,,0.5,4,35,95.21920001134276
warm,,,0.5,4,36,85.34979994874448
warm,,,0.5,4,37,109.52020005788654
warm,,,0.5,4,38,83.36290006991476
warm,,,0.5,4,39,78.4488000208512
warm,,,0.5,4,40,104.63199997320771
warm,,,0.5,4,41,80.09629999287426
warm,,,0.5,4,42,79.25720000639558
warm,,,0.5,4,43,110.52930005826056
warm,,,0.5,4,44,80.41819999925792
warm,,,0.5,4,45,79.12120001856238
warm,,,0.5,4,46,102.42889996152371
warm,,,0.5,4,47,81.00220002233982
warm,,,0.5,4,48,83.56719999574125
warm,,,0.5,4,49,127.47040006797761
warm,,,0.5,4,50,112.07739997189492
warm,,,0.5,4,51,138.68529989849776
warm,,,0.5,4,52,93.4395999647677
warm,,,0.5,4,53,128.0278000049293
warm,,,0.5,4,54,101.74899990670383
warm,,,0.5,4,55,129.3368999613449
warm,,,0.5,4,56,98.61900005489588
warm,,,0.5,4,57,116.81869998574257
warm,,,0.5,4,58,120.59599999338388
warm,,,0.5,4,59,134.207799914293
warm,,,0.5,4,60,137.15500000398606
warm,,,0.5,4,61,152.48640009667724
warm,,,0.5,4,62,140.18680003937334
warm,,,0.5,4,63,127.70680000539869
warm,,,0.5,4,64,104.4359999941662
warm,,,0.5,4,65,128.8634999655187
warm,,,0.5,4,66,115.94419996254146
warm,,,0.5,4,67,132.7716000378132
warm,,,0.5,4,68,100.09620001073927
warm,,,0.5,4,69,93.92519993707538
warm,,,0.5,4,70,130.2560999756679
warm,,,0.5,4,71,102.59119991678745
warm,,,0.5,4,72,131.7205000668764
warm,,,0.5,4,73,99.82290002517402
warm,,,0.5,4,74,124.45430003572255
warm,,,0.5,4,75,105.27499997988343
warm,,,0.5,4,76,123.206099960953
warm,,,0.5,4,77,119.07819996122271
warm,,,0.5,4,78,98.4842999605462
warm,,,0.5,4,79,140.4924999224022
warm,,,0.5,4,80,102.91489993687719
warm,,,0.5,4,81,112.74770007003099
warm,,,0.5,4,82,87.28920004796237
warm,,,0.5,4,83,138.13380000647157
warm,,,0.5,4,84,101.04270000010729
warm,,,0.5,4,85,232.42180002853274
warm,,,0.5,4,86,173.94249991048127
warm,,,0.5,4,87,120.11949997395277
warm,,,0.5,4,88,117.33650008682162
warm,,,0.5,4,89,178.1007000245154
warm,,,0.5,4,90,185.7892000116408
warm,,,0.5,4,91,133.94139998126775
warm,,,0.5,4,92,129.88509994465858
warm,,,0.5,4,93,173.8378000445664
warm,,,0.5,4,94,168.1436999933794
warm,,,0.5,4,95,127.36450007651001
warm,,,0.5,4,96,109.1999999480322
warm,,,0.5,4,97,117.6887999754399
warm,,,0.5,4,98,135.06190001498908
warm,,,0.5,4,99,111.07770004309714
warm,,,0.5,4,100,105.78790004365146
warm,,,0.5,4,101,129.99829999171197
warm,,,0.5,4,102,102.48390003107488
warm,,,0.5,4,103,92.93309994973242
warm,,,0.5,4,104,85.90429998002946
warm,,,0.5,4,105,79.46150004863739
warm,,,0.5,4,106,81.02110004983842
warm,,,0.5,4,107,86.61619992926717
warm,,,0.5,4,108,79.1488999966532
warm,,,0.5,4,109,80.81080007832497
warm,,,0.5,4,110,81.78810006938875
warm,,,0.5,4,111,84.02169996406883
warm,,,0.5,4,112,89.03789997566491
warm,,,0.5,4,113,124.14430000353605
warm,,,0.5,4,114,95.83509992808104
warm,,,0.5,4,115,85.22429992444813
warm,,,0.5,4,116,95.96439998131245
warm,,,0.5,4,117,106.35320004075766
warm,,,0.5,4,118,102.02140000183135
warm,,,0.5,4,119,84.3228999292478
warm,,,0.5,4,120,81.19449997320771
warm,,,0.5,4,121,81.17900008801371
warm,,,0.5,4,122,85.67699999548495
warm,,,0.5,4,123,82.38580008037388
warm,,,0.5,4,124,92.10550005082041
warm,,,0.5,4,125,84.95889999903738
warm,,,0.5,4,126,83.25279993005097
warm,,,0.5,4,127,81.22159994672984
warm,,,0.5,4,128,83.24189996346831
warm,,,0.5,4,129,81.51769998949021
warm,,,0.5,4,130,83.82279996294528
warm,,,0.5,4,131,83.48100003786385
warm,,,0.5,4,132,79.60249995812774
warm,,,0.5,4,133,80.33959998283535
warm,,,0.5,4,134,87.23850001115352
warm,,,0.5,4,135,82.87140005268157
warm,,,0.5,4,136,105.58009997475892
warm,,,0.5,4,137,101.26160003710538
warm,,,0.5,4,138,83.45390006434172
warm,,,0.5,4,139,82.09060004446656
warm,,,0.5,4,140,82.65960006974638
warm,,,0.5,4,141,81.33469999302179
warm,,,0.5,4,142,85.08710004389286
warm,,,0.5,4,143,81.57360006589442
warm,,,0.5,4,144,81.25479996670038
warm,,,0.5,4,145,79.57880001049489
warm,,,0.5,4,146,81.17060002405196
warm,,,0.5,4,147,83.16200005356222
warm,,,0.5,4,148,83.58759991824627
warm,,,0.5,4,149,141.1272999830544
warm,,,0.5,4,150,144.20219999738038
warm,,,0.5,4,151,126.02490000426769
warm,,,0.5,4,152,116.23260006308556
warm,,,0.5,4,153,136.9314999319613
warm,,,0.5,4,154,99.92099995724857
warm,,,0.5,4,155,105.81589990761131
warm,,,0.5,4,156,96.75569995306432
warm,,,0.5,4,157,108.74619998503476
warm,,,0.5,4,158,100.08919995743781
warm,,,0.5,4,159,104.47180003393441
warm,,,0.5,4,160,151.54639992397279
warm,,,0.5,4,161,164.41809991374612
warm,,,0.5,4,162,206.8650999572128
warm,,,0.5,4,163,126.49150006473064
warm,,,0.5,4,164,187.77740001678467
warm,,,0.5,4,165,150.53709992207587
warm,,,0.5,4,166,174.00749993976206
warm,,,0.5,4,167,243.3374000247568
warm,,,0.5,4,168,108.29210001975298
warm,,,0.5,4,169,147.7685000281781
warm,,,0.5,4,170,158.55769999325275
warm,,,0.5,4,171,135.00699994619936
warm,,,0.5,4,172,116.57399998512119
warm,,,0.5,4,173,112.55790002178401
warm,,,0.5,4,174,116.66810000315309
warm,,,0.5,4,175,151.0124000487849
warm,,,0.5,4,176,126.0928000556305
warm,,,0.5,4,177,791.9124999316409
warm,,,0.5,4,178,238.06900007184595
warm,,,0.5,4,179,509.6417999593541
warm,,,0.5,4,180,277.07159996498376
warm,,,0.5,4,181,175.17069994937629
warm,,,0.5,4,182,161.06189996935427
warm,,,0.5,4,183,175.07360002491623
warm,,,0.5,4,184,174.0412999643013
warm,,,0.5,4,185,169.32180000003427
warm,,,0.5,4,186,178.15819999668747
warm,,,0.5,4,187,167.58450004272163
warm,,,0.5,4,188,185.91949995607138
warm,,,0.5,4,189,182.39979993086308
warm,,,0.5,4,190,172.82660002820194
warm,,,0.5,4,191,177.72989999502897
warm,,,0.5,4,192,181.07259995304048
warm,,,0.5,4,193,201.60519995260984
warm,,,0.5,4,194,162.03999996650964
warm,,,0.5,4,195,312.1487000025809
warm,,,0.5,4,196,155.7792000239715
warm,,,0.5,4,197,152.99490001052618
warm,,,0.5,4,198,144.09399998839945
warm,,,0.5,4,199,147.4311000201851
warm,,,0.5,8,0,150.48559999559075
warm,,,0.5,8,1,144.9177999747917
warm,,,0.5,8,2,154.50389997567981
warm,,,0.5,8,3,152.4580999976024
warm,,,0.5,8,4,154.3306999374181
warm,,,0.5,8,5,149.6862000785768
warm,,,0.5,8,6,145.28869988862425
warm,,,0.5,8,7,147.929499973543
warm,,,0.5,8,8,142.51579996198416
warm,,,0.5,8,9,144.1473999293521
warm,,,0.5,8,10,161.91280004568398
warm,,,0.5,8,11,149.93640000466257
warm,,,0.5,8,12,151.8330000108108
warm,,,0.5,8,13,148.93889997620136
warm,,,0.5,8,14,153.58259994536638
warm,,,0.5,8,15,147.70039997529238
warm,,,0.5,8,16,142.43859995622188
warm,,,0.5,8,17,145.98620007745922
warm,,,0.5,8,18,154.28070002235472
warm,,,0.5,8,19,156.82550007477403
warm,,,0.5,8,20,157.9996000509709
warm,,,0.5,8,21,159.8736000014469
warm,,,0.5,8,22,146.72339998651296
warm,,,0.5,8,23,146.86830004211515
warm,,,0.5,8,24,145.16259997617453
warm,,,0.5,8,25,142.9626999888569
warm,,,0.5,8,26,147.75480004027486
warm,,,0.5,8,27,147.89769996423274
warm,,,0.5,8,28,157.8505999641493
warm,,,0.5,8,29,157.31709997635335
warm,,,0.5,8,30,145.69829998072237
warm,,,0.5,8,31,152.82119996845722
warm,,,0.5,8,32,143.02009996026754
warm,,,0.5,8,33,137.74819998070598
warm,,,0.5,8,34,141.9918000465259
warm,,,0.5,8,35,161.98740003164858
warm,,,0.5,8,36,152.30940002948046
warm,,,0.5,8,37,148.91750004608184
warm,,,0.5,8,38,149.68190004583448
warm,,,0.5,8,39,141.77610003389418
warm,,,0.5,8,40,152.28379995096475
warm,,,0.5,8,41,145.74380009435117
warm,,,0.5,8,42,155.61340004205704
warm,,,0.5,8,43,154.3751999270171
warm,,,0.5,8,44,150.34699998795986
warm,,,0.5,8,45,152.41710003465414
warm,,,0.5,8,46,146.17210009600967
warm,,,0.5,8,47,149.27970001008362
warm,,,0.5,8,48,147.04229997005314
warm,,,0.5,8,49,147.70789991598576
warm,,,0.5,8,50,142.72879995405674
warm,,,0.5,8,51,148.05310009978712
warm,,,0.5,8,52,156.75929991994053
warm,,,0.5,8,53,156.92199999466538
warm,,,0.5,8,54,155.01980006229132
warm,,,0.5,8,55,148.82540004327893
warm,,,0.5,8,56,143.8851000275463
warm,,,0.5,8,57,143.66099995095283
warm,,,0.5,8,58,143.1645000120625
warm,,,0.5,8,59,142.72350003011525
warm,,,0.5,8,60,146.3768999092281
warm,,,0.5,8,61,135.87859994731843
warm,,,0.5,8,62,146.75099996384233
warm,,,0.5,8,63,153.35889998823404
warm,,,0.5,8,64,151.7687999876216
warm,,,0.5,8,65,183.05610003881156
warm,,,0.5,8,66,190.2074000099674
warm,,,0.5,8,67,160.40119994431734
warm,,,0.5,8,68,165.87540006730705
warm,,,0.5,8,69,172.78739996254444
warm,,,0.5,8,70,178.05590003263205
warm,,,0.5,8,71,178.3846999751404
warm,,,0.5,8,72,165.23679997771978
warm,,,0.5,8,73,161.51010000612587
warm,,,0.5,8,74,183.50509996525943
warm,,,0.5,8,75,154.75889993831515
warm,,,0.5,8,76,168.49539999384433
warm,,,0.5,8,77,169.6932000340894
warm,,,0.5,8,78,167.49999998137355
warm,,,0.5,8,79,158.53629994671792
warm,,,0.5,8,80,152.6682999683544
warm,,,0.5,8,81,179.2729999870062
warm,,,0.5,8,82,180.16320001333952
warm,,,0.5,8,83,186.65109993889928
warm,,,0.5,8,84,217.11249998770654
warm,,,0.5,8,85,186.4124999847263
warm,,,0.5,8,86,174.47209998499602
warm,,,0.5,8,87,166.55699990224093
warm,,,0.5,8,88,156.5223999787122
warm,,,0.5,8,89,159.48989999014884
warm,,,0.5,8,90,179.24930003937334
warm,,,0.5,8,91,169.34399993624538
warm,,,0.5,8,92,367.0778999803588
warm,,,0.5,8,93,167.87090001162142
warm,,,0.5,8,94,165.76480004005134
warm,,,0.5,8,95,161.26980003900826
warm,,,0.5,8,96,161.45709995180368
warm,,,0.5,8,97,171.11990007106215
warm,,,0.5,8,98,165.85330001544207
warm,,,0.5,8,99,148.2510999776423
warm,,,0.5,8,100,179.43899997044355
warm,,,0.5,8,101,156.1231000814587
warm,,,0.5,8,102,154.16029992047697
warm,,,0.5,8,103,158.42089999932796
warm,,,0.5,8,104,139.6150999935344
warm,,,0.5,8,105,147.2207000479102
warm,,,0.5,8,106,142.88280007895082
warm,,,0.5,8,107,140.2798000490293
warm,,,0.5,8,108,139.31840006262064
warm,,,0.5,8,109,146.66770002804697
warm,,,0.5,8,110,141.7832999723032
warm,,,0.5,8,111,150.6467000581324
warm,,,0.5,8,112,162.2071999590844
warm,,,0.5,8,113,147.09700003731996
warm,,,0.5,8,114,147.9711999418214
warm,,,0.5,8,115,144.51769995503128
warm,,,0.5,8,116,150.84949997253716
warm,,,0.5,8,117,142.50600000377744
warm,,,0.5,8,118,140.69180004298687
warm,,,0.5,8,119,151.43570001237094
warm,,,0.5,8,120,152.60359994135797
warm,,,0.5,8,121,150.19489999394864
warm,,,0.5,8,122,149.4967999169603
warm,,,0.5,8,123,145.55839996319264
warm,,,0.5,8,124,143.5467000119388
warm,,,0.5,8,125,143.4913999401033
warm,,,0.5,8,126,140.0802000425756
warm,,,0.5,8,127,148.200299940072
warm,,,0.5,8,128,147.91599998716265
warm,,,0.5,8,129,149.06249998603016
warm,,,0.5,8,130,194.76949993986636
warm,,,0.5,8,131,143.32669996656477
warm,,,0.5,8,132,141.76709996536374
warm,,,0.5,8,133,147.20399992074817
warm,,,0.5,8,134,141.90589997451752
warm,,,0.5,8,135,146.51300001423806
warm,,,0.5,8,136,148.94240000285208
warm,,,0.5,8,137,151.0398000245914
warm,,,0.5,8,138,147.09129999391735
warm,,,0.5,8,139,168.53160003665835
warm,,,0.5,8,140,148.0598000343889
warm,,,0.5,8,141,141.2183000938967
warm,,,0.5,8,142,146.0347999818623
warm,,,0.5,8,143,147.52779994159937
warm,,,0.5,8,144,155.6911999359727
warm,,,0.5,8,145,151.51220001280308
warm,,,0.5,8,146,145.6186999566853
warm,,,0.5,8,147,155.58450005482882
warm,,,0.5,8,148,144.43210000172257
warm,,,0.5,8,149,145.0395000865683
warm,,,0.5,8,150,147.57080003619194
warm,,,0.5,8,151,146.19620004668832
warm,,,0.5,8,152,154.6428999863565
warm,,,0.5,8,153,153.07060000486672
warm,,,0.5,8,154,152.92060002684593
warm,,,0.5,8,155,146.31929993629456
warm,,,0.5,8,156,146.2648999877274
warm,,,0.5,8,157,141.00990002043545
warm,,,0.5,8,158,147.52040000166744
warm,,,0.5,8,159,141.5143000194803
warm,,,0.5,8,160,148.75489997211844
warm,,,0.5,8,161,142.18339999206364
warm,,,0.5,8,162,153.89519999735057
warm,,,0.5,8,163,151.24540007673204
warm,,,0.5,8,164,309.219199931249
warm,,,0.5,8,165,146.57270000316203
warm,,,0.5,8,166,144.04549996834248
warm,,,0.5,8,167,142.87069998681545
warm,,,0.5,8,168,143.53499992284924
warm,,,0.5,8,169,142.47069996781647
warm,,,0.5,8,170,150.47429990954697
warm,,,0.5,8,171,153.65809993818402
warm,,,0.5,8,172,157.54739998374134
warm,,,0.5,8,173,146.3386999676004
warm,,,0.5,8,174,145.87550004944205
warm,,,0.5,8,175,151.91019990015775
warm,,,0.5,8,176,184.52350003644824
warm,,,0.5,8,177,153.0174999497831
warm,,,0.5,8,178,159.6737999934703
warm,,,0.5,8,179,145.61389992013574
warm,,,0.5,8,180,150.57720011100173
warm,,,0.5,8,181,140.00069990288466
warm,,,0.5,8,182,143.28580000437796
warm,,,0.5,8,183,142.15590001549572
warm,,,0.5,8,184,142.3749999376014
warm,,,0.5,8,185,146.97340002749115
warm,,,0.5,8,186,150.56219999678433
warm,,,0.5,8,187,167.06170001998544
warm,,,0.5,8,188,149.28469993174076
warm,,,0.5,8,189,149.01679998729378
warm,,,0.5,8,190,146.2090000277385
warm,,,0.5,8,191,148.2179999584332
warm,,,0.5,8,192,147.97900000121444
warm,,,0.5,8,193,138.9837000751868
warm,,,0.5,8,194,148.66629999596626
warm,,,0.5,8,195,154.58929992746562
warm,,,0.5,8,196,150.41859995108098
warm,,,0.5,8,197,144.07629997003824
warm,,,0.5,8,198,141.8476999970153
warm,,,0.5,8,199,149.94289993774146
warm,,,0.5,16,0,144.00700002443045
warm,,,0.5,16,1,153.16330001223832
warm,,,0.5,16,2,150.34699998795986
warm,,,0.5,16,3,150.1025001052767
warm,,,0.5,16,4,142.55270001012832
warm,,,0.5,16,5,140.54799999576062
warm,,,0.5,16,6,149.33259994722903
warm,,,0.5,16,7,156.21549997013062
warm,,,0.5,16,8,144.66360001824796
warm,,,0.5,16,9,150.6184000754729
warm,,,0.5,16,10,147.55270001478493
warm,,,0.5,16,11,139.6565999602899
warm,,,0.5,16,12,148.24420004151762
warm,,,0.5,16,13,142.33140007127076
warm,,,0.5,16,14,137.9141000797972
warm,,,0.5,16,15,142.54160004202276
warm,,,0.5,16,16,144.96549998875707
warm,,,0.5,16,17,139.3333999440074
warm,,,0.5,16,18,142.52890006173402
warm,,,0.5,16,19,154.27509997971356
warm,,,0.5,16,20,143.68760003708303
warm,,,0.5,16,21,148.88500003144145
warm,,,0.5,16,22,146.5795999392867
warm,,,0.5,16,23,150.97100008279085
warm,,,0.5,16,24,141.43359998706728
warm,,,0.5,16,25,144.59799998439848
warm,,,0.5,16,26,142.39359996281564
warm,,,0.5,16,27,141.20040007401258
warm,,,0.5,16,28,144.80389992240816
warm,,,0.5,16,29,154.71189992967993
warm,,,0.5,16,30,149.3876000167802
warm,,,0.5,16,31,149.46390001568943
warm,,,0.5,16,32,147.0456999959424
warm,,,0.5,16,33,143.30039999913424
warm,,,0.5,16,34,149.3379999883473
warm,,,0.5,16,35,148.83980003651232
warm,,,0.5,16,36,148.71810004115105
warm,,,0.5,16,37,148.2641000766307
warm,,,0.5,16,38,153.35929999127984
warm,,,0.5,16,39,147.72939996328205
warm,,,0.5,16,40,148.5952999209985
warm,,,0.5,16,41,149.83490004669875
warm,,,0.5,16,42,148.56520004104823
warm,,,0.5,16,43,141.59469993319362
warm,,,0.5,16,44,143.18710006773472
warm,,,0.5,16,45,160.68169998470694
warm,,,0.5,16,46,185.38479995913804
warm,,,0.5,16,47,325.37960004992783
warm,,,0.5,16,48,143.60450010281056
warm,,,0.5,16,49,416.5158999385312
warm,,,0.5,16,50,533.3800999214873
warm,,,0.5,16,51,451.0608999989927
warm,,,0.5,16,52,211.98669995646924
warm,,,0.5,16,53,155.45959991868585
warm,,,0.5,16,54,156.68519993778318
warm,,,0.5,16,55,144.36539995949715
warm,,,0.5,16,56,131.82350003626198
warm,,,0.5,16,57,130.04459999501705
warm,,,0.5,16,58,116.03769997600466
warm,,,0.5,16,59,105.34100001677871
warm,,,0.5,16,60,206.0659999260679
warm,,,0.5,16,61,301.7293999437243
warm,,,0.5,16,62,248.213000013493
warm,,,0.5,16,63,229.89659989252687
warm,,,0.5,16,64,159.32650002650917
warm,,,0.5,16,65,159.74689996801317
warm,,,0.5,16,66,159.82509998138994
warm,,,0.5,16,67,177.377299987711
warm,,,0.5,16,68,158.7876999983564
warm,,,0.5,16,69,253.59959993511438
warm,,,0.5,16,70,434.38410002272576
warm,,,0.5,16,71,257.4107999680564
warm,,,0.5,16,72,109.61319995112717
warm,,,0.5,16,73,129.27279993891716
warm,,,0.5,16,74,191.7271000565961
warm,,,0.5,16,75,135.42770000640303
warm,,,0.5,16,76,146.13160002045333
warm,,,0.5,16,77,133.2591000245884
warm,,,0.5,16,78,135.35600004252046
warm,,,0.5,16,79,142.72949995938689
warm,,,0.5,16,80,146.60269999876618
warm,,,0.5,16,81,259.25140001345426
warm,,,0.5,16,82,146.09539997763932
warm,,,0.5,16,83,130.4939000401646
warm,,,0.5,16,84,133.48429999314249
warm,,,0.5,16,85,190.57259999681264
warm,,,0.5,16,86,136.0026999609545
warm,,,0.5,16,87,141.14060008432716
warm,,,0.5,16,88,146.14349999465048
warm,,,0.5,16,89,158.7488999357447
warm,,,0.5,16,90,158.4034999832511
warm,,,0.5,16,91,295.0026000617072
warm,,,0.5,16,92,140.39920002687722
warm,,,0.5,16,93,130.0865999655798
warm,,,0.5,16,94,142.0953000197187
warm,,,0.5,16,95,144.9271000456065
warm,,,0.5,16,96,147.02889998443425
warm,,,0.5,16,97,136.37500000186265
warm,,,0.5,16,98,179.9852999392897
warm,,,0.5,16,99,144.65949998702854
warm,,,0.5,16,100,140.1245000306517
warm,,,0.5,16,101,126.52459996752441
warm,,,0.5,16,102,124.46439999621361
warm,,,0.5,16,103,133.36830004118383
warm,,,0.5,16,104,171.05490004178137
warm,,,0.5,16,105,223.15770003478974
warm,,,0.5,16,106,101.0596000123769
warm,,,0.5,16,107,238.85069997049868
warm,,,0.5,16,108,183.1466999137774
warm,,,0.5,16,109,278.6934000905603
warm,,,0.5,16,110,99.34830002021044
warm,,,0.5,16,111,87.26329996716231
warm,,,0.5,16,112,83.80639995448291
warm,,,0.5,16,113,87.35529996920377
warm,,,0.5,16,114,78.20770004764199
warm,,,0.5,16,115,81.25150005798787
warm,,,0.5,16,116,80.47899999655783
warm,,,0.5,16,117,81.32400002796203
warm,,,0.5,16,118,76.21609990019351
warm,,,0.5,16,119,88.62529997713864
warm,,,0.5,16,120,75.17609989736229
warm,,,0.5,16,121,84.11479997448623
warm,,,0.5,16,122,101.37499996926636
warm,,,0.5,16,123,77.85849994979799
warm,,,0.5,16,124,78.19379994180053
warm,,,0.5,16,125,138.92210007179528
warm,,,0.5,16,126,82.17199996579438
warm,,,0.5,16,127,79.27200000267476
warm,,,0.5,16,128,75.75119996909052
warm,,,0.5,16,129,76.51799998711795
warm,,,0.5,16,130,75.21179993636906
warm,,,0.5,16,131,76.61340001504868
warm,,,0.5,16,132,77.86719989962876
warm,,,0.5,16,133,74.10880003590137
warm,,,0.5,16,134,78.26600002590567
warm,,,0.5,16,135,76.34110003709793
warm,,,0.5,16,136,75.63310000114143
warm,,,0.5,16,137,73.7253000261262
warm,,,0.5,16,138,82.1775000076741
warm,,,0.5,16,139,74.01530002243817
warm,,,0.5,16,140,74.25289996899664
warm,,,0.5,16,141,89.32130003813654
warm,,,0.5,16,142,73.70589999482036
warm,,,0.5,16,143,73.0796999996528
warm,,,0.5,16,144,73.77359992824495
warm,,,0.5,16,145,79.66409996151924
warm,,,0.5,16,146,132.32980004977435
warm,,,0.5,16,147,125.45560009311885
warm,,,0.5,16,148,100.67079996224493
warm,,,0.5,16,149,83.08820007368922
warm,,,0.5,16,150,104.07260002102703
warm,,,0.5,16,151,122.28589993901551
warm,,,0.5,16,152,82.73440005723387
warm,,,0.5,16,153,88.41859991662204
warm,,,0.5,16,154,76.27289998345077
warm,,,0.5,16,155,89.83490010723472
warm,,,0.5,16,156,78.98049999494106
warm,,,0.5,16,157,84.5473000081256
warm,,,0.5,16,158,79.20520007610321
warm,,,0.5,16,159,73.22879997082055
warm,,,0.5,16,160,74.02049994561821
warm,,,0.5,16,161,74.63059993460774
warm,,,0.5,16,162,71.5902999509126
warm,,,0.5,16,163,74.19700000900775
warm,,,0.5,16,164,74.62689990643412
warm,,,0.5,16,165,76.34929998312145
warm,,,0.5,16,166,81.73989993520081
warm,,,0.5,16,167,97.7508999640122
warm,,,0.5,16,168,78.46390001941472
warm,,,0.5,16,169,77.16360001359135
warm,,,0.5,16,170,76.47859991993755
warm,,,0.5,16,171,171.0317999823019
warm,,,0.5,16,172,146.83460001833737
warm,,,0.5,16,173,76.36679999995977
warm,,,0.5,16,174,92.64029993209988
warm,,,0.5,16,175,98.67279999889433
warm,,,0.5,16,176,77.63269997667521
warm,,,0.5,16,177,73.31379991956055
warm,,,0.5,16,178,81.54030004516244
warm,,,0.5,16,179,79.11339995916933
warm,,,0.5,16,180,73.1614000396803
warm,,,0.5,16,181,81.05609996709973
warm,,,0.5,16,182,74.96420003008097
warm,,,0.5,16,183,76.46790007129312
warm,,,0.5,16,184,76.78260002285242
warm,,,0.5,16,185,76.62669999990612
warm,,,0.5,16,186,77.73399993311614
warm,,,0.5,16,187,73.09419999364763
warm,,,0.5,16,188,78.31239991355687
warm,,,0.5,16,189,75.23129996843636
warm,,,0.5,16,190,71.81519991718233
warm,,,0.5,16,191,74.24949994310737
warm,,,0.5,16,192,78.94089992623776
warm,,,0.5,16,193,75.62849996611476
warm,,,0.5,16,194,75.55119995959103
warm,,,0.5,16,195,78.53549998253584
warm,,,0.5,16,196,83.392099943012
warm,,,0.5,16,197,86.51529997587204
warm,,,0.5,16,198,86.26669994555414
warm,,,0.5,16,199,78.58549989759922
warm,,,0.5,32,0,32.08589996211231
warm,,,0.5,32,1,31.28699993249029
warm,,,0.5,32,2,30.61290003824979
warm,,,0.5,32,3,31.75219998229295
warm,,,0.5,32,4,32.94609999284148
warm,,,0.5,32,5,33.47069991286844
warm,,,0.5,32,6,33.07530004531145
warm,,,0.5,32,7,33.716400037519634
warm,,,0.5,32,8,33.62799994647503
warm,,,0.5,32,9,31.0318999690935
warm,,,0.5,32,10,30.119900009594858
warm,,,0.5,32,11,30.332499998621643
warm,,,0.5,32,12,31.67840000241995
warm,,,0.5,32,13,31.53279994148761
warm,,,0.5,32,14,29.54449993558228
warm,,,0.5,32,15,32.05789998173714
warm,,,0.5,32,16,34.26250000484288
warm,,,0.5,32,17,31.059600063599646
warm,,,0.5,32,18,47.807800001464784
warm,,,0.5,32,19,37.89629996754229
warm,,,0.5,32,20,34.91129993926734
warm,,,0.5,32,21,31.047599972225726
warm,,,0.5,32,22,32.19669999089092
warm,,,0.5,32,23,31.58800001256168
warm,,,0.5,32,24,32.93620003387332
warm,,,0.5,32,25,31.776299932971597
warm,,,0.5,32,26,30.698099988512695
warm,,,0.5,32,27,31.538199982605875
warm,,,0.5,32,28,32.17859996948391
warm,,,0.5,32,29,37.741399952210486
warm,,,0.5,32,30,40.135800023563206
warm,,,0.5,32,31,31.739199999719858
warm,,,0.5,32,32,31.862900010310113
warm,,,0.5,32,33,35.81930010113865
warm,,,0.5,32,34,40.032200049608946
warm,,,0.5,32,35,64.63349994737655
warm,,,0.5,32,36,65.19100000150502
warm,,,0.5,32,37,37.24950004834682
warm,,,0.5,32,38,36.88160004094243
warm,,,0.5,32,39,33.278499962762
warm,,,0.5,32,40,32.15830004774034
warm,,,0.5,32,41,34.53070006798953
warm,,,0.5,32,42,31.92850004415959
warm,,,0.5,32,43,34.699699957855046
warm,,,0.5,32,44,35.76100000645965
warm,,,0.5,32,45,31.938999891281128
warm,,,0.5,32,46,31.995999976061285
warm,,,0.5,32,47,30.836899997666478
warm,,,0.5,32,48,31.29569999873638
warm,,,0.5,32,49,32.372199930250645
warm,,,0.5,32,50,39.41749990917742
warm,,,0.5,32,51,31.662399997003376
warm,,,0.5,32,52,37.222899962216616
warm,,,0.5,32,53,31.740800011903048
warm,,,0.5,32,54,33.32320007029921
warm,,,0.5,32,55,34.240600070916116
warm,,,0.5,32,56,36.5199000807479
warm,,,0.5,32,57,31.325000105425715
warm,,,0.5,32,58,33.250999986194074
warm,,,0.5,32,59,34.43959995638579
warm,,,0.5,32,60,487.3888000147417
warm,,,0.5,32,61,75.30470006167889
warm,,,0.5,32,62,41.71420005150139
warm,,,0.5,32,63,31.931999954394996
warm,,,0.5,32,64,32.647699932567775
warm,,,0.5,32,65,31.613499973900616
warm,,,0.5,32,66,33.43129996210337
warm,,,0.5,32,67,50.558799994178116
warm,,,0.5,32,68,50.89960002806038
warm,,,0.5,32,69,34.97439995408058
warm,,,0.5,32,70,33.102599903941154
warm,,,0.5,32,71,35.01029999461025
warm,,,0.5,32,72,31.816700007766485
warm,,,0.5,32,73,32.558899954892695
warm,,,0.5,32,74,38.446699967607856
warm,,,0.5,32,75,38.298800005577505
warm,,,0.5,32,76,32.37040003295988
warm,,,0.5,32,77,36.54940007254481
warm,,,0.5,32,78,33.52260007523
warm,,,0.5,32,79,32.29879995342344
warm,,,0.5,32,80,35.357699962332845
warm,,,0.5,32,81,35.2161000482738
warm,,,0.5,32,82,31.420100014656782
warm,,,0.5,32,83,32.163199968636036
warm,,,0.5,32,84,31.64399997331202
warm,,,0.5,32,85,32.607999979518354
warm,,,0.5,32,86,34.76539999246597
warm,,,0.5,32,87,38.3428999921307
warm,,,0.5,32,88,33.032799954526126
warm,,,0.5,32,89,35.30109999701381
warm,,,0.5,32,90,32.110200030729175
warm,,,0.5,32,91,33.66930002812296
warm,,,0.5,32,92,33.84490008465946
warm,,,0.5,32,93,32.83270006068051
warm,,,0.5,32,94,31.55960002914071
warm,,,0.5,32,95,34.31079990696162
warm,,,0.5,32,96,32.07379998639226
warm,,,0.5,32,97,32.547199982218444
warm,,,0.5,32,98,31.8262999644503
warm,,,0.5,32,99,34.818199928849936
warm,,,0.5,32,100,33.971099997870624
warm,,,0.5,32,101,32.16229996178299
warm,,,0.5,32,102,33.22449990082532
warm,,,0.5,32,103,34.94959999807179
warm,,,0.5,32,104,33.03379996214062
warm,,,0.5,32,105,35.65770003478974
warm,,,0.5,32,106,32.03820006456226
warm,,,0.5,32,107,35.14110005926341
warm,,,0.5,32,108,31.400900101289153
warm,,,0.5,32,109,37.17769996728748
warm,,,0.5,32,110,33.075999934226274
warm,,,0.5,32,111,32.66190004069358
warm,,,0.5,32,112,32.78100001625717
warm,,,0.5,32,113,37.43519994895905
warm,,,0.5,32,114,45.638600015081465
warm,,,0.5,32,115,31.94629994686693
warm,,,0.5,32,116,36.7971999803558
warm,,,0.5,32,117,32.99969993531704
warm,,,0.5,32,118,32.02609997242689
warm,,,0.5,32,119,30.39799991529435
warm,,,0.5,32,120,31.632800004445016
warm,,,0.5,32,121,35.074900020845234
warm,,,0.5,32,122,31.75369999371469
warm,,,0.5,32,123,34.24309997353703
warm,,,0.5,32,124,32.24830003455281
warm,,,0.5,32,125,41.6628000093624
warm,,,0.5,32,126,45.022299978882074
warm,,,0.5,32,127,30.853600008413196
warm,,,0.5,32,128,36.56929999124259
warm,,,0.5,32,129,62.15579994022846
warm,,,0.5,32,130,37.945999996736646
warm,,,0.5,32,131,32.57909999229014
warm,,,0.5,32,132,31.15110006183386
warm,,,0.5,32,133,32.36690000630915
warm,,,0.5,32,134,31.580799957737327
warm,,,0.5,32,135,30.610400019213557
warm,,,0.5,32,136,32.403099932707846
warm,,,0.5,32,137,31.311300001107156
warm,,,0.5,32,138,32.18490001745522
warm,,,0.5,32,139,31.585099990479648
warm,,,0.5,32,140,31.309799989685416
warm,,,0.5,32,141,34.24429998267442
warm,,,0.5,32,142,35.41409992612898
warm,,,0.5,32,143,43.398299952968955
warm,,,0.5,32,144,48.935500090010464
warm,,,0.5,32,145,30.979400034993887
warm,,,0.5,32,146,31.219800002872944
warm,,,0.5,32,147,31.998999998904765
warm,,,0.5,32,148,64.1428999369964
warm,,,0.5,32,149,72.1850999398157
warm,,,0.5,32,150,34.82180007267743
warm,,,0.5,32,151,35.62680003233254
warm,,,0.5,32,152,32.22960000857711
warm,,,0.5,32,153,33.38749997783452
warm,,,0.5,32,154,32.79690002091229
warm,,,0.5,32,155,32.34670008532703
warm,,,0.5,32,156,31.803500023670495
warm,,,0.5,32,157,34.82159995473921
warm,,,0.5,32,158,37.69250004552305
warm,,,0.5,32,159,35.68029997404665
warm,,,0.5,32,160,34.34969997033477
warm,,,0.5,32,161,34.01659999508411
warm,,,0.5,32,162,34.373900038190186
warm,,,0.5,32,163,32.367800013162196
warm,,,0.5,32,164,32.73730003274977
warm,,,0.5,32,165,38.09439996257424
warm,,,0.5,32,166,33.29920000396669
warm,,,0.5,32,167,32.98429993446916
warm,,,0.5,32,168,33.102700021117926
warm,,,0.5,32,169,37.51579998061061
warm,,,0.5,32,170,32.23350003827363
warm,,,0.5,32,171,35.38189991377294
warm,,,0.5,32,172,31.293399981223047
warm,,,0.5,32,173,34.612699993886054
warm,,,0.5,32,174,31.523499987088144
warm,,,0.5,32,175,33.504300052300096
warm,,,0.5,32,176,33.25420001056045
warm,,,0.5,32,177,33.45899994019419
warm,,,0.5,32,178,32.813499914482236
warm,,,0.5,32,179,63.93130007199943
warm,,,0.5,32,180,39.389099925756454
warm,,,0.5,32,181,31.550300074741244
warm,,,0.5,32,182,49.184300005435944
warm,,,0.5,32,183,37.3927999753505
warm,,,0.5,32,184,31.47509996779263
warm,,,0.5,32,185,32.39329997450113
warm,,,0.5,32,186,31.200199970044196
warm,,,0.5,32,187,36.16210003383458
warm,,,0.5,32,188,35.417200066149235
warm,,,0.5,32,189,31.10759996343404
warm,,,0.5,32,190,33.39250001590699
warm,,,0.5,32,191,34.23049999400973
warm,,,0.5,32,192,31.517900060862303
warm,,,0.5,32,193,35.75000003911555
warm,,,0.5,32,194,31.32260008715093
warm,,,0.5,32,195,35.41360003873706
warm,,,0.5,32,196,32.89039991796017
warm,,,0.5,32,197,31.320499954745173
warm,,,0.5,32,198,31.265099998563528
warm,,,0.5,32,199,32.95969997998327
warm,,,0.75,4,0,148.3545999508351
warm,,,0.75,4,1,150.41939995717257
warm,,,0.75,4,2,148.8656000001356
warm,,,0.75,4,3,172.26689995732158
warm,,,0.75,4,4,148.9286000141874
warm,,,0.75,4,5,152.26390003226697
warm,,,0.75,4,6,155.84210003726184
warm,,,0.75,4,7,155.57180007454008
warm,,,0.75,4,8,151.0244000237435
warm,,,0.75,4,9,150.65289998892695
warm,,,0.75,4,10,148.02590000908822
warm,,,0.75,4,11,165.50969996023923
warm,,,0.75,4,12,199.10019997041672
warm,,,0.75,4,13,174.46269991341978
warm,,,0.75,4,14,167.3764999723062
warm,,,0.75,4,15,152.77039993088692
warm,,,0.75,4,16,150.07399988826364
warm,,,0.75,4,17,156.78249998018146
warm,,,0.75,4,18,150.94730001874268
warm,,,0.75,4,19,150.39760002400726
warm,,,0.75,4,20,159.1247000033036
warm,,,0.75,4,21,153.57620001304895
warm,,,0.75,4,22,150.66369995474815
warm,,,0.75,4,23,152.02689997386187
warm,,,0.75,4,24,150.12290002778172
warm,,,0.75,4,25,151.77700005006045
warm,,,0.75,4,26,153.3027000259608
warm,,,0.75,4,27,157.17440005391836
warm,,,0.75,4,28,161.19639994576573
warm,,,0.75,4,29,156.27730009146035
warm,,,0.75,4,30,151.95259999018162
warm,,,0.75,4,31,151.41039993613958
warm,,,0.75,4,32,236.2880000146106
warm,,,0.75,4,33,153.98339997045696
warm,,,0.75,4,34,147.43280003312975
warm,,,0.75,4,35,172.17220005113631
warm,,,0.75,4,36,215.3876000083983
warm,,,0.75,4,37,162.19179995823652
warm,,,0.75,4,38,154.48120003566146
warm,,,0.75,4,39,167.238499969244
warm,,,0.75,4,40,215.52430000156164
warm,,,0.75,4,41,157.793499995023
warm,,,0.75,4,42,176.0283000767231
warm,,,0.75,4,43,164.32770004030317
warm,,,0.75,4,44,151.62630006670952
warm,,,0.75,4,45,152.0864999620244
warm,,,0.75,4,46,152.91459998115897
warm,,,0.75,4,47,159.65450007934123
warm,,,0.75,4,48,171.41910002101213
warm,,,0.75,4,49,195.026500034146
warm,,,0.75,4,50,160.63559998292476
warm,,,0.75,4,51,164.93530001025647
warm,,,0.75,4,52,162.89070004131645
warm,,,0.75,4,53,154.7132000559941
warm,,,0.75,4,54,156.13050002139062
warm,,,0.75,4,55,186.91060005221516
warm,,,0.75,4,56,162.84689994063228
warm,,,0.75,4,57,210.49450000282377
warm,,,0.75,4,58,150.5664000287652
warm,,,0.75,4,59,150.7668000413105
warm,,,0.75,4,60,150.774700101465
warm,,,0.75,4,61,148.76120002008975
warm,,,0.75,4,62,148.28520000446588
warm,,,0.75,4,63,178.74820006545633
warm,,,0.75,4,64,149.39469995442778
warm,,,0.75,4,65,155.58139991480857
warm,,,0.75,4,66,201.39259996358305
warm,,,0.75,4,67,159.11670005880296
warm,,,0.75,4,68,150.33249999396503
warm,,,0.75,4,69,171.89389991108328
warm,,,0.75,4,70,147.93129998724908
warm,,,0.75,4,71,158.90989999752492
warm,,,0.75,4,72,157.1035000961274
warm,,,0.75,4,73,151.919599971734
warm,,,0.75,4,74,156.55900002457201
warm,,,0.75,4,75,154.32229998987168
warm,,,0.75,4,76,165.70500005036592
warm,,,0.75,4,77,151.70449996367097
warm,,,0.75,4,78,150.4401999991387
warm,,,0.75,4,79,156.14059998188168
warm,,,0.75,4,80,151.92360000219196
warm,,,0.75,4,81,185.91230001766235
warm,,,0.75,4,82,253.89100005850196
warm,,,0.75,4,83,217.62789995409548
warm,,,0.75,4,84,154.08829995431006
warm,,,0.75,4,85,208.38119997642934
warm,,,0.75,4,86,152.38700003828853
warm,,,0.75,4,87,159.00820004753768
warm,,,0.75,4,88,149.80829996056855
warm,,,0.75,4,89,159.6678999485448
warm,,,0.75,4,90,148.11900001950562
warm,,,0.75,4,91,168.21529995650053
warm,,,0.75,4,92,152.2332999156788
warm,,,0.75,4,93,156.08079999219626
warm,,,0.75,4,94,155.185499927029
warm,,,0.75,4,95,153.37290009483695
warm,,,0.75,4,96,156.4498000079766
warm,,,0.75,4,97,254.1324000339955
warm,,,0.75,4,98,243.1858000345528
warm,,,0.75,4,99,230.48669996205717
warm,,,0.75,4,100,175.04560004454106
warm,,,0.75,4,101,157.99029998015612
warm,,,0.75,4,102,148.1756999855861
warm,,,0.75,4,103,217.41450007539243
warm,,,0.75,4,104,184.9665999179706
warm,,,0.75,4,105,153.67949998471886
warm,,,0.75,4,106,148.00580008886755
warm,,,0.75,4,107,176.26480001490563
warm,,,0.75,4,108,148.71719991788268
warm,,,0.75,4,109,146.22410002630204
warm,,,0.75,4,110,146.17959992028773
warm,,,0.75,4,111,157.26199990604073
warm,,,0.75,4,112,154.53179995529354
warm,,,0.75,4,113,158.633999992162
warm,,,0.75,4,114,149.93529999628663
warm,,,0.75,4,115,192.11399997584522
warm,,,0.75,4,116,225.3717000130564
warm,,,0.75,4,117,173.58910001348704
warm,,,0.75,4,118,158.20579999126494
warm,,,0.75,4,119,152.3328999755904
warm,,,0.75,4,120,149.72149999812245
warm,,,0.75,4,121,170.41170003358275
warm,,,0.75,4,122,167.79659991152585
warm,,,0.75,4,123,163.2868000306189
warm,,,0.75,4,124,153.3633000217378
warm,,,0.75,4,125,150.7064999314025
warm,,,0.75,4,126,153.01420004107058
warm,,,0.75,4,127,168.04749995935708
warm,,,0.75,4,128,157.0356999291107
warm,,,0.75,4,129,155.54449998307973
warm,,,0.75,4,130,149.63730005547404
warm,,,0.75,4,131,200.8784000063315
warm,,,0.75,4,132,154.00810004211962
warm,,,0.75,4,133,167.1648999908939
warm,,,0.75,4,134,226.439299993217
warm,,,0.75,4,135,149.6976000489667
warm,,,0.75,4,136,151.64870000444353
warm,,,0.75,4,137,157.92809997219592
warm,,,0.75,4,138,147.97739998903126
warm,,,0.75,4,139,160.24589992593974
warm,,,0.75,4,140,149.19780008494854
warm,,,0.75,4,141,153.79470004700124
warm,,,0.75,4,142,150.2936000470072
warm,,,0.75,4,143,159.91229994688183
warm,,,0.75,4,144,217.32309996150434
warm,,,0.75,4,145,172.51150007359684
warm,,,0.75,4,146,161.17450001183897
warm,,,0.75,4,147,154.4569000834599
warm,,,0.75,4,148,273.34900002460927
warm,,,0.75,4,149,159.2832999303937
warm,,,0.75,4,150,150.27560002636164
warm,,,0.75,4,151,151.07040002476424
warm,,,0.75,4,152,152.83629996702075
warm,,,0.75,4,153,153.28680002130568
warm,,,0.75,4,154,154.15489999577403
warm,,,0.75,4,155,155.22700001019984
warm,,,0.75,4,156,145.55000001564622
warm,,,0.75,4,157,160.83269997034222
warm,,,0.75,4,158,147.15519989840686
warm,,,0.75,4,159,151.58539998810738
warm,,,0.75,4,160,186.72600004356354
warm,,,0.75,4,161,145.6587000284344
warm,,,0.75,4,162,150.94230009708554
warm,,,0.75,4,163,147.12690003216267
warm,,,0.75,4,164,158.04150002077222
warm,,,0.75,4,165,209.60289996583015
warm,,,0.75,4,166,157.97759999986738
warm,,,0.75,4,167,205.40510001592338
warm,,,0.75,4,168,204.762400011532
warm,,,0.75,4,169,152.7660998981446
warm,,,0.75,4,170,157.60229993611574
warm,,,0.75,4,171,170.45729991514236
warm,,,0.75,4,172,157.3716999264434
warm,,,0.75,4,173,159.59900000598282
warm,,,0.75,4,174,149.5955999707803
warm,,,0.75,4,175,148.15160003490746
warm,,,0.75,4,176,151.61890001036227
warm,,,0.75,4,177,156.28510003443807
warm,,,0.75,4,178,148.60850002150983
warm,,,0.75,4,179,148.2368999859318
warm,,,0.75,4,180,170.27390003204346
warm,,,0.75,4,181,149.22839996870607
warm,,,0.75,4,182,144.56919999793172
warm,,,0.75,4,183,152.33499999158084
warm,,,0.75,4,184,152.79780002310872
warm,,,0.75,4,185,151.23810002114624
warm,,,0.75,4,186,256.40549999661744
warm,,,0.75,4,187,161.6577000822872
warm,,,0.75,4,188,146.525299991481
warm,,,0.75,4,189,250.85440010298043
warm,,,0.75,4,190,184.5344000030309
warm,,,0.75,4,191,167.03469993080944
warm,,,0.75,4,192,152.93849993031472
warm,,,0.75,4,193,153.05189997889102
warm,,,0.75,4,194,146.7805999564007
warm,,,0.75,4,195,154.36009992845356
warm,,,0.75,4,196,155.97100008744746
warm,,,0.75,4,197,160.26629996486008
warm,,,0.75,4,198,275.4196000751108
warm,,,0.75,4,199,209.1317999875173
warm,,,0.75,8,0,292.0793000375852
warm,,,0.75,8,1,248.76560003031045
warm,,,0.75,8,2,151.8269000807777
warm,,,0.75,8,3,184.50570001732558
warm,,,0.75,8,4,162.67380001954734
warm,,,0.75,8,5,174.29579992312938
warm,,,0.75,8,6,161.85409994795918
warm,,,0.75,8,7,165.8865000354126
warm,,,0.75,8,8,150.3535999218002
warm,,,0.75,8,9,162.83719998318702
warm,,,0.75,8,10,153.47800008021295
warm,,,0.75,8,11,157.3486999841407
warm,,,0.75,8,12,177.69909999333322
warm,,,0.75,8,13,159.92430003825575
warm,,,0.75,8,14,180.15030003152788
warm,,,0.75,8,15,177.01959994155914
warm,,,0.75,8,16,159.56049994565547
warm,,,0.75,8,17,156.60240000579506
warm,,,0.75,8,18,154.9210000084713
warm,,,0.75,8,19,202.4871000321582
warm,,,0.75,8,20,155.12380003929138
warm,,,0.75,8,21,154.13729997817427
warm,,,0.75,8,22,175.51919992547482
warm,,,0.75,8,23,155.579200014472
warm,,,0.75,8,24,159.0078000444919
warm,,,0.75,8,25,160.8367000008002
warm,,,0.75,8,26,164.8658000631258
warm,,,0.75,8,27,197.97900004778057
warm,,,0.75,8,28,156.8657000316307
warm,,,0.75,8,29,161.18210006970912
warm,,,0.75,8,30,153.755999985151
warm,,,0.75,8,31,157.87180000916123
warm,,,0.75,8,32,156.37810004409403
warm,,,0.75,8,33,161.1294000176713
warm,,,0.75,8,34,156.24200005549937
warm,,,0.75,8,35,164.35049998108298
warm,,,0.75,8,36,168.51520002819598
warm,,,0.75,8,37,206.77000004798174
warm,,,0.75,8,38,155.93040001112968
warm,,,0.75,8,39,153.4594000549987
warm,,,0.75,8,40,176.37150001246482
warm,,,0.75,8,41,186.51000002864748
warm,,,0.75,8,42,154.65050004422665
warm,,,0.75,8,43,157.66410005744547
warm,,,0.75,8,44,153.52970000822097
warm,,,0.75,8,45,160.32090003136545
warm,,,0.75,8,46,155.31259996350855
warm,,,0.75,8,47,158.73090003151447
warm,,,0.75,8,48,168.16110000945628
warm,,,0.75,8,49,215.88330005761236
warm,,,0.75,8,50,157.3442000662908
warm,,,0.75,8,51,162.34070004429668
warm,,,0.75,8,52,161.48240002803504
warm,,,0.75,8,53,153.8979000179097
warm,,,0.75,8,54,151.70610009226948
warm,,,0.75,8,55,150.06560005713254
warm,,,0.75,8,56,155.29230004176497
warm,,,0.75,8,57,191.57819997053593
warm,,,0.75,8,58,185.12230005580932
warm,,,0.75,8,59,153.21390004828572
warm,,,0.75,8,60,165.81429995130748
warm,,,0.75,8,61,195.2153000747785
warm,,,0.75,8,62,215.3688999824226
warm,,,0.75,8,63,173.11169998720288
warm,,,0.75,8,64,151.91610006149858
warm,,,0.75,8,65,157.44340000674129
warm,,,0.75,8,66,155.73780005797744
warm,,,0.75,8,67,157.22179994918406
warm,,,0.75,8,68,154.6987999463454
warm,,,0.75,8,69,158.7844000896439
warm,,,0.75,8,70,239.4703000318259
warm,,,0.75,8,71,155.2494999486953
warm,,,0.75,8,72,153.0160999391228
warm,,,0.75,8,73,156.96260007098317
warm,,,0.75,8,74,241.81619996670634
warm,,,0.75,8,75,153.03609997499734
warm,,,0.75,8,76,157.5542000355199
warm,,,0.75,8,77,158.21919997688383
warm,,,0.75,8,78,161.47880000062287
warm,,,0.75,8,79,216.34719998110086
warm,,,0.75,8,80,158.02309999708086
warm,,,0.75,8,81,155.88630002457649
warm,,,0.75,8,82,159.21400010120124
warm,,,0.75,8,83,193.86779994238168
warm,,,0.75,8,84,178.088300046511
warm,,,0.75,8,85,155.46419995371252
warm,,,0.75,8,86,151.2963999994099
warm,,,0.75,8,87,153.74059998430312
warm,,,0.75,8,88,162.63739997521043
warm,,,0.75,8,89,176.03820003569126
warm,,,0.75,8,90,155.14650009572506
warm,,,0.75,8,91,161.48470004554838
warm,,,0.75,8,92,156.9147000554949
warm,,,0.75,8,93,167.04259999096394
warm,,,0.75,8,94,156.4172999933362
warm,,,0.75,8,95,155.67119990009815
warm,,,0.75,8,96,152.6074999710545
warm,,,0.75,8,97,151.11209999304265
warm,,,0.75,8,98,152.49240002594888
warm,,,0.75,8,99,154.76800000760704
warm,,,0.75,8,100,202.4371000006795
warm,,,0.75,8,101,262.4911000020802
warm,,,0.75,8,102,248.87130002025515
warm,,,0.75,8,103,150.48800001386553
warm,,,0.75,8,104,154.37260002363473
warm,,,0.75,8,105,153.78759999293834
warm,,,0.75,8,106,153.4646999789402
warm,,,0.75,8,107,157.63210004661232
warm,,,0.75,8,108,152.06100000068545
warm,,,0.75,8,109,171.465800027363
warm,,,0.75,8,110,231.15440004039556
warm,,,0.75,8,111,152.50620001461357
warm,,,0.75,8,112,156.06400009710342
warm,,,0.75,8,113,153.6610999610275
warm,,,0.75,8,114,174.54800009727478
warm,,,0.75,8,115,172.42540000006557
warm,,,0.75,8,116,162.7261999528855
warm,,,0.75,8,117,171.03010008577257
warm,,,0.75,8,118,162.34709997661412
warm,,,0.75,8,119,156.4980000257492
warm,,,0.75,8,120,172.82989993691444
warm,,,0.75,8,121,178.24659997131675
warm,,,0.75,8,122,201.26920007169247
warm,,,0.75,8,123,169.09490001853555
warm,,,0.75,8,124,169.39140006434172
warm,,,0.75,8,125,167.30430000461638
warm,,,0.75,8,126,158.75550010241568
warm,,,0.75,8,127,156.47269994951785
warm,,,0.75,8,128,223.1299999402836
warm,,,0.75,8,129,156.62580006755888
warm,,,0.75,8,130,151.29039995372295
warm,,,0.75,8,131,160.68680002354085
warm,,,0.75,8,132,162.9093000665307
warm,,,0.75,8,133,174.22349995467812
warm,,,0.75,8,134,152.8926999308169
warm,,,0.75,8,135,165.46940000262111
warm,,,0.75,8,136,150.85009997710586
warm,,,0.75,8,137,157.78000000864267
warm,,,0.75,8,138,182.41390003822744
warm,,,0.75,8,139,164.3247000174597
warm,,,0.75,8,140,150.72100004181266
warm,,,0.75,8,141,161.9949999731034
warm,,,0.75,8,142,168.5786999296397
warm,,,0.75,8,143,161.21099994052202
warm,,,0.75,8,144,166.214199969545
warm,,,0.75,8,145,172.59670002385974
warm,,,0.75,8,146,156.2195000005886
warm,,,0.75,8,147,161.2259999383241
warm,,,0.75,8,148,235.2696000598371
warm,,,0.75,8,149,162.83740010112524
warm,,,0.75,8,150,155.07500001695007
warm,,,0.75,8,151,157.88569999858737
warm,,,0.75,8,152,160.3882999625057
warm,,,0.75,8,153,163.6712000472471
warm,,,0.75,8,154,154.29720003157854
warm,,,0.75,8,155,158.31129997968674
warm,,,0.75,8,156,171.96780000813305
warm,,,0.75,8,157,158.94029999617487
warm,,,0.75,8,158,155.6763999396935
warm,,,0.75,8,159,178.0360999982804
warm,,,0.75,8,160,238.59009996522218
warm,,,0.75,8,161,282.6609000330791
warm,,,0.75,8,162,171.82100005447865
warm,,,0.75,8,163,148.4137000516057
warm,,,0.75,8,164,147.30620000045747
warm,,,0.75,8,165,148.5441999975592
warm,,,0.75,8,166,154.61129997856915
warm,,,0.75,8,167,151.1056999443099
warm,,,0.75,8,168,154.19139992445707
warm,,,0.75,8,169,153.51789991836995
warm,,,0.75,8,170,156.48859995417297
warm,,,0.75,8,171,157.6336999423802
warm,,,0.75,8,172,156.5237999893725
warm,,,0.75,8,173,155.7279999833554
warm,,,0.75,8,174,154.53319996595383
warm,,,0.75,8,175,150.7967000361532
warm,,,0.75,8,176,160.63010005746037
warm,,,0.75,8,177,180.28870003763586
warm,,,0.75,8,178,178.74640005175024
warm,,,0.75,8,179,169.84700004104525
warm,,,0.75,8,180,168.83209999650717
warm,,,0.75,8,181,166.65320005267859
warm,,,0.75,8,182,162.43500006385148
warm,,,0.75,8,183,155.20140004809946
warm,,,0.75,8,184,158.19889993872494
warm,,,0.75,8,185,156.13589994609356
warm,,,0.75,8,186,166.6349999140948
warm,,,0.75,8,187,163.78019994590431
warm,,,0.75,8,188,157.0061999373138
warm,,,0.75,8,189,149.44409998133779
warm,,,0.75,8,190,149.05840007122606
warm,,,0.75,8,191,162.87909995298833
warm,,,0.75,8,192,258.31189996097237
warm,,,0.75,8,193,214.7914000088349
warm,,,0.75,8,194,170.44919996988028
warm,,,0.75,8,195,153.40930002275854
warm,,,0.75,8,196,173.23810001835227
warm,,,0.75,8,197,173.71759994421154
warm,,,0.75,8,198,202.29619997553527
warm,,,0.75,8,199,152.6768000330776
warm,,,0.75,16,0,152.44950004853308
warm,,,0.75,16,1,153.6628999747336
warm,,,0.75,16,2,210.66270000301301
warm,,,0.75,16,3,165.81379994750023
warm,,,0.75,16,4,150.25139995850623
warm,,,0.75,16,5,158.5854000877589
warm,,,0.75,16,6,164.5284000551328
warm,,,0.75,16,7,171.75979993771762
warm,,,0.75,16,8,236.87050002627075
warm,,,0.75,16,9,153.18240004125983
warm,,,0.75,16,10,203.86710006278008
warm,,,0.75,16,11,152.31709997169673
warm,,,0.75,16,12,148.58399995137006
warm,,,0.75,16,13,150.37930000107735
warm,,,0.75,16,14,149.75570002570748
warm,,,0.75,16,15,166.76799999549985
warm,,,0.75,16,16,156.4209999050945
warm,,,0.75,16,17,243.66819998249412
warm,,,0.75,16,18,172.20589995849878
warm,,,0.75,16,19,152.86700008437037
warm,,,0.75,16,20,152.95210003387183
warm,,,0.75,16,21,151.6130999661982
warm,,,0.75,16,22,152.8359999647364
warm,,,0.75,16,23,147.13380008470267
warm,,,0.75,16,24,154.55680002924055
warm,,,0.75,16,25,150.99230001214892
warm,,,0.75,16,26,154.59910000208765
warm,,,0.75,16,27,155.02129995729774
warm,,,0.75,16,28,198.8820000551641
warm,,,0.75,16,29,295.19609990529716
warm,,,0.75,16,30,172.95260005630553
warm,,,0.75,16,31,152.14359993115067
warm,,,0.75,16,32,166.63829993922263
warm,,,0.75,16,33,152.39389997441322
warm,,,0.75,16,34,148.14800000749528
warm,,,0.75,16,35,147.84729992970824
warm,,,0.75,16,36,155.5974999209866
warm,,,0.75,16,37,155.86169995367527
warm,,,0.75,16,38,166.89769993536174
warm,,,0.75,16,39,218.98789994884282
warm,,,0.75,16,40,148.71990005485713
warm,,,0.75,16,41,144.89930006675422
warm,,,0.75,16,42,156.42750007100403
warm,,,0.75,16,43,146.55139995738864
warm,,,0.75,16,44,150.37159994244576
warm,,,0.75,16,45,163.528100005351
warm,,,0.75,16,46,156.050999998115
warm,,,0.75,16,47,143.97229999303818
warm,,,0.75,16,48,158.72439998202026
warm,,,0.75,16,49,214.62540002539754
warm,,,0.75,16,50,227.1329000359401
warm,,,0.75,16,51,183.33050003275275
warm,,,0.75,16,52,148.21589994244277
warm,,,0.75,16,53,155.89149994775653
warm,,,0.75,16,54,148.74590002000332
warm,,,0.75,16,55,187.54690000787377
warm,,,0.75,16,56,151.20459999889135
warm,,,0.75,16,57,158.23489998001605
warm,,,0.75,16,58,187.7231999533251
warm,,,0.75,16,59,143.75619997736067
warm,,,0.75,16,60,171.88080004416406
warm,,,0.75,16,61,151.85360005125403
warm,,,0.75,16,62,153.8855000399053
warm,,,0.75,16,63,148.73370004352182
warm,,,0.75,16,64,147.7553000440821
warm,,,0.75,16,65,150.86129994597286
warm,,,0.75,16,66,151.99189994018525
warm,,,0.75,16,67,156.17919992655516
warm,,,0.75,16,68,179.0821000467986
warm,,,0.75,16,69,171.88299994450063
warm,,,0.75,16,70,155.47339990735054
warm,,,0.75,16,71,160.55329993832856
warm,,,0.75,16,72,154.8199999378994
warm,,,0.75,16,73,161.72069997992367
warm,,,0.75,16,74,175.4812999861315
warm,,,0.75,16,75,159.20479991473258
warm,,,0.75,16,76,146.15070004947484
warm,,,0.75,16,77,152.7819000184536
warm,,,0.75,16,78,151.9073999952525
warm,,,0.75,16,79,149.33240006212145
warm,,,0.75,16,80,146.40970004256815
warm,,,0.75,16,81,149.2577000753954
warm,,,0.75,16,82,157.66729996539652
warm,,,0.75,16,83,160.36620002705604
warm,,,0.75,16,84,282.8241999959573
warm,,,0.75,16,85,190.0197999784723
warm,,,0.75,16,86,151.2122000567615
warm,,,0.75,16,87,161.631099996157
warm,,,0.75,16,88,157.1062000002712
warm,,,0.75,16,89,164.60329992696643
warm,,,0.75,16,90,189.66699996963143
warm,,,0.75,16,91,177.2183000575751
warm,,,0.75,16,92,164.79109995998442
warm,,,0.75,16,93,150.5875000730157
warm,,,0.75,16,94,152.1653999807313
warm,,,0.75,16,95,197.46069994289428
warm,,,0.75,16,96,156.7718000151217
warm,,,0.75,16,97,153.54979992844164
warm,,,0.75,16,98,216.00879996549338
warm,,,0.75,16,99,161.04699997231364
warm,,,0.75,16,100,155.14509996864945
warm,,,0.75,16,101,153.57950003817677
warm,,,0.75,16,102,156.07819997239858
warm,,,0.75,16,103,149.55720002762973
warm,,,0.75,16,104,167.04490000847727
warm,,,0.75,16,105,155.20249994006008
warm,,,0.75,16,106,156.64059994742274
warm,,,0.75,16,107,163.90609997324646
warm,,,0.75,16,108,205.28919994831085
warm,,,0.75,16,109,153.0724000185728
warm,,,0.75,16,110,159.71489995718002
warm,,,0.75,16,111,160.78190004918724
warm,,,0.75,16,112,152.9158999910578
warm,,,0.75,16,113,152.67770003993064
warm,,,0.75,16,114,147.15090009849519
warm,,,0.75,16,115,156.98229998815805
warm,,,0.75,16,116,151.8070000456646
warm,,,0.75,16,117,155.97389999311417
warm,,,0.75,16,118,155.8271999238059
warm,,,0.75,16,119,155.82580002956092
warm,,,0.75,16,120,152.04090008046478
warm,,,0.75,16,121,156.5788999432698
warm,,,0.75,16,122,151.3325999258086
warm,,,0.75,16,123,154.16639996692538
warm,,,0.75,16,124,153.2896999269724
warm,,,0.75,16,125,153.74399989377707
warm,,,0.75,16,126,165.40409997105598
warm,,,0.75,16,127,159.82749999966472
warm,,,0.75,16,128,154.299599933438
warm,,,0.75,16,129,198.35520000196993
warm,,,0.75,16,130,160.97039997112006
warm,,,0.75,16,131,153.8072000257671
warm,,,0.75,16,132,150.0153000233695
warm,,,0.75,16,133,154.74949998315424
warm,,,0.75,16,134,156.68050001841038
warm,,,0.75,16,135,239.11309998948127
warm,,,0.75,16,136,215.38589999545366
warm,,,0.75,16,137,153.0555000063032
warm,,,0.75,16,138,162.82730002421886
warm,,,0.75,16,139,147.76540000457317
warm,,,0.75,16,140,161.43850004300475
warm,,,0.75,16,141,156.18299995549023
warm,,,0.75,16,142,192.0521000865847
warm,,,0.75,16,143,213.63220002967864
warm,,,0.75,16,144,206.72090002335608
warm,,,0.75,16,145,198.95350001752377
warm,,,0.75,16,146,153.90250005293638
warm,,,0.75,16,147,155.29730007983744
warm,,,0.75,16,148,157.97900001052767
warm,,,0.75,16,149,174.33269997127354
warm,,,0.75,16,150,148.83319998625666
warm,,,0.75,16,151,156.87930001877248
warm,,,0.75,16,152,158.8872999418527
warm,,,0.75,16,153,204.694899963215
warm,,,0.75,16,154,212.22490002401173
warm,,,0.75,16,155,152.35779993236065
warm,,,0.75,16,156,190.56370004545897
warm,,,0.75,16,157,205.3157000336796
warm,,,0.75,16,158,206.19249995797873
warm,,,0.75,16,159,150.77609999570996
warm,,,0.75,16,160,155.85699991788715
warm,,,0.75,16,161,151.03289997205138
warm,,,0.75,16,162,154.9240000313148
warm,,,0.75,16,163,201.80589996743947
warm,,,0.75,16,164,152.14330004528165
warm,,,0.75,16,165,147.6429000031203
warm,,,0.75,16,166,151.2896999483928
warm,,,0.75,16,167,200.4263000562787
warm,,,0.75,16,168,164.6257999818772
warm,,,0.75,16,169,171.33010004181415
warm,,,0.75,16,170,238.58599993400276
warm,,,0.75,16,171,159.1554000042379
warm,,,0.75,16,172,181.32890004198998
warm,,,0.75,16,173,153.38049991987646
warm,,,0.75,16,174,238.22090006433427
warm,,,0.75,16,175,165.63479998148978
warm,,,0.75,16,176,161.0905999550596
warm,,,0.75,16,177,187.69809999503195
warm,,,0.75,16,178,212.87440008018166
warm,,,0.75,16,179,191.34040002245456
warm,,,0.75,16,180,165.86039995308965
warm,,,0.75,16,181,181.24689999967813
warm,,,0.75,16,182,150.26649995706975
warm,,,0.75,16,183,149.45859997533262
warm,,,0.75,16,184,148.56080000754446
warm,,,0.75,16,185,154.8976000631228
warm,,,0.75,16,186,149.5945000788197
warm,,,0.75,16,187,154.7778999665752
warm,,,0.75,16,188,152.42549998220056
warm,,,0.75,16,189,153.84040004573762
warm,,,0.75,16,190,149.92590004112571
warm,,,0.75,16,191,149.74610006902367
warm,,,0.75,16,192,155.13690002262592
warm,,,0.75,16,193,156.359399901703
warm,,,0.75,16,194,153.1649000244215
warm,,,0.75,16,195,152.8301000362262
warm,,,0.75,16,196,162.9829000448808
warm,,,0.75,16,197,156.15370008163154
warm,,,0.75,16,198,159.3593000434339
warm,,,0.75,16,199,159.30020005907863
warm,,,0.75,32,0,63.95300000440329
warm,,,0.75,32,1,58.220300008542836
warm,,,0.75,32,2,57.83109995536506
warm,,,0.75,32,3,57.19540000427514
warm,,,0.75,32,4,57.84749996382743
warm,,,0.75,32,5,55.36399991251528
warm,,,0.75,32,6,60.39440003223717
warm,,,0.75,32,7,59.2109999852255
warm,,,0.75,32,8,58.91810008324683
warm,,,0.75,32,9,57.053200085647404
warm,,,0.75,32,10,60.539300087839365
warm,,,0.75,32,11,58.45530005171895
warm,,,0.75,32,12,101.52070003096014
warm,,,0.75,32,13,128.67030000779778
warm,,,0.75,32,14,65.36259991116822
warm,,,0.75,32,15,82.97969994600862
warm,,,0.75,32,16,70.09129994548857
warm,,,0.75,32,17,61.43349991180003
warm,,,0.75,32,18,58.16500005312264
warm,,,0.75,32,19,60.12350006494671
warm,,,0.75,32,20,59.628100018016994
warm,,,0.75,32,21,59.666499961167574
warm,,,0.75,32,22,58.51490003988147
warm,,,0.75,32,23,61.79880001582205
warm,,,0.75,32,24,60.899100033566356
warm,,,0.75,32,25,60.940600000321865
warm,,,0.75,32,26,71.12290000077337
warm,,,0.75,32,27,60.31919992528856
warm,,,0.75,32,28,59.65670000296086
warm,,,0.75,32,29,61.80919997859746
warm,,,0.75,32,30,58.6609001038596
warm,,,0.75,32,31,66.43740006256849
warm,,,0.75,32,32,79.6770000597462
warm,,,0.75,32,33,58.306400082074106
warm,,,0.75,32,34,57.67550005111843
warm,,,0.75,32,35,58.24479996226728
warm,,,0.75,32,36,62.67439993098378
warm,,,0.75,32,37,61.35299999732524
warm,,,0.75,32,38,57.805699994787574
warm,,,0.75,32,39,61.77410006057471
warm,,,0.75,32,40,59.251800063066185
warm,,,0.75,32,41,59.01550000999123
warm,,,0.75,32,42,61.07639998663217
warm,,,0.75,32,43,58.912099921144545
warm,,,0.75,32,44,57.516600005328655
warm,,,0.75,32,45,62.376399990171194
warm,,,0.75,32,46,62.16049997601658
warm,,,0.75,32,47,67.85140000283718
warm,,,0.75,32,48,74.41680005285889
warm,,,0.75,32,49,59.23140002414584
warm,,,0.75,32,50,59.861999936401844
warm,,,0.75,32,51,58.84039995726198
warm,,,0.75,32,52,58.24010004289448
warm,,,0.75,32,53,73.21639999281615
warm,,,0.75,32,54,63.33380006253719
warm,,,0.75,32,55,60.445800074376166
warm,,,0.75,32,56,65.3415999840945
warm,,,0.75,32,57,57.66539997421205
warm,,,0.75,32,58,59.471599990502
warm,,,0.75,32,59,61.444499995559454
warm,,,0.75,32,60,58.95480001345277
warm,,,0.75,32,61,59.9313999991864
warm,,,0.75,32,62,64.72670007497072
warm,,,0.75,32,63,58.81539999973029
warm,,,0.75,32,64,59.56339999102056
warm,,,0.75,32,65,59.62610000278801
warm,,,0.75,32,66,63.72650002595037
warm,,,0.75,32,67,59.03030000627041
warm,,,0.75,32,68,78.95639992784709
warm,,,0.75,32,69,67.13300000410527
warm,,,0.75,32,70,57.586500071920455
warm,,,0.75,32,71,58.73500008601695
warm,,,0.75,32,72,62.991000013425946
warm,,,0.75,32,73,58.581999968737364
warm,,,0.75,32,74,63.75450000632554
warm,,,0.75,32,75,75.20329998806119
warm,,,0.75,32,76,91.56179998535663
warm,,,0.75,32,77,58.77819994930178
warm,,,0.75,32,78,62.144999974407256
warm,,,0.75,32,79,62.18019989319146
warm,,,0.75,32,80,61.607299954630435
warm,,,0.75,32,81,57.45480000041425
warm,,,0.75,32,82,59.9734999705106
warm,,,0.75,32,83,60.92209997586906
warm,,,0.75,32,84,62.571599963121116
warm,,,0.75,32,85,63.026699936017394
warm,,,0.75,32,86,67.96410004608333
warm,,,0.75,32,87,83.08329991996288
warm,,,0.75,32,88,58.95470001269132
warm,,,0.75,32,89,57.97179997898638
warm,,,0.75,32,90,63.19519993849099
warm,,,0.75,32,91,71.5972000034526
warm,,,0.75,32,92,91.51700010988861
warm,,,0.75,32,93,57.8638999722898
warm,,,0.75,32,94,62.94189998880029
warm,,,0.75,32,95,83.72810005676001
warm,,,0.75,32,96,87.94760005548596
warm,,,0.75,32,97,69.245700025931
warm,,,0.75,32,98,58.091500075533986
warm,,,0.75,32,99,57.6061001047492
warm,,,0.75,32,100,59.23490005079657
warm,,,0.75,32,101,109.29700010456145
warm,,,0.75,32,102,64.71609999425709
warm,,,0.75,32,103,62.770299962721765
warm,,,0.75,32,104,57.159599964506924
warm,,,0.75,32,105,55.760499904863536
warm,,,0.75,32,106,62.63830000534654
warm,,,0.75,32,107,59.6311999252066
warm,,,0.75,32,108,61.66340003255755
warm,,,0.75,32,109,58.93970001488924
warm,,,0.75,32,110,60.81279995851219
warm,,,0.75,32,111,63.27799998689443
warm,,,0.75,32,112,59.036700055003166
warm,,,0.75,32,113,58.49809991195798
warm,,,0.75,32,114,91.73089999239892
warm,,,0.75,32,115,64.41699992865324
warm,,,0.75,32,116,61.455999966710806
warm,,,0.75,32,117,60.03940000664443
warm,,,0.75,32,118,59.84630004968494
warm,,,0.75,32,119,60.6556999264285
warm,,,0.75,32,120,115.55410001892596
warm,,,0.75,32,121,68.9779999665916
warm,,,0.75,32,122,59.89169992972165
warm,,,0.75,32,123,62.7847999567166
warm,,,0.75,32,124,58.98580001667142
warm,,,0.75,32,125,60.97410002257675
warm,,,0.75,32,126,63.39659995865077
warm,,,0.75,32,127,92.7309999242425
warm,,,0.75,32,128,61.87729991506785
warm,,,0.75,32,129,58.054700028151274
warm,,,0.75,32,130,57.29799997061491
warm,,,0.75,32,131,62.23009992390871
warm,,,0.75,32,132,57.60920001193881
warm,,,0.75,32,133,60.44599995948374
warm,,,0.75,32,134,59.0044999262318
warm,,,0.75,32,135,64.28539997432381
warm,,,0.75,32,136,58.58139996416867
warm,,,0.75,32,137,60.26699999347329
warm,,,0.75,32,138,111.25980003271252
warm,,,0.75,32,139,83.22949998546392
warm,,,0.75,32,140,64.97850001323968
warm,,,0.75,32,141,56.18800001684576
warm,,,0.75,32,142,56.4356999238953
warm,,,0.75,32,143,57.10520001593977
warm,,,0.75,32,144,59.48380008339882
warm,,,0.75,32,145,56.54530005995184
warm,,,0.75,32,146,58.21639997884631
warm,,,0.75,32,147,59.56670001614839
warm,,,0.75,32,148,59.06959995627403
warm,,,0.75,32,149,59.08439995255321
warm,,,0.75,32,150,64.53029997646809
warm,,,0.75,32,151,57.89319996256381
warm,,,0.75,32,152,58.439399930648506
warm,,,0.75,32,153,57.934600044973195
warm,,,0.75,32,154,57.163899997249246
warm,,,0.75,32,155,60.23019994609058
warm,,,0.75,32,156,59.75040001794696
warm,,,0.75,32,157,79.09000001382083
warm,,,0.75,32,158,55.344499996863306
warm,,,0.75,32,159,62.945300014689565
warm,,,0.75,32,160,58.04310005623847
warm,,,0.75,32,161,57.65500001143664
warm,,,0.75,32,162,56.28200003411621
warm,,,0.75,32,163,58.38389997370541
warm,,,0.75,32,164,59.28079993464053
warm,,,0.75,32,165,77.33720005489886
warm,,,0.75,32,166,63.75879992265254
warm,,,0.75,32,167,57.226300006732345
warm,,,0.75,32,168,60.43770001269877
warm,,,0.75,32,169,57.25519999396056
warm,,,0.75,32,170,58.92029998358339
warm,,,0.75,32,171,58.746299939230084
warm,,,0.75,32,172,61.75230001099408
warm,,,0.75,32,173,87.74520002771169
warm,,,0.75,32,174,60.80620002467185
warm,,,0.75,32,175,57.85510002169758
warm,,,0.75,32,176,57.55460006184876
warm,,,0.75,32,177,59.50729991309345
warm,,,0.75,32,178,57.820399990305305
warm,,,0.75,32,179,59.073599986732006
warm,,,0.75,32,180,60.799999977461994
warm,,,0.75,32,181,60.426600044593215
warm,,,0.75,32,182,62.73230002261698
warm,,,0.75,32,183,59.467699960805476
warm,,,0.75,32,184,62.677099951542914
warm,,,0.75,32,185,59.68750000465661
warm,,,0.75,32,186,59.42490010056645
warm,,,0.75,32,187,58.0460000783205
warm,,,0.75,32,188,60.79620006494224
warm,,,0.75,32,189,59.178999974392354
warm,,,0.75,32,190,58.737399987876415
warm,,,0.75,32,191,62.05670000053942
warm,,,0.75,32,192,111.2132000271231
warm,,,0.75,32,193,72.77800003066659
warm,,,0.75,32,194,72.02600000891834
warm,,,0.75,32,195,61.35800003539771
warm,,,0.75,32,196,58.25420003384352
warm,,,0.75,32,197,57.706099934875965
warm,,,0.75,32,198,61.56349997036159
warm,,,0.75,32,199,57.86669999361038
warm,,,1.0,4,0,274.511200026609
warm,,,1.0,4,1,244.5534000871703
warm,,,1.0,4,2,261.111699976027
warm,,,1.0,4,3,248.71279997751117
warm,,,1.0,4,4,294.54960010480136
warm,,,1.0,4,5,250.27710001450032
warm,,,1.0,4,6,279.4896000996232
warm,,,1.0,4,7,255.52710006013513
warm,,,1.0,4,8,252.85370007622987
warm,,,1.0,4,9,291.39330005273223
warm,,,1.0,4,10,253.94199998117983
warm,,,1.0,4,11,246.53859995305538
warm,,,1.0,4,12,248.37509996723384
warm,,,1.0,4,13,248.1950999936089
warm,,,1.0,4,14,252.73110007401556
warm,,,1.0,4,15,248.09090001508594
warm,,,1.0,4,16,254.50140004977584
warm,,,1.0,4,17,268.10830004978925
warm,,,1.0,4,18,357.6585999689996
warm,,,1.0,4,19,250.32319989986718
warm,,,1.0,4,20,278.75289996154606
warm,,,1.0,4,21,287.43519994895905
warm,,,1.0,4,22,254.39389992970973
warm,,,1.0,4,23,245.61809992883354
warm,,,1.0,4,24,257.33880000188947
warm,,,1.0,4,25,259.15359996724874
warm,,,1.0,4,26,305.47859997022897
warm,,,1.0,4,27,350.1609999220818
warm,,,1.0,4,28,283.2695000106469
warm,,,1.0,4,29,243.66789998020977
warm,,,1.0,4,30,282.42890001274645
warm,,,1.0,4,31,257.3807000881061
warm,,,1.0,4,32,322.6400000276044
warm,,,1.0,4,33,296.3936000596732
warm,,,1.0,4,34,245.46429992187768
warm,,,1.0,4,35,296.94139992352575
warm,,,1.0,4,36,311.4993000635877
warm,,,1.0,4,37,264.3734000157565
warm,,,1.0,4,38,290.59630003757775
warm,,,1.0,4,39,337.7903000218794
warm,,,1.0,4,40,256.96350005455315
warm,,,1.0,4,41,252.7979000005871
warm,,,1.0,4,42,279.85280007123947
warm,,,1.0,4,43,292.992000002414
warm,,,1.0,4,44,248.53809992782772
warm,,,1.0,4,45,256.3391999574378
warm,,,1.0,4,46,249.20790002215654
warm,,,1.0,4,47,261.3318999065086
warm,,,1.0,4,48,248.19169996771961
warm,,,1.0,4,49,301.10649997368455
warm,,,1.0,4,50,262.17830006498843
warm,,,1.0,4,51,348.40470005292445
warm,,,1.0,4,52,358.02210005931556
warm,,,1.0,4,53,354.89690001122653
warm,,,1.0,4,54,270.7674000412226
warm,,,1.0,4,55,250.24610001128167
warm,,,1.0,4,56,246.93350004963577
warm,,,1.0,4,57,246.23970000538975
warm,,,1.0,4,58,275.9749999968335
warm,,,1.0,4,59,296.1541999829933
warm,,,1.0,4,60,242.08560003899038
warm,,,1.0,4,61,250.34500006586313
warm,,,1.0,4,62,243.36449999827892
warm,,,1.0,4,63,257.378299953416
warm,,,1.0,4,64,244.4001000840217
warm,,,1.0,4,65,271.6136999661103
warm,,,1.0,4,66,244.56610006745905
warm,,,1.0,4,67,252.2830000380054
warm,,,1.0,4,68,263.9829000690952
warm,,,1.0,4,69,286.23929992318153
warm,,,1.0,4,70,250.8998999837786
warm,,,1.0,4,71,264.49390000198036
warm,,,1.0,4,72,244.83670003246516
warm,,,1.0,4,73,246.30230001639575
warm,,,1.0,4,74,257.0843999274075
warm,,,1.0,4,75,246.66979990433902
warm,,,1.0,4,76,249.3633000412956
warm,,,1.0,4,77,255.34160004463047
warm,,,1.0,4,78,267.31109991669655
warm,,,1.0,4,79,293.095099972561
warm,,,1.0,4,80,246.59870006144047
warm,,,1.0,4,81,260.27199998497963
warm,,,1.0,4,82,248.89899999834597
warm,,,1.0,4,83,264.676499995403
warm,,,1.0,4,84,264.0730000566691
warm,,,1.0,4,85,252.82659998629242
warm,,,1.0,4,86,263.52789998054504
warm,,,1.0,4,87,259.37600003089756
warm,,,1.0,4,88,253.8715999107808
warm,,,1.0,4,89,256.2187999719754
warm,,,1.0,4,90,246.0314999334514
warm,,,1.0,4,91,249.54909994266927
warm,,,1.0,4,92,244.79969998355955
warm,,,1.0,4,93,246.7506000539288
warm,,,1.0,4,94,242.83360003028065
warm,,,1.0,4,95,238.67459991015494
warm,,,1.0,4,96,403.30809995066375
warm,,,1.0,4,97,416.7185000842437
warm,,,1.0,4,98,405.8254000265151
warm,,,1.0,4,99,422.831799951382
warm,,,1.0,4,100,422.43020003661513
warm,,,1.0,4,101,409.80929997749627
warm,,,1.0,4,102,444.0200000535697
warm,,,1.0,4,103,452.1919999970123
warm,,,1.0,4,104,459.2833999777213
warm,,,1.0,4,105,420.8002000814304
warm,,,1.0,4,106,448.5013000667095
warm,,,1.0,4,107,520.9945999085903
warm,,,1.0,4,108,422.20199992880225
warm,,,1.0,4,109,375.37759996484965
warm,,,1.0,4,110,377.3462000535801
warm,,,1.0,4,111,398.4528000000864
warm,,,1.0,4,112,327.669300022535
warm,,,1.0,4,113,387.56439997814596
warm,,,1.0,4,114,412.3830000171438
warm,,,1.0,4,115,388.8669000007212
warm,,,1.0,4,116,411.5924999350682
warm,,,1.0,4,117,353.2188000390306
warm,,,1.0,4,118,388.82209989242256
warm,,,1.0,4,119,378.5654000239447
warm,,,1.0,4,120,362.75249999016523
warm,,,1.0,4,121,372.976400074549
warm,,,1.0,4,122,356.871800031513
warm,,,1.0,4,123,389.9223000044003
warm,,,1.0,4,124,367.0293999603018
warm,,,1.0,4,125,409.97230005450547
warm,,,1.0,4,126,367.16749996412545
warm,,,1.0,4,127,361.73329991288483
warm,,,1.0,4,128,369.68710005749017
warm,,,1.0,4,129,392.29049999266863
warm,,,1.0,4,130,350.1450000330806
warm,,,1.0,4,131,368.5437999665737
warm,,,1.0,4,132,391.8464999878779
warm,,,1.0,4,133,359.94429991114885
warm,,,1.0,4,134,384.9513999884948
warm,,,1.0,4,135,373.97780001629144
warm,,,1.0,4,136,368.7884999671951
warm,,,1.0,4,137,417.7064999239519
warm,,,1.0,4,138,367.7245000144467
warm,,,1.0,4,139,396.4096999261528
warm,,,1.0,4,140,366.7119999881834
warm,,,1.0,4,141,359.65600004419684
warm,,,1.0,4,142,374.4936999864876
warm,,,1.0,4,143,379.96229995042086
warm,,,1.0,4,144,387.91010004933923
warm,,,1.0,4,145,405.09670006576926
warm,,,1.0,4,146,375.7277000695467
warm,,,1.0,4,147,366.6527000023052
warm,,,1.0,4,148,381.0334000736475
warm,,,1.0,4,149,417.4603000283241
warm,,,1.0,4,150,385.6658000731841
warm,,,1.0,4,151,396.45870006643236
warm,,,1.0,4,152,367.7672001067549
warm,,,1.0,4,153,370.1808999758214
warm,,,1.0,4,154,351.97099996730685
warm,,,1.0,4,155,368.38390002958477
warm,,,1.0,4,156,401.5542999841273
warm,,,1.0,4,157,365.7079000258818
warm,,,1.0,4,158,366.0861999960616
warm,,,1.0,4,159,359.34279998764396
warm,,,1.0,4,160,405.52439994644374
warm,,,1.0,4,161,364.9994999868795
warm,,,1.0,4,162,387.847000034526
warm,,,1.0,4,163,365.6286000041291
warm,,,1.0,4,164,357.2215000167489
warm,,,1.0,4,165,387.24830001592636
warm,,,1.0,4,166,398.6897000577301
warm,,,1.0,4,167,365.4777000192553
warm,,,1.0,4,168,385.6437000213191
warm,,,1.0,4,169,362.3009000439197
warm,,,1.0,4,170,352.71900007501245
warm,,,1.0,4,171,393.3964000316337
warm,,,1.0,4,172,369.21119992621243
warm,,,1.0,4,173,374.88789996132255
warm,,,1.0,4,174,366.46759998984635
warm,,,1.0,4,175,364.42610004451126
warm,,,1.0,4,176,361.06519994791597
warm,,,1.0,4,177,361.45930003840476
warm,,,1.0,4,178,388.53420002851635
warm,,,1.0,4,179,368.4933999320492
warm,,,1.0,4,180,358.3555000368506
warm,,,1.0,4,181,384.747700067237
warm,,,1.0,4,182,358.3738000597805
warm,,,1.0,4,183,370.85969990585
warm,,,1.0,4,184,366.9886999996379
warm,,,1.0,4,185,365.80739996861666
warm,,,1.0,4,186,361.64120002649724
warm,,,1.0,4,187,376.43279996700585
warm,,,1.0,4,188,366.4081000024453
warm,,,1.0,4,189,383.65700002759695
warm,,,1.0,4,190,369.9720000149682
warm,,,1.0,4,191,391.9281999114901
warm,,,1.0,4,192,373.9822000497952
warm,,,1.0,4,193,363.68940002284944
warm,,,1.0,4,194,364.2372000031173
warm,,,1.0,4,195,373.6762999324128
warm,,,1.0,4,196,366.97089998051524
warm,,,1.0,4,197,358.86329994536936
warm,,,1.0,4,198,362.3613999225199
warm,,,1.0,4,199,394.63550003711134
warm,,,1.0,8,0,401.9769999431446
warm,,,1.0,8,1,348.9853000501171
warm,,,1.0,8,2,359.5937000354752
warm,,,1.0,8,3,356.18389991577715
warm,,,1.0,8,4,356.8525000009686
warm,,,1.0,8,5,408.63700001500547
warm,,,1.0,8,6,446.0837999358773
warm,,,1.0,8,7,453.6783999064937
warm,,,1.0,8,8,430.65640004351735
warm,,,1.0,8,9,415.6682000029832
warm,,,1.0,8,10,371.752200066112
warm,,,1.0,8,11,386.41989999450743
warm,,,1.0,8,12,363.16339997574687
warm,,,1.0,8,13,317.98589997924864
warm,,,1.0,8,14,382.10320007056
warm,,,1.0,8,15,371.15919997449964
warm,,,1.0,8,16,381.32419995963573
warm,,,1.0,8,17,383.83480010088533
warm,,,1.0,8,18,401.00070007611066
warm,,,1.0,8,19,375.04219997208565
warm,,,1.0,8,20,364.4184999866411
warm,,,1.0,8,21,364.13780006114393
warm,,,1.0,8,22,375.7763000903651
warm,,,1.0,8,23,365.1313000591472
warm,,,1.0,8,24,371.9976000720635
warm,,,1.0,8,25,371.9588000094518
warm,,,1.0,8,26,370.9456999786198
warm,,,1.0,8,27,366.0276000155136
warm,,,1.0,8,28,376.2466999469325
warm,,,1.0,8,29,372.1540999831632
warm,,,1.0,8,30,383.3335000090301
warm,,,1.0,8,31,362.722699996084
warm,,,1.0,8,32,358.8027999503538
warm,,,1.0,8,33,377.0902999676764
warm,,,1.0,8,34,384.3541999813169
warm,,,1.0,8,35,395.88259998708963
warm,,,1.0,8,36,362.904499983415
warm,,,1.0,8,37,387.49360002111644
warm,,,1.0,8,38,361.37529998086393
warm,,,1.0,8,39,404.2384000495076
warm,,,1.0,8,40,414.8670999566093
warm,,,1.0,8,41,367.1317999251187
warm,,,1.0,8,42,353.3375000115484
warm,,,1.0,8,43,415.07719992659986
warm,,,1.0,8,44,410.8149000676349
warm,,,1.0,8,45,377.6975000509992
warm,,,1.0,8,46,387.2152999974787
warm,,,1.0,8,47,391.78030006587505
warm,,,1.0,8,48,399.52590002212673
warm,,,1.0,8,49,393.9128000056371
warm,,,1.0,8,50,381.1046000337228
warm,,,1.0,8,51,366.5766000049189
warm,,,1.0,8,52,367.25000001024455
warm,,,1.0,8,53,365.65859999973327
warm,,,1.0,8,54,360.9654000028968
warm,,,1.0,8,55,357.6691000489518
warm,,,1.0,8,56,362.2977000195533
warm,,,1.0,8,57,359.6834000200033
warm,,,1.0,8,58,367.14500002563
warm,,,1.0,8,59,381.5004000207409
warm,,,1.0,8,60,360.58009997941554
warm,,,1.0,8,61,384.87399998120964
warm,,,1.0,8,62,358.406399958767
warm,,,1.0,8,63,392.5648999866098
warm,,,1.0,8,64,356.5561999566853
warm,,,1.0,8,65,398.1671000365168
warm,,,1.0,8,66,403.20399997290224
warm,,,1.0,8,67,360.96469999756664
warm,,,1.0,8,68,365.800500032492
warm,,,1.0,8,69,368.7045999104157
warm,,,1.0,8,70,364.118600031361
warm,,,1.0,8,71,404.1381999850273
warm,,,1.0,8,72,373.5677000368014
warm,,,1.0,8,73,362.90459998417646
warm,,,1.0,8,74,376.2354999780655
warm,,,1.0,8,75,407.08049992099404
warm,,,1.0,8,76,413.7809000676498
warm,,,1.0,8,77,367.8394000744447
warm,,,1.0,8,78,379.43880003876984
warm,,,1.0,8,79,368.1510000023991
warm,,,1.0,8,80,366.3646000204608
warm,,,1.0,8,81,364.063199958764
warm,,,1.0,8,82,388.1570999510586
warm,,,1.0,8,83,380.84370002616197
warm,,,1.0,8,84,360.13939999975264
warm,,,1.0,8,85,360.4383999481797
warm,,,1.0,8,86,382.65200005844235
warm,,,1.0,8,87,363.01989993080497
warm,,,1.0,8,88,391.58699999097735
warm,,,1.0,8,89,361.7998000700027
warm,,,1.0,8,90,421.3015000568703
warm,,,1.0,8,91,361.37129995040596
warm,,,1.0,8,92,390.8138999249786
warm,,,1.0,8,93,367.8448999999091
warm,,,1.0,8,94,386.62989996373653
warm,,,1.0,8,95,360.95410003326833
warm,,,1.0,8,96,399.3260000133887
warm,,,1.0,8,97,383.26020003296435
warm,,,1.0,8,98,375.7556000491604
warm,,,1.0,8,99,361.8498001014814
warm,,,1.0,8,100,386.2251000246033
warm,,,1.0,8,101,385.0792999146506
warm,,,1.0,8,102,368.0333000374958
warm,,,1.0,8,103,428.30799997318536
warm,,,1.0,8,104,380.6081999791786
warm,,,1.0,8,105,383.675399934873
warm,,,1.0,8,106,360.9493999974802
warm,,,1.0,8,107,357.0938999764621
warm,,,1.0,8,108,387.0067000389099
warm,,,1.0,8,109,369.05830004252493
warm,,,1.0,8,110,386.6582000628114
warm,,,1.0,8,111,384.1750000137836
warm,,,1.0,8,112,404.28280003834516
warm,,,1.0,8,113,349.2353999754414
warm,,,1.0,8,114,361.1811998998746
warm,,,1.0,8,115,356.0945000499487
warm,,,1.0,8,116,359.07890007365495
warm,,,1.0,8,117,368.75080002937466
warm,,,1.0,8,118,369.2247999133542
warm,,,1.0,8,119,359.0089000063017
warm,,,1.0,8,120,374.24649996683
warm,,,1.0,8,121,343.4382000705227
warm,,,1.0,8,122,346.7966999160126
warm,,,1.0,8,123,367.98350000754
warm,,,1.0,8,124,357.54990007262677
warm,,,1.0,8,125,352.67570009455085
warm,,,1.0,8,126,386.9941000593826
warm,,,1.0,8,127,368.3384000323713
warm,,,1.0,8,128,386.15389994811267
warm,,,1.0,8,129,374.3058000691235
warm,,,1.0,8,130,364.14230009540915
warm,,,1.0,8,131,374.6913999784738
warm,,,1.0,8,132,413.0935000721365
warm,,,1.0,8,133,373.698600102216
warm,,,1.0,8,134,381.47320004645735
warm,,,1.0,8,135,379.1721999878064
warm,,,1.0,8,136,416.0578000592068
warm,,,1.0,8,137,417.40240005310625
warm,,,1.0,8,138,403.57090008910745
warm,,,1.0,8,139,457.64110004529357
warm,,,1.0,8,140,732.43440000806
warm,,,1.0,8,141,403.86999992188066
warm,,,1.0,8,142,315.7783999340609
warm,,,1.0,8,143,375.8765000384301
warm,,,1.0,8,144,367.79130005743355
warm,,,1.0,8,145,368.07699990458786
warm,,,1.0,8,146,420.0550999958068
warm,,,1.0,8,147,356.0221999650821
warm,,,1.0,8,148,409.228999982588
warm,,,1.0,8,149,384.66400001198053
warm,,,1.0,8,150,378.28520010225475
warm,,,1.0,8,151,388.06649995967746
warm,,,1.0,8,152,396.2740000570193
warm,,,1.0,8,153,365.2079999446869
warm,,,1.0,8,154,373.45559999812394
warm,,,1.0,8,155,369.78629999794066
warm,,,1.0,8,156,372.5897000404075
warm,,,1.0,8,157,384.70980001147836
warm,,,1.0,8,158,368.9464000053704
warm,,,1.0,8,159,383.94319999497384
warm,,,1.0,8,160,368.4293999103829
warm,,,1.0,8,161,391.63580001331866
warm,,,1.0,8,162,385.6853999895975
warm,,,1.0,8,163,372.56889999844134
warm,,,1.0,8,164,366.70259991660714
warm,,,1.0,8,165,375.9297999786213
warm,,,1.0,8,166,398.3896999852732
warm,,,1.0,8,167,387.92849995661527
warm,,,1.0,8,168,388.17990000825375
warm,,,1.0,8,169,367.3483000602573
warm,,,1.0,8,170,368.3627999853343
warm,,,1.0,8,171,361.5167000098154
warm,,,1.0,8,172,400.3000999800861
warm,,,1.0,8,173,380.0303000025451
warm,,,1.0,8,174,366.5089999558404
warm,,,1.0,8,175,372.9524000082165
warm,,,1.0,8,176,404.82860000338405
warm,,,1.0,8,177,402.19880000222474
warm,,,1.0,8,178,375.7126999553293
warm,,,1.0,8,179,360.2868999587372
warm,,,1.0,8,180,360.20100000314415
warm,,,1.0,8,181,366.01550003979355
warm,,,1.0,8,182,364.364399923943
warm,,,1.0,8,183,383.13869992271066
warm,,,1.0,8,184,392.75180001277477
warm,,,1.0,8,185,357.69809992052615
warm,,,1.0,8,186,374.5631000492722
warm,,,1.0,8,187,357.50719998031855
warm,,,1.0,8,188,368.7583999708295
warm,,,1.0,8,189,359.6203000051901
warm,,,1.0,8,190,382.2049000300467
warm,,,1.0,8,191,359.8453999729827
warm,,,1.0,8,192,361.081299954094
warm,,,1.0,8,193,373.55909997131675
warm,,,1.0,8,194,403.74490001704544
warm,,,1.0,8,195,365.54109991993755
warm,,,1.0,8,196,363.84959996212274
warm,,,1.0,8,197,393.268599989824
warm,,,1.0,8,198,411.97699995245785
warm,,,1.0,8,199,377.2781000006944
warm,,,1.0,16,0,372.20260000322014
warm,,,1.0,16,1,372.8342999238521
warm,,,1.0,16,2,397.5557000376284
warm,,,1.0,16,3,375.3799000987783
warm,,,1.0,16,4,364.43180008791387
warm,,,1.0,16,5,373.2144000241533
warm,,,1.0,16,6,348.46879995893687
warm,,,1.0,16,7,367.8605000022799
warm,,,1.0,16,8,394.665899919346
warm,,,1.0,16,9,382.5736000435427
warm,,,1.0,16,10,360.942600062117
warm,,,1.0,16,11,439.05330006964505
warm,,,1.0,16,12,349.0026000654325
warm,,,1.0,16,13,357.21200006082654
warm,,,1.0,16,14,368.4313000412658
warm,,,1.0,16,15,370.4621000215411
warm,,,1.0,16,16,397.1261000260711
warm,,,1.0,16,17,367.31020000297576
warm,,,1.0,16,18,433.07580007240176
warm,,,1.0,16,19,361.6880999179557
warm,,,1.0,16,20,364.67589996755123
warm,,,1.0,16,21,355.5446999380365
warm,,,1.0,16,22,398.6692000180483
warm,,,1.0,16,23,388.1744999671355
warm,,,1.0,16,24,419.14000001270324
warm,,,1.0,16,25,376.6745999455452
warm,,,1.0,16,26,359.7571999998763
warm,,,1.0,16,27,383.64159991033375
warm,,,1.0,16,28,388.97960004396737
warm,,,1.0,16,29,388.04290001280606
warm,,,1.0,16,30,405.7255999650806
warm,,,1.0,16,31,392.17220002319664
warm,,,1.0,16,32,359.3092999653891
warm,,,1.0,16,33,376.770899980329
warm,,,1.0,16,34,396.2264999281615
warm,,,1.0,16,35,409.63469992857426
warm,,,1.0,16,36,375.626299995929
warm,,,1.0,16,37,395.6774999387562
warm,,,1.0,16,38,382.7016999712214
warm,,,1.0,16,39,363.6924000456929
warm,,,1.0,16,40,365.06069998722523
warm,,,1.0,16,41,386.136700049974
warm,,,1.0,16,42,379.12559998221695
warm,,,1.0,16,43,363.3899000706151
warm,,,1.0,16,44,362.87340009585023
warm,,,1.0,16,45,386.6363000124693
warm,,,1.0,16,46,360.7617999659851
warm,,,1.0,16,47,357.7613999368623
warm,,,1.0,16,48,363.52559993974864
warm,,,1.0,16,49,363.84050000924617
warm,,,1.0,16,50,364.0017999568954
warm,,,1.0,16,51,358.47320000175387
warm,,,1.0,16,52,364.50740008149296
warm,,,1.0,16,53,369.5311000337824
warm,,,1.0,16,54,358.02919999696314
warm,,,1.0,16,55,367.6928000058979
warm,,,1.0,16,56,360.0816000252962
warm,,,1.0,16,57,375.27940003201365
warm,,,1.0,16,58,363.7419999577105
warm,,,1.0,16,59,372.4182000150904
warm,,,1.0,16,60,394.9275000486523
warm,,,1.0,16,61,376.72729999758303
warm,,,1.0,16,62,361.8233000161126
warm,,,1.0,16,63,361.1017999937758
warm,,,1.0,16,64,376.7816999461502
warm,,,1.0,16,65,380.1396999042481
warm,,,1.0,16,66,451.6251999884844
warm,,,1.0,16,67,386.5999999688938
warm,,,1.0,16,68,377.6191999204457
warm,,,1.0,16,69,390.8315000589937
warm,,,1.0,16,70,357.1330000413582
warm,,,1.0,16,71,394.0980000188574
warm,,,1.0,16,72,363.35020000115037
warm,,,1.0,16,73,365.78009999357164
warm,,,1.0,16,74,379.5924000442028
warm,,,1.0,16,75,353.8395999930799
warm,,,1.0,16,76,375.3317000810057
warm,,,1.0,16,77,394.3087999941781
warm,,,1.0,16,78,376.45399989560246
warm,,,1.0,16,79,383.34679999388754
warm,,,1.0,16,80,362.3389999847859
warm,,,1.0,16,81,366.7778999079019
warm,,,1.0,16,82,358.34469995461404
warm,,,1.0,16,83,402.6706999866292
warm,,,1.0,16,84,378.1994000310078
warm,,,1.0,16,85,360.3043999755755
warm,,,1.0,16,86,357.14599990751594
warm,,,1.0,16,87,379.3820000719279
warm,,,1.0,16,88,370.2594001078978
warm,,,1.0,16,89,412.5495000043884
warm,,,1.0,16,90,523.1642000144348
warm,,,1.0,16,91,372.253300040029
warm,,,1.0,16,92,361.27919994760305
warm,,,1.0,16,93,377.11500003933907
warm,,,1.0,16,94,389.0201000031084
warm,,,1.0,16,95,432.4124000268057
warm,,,1.0,16,96,417.2221999615431
warm,,,1.0,16,97,442.9592000087723
warm,,,1.0,16,98,356.6492000827566
warm,,,1.0,16,99,365.3706000186503
warm,,,1.0,16,100,357.2491999948397
warm,,,1.0,16,101,382.306499988772
warm,,,1.0,16,102,383.0145999090746
warm,,,1.0,16,103,355.4816000396386
warm,,,1.0,16,104,427.67700005788356
warm,,,1.0,16,105,376.7371999565512
warm,,,1.0,16,106,358.41789992991835
warm,,,1.0,16,107,365.5846999026835
warm,,,1.0,16,108,349.6449999511242
warm,,,1.0,16,109,373.67270002141595
warm,,,1.0,16,110,358.8492999551818
warm,,,1.0,16,111,436.86269992031157
warm,,,1.0,16,112,363.56890003662556
warm,,,1.0,16,113,399.0233999211341
warm,,,1.0,16,114,393.033399945125
warm,,,1.0,16,115,354.81769999023527
warm,,,1.0,16,116,369.9702000012621
warm,,,1.0,16,117,352.61269996408373
warm,,,1.0,16,118,359.87719998229295
warm,,,1.0,16,119,362.75580001529306
warm,,,1.0,16,120,383.2515999674797
warm,,,1.0,16,121,378.9820000529289
warm,,,1.0,16,122,394.56439996138215
warm,,,1.0,16,123,381.04960008058697
warm,,,1.0,16,124,405.21360002458096
warm,,,1.0,16,125,382.97079992480576
warm,,,1.0,16,126,367.2165999887511
warm,,,1.0,16,127,375.45059993863106
warm,,,1.0,16,128,375.2230000682175
warm,,,1.0,16,129,427.1089000394568
warm,,,1.0,16,130,373.00699995830655
warm,,,1.0,16,131,374.50310005806386
warm,,,1.0,16,132,385.3037999942899
warm,,,1.0,16,133,399.8345999279991
warm,,,1.0,16,134,366.0890000173822
warm,,,1.0,16,135,363.3261000504717
warm,,,1.0,16,136,353.50430000107735
warm,,,1.0,16,137,390.57710010092705
warm,,,1.0,16,138,389.7986999945715
warm,,,1.0,16,139,364.8119999561459
warm,,,1.0,16,140,384.2593999579549
warm,,,1.0,16,141,381.7162999184802
warm,,,1.0,16,142,383.7891999864951
warm,,,1.0,16,143,381.02860003709793
warm,,,1.0,16,144,375.7911999709904
warm,,,1.0,16,145,394.74469993729144
warm,,,1.0,16,146,389.1211999580264
warm,,,1.0,16,147,408.6262999335304
warm,,,1.0,16,148,401.2008999707177
warm,,,1.0,16,149,358.4705999819562
warm,,,1.0,16,150,362.56209993734956
warm,,,1.0,16,151,363.2272999966517
warm,,,1.0,16,152,361.7474000202492
warm,,,1.0,16,153,389.56070004496723
warm,,,1.0,16,154,425.7315999129787
warm,,,1.0,16,155,368.3982000220567
warm,,,1.0,16,156,480.0864999415353
warm,,,1.0,16,157,552.8175999643281
warm,,,1.0,16,158,409.1761999297887
warm,,,1.0,16,159,370.4899000003934
warm,,,1.0,16,160,357.50619997270405
warm,,,1.0,16,161,381.2659999821335
warm,,,1.0,16,162,359.63289998471737
warm,,,1.0,16,163,350.8347999304533
warm,,,1.0,16,164,359.2839000048116
warm,,,1.0,16,165,357.78670001309365
warm,,,1.0,16,166,361.00679996889085
warm,,,1.0,16,167,368.21560002863407
warm,,,1.0,16,168,367.0006999745965
warm,,,1.0,16,169,401.1961999349296
warm,,,1.0,16,170,360.956099932082
warm,,,1.0,16,171,381.65760005358607
warm,,,1.0,16,172,359.7248999867588
warm,,,1.0,16,173,371.4611999457702
warm,,,1.0,16,174,407.8983999788761
warm,,,1.0,16,175,403.0642999568954
warm,,,1.0,16,176,361.4585999166593
warm,,,1.0,16,177,365.6691999640316
warm,,,1.0,16,178,356.30600003059953
warm,,,1.0,16,179,365.3403000207618
warm,,,1.0,16,180,355.90069997124374
warm,,,1.0,16,181,382.74509995244443
warm,,,1.0,16,182,359.3016000231728
warm,,,1.0,16,183,359.77209999691695
warm,,,1.0,16,184,369.5506000658497
warm,,,1.0,16,185,362.0631000958383
warm,,,1.0,16,186,400.7935000117868
warm,,,1.0,16,187,374.5310999220237
warm,,,1.0,16,188,356.9380999542773
warm,,,1.0,16,189,381.479199975729
warm,,,1.0,16,190,360.6092999689281
warm,,,1.0,16,191,377.6958999224007
warm,,,1.0,16,192,398.50899996235967
warm,,,1.0,16,193,356.89349996391684
warm,,,1.0,16,194,358.16319996956736
warm,,,1.0,16,195,352.26000007241964
warm,,,1.0,16,196,355.29899992980063
warm,,,1.0,16,197,366.2164000561461
warm,,,1.0,16,198,366.2427000235766
warm,,,1.0,16,199,382.69839994609356
warm,,,1.0,32,0,139.49630002025515
warm,,,1.0,32,1,138.03949998691678
warm,,,1.0,32,2,139.07759997528046
warm,,,1.0,32,3,137.45599996764213
warm,,,1.0,32,4,140.3121999464929
warm,,,1.0,32,5,135.44480002019554
warm,,,1.0,32,6,138.63579998724163
warm,,,1.0,32,7,137.84750003833324
warm,,,1.0,32,8,137.76059995871037
warm,,,1.0,32,9,137.02310004737228
warm,,,1.0,32,10,137.3738000402227
warm,,,1.0,32,11,135.867900098674
warm,,,1.0,32,12,141.33150002453476
warm,,,1.0,32,13,137.1642000740394
warm,,,1.0,32,14,138.9805000508204
warm,,,1.0,32,15,142.61539990548044
warm,,,1.0,32,16,139.22250003088266
warm,,,1.0,32,17,139.23199998680502
warm,,,1.0,32,18,152.5386000284925
warm,,,1.0,32,19,135.55839995387942
warm,,,1.0,32,20,147.1338999690488
warm,,,1.0,32,21,141.63859991822392
warm,,,1.0,32,22,138.72040004935116
warm,,,1.0,32,23,138.40749999508262
warm,,,1.0,32,24,138.48970003891736
warm,,,1.0,32,25,136.99030003044754
warm,,,1.0,32,26,138.3656000252813
warm,,,1.0,32,27,146.00419998168945
warm,,,1.0,32,28,136.65329990908504
warm,,,1.0,32,29,143.51239998359233
warm,,,1.0,32,30,138.1497000111267
warm,,,1.0,32,31,137.35639990773052
warm,,,1.0,32,32,144.42120003513992
warm,,,1.0,32,33,138.68119998369366
warm,,,1.0,32,34,140.81030001398176
warm,,,1.0,32,35,143.74760002829134
warm,,,1.0,32,36,140.13949991203845
warm,,,1.0,32,37,138.2859000004828
warm,,,1.0,32,38,137.46340002398938
warm,,,1.0,32,39,137.9549999255687
warm,,,1.0,32,40,141.52730000205338
warm,,,1.0,32,41,138.60319997183979
warm,,,1.0,32,42,135.71010006126016
warm,,,1.0,32,43,135.79319999553263
warm,,,1.0,32,44,137.5114000402391
warm,,,1.0,32,45,138.42259999364614
warm,,,1.0,32,46,137.6043000491336
warm,,,1.0,32,47,141.95570000447333
warm,,,1.0,32,48,139.91260004695505
warm,,,1.0,32,49,142.94370007701218
warm,,,1.0,32,50,142.66960008535534
warm,,,1.0,32,51,135.7992000412196
warm,,,1.0,32,52,139.06390010379255
warm,,,1.0,32,53,136.22270000632852
warm,,,1.0,32,54,139.22469993121922
warm,,,1.0,32,55,140.45760000590235
warm,,,1.0,32,56,142.47710001654923
warm,,,1.0,32,57,145.67100000567734
warm,,,1.0,32,58,136.5178000414744
warm,,,1.0,32,59,144.0550999250263
warm,,,1.0,32,60,138.824800029397
warm,,,1.0,32,61,137.80630007386208
warm,,,1.0,32,62,138.69890000205487
warm,,,1.0,32,63,136.30440004635602
warm,,,1.0,32,64,141.13630005158484
warm,,,1.0,32,65,136.12630008719862
warm,,,1.0,32,66,137.99790001939982
warm,,,1.0,32,67,136.26619998831302
warm,,,1.0,32,68,138.9638000400737
warm,,,1.0,32,69,140.54910000413656
warm,,,1.0,32,70,137.8590000094846
warm,,,1.0,32,71,137.28729996364564
warm,,,1.0,32,72,139.32700001168996
warm,,,1.0,32,73,144.77540005464107
warm,,,1.0,32,74,151.911300024949
warm,,,1.0,32,75,136.61689998116344
warm,,,1.0,32,76,144.5347999688238
warm,,,1.0,32,77,148.17980001680553
warm,,,1.0,32,78,141.54870004858822
warm,,,1.0,32,79,140.27560001704842
warm,,,1.0,32,80,138.05429998319596
warm,,,1.0,32,81,137.47090008109808
warm,,,1.0,32,82,140.1159999659285
warm,,,1.0,32,83,140.74770000297576
warm,,,1.0,32,84,146.2355999974534
warm,,,1.0,32,85,147.90580002591014
warm,,,1.0,32,86,179.0418999735266
warm,,,1.0,32,87,180.1676000468433
warm,,,1.0,32,88,164.62299996055663
warm,,,1.0,32,89,139.59309994243085
warm,,,1.0,32,90,141.36589993722737
warm,,,1.0,32,91,136.85919996351004
warm,,,1.0,32,92,137.4610000057146
warm,,,1.0,32,93,141.96959999389946
warm,,,1.0,32,94,140.85680001880974
warm,,,1.0,32,95,137.65569997485727
warm,,,1.0,32,96,138.58379994053394
warm,,,1.0,32,97,145.07279999088496
warm,,,1.0,32,98,136.42549992073327
warm,,,1.0,32,99,137.50810001511127
warm,,,1.0,32,100,137.18870002776384
warm,,,1.0,32,101,141.79449994117022
warm,,,1.0,32,102,137.60969997383654
warm,,,1.0,32,103,136.00559998303652
warm,,,1.0,32,104,136.05609990190715
warm,,,1.0,32,105,145.01279999967664
warm,,,1.0,32,106,138.97710002493113
warm,,,1.0,32,107,143.67589994799346
warm,,,1.0,32,108,167.87509992718697
warm,,,1.0,32,109,141.87259995378554
warm,,,1.0,32,110,138.54109996464103
warm,,,1.0,32,111,142.4361999379471
warm,,,1.0,32,112,139.9570000357926
warm,,,1.0,32,113,138.2312000496313
warm,,,1.0,32,114,141.25649991910905
warm,,,1.0,32,115,137.8454000223428
warm,,,1.0,32,116,145.56810003705323
warm,,,1.0,32,117,136.93909998983145
warm,,,1.0,32,118,143.3832999318838
warm,,,1.0,32,119,143.60670000314713
warm,,,1.0,32,120,146.1783000268042
warm,,,1.0,32,121,140.37999999709427
warm,,,1.0,32,122,141.6196000063792
warm,,,1.0,32,123,143.0011000484228
warm,,,1.0,32,124,137.2638000175357
warm,,,1.0,32,125,139.04569996520877
warm,,,1.0,32,126,139.57390002906322
warm,,,1.0,32,127,140.52020001690835
warm,,,1.0,32,128,138.14559997990727
warm,,,1.0,32,129,140.88510000146925
warm,,,1.0,32,130,152.28059992659837
warm,,,1.0,32,131,161.25610005110502
warm,,,1.0,32,132,138.7522000586614
warm,,,1.0,32,133,139.23710002563894
warm,,,1.0,32,134,139.17989993933588
warm,,,1.0,32,135,136.7100999923423
warm,,,1.0,32,136,142.13719998952
warm,,,1.0,32,137,135.42669999878854
warm,,,1.0,32,138,143.00499996170402
warm,,,1.0,32,139,137.90309999603778
warm,,,1.0,32,140,137.4343999195844
warm,,,1.0,32,141,137.0221000397578
warm,,,1.0,32,142,136.4849000237882
warm,,,1.0,32,143,133.82039999123663
warm,,,1.0,32,144,136.82700006756932
warm,,,1.0,32,145,139.20660002622753
warm,,,1.0,32,146,142.52490003127605
warm,,,1.0,32,147,143.3551999507472
warm,,,1.0,32,148,138.6635999660939
warm,,,1.0,32,149,143.25099997222424
warm,,,1.0,32,150,139.59290005732328
warm,,,1.0,32,151,138.79989995621145
warm,,,1.0,32,152,146.3396999752149
warm,,,1.0,32,153,147.9148999787867
warm,,,1.0,32,154,137.14100001379848
warm,,,1.0,32,155,142.3449000576511
warm,,,1.0,32,156,156.42080001998693
warm,,,1.0,32,157,156.08339989557862
warm,,,1.0,32,158,145.5542000476271
warm,,,1.0,32,159,136.14219997543842
warm,,,1.0,32,160,158.28880004119128
warm,,,1.0,32,161,148.44899997115135
warm,,,1.0,32,162,137.14949996210635
warm,,,1.0,32,163,137.94269994832575
warm,,,1.0,32,164,136.90429995767772
warm,,,1.0,32,165,181.5720999147743
warm,,,1.0,32,166,138.03419994655997
warm,,,1.0,32,167,142.4620000179857
warm,,,1.0,32,168,138.4031999623403
warm,,,1.0,32,169,138.49849998950958
warm,,,1.0,32,170,137.7590000629425
warm,,,1.0,32,171,137.67599989660084
warm,,,1.0,32,172,138.4312000591308
warm,,,1.0,32,173,140.85219998378307
warm,,,1.0,32,174,137.6955999294296
warm,,,1.0,32,175,140.03560005221516
warm,,,1.0,32,176,146.48780005518347
warm,,,1.0,32,177,139.09459998831153
warm,,,1.0,32,178,143.27380002941936
warm,,,1.0,32,179,138.09550006408244
warm,,,1.0,32,180,139.7612999426201
warm,,,1.0,32,181,137.43369991425425
warm,,,1.0,32,182,138.22860002983361
warm,,,1.0,32,183,139.0116000548005
warm,,,1.0,32,184,139.43659991491586
warm,,,1.0,32,185,142.94649998191744
warm,,,1.0,32,186,149.19339993502945
warm,,,1.0,32,187,136.5405999822542
warm,,,1.0,32,188,143.30749993678182
warm,,,1.0,32,189,143.11599999200553
warm,,,1.0,32,190,137.00909994076937
warm,,,1.0,32,191,138.48139997571707
warm,,,1.0,32,192,136.62110001314431
warm,,,1.0,32,193,138.00060003995895
warm,,,1.0,32,194,147.56579999811947
warm,,,1.0,32,195,137.7339999889955
warm,,,1.0,32,196,137.18790002167225
warm,,,1.0,32,197,138.7895999941975
warm,,,1.0,32,198,140.3959000017494
warm,,,1.0,32,199,139.62259993422776
transition_first,0.25,32,1.0,4,0,391.3649000460282
transition_warm,0.25,32,1.0,4,0,413.32060005515814
transition_first,0.25,32,1.0,4,1,386.23699999880046
transition_warm,0.25,32,1.0,4,1,415.1146999793127
transition_first,0.25,32,1.0,4,2,366.4913000538945
transition_warm,0.25,32,1.0,4,2,369.9072999879718
transition_first,0.25,32,1.0,4,3,359.8507000133395
transition_warm,0.25,32,1.0,4,3,360.57319992687553
transition_first,0.25,32,1.0,4,4,364.9046999635175
transition_warm,0.25,32,1.0,4,4,402.81230001710355
transition_first,0.25,32,1.0,4,5,369.9928999412805
transition_warm,0.25,32,1.0,4,5,353.23230002541095
transition_first,0.25,32,1.0,4,6,365.8607000252232
transition_warm,0.25,32,1.0,4,6,371.9866999890655
transition_first,0.25,32,1.0,4,7,412.7487000077963
transition_warm,0.25,32,1.0,4,7,368.93499991856515
transition_first,0.25,32,1.0,4,8,448.18429998122156
transition_warm,0.25,32,1.0,4,8,769.7836000006646
transition_first,0.25,32,1.0,4,9,387.48180004768074
transition_warm,0.25,32,1.0,4,9,339.7489000344649
transition_first,0.75,4,0.25,16,0,69.79770003817976
transition_warm,0.75,4,0.25,16,0,63.3683999767527
transition_first,0.75,4,0.25,16,1,65.64749998506159
transition_warm,0.75,4,0.25,16,1,81.44109998829663
transition_first,0.75,4,0.25,16,2,35.00279993750155
transition_warm,0.75,4,0.25,16,2,38.70210004970431
transition_first,0.75,4,0.25,16,3,64.08059992827475
transition_warm,0.75,4,0.25,16,3,63.37380001787096
transition_first,0.75,4,0.25,16,4,69.85680002253503
transition_warm,0.75,4,0.25,16,4,64.17129992041737
transition_first,0.75,4,0.25,16,5,67.80980003532022
transition_warm,0.75,4,0.25,16,5,65.20279997494072
transition_first,0.75,4,0.25,16,6,132.96319998335093
transition_warm,0.75,4,0.25,16,6,74.08709998708218
transition_first,0.75,4,0.25,16,7,65.72710000909865
transition_warm,0.75,4,0.25,16,7,64.09180001355708
transition_first,0.75,4,0.25,16,8,72.47809995897114
transition_warm,0.75,4,0.25,16,8,63.64940002094954
transition_first,0.75,4,0.25,16,9,66.09380000736564
transition_warm,0.75,4,0.25,16,9,64.14660008158535
transition_first,0.25,16,0.5,16,0,155.11910000350326
transition_warm,0.25,16,0.5,16,0,124.41260006744415
transition_first,0.25,16,0.5,16,1,124.85999998170882
transition_warm,0.25,16,0.5,16,1,140.05659997928888
transition_first,0.25,16,0.5,16,2,125.60649996157736
transition_warm,0.25,16,0.5,16,2,132.06069997977465
transition_first,0.25,16,0.5,16,3,124.6036000084132
transition_warm,0.25,16,0.5,16,3,127.67690001055598
transition_first,0.25,16,0.5,16,4,129.37099998816848
transition_warm,0.25,16,0.5,16,4,125.34969998523593
transition_first,0.25,16,0.5,16,5,140.65910002682358
transition_warm,0.25,16,0.5,16,5,137.06369989085943
transition_first,0.25,16,0.5,16,6,123.57980001252145
transition_warm,0.25,16,0.5,16,6,125.83579996135086
transition_first,0.25,16,0.5,16,7,127.23890005145222
transition_warm,0.25,16,0.5,16,7,130.14639995526522
transition_first,0.25,16,0.5,16,8,125.92929997481406
transition_warm,0.25,16,0.5,16,8,124.6448999736458
transition_first,0.25,16,0.5,16,9,129.68380004167557
transition_warm,0.25,16,0.5,16,9,124.2635000962764
transition_first,0.5,4,0.25,8,0,64.8083999985829
transition_warm,0.5,4,0.25,8,0,63.48659994546324
transition_first,0.5,4,0.25,8,1,64.97009994927794
transition_warm,0.5,4,0.25,8,1,63.90220008324832
transition_first,0.5,4,0.25,8,2,64.22850000672042
transition_warm,0.5,4,0.25,8,2,64.07990003935993
transition_first,0.5,4,0.25,8,3,65.57670002803206
transition_warm,0.5,4,0.25,8,3,62.73970007896423
transition_first,0.5,4,0.25,8,4,65.42500003706664
transition_warm,0.5,4,0.25,8,4,67.9721999913454
transition_first,0.5,4,0.25,8,5,65.0931999552995
transition_warm,0.5,4,0.25,8,5,63.24179994408041
transition_first,0.5,4,0.25,8,6,64.48339996859431
transition_warm,0.5,4,0.25,8,6,66.97399995755404
transition_first,0.5,4,0.25,8,7,89.13370000664145
transition_warm,0.5,4,0.25,8,7,67.5335000269115
transition_first,0.5,4,0.25,8,8,63.30849998630583
transition_warm,0.5,4,0.25,8,8,64.62640000972897
transition_first,0.5,4,0.25,8,9,87.46870001778007
transition_warm,0.5,4,0.25,8,9,69.18680004309863
transition_first,0.25,4,1.0,32,0,142.1300999354571
transition_warm,0.25,4,1.0,32,0,140.78180002979934
transition_first,0.25,4,1.0,32,1,141.08199998736382
transition_warm,0.25,4,1.0,32,1,146.6927999863401
transition_first,0.25,4,1.0,32,2,140.6307000434026
transition_warm,0.25,4,1.0,32,2,140.76249999925494
transition_first,0.25,4,1.0,32,3,141.0939999623224
transition_warm,0.25,4,1.0,32,3,139.55790002364665
transition_first,0.25,4,1.0,32,4,140.37500007543713
transition_warm,0.25,4,1.0,32,4,140.66389994695783
transition_first,0.25,4,1.0,32,5,141.28640003036708
transition_warm,0.25,4,1.0,32,5,148.9347000606358
transition_first,0.25,4,1.0,32,6,139.95649991557002
transition_warm,0.25,4,1.0,32,6,141.3938000332564
transition_first,0.25,4,1.0,32,7,188.47119994461536
transition_warm,0.25,4,1.0,32,7,141.67869999073446
transition_first,0.25,4,1.0,32,8,139.62090003769845
transition_warm,0.25,4,1.0,32,8,144.91710008587688
transition_first,0.25,4,1.0,32,9,175.68410001695156
transition_warm,0.25,4,1.0,32,9,179.04690001159906
transition_first,0.5,8,0.5,16,0,125.762699986808
transition_warm,0.5,8,0.5,16,0,123.28810000326484
transition_first,0.5,8,0.5,16,1,125.56630000472069
transition_warm,0.5,8,0.5,16,1,128.5992000484839
transition_first,0.5,8,0.5,16,2,149.05030000954866
transition_warm,0.5,8,0.5,16,2,132.07389996387064
transition_first,0.5,8,0.5,16,3,125.80049992538989
transition_warm,0.5,8,0.5,16,3,124.36410004738718
transition_first,0.5,8,0.5,16,4,129.53999999444932
transition_warm,0.5,8,0.5,16,4,128.8969999877736
transition_first,0.5,8,0.5,16,5,124.44330006837845
transition_warm,0.5,8,0.5,16,5,124.21609996818006
transition_first,0.5,8,0.5,16,6,124.17630001436919
transition_warm,0.5,8,0.5,16,6,124.7577000176534
transition_first,0.5,8,0.5,16,7,133.53320001624525
transition_warm,0.5,8,0.5,16,7,123.20070003625005
transition_first,0.5,8,0.5,16,8,125.6878999993205
transition_warm,0.5,8,0.5,16,8,135.90260001365095
transition_first,0.5,8,0.5,16,9,125.05699996836483
transition_warm,0.5,8,0.5,16,9,125.92700007371604
transition_first,0.75,4,0.25,4,0,76.32959994953126
transition_warm,0.75,4,0.25,4,0,65.1513000484556
transition_first,0.75,4,0.25,4,1,69.1833000164479
transition_warm,0.75,4,0.25,4,1,60.99230004474521
transition_first,0.75,4,0.25,4,2,64.48569998610765
transition_warm,0.75,4,0.25,4,2,62.415000051259995
transition_first,0.75,4,0.25,4,3,63.65999998524785
transition_warm,0.75,4,0.25,4,3,62.47509992681444
transition_first,0.75,4,0.25,4,4,63.91070003155619
transition_warm,0.75,4,0.25,4,4,73.08440003544092
transition_first,0.75,4,0.25,4,5,62.25560000166297
transition_warm,0.75,4,0.25,4,5,70.31390001066029
transition_first,0.75,4,0.25,4,6,68.24899988714606
transition_warm,0.75,4,0.25,4,6,64.14300005417317
transition_first,0.75,4,0.25,4,7,69.24709992017597
transition_warm,0.75,4,0.25,4,7,76.66799996513873
transition_first,0.75,4,0.25,4,8,77.24150002468377
transition_warm,0.75,4,0.25,4,8,64.60160005372018
transition_first,0.75,4,0.25,4,9,62.09639995358884
transition_warm,0.75,4,0.25,4,9,62.841400038450956
transition_first,1.0,8,0.25,8,0,63.65209992509335
transition_warm,1.0,8,0.25,8,0,64.56269999034703
transition_first,1.0,8,0.25,8,1,63.99159994907677
transition_warm,1.0,8,0.25,8,1,64.37859998550266
transition_first,1.0,8,0.25,8,2,64.82929992489517
transition_warm,1.0,8,0.25,8,2,64.29040001239628
transition_first,1.0,8,0.25,8,3,63.86900006327778
transition_warm,1.0,8,0.25,8,3,61.42749998252839
transition_first,1.0,8,0.25,8,4,62.41230003070086
transition_warm,1.0,8,0.25,8,4,63.52179998066276
transition_first,1.0,8,0.25,8,5,79.1133000748232
transition_warm,1.0,8,0.25,8,5,75.2451999578625
transition_first,1.0,8,0.25,8,6,65.3259000973776
transition_warm,1.0,8,0.25,8,6,63.64549999125302
transition_first,1.0,8,0.25,8,7,70.39969996549189
transition_warm,1.0,8,0.25,8,7,63.902500085532665
transition_first,1.0,8,0.25,8,8,65.5282000079751
transition_warm,1.0,8,0.25,8,8,63.19879996590316
transition_first,1.0,8,0.25,8,9,62.01819994021207
transition_warm,1.0,8,0.25,8,9,63.94919997546822
transition_first,0.25,4,1.0,16,0,390.1144000701606
transition_warm,0.25,4,1.0,16,0,361.8271999293938
transition_first,0.25,4,1.0,16,1,368.5008999891579
transition_warm,0.25,4,1.0,16,1,363.3509000064805
transition_first,0.25,4,1.0,16,2,401.6110999509692
transition_warm,0.25,4,1.0,16,2,374.5636000530794
transition_first,0.25,4,1.0,16,3,410.4864998953417
transition_warm,0.25,4,1.0,16,3,374.5327000506222
transition_first,0.25,4,1.0,16,4,397.62169995810837
transition_warm,0.25,4,1.0,16,4,375.94880000688136
transition_first,0.25,4,1.0,16,5,369.5276000071317
transition_warm,0.25,4,1.0,16,5,376.20549998246133
transition_first,0.25,4,1.0,16,6,383.87350004632026
transition_warm,0.25,4,1.0,16,6,400.0862999819219
transition_first,0.25,4,1.0,16,7,383.92659998498857
transition_warm,0.25,4,1.0,16,7,364.48380001820624
transition_first,0.25,4,1.0,16,8,435.74869993608445
transition_warm,0.25,4,1.0,16,8,429.58820005878806
transition_first,0.25,4,1.0,16,9,395.91680001467466
transition_warm,0.25,4,1.0,16,9,399.00539990048856
transition_first,0.25,32,0.75,16,0,233.25199994724244
transition_warm,0.25,32,0.75,16,0,230.01930001191795
transition_first,0.25,32,0.75,16,1,239.83999993652105
transition_warm,0.25,32,0.75,16,1,228.97749999538064
transition_first,0.25,32,0.75,16,2,231.6100999014452
transition_warm,0.25,32,0.75,16,2,225.3908000420779
transition_first,0.25,32,0.75,16,3,224.6447999496013
transition_warm,0.25,32,0.75,16,3,234.4196999911219
transition_first,0.25,32,0.75,16,4,221.31639998406172
transition_warm,0.25,32,0.75,16,4,221.29730007145554
transition_first,0.25,32,0.75,16,5,237.10939998272806
transition_warm,0.25,32,0.75,16,5,223.3765999553725
transition_first,0.25,32,0.75,16,6,228.28110004775226
transition_warm,0.25,32,0.75,16,6,222.49890002422035
transition_first,0.25,32,0.75,16,7,251.72940001357347
transition_warm,0.25,32,0.75,16,7,221.49069991428405
transition_first,0.25,32,0.75,16,8,219.7978999465704
transition_warm,0.25,32,0.75,16,8,228.41450001578778
transition_first,0.25,32,0.75,16,9,221.44339990336448
transition_warm,0.25,32,0.75,16,9,228.32500003278255
transition_first,0.5,8,0.25,4,0,66.32370001170784
transition_warm,0.5,8,0.25,4,0,64.37939999159425
transition_first,0.5,8,0.25,4,1,63.951399992220104
transition_warm,0.5,8,0.25,4,1,66.20719993952662
transition_first,0.5,8,0.25,4,2,62.39139998797327
transition_warm,0.5,8,0.25,4,2,64.8817999754101
transition_first,0.5,8,0.25,4,3,63.93850001040846
transition_warm,0.5,8,0.25,4,3,62.41429992951453
transition_first,0.5,8,0.25,4,4,69.60549997165799
transition_warm,0.5,8,0.25,4,4,63.18350008223206
transition_first,0.5,8,0.25,4,5,74.08380007836968
transition_warm,0.5,8,0.25,4,5,63.44559998251498
transition_first,0.5,8,0.25,4,6,64.35659993439913
transition_warm,0.5,8,0.25,4,6,63.568999990820885
transition_first,0.5,8,0.25,4,7,78.55540001764894
transition_warm,0.5,8,0.25,4,7,76.01990003604442
transition_first,0.5,8,0.25,4,8,77.81269995030016
transition_warm,0.5,8,0.25,4,8,96.07050009071827
transition_first,0.5,8,0.25,4,9,71.1561000207439
transition_warm,0.5,8,0.25,4,9,74.60300007369369
transition_first,1.0,32,0.5,32,0,77.56360003259033
transition_warm,1.0,32,0.5,32,0,67.79709993861616
transition_first,1.0,32,0.5,32,1,79.28579999133945
transition_warm,1.0,32,0.5,32,1,66.92789995577186
transition_first,1.0,32,0.5,32,2,69.80920000933111
transition_warm,1.0,32,0.5,32,2,66.73319998662919
transition_first,1.0,32,0.5,32,3,64.18009998742491
transition_warm,1.0,32,0.5,32,3,64.73979994188994
transition_first,1.0,32,0.5,32,4,63.1693999748677
transition_warm,1.0,32,0.5,32,4,64.21510002110153
transition_first,1.0,32,0.5,32,5,64.07530000433326
transition_warm,1.0,32,0.5,32,5,62.12100002449006
transition_first,1.0,32,0.5,32,6,63.26039996929467
transition_warm,1.0,32,0.5,32,6,64.25290007609874
transition_first,1.0,32,0.5,32,7,64.99039998743683
transition_warm,1.0,32,0.5,32,7,63.42459993902594
transition_first,1.0,32,0.5,32,8,63.52979992516339
transition_warm,1.0,32,0.5,32,8,63.821100047789514
transition_first,1.0,32,0.5,32,9,63.4501000167802
transition_warm,1.0,32,0.5,32,9,80.67890000529587
transition_first,0.5,16,1.0,32,0,138.63930001389235
transition_warm,0.5,16,1.0,32,0,137.57510005962104
transition_first,0.5,16,1.0,32,1,136.95620000362396
transition_warm,0.5,16,1.0,32,1,137.7698000287637
transition_first,0.5,16,1.0,32,2,148.7647999310866
transition_warm,0.5,16,1.0,32,2,140.21340000908822
transition_first,0.5,16,1.0,32,3,143.99990008678287
transition_warm,0.5,16,1.0,32,3,143.22580001316965
transition_first,0.5,16,1.0,32,4,144.48759995866567
transition_warm,0.5,16,1.0,32,4,148.26549997087568
transition_first,0.5,16,1.0,32,5,142.34929997473955
transition_warm,0.5,16,1.0,32,5,143.2460000505671
transition_first,0.5,16,1.0,32,6,138.84259993210435
transition_warm,0.5,16,1.0,32,6,141.80209999904037
transition_first,0.5,16,1.0,32,7,144.30849999189377
transition_warm,0.5,16,1.0,32,7,139.7486999630928
transition_first,0.5,16,1.0,32,8,137.5768999569118
transition_warm,0.5,16,1.0,32,8,146.45630004815757
transition_first,0.5,16,1.0,32,9,139.93379997555166
transition_warm,0.5,16,1.0,32,9,148.09039991814643
transition_first,0.25,16,0.25,32,0,33.40690000914037
transition_warm,0.25,16,0.25,32,0,33.2044999813661
transition_first,0.25,16,0.25,32,1,34.538600011728704
transition_warm,0.25,16,0.25,32,1,33.619800000451505
transition_first,0.25,16,0.25,32,2,33.68610003963113
transition_warm,0.25,16,0.25,32,2,32.72709995508194
transition_first,0.25,16,0.25,32,3,34.32460001204163
transition_warm,0.25,16,0.25,32,3,33.49180007353425
transition_first,0.25,16,0.25,32,4,33.35430007427931
transition_warm,0.25,16,0.25,32,4,32.926299958489835
transition_first,0.25,16,0.25,32,5,34.205200034193695
transition_warm,0.25,16,0.25,32,5,35.19710002001375
transition_first,0.25,16,0.25,32,6,33.23419997468591
transition_warm,0.25,16,0.25,32,6,33.954599988646805
transition_first,0.25,16,0.25,32,7,34.20190000906587
transition_warm,0.25,16,0.25,32,7,34.01179995853454
transition_first,0.25,16,0.25,32,8,33.98500010371208
transition_warm,0.25,16,0.25,32,8,33.387600095011294
transition_first,0.25,16,0.25,32,9,33.60310010612011
transition_warm,0.25,16,0.25,32,9,34.09000008832663
transition_first,0.75,32,1.0,8,0,376.84849998913705
transition_warm,0.75,32,1.0,8,0,367.48219991568476
transition_first,0.75,32,1.0,8,1,418.8984000356868
transition_warm,0.75,32,1.0,8,1,421.42729996703565
transition_first,0.75,32,1.0,8,2,429.0101999649778
transition_warm,0.75,32,1.0,8,2,411.9557000230998
transition_first,0.75,32,1.0,8,3,358.1742999376729
transition_warm,0.75,32,1.0,8,3,451.35860005393624
transition_first,0.75,32,1.0,8,4,384.3116000061855
transition_warm,0.75,32,1.0,8,4,401.0095000267029
transition_first,0.75,32,1.0,8,5,402.7877999469638
transition_warm,0.75,32,1.0,8,5,374.0708000259474
transition_first,0.75,32,1.0,8,6,390.066200052388
transition_warm,0.75,32,1.0,8,6,372.570899897255
transition_first,0.75,32,1.0,8,7,402.52939995843917
transition_warm,0.75,32,1.0,8,7,371.89990002661943
transition_first,0.75,32,1.0,8,8,362.7517999848351
transition_warm,0.75,32,1.0,8,8,370.8595000207424
transition_first,0.75,32,1.0,8,9,396.8568999553099
transition_warm,0.75,32,1.0,8,9,439.22040006145835
transition_first,0.5,32,0.5,4,0,130.26989996433258
transition_warm,0.5,32,0.5,4,0,125.91389997396618
transition_first,0.5,32,0.5,4,1,126.98920001275837
transition_warm,0.5,32,0.5,4,1,122.38739989697933
transition_first,0.5,32,0.5,4,2,127.22190003842115
transition_warm,0.5,32,0.5,4,2,128.91089997719973
transition_first,0.5,32,0.5,4,3,123.4126000199467
transition_warm,0.5,32,0.5,4,3,123.73630004003644
transition_first,0.5,32,0.5,4,4,124.1173999151215
transition_warm,0.5,32,0.5,4,4,125.01489999704063
transition_first,0.5,32,0.5,4,5,125.61460002325475
transition_warm,0.5,32,0.5,4,5,133.29209992662072
transition_first,0.5,32,0.5,4,6,126.22099998407066
transition_warm,0.5,32,0.5,4,6,125.35039999056607
transition_first,0.5,32,0.5,4,7,127.66100000590086
transition_warm,0.5,32,0.5,4,7,126.32169993594289
transition_first,0.5,32,0.5,4,8,143.02389998920262
transition_warm,0.5,32,0.5,4,8,139.63920006062835
transition_first,0.5,32,0.5,4,9,126.88569992315024
transition_warm,0.5,32,0.5,4,9,123.50980006158352
transition_first,0.5,8,0.5,32,0,72.38080003298819
transition_warm,0.5,8,0.5,32,0,63.42300004325807
transition_first,0.5,8,0.5,32,1,65.26319996919483
transition_warm,0.5,8,0.5,32,1,63.97570006083697
transition_first,0.5,8,0.5,32,2,64.99959994107485
transition_warm,0.5,8,0.5,32,2,66.17870007175952
transition_first,0.5,8,0.5,32,3,64.5986000308767
transition_warm,0.5,8,0.5,32,3,63.13579995185137
transition_first,0.5,8,0.5,32,4,69.87210002262145
transition_warm,0.5,8,0.5,32,4,62.58249992970377
transition_first,0.5,8,0.5,32,5,79.36329999938607
transition_warm,0.5,8,0.5,32,5,65.19120000302792
transition_first,0.5,8,0.5,32,6,64.20929997693747
transition_warm,0.5,8,0.5,32,6,63.758800039067864
transition_first,0.5,8,0.5,32,7,68.31160001456738
transition_warm,0.5,8,0.5,32,7,64.00470004882663
transition_first,0.5,8,0.5,32,8,74.50520002748817
transition_warm,0.5,8,0.5,32,8,63.3681999752298
transition_first,0.5,8,0.5,32,9,63.41249996330589
transition_warm,0.5,8,0.5,32,9,63.80850006826222
transition_first,0.25,4,0.5,16,0,124.36270003672689
transition_warm,0.25,4,0.5,16,0,126.4017999637872
transition_first,0.25,4,0.5,16,1,123.60380007885396
transition_warm,0.25,4,0.5,16,1,129.56870009656996
transition_first,0.25,4,0.5,16,2,125.9460001019761
transition_warm,0.25,4,0.5,16,2,125.87989994790405
transition_first,0.25,4,0.5,16,3,127.17879994306713
transition_warm,0.25,4,0.5,16,3,126.42179999966174
transition_first,0.25,4,0.5,16,4,129.71449992619455
transition_warm,0.25,4,0.5,16,4,125.53830002434552
transition_first,0.25,4,0.5,16,5,126.1722999624908
transition_warm,0.25,4,0.5,16,5,144.43200000096112
transition_first,0.25,4,0.5,16,6,129.06379997730255
transition_warm,0.25,4,0.5,16,6,127.73409998044372
transition_first,0.25,4,0.5,16,7,124.64239995460957
transition_warm,0.25,4,0.5,16,7,126.7325000371784
transition_first,0.25,4,0.5,16,8,125.04249997437
transition_warm,0.25,4,0.5,16,8,135.49020001664758
transition_first,0.25,4,0.5,16,9,127.02129990793765
transition_warm,0.25,4,0.5,16,9,129.59700007922947
transition_first,0.5,4,1.0,32,0,137.92250002734363
transition_warm,0.5,4,1.0,32,0,137.38269999157637
transition_first,0.5,4,1.0,32,1,141.43940003123134
transition_warm,0.5,4,1.0,32,1,136.20879990048707
transition_first,0.5,4,1.0,32,2,158.22290000505745
transition_warm,0.5,4,1.0,32,2,138.501999899745
transition_first,0.5,4,1.0,32,3,136.9206999661401
transition_warm,0.5,4,1.0,32,3,136.8951000040397
transition_first,0.5,4,1.0,32,4,137.44339998811483
transition_warm,0.5,4,1.0,32,4,141.44679997116327
transition_first,0.5,4,1.0,32,5,139.04320006258786
transition_warm,0.5,4,1.0,32,5,139.08480003010482
transition_first,0.5,4,1.0,32,6,139.24749998841435
transition_warm,0.5,4,1.0,32,6,136.8257999420166
transition_first,0.5,4,1.0,32,7,144.1662999568507
transition_warm,0.5,4,1.0,32,7,138.94440000876784
transition_first,0.5,4,1.0,32,8,188.18359996657819
transition_warm,0.5,4,1.0,32,8,137.77989998925477
transition_first,0.5,4,1.0,32,9,145.51209995988756
transition_warm,0.5,4,1.0,32,9,138.9447000110522
transition_first,0.75,4,0.5,16,0,134.22519993036985
transition_warm,0.75,4,0.5,16,0,144.77620006073266
transition_first,0.75,4,0.5,16,1,140.72340005077422
transition_warm,0.75,4,0.5,16,1,125.26729993987828
transition_first,0.75,4,0.5,16,2,141.2836000090465
transition_warm,0.75,4,0.5,16,2,168.29129995312542
transition_first,0.75,4,0.5,16,3,140.9199999179691
transition_warm,0.75,4,0.5,16,3,128.59199999365956
transition_first,0.75,4,0.5,16,4,130.55660005193204
transition_warm,0.75,4,0.5,16,4,118.46039991360158
transition_first,0.75,4,0.5,16,5,118.5334000037983
transition_warm,0.75,4,0.5,16,5,128.7471998948604
transition_first,0.75,4,0.5,16,6,129.85270004719496
transition_warm,0.75,4,0.5,16,6,141.97420002892613
transition_first,0.75,4,0.5,16,7,127.76060006581247
transition_warm,0.75,4,0.5,16,7,127.26249999832362
transition_first,0.75,4,0.5,16,8,126.75729999318719
transition_warm,0.75,4,0.5,16,8,128.27260000631213
transition_first,0.75,4,0.5,16,9,135.2943000383675
transition_warm,0.75,4,0.5,16,9,128.58000001870096
transition_first,1.0,32,0.75,4,0,232.8976000426337
transition_warm,1.0,32,0.75,4,0,230.63809995073825
transition_first,1.0,32,0.75,4,1,284.8449000157416
transition_warm,1.0,32,0.75,4,1,308.04060003720224
transition_first,1.0,32,0.75,4,2,243.94329998176545
transition_warm,1.0,32,0.75,4,2,214.48030008468777
transition_first,1.0,32,0.75,4,3,216.78240003529936
transition_warm,1.0,32,0.75,4,3,215.7835999969393
transition_first,1.0,32,0.75,4,4,216.22279996518046
transition_warm,1.0,32,0.75,4,4,271.09910000581294
transition_first,1.0,32,0.75,4,5,225.61349999159575
transition_warm,1.0,32,0.75,4,5,243.06740006431937
transition_first,1.0,32,0.75,4,6,226.70430003199726
transition_warm,1.0,32,0.75,4,6,241.84249993413687
transition_first,1.0,32,0.75,4,7,264.90169996395707
transition_warm,1.0,32,0.75,4,7,276.6974000260234
transition_first,1.0,32,0.75,4,8,230.05759995430708
transition_warm,1.0,32,0.75,4,8,244.53100003302097
transition_first,1.0,32,0.75,4,9,230.23370001465082
transition_warm,1.0,32,0.75,4,9,228.72429993003607
transition_first,1.0,16,0.5,16,0,132.04220007173717
transition_warm,1.0,16,0.5,16,0,134.68519994057715
transition_first,1.0,16,0.5,16,1,128.44619993120432
transition_warm,1.0,16,0.5,16,1,149.75079998839647
transition_first,1.0,16,0.5,16,2,134.26950003486127
transition_warm,1.0,16,0.5,16,2,129.887199960649
transition_first,1.0,16,0.5,16,3,136.36870007030666
transition_warm,1.0,16,0.5,16,3,130.21029997617006
transition_first,1.0,16,0.5,16,4,137.84879993181676
transition_warm,1.0,16,0.5,16,4,128.0103001045063
transition_first,1.0,16,0.5,16,5,130.7984999148175
transition_warm,1.0,16,0.5,16,5,151.1713000945747
transition_first,1.0,16,0.5,16,6,132.74140004068613
transition_warm,1.0,16,0.5,16,6,134.41950001288205
transition_first,1.0,16,0.5,16,7,128.7538999458775
transition_warm,1.0,16,0.5,16,7,132.39589997101575
transition_first,1.0,16,0.5,16,8,136.28729991614819
transition_warm,1.0,16,0.5,16,8,130.043699988164
transition_first,1.0,16,0.5,16,9,143.57870002277195
transition_warm,1.0,16,0.5,16,9,137.9328001057729
transition_first,0.75,8,0.25,16,0,71.69099990278482
transition_warm,0.75,8,0.25,16,0,63.18579998333007
transition_first,0.75,8,0.25,16,1,67.98019993584603
transition_warm,0.75,8,0.25,16,1,68.01399996038526
transition_first,0.75,8,0.25,16,2,71.11070002429187
transition_warm,0.75,8,0.25,16,2,63.80709994118661
transition_first,0.75,8,0.25,16,3,65.31690002884716
transition_warm,0.75,8,0.25,16,3,62.22299998626113
transition_first,0.75,8,0.25,16,4,72.20369996502995
transition_warm,0.75,8,0.25,16,4,63.64629999734461
transition_first,0.75,8,0.25,16,5,67.54560000263155
transition_warm,0.75,8,0.25,16,5,65.64460007939488
transition_first,0.75,8,0.25,16,6,66.16160005796701
transition_warm,0.75,8,0.25,16,6,79.73389991093427
transition_first,0.75,8,0.25,16,7,67.3735000891611
transition_warm,0.75,8,0.25,16,7,65.43339998461306
transition_first,0.75,8,0.25,16,8,73.13829998020083
transition_warm,0.75,8,0.25,16,8,63.95550002343953
transition_first,0.75,8,0.25,16,9,67.41489993873984
transition_warm,0.75,8,0.25,16,9,64.77230007294565
transition_first,0.5,4,0.25,4,0,66.96289998944849
transition_warm,0.5,4,0.25,4,0,67.05389998387545
transition_first,0.5,4,0.25,4,1,65.24100003298372
transition_warm,0.5,4,0.25,4,1,71.98859995696694
transition_first,0.5,4,0.25,4,2,73.917799978517
transition_warm,0.5,4,0.25,4,2,65.09659998118877
transition_first,0.5,4,0.25,4,3,95.59589996933937
transition_warm,0.5,4,0.25,4,3,70.4293999588117
transition_first,0.5,4,0.25,4,4,66.02490006480366
transition_warm,0.5,4,0.25,4,4,70.36859996151179
transition_first,0.5,4,0.25,4,5,69.44979995023459
transition_warm,0.5,4,0.25,4,5,65.86179998703301
transition_first,0.5,4,0.25,4,6,67.03380006365478
transition_warm,0.5,4,0.25,4,6,73.88909999281168
transition_first,0.5,4,0.25,4,7,66.10589998308569
transition_warm,0.5,4,0.25,4,7,66.11040001735091
transition_first,0.5,4,0.25,4,8,65.4979000100866
transition_warm,0.5,4,0.25,4,8,65.42930006980896
transition_first,0.5,4,0.25,4,9,65.51939994096756
transition_warm,0.5,4,0.25,4,9,65.77520002610981
transition_first,0.75,16,1.0,8,0,421.06870003044605
transition_warm,0.75,16,1.0,8,0,445.4287000698969
transition_first,0.75,16,1.0,8,1,363.96939994301647
transition_warm,0.75,16,1.0,8,1,368.231900036335
transition_first,0.75,16,1.0,8,2,401.4344000024721
transition_warm,0.75,16,1.0,8,2,390.19619999453425
transition_first,0.75,16,1.0,8,3,396.58639999106526
transition_warm,0.75,16,1.0,8,3,396.5449999086559
transition_first,0.75,16,1.0,8,4,414.24289997667074
transition_warm,0.75,16,1.0,8,4,461.84729994274676
transition_first,0.75,16,1.0,8,5,428.3156000310555
transition_warm,0.75,16,1.0,8,5,489.8284000810236
transition_first,0.75,16,1.0,8,6,397.89810008369386
transition_warm,0.75,16,1.0,8,6,406.1722999904305
transition_first,0.75,16,1.0,8,7,378.1275999499485
transition_warm,0.75,16,1.0,8,7,393.2790000690147
transition_first,0.75,16,1.0,8,8,380.76029997318983
transition_warm,0.75,16,1.0,8,8,389.3660999601707
transition_first,0.75,16,1.0,8,9,376.19720003567636
transition_warm,0.75,16,1.0,8,9,427.4874000111595
transition_first,0.5,32,0.75,4,0,264.81769990641624
transition_warm,0.5,32,0.75,4,0,230.90339999180287
transition_first,0.5,32,0.75,4,1,241.55629996675998
transition_warm,0.5,32,0.75,4,1,250.74189994484186
transition_first,0.5,32,0.75,4,2,226.0233999695629
transition_warm,0.5,32,0.75,4,2,227.00469999108464
transition_first,0.5,32,0.75,4,3,225.70990002714097
transition_warm,0.5,32,0.75,4,3,236.19339999277145
transition_first,0.5,32,0.75,4,4,240.2234000619501
transition_warm,0.5,32,0.75,4,4,241.89629999455065
transition_first,0.5,32,0.75,4,5,231.59089998807758
transition_warm,0.5,32,0.75,4,5,231.5236999420449
transition_first,0.5,32,0.75,4,6,224.61739997379482
transition_warm,0.5,32,0.75,4,6,233.20959997363389
transition_first,0.5,32,0.75,4,7,231.66889999993145
transition_warm,0.5,32,0.75,4,7,227.75560000445694
transition_first,0.5,32,0.75,4,8,230.28819996397942
transition_warm,0.5,32,0.75,4,8,235.3661999804899
transition_first,0.5,32,0.75,4,9,227.9590000398457
transition_warm,0.5,32,0.75,4,9,231.5856000641361
transition_first,0.5,32,1.0,16,0,358.0706000793725
transition_warm,0.5,32,1.0,16,0,359.54509989824146
transition_first,0.5,32,1.0,16,1,406.46540001034737
transition_warm,0.5,32,1.0,16,1,458.266600035131
transition_first,0.5,32,1.0,16,2,424.2636999115348
transition_warm,0.5,32,1.0,16,2,384.99659998342395
transition_first,0.5,32,1.0,16,3,369.53180003911257
transition_warm,0.5,32,1.0,16,3,390.38609992712736
transition_first,0.5,32,1.0,16,4,374.5016000466421
transition_warm,0.5,32,1.0,16,4,368.41219989582896
transition_first,0.5,32,1.0,16,5,361.843999940902
transition_warm,0.5,32,1.0,16,5,402.8546999907121
transition_first,0.5,32,1.0,16,6,398.37540010921657
transition_warm,0.5,32,1.0,16,6,385.77290007378906
transition_first,0.5,32,1.0,16,7,394.6956000290811
transition_warm,0.5,32,1.0,16,7,360.1223999867216
transition_first,0.5,32,1.0,16,8,371.39949994161725
transition_warm,0.5,32,1.0,16,8,473.44370000064373
transition_first,0.5,32,1.0,16,9,370.4165000235662
transition_warm,0.5,32,1.0,16,9,388.5405999608338
transition_first,0.5,16,1.0,16,0,729.9970999592915
transition_warm,0.5,16,1.0,16,0,383.71109997387975
transition_first,0.5,16,1.0,16,1,774.0905999671668
transition_warm,0.5,16,1.0,16,1,497.0169001026079
transition_first,0.5,16,1.0,16,2,503.40739998500794
transition_warm,0.5,16,1.0,16,2,483.7028000038117
transition_first,0.5,16,1.0,16,3,310.1375000551343
transition_warm,0.5,16,1.0,16,3,349.71119998954237
transition_first,0.5,16,1.0,16,4,341.8523999862373
transition_warm,0.5,16,1.0,16,4,381.9989999756217
transition_first,0.5,16,1.0,16,5,360.44900002889335
transition_warm,0.5,16,1.0,16,5,382.84109998494387
transition_first,0.5,16,1.0,16,6,387.86640006583184
transition_warm,0.5,16,1.0,16,6,418.763600056991
transition_first,0.5,16,1.0,16,7,389.29670001380146
transition_warm,0.5,16,1.0,16,7,378.2613000366837
transition_first,0.5,16,1.0,16,8,377.0628999918699
transition_warm,0.5,16,1.0,16,8,399.8478000285104
transition_first,0.5,16,1.0,16,9,455.3951999405399
transition_warm,0.5,16,1.0,16,9,517.8745000157505
transition_first,0.5,16,1.0,8,0,421.4917999925092
transition_warm,0.5,16,1.0,8,0,388.8204999966547
transition_first,0.5,16,1.0,8,1,409.4193000346422
transition_warm,0.5,16,1.0,8,1,395.1668000081554
transition_first,0.5,16,1.0,8,2,393.0813000770286
transition_warm,0.5,16,1.0,8,2,414.2519000452012
transition_first,0.5,16,1.0,8,3,421.4105000719428
transition_warm,0.5,16,1.0,8,3,367.62440006714314
transition_first,0.5,16,1.0,8,4,371.5157000115141
transition_warm,0.5,16,1.0,8,4,339.4165000645444
transition_first,0.5,16,1.0,8,5,271.4775000931695
transition_warm,0.5,16,1.0,8,5,369.75940002594143
transition_first,0.5,16,1.0,8,6,437.7020000247285
transition_warm,0.5,16,1.0,8,6,390.82940004300326
transition_first,0.5,16,1.0,8,7,359.7089999821037
transition_warm,0.5,16,1.0,8,7,371.39300000853837
transition_first,0.5,16,1.0,8,8,388.56430002488196
transition_warm,0.5,16,1.0,8,8,377.5098000187427
transition_first,0.5,16,1.0,8,9,383.4371999837458
transition_warm,0.5,16,1.0,8,9,366.6888999287039
transition_first,0.5,32,0.25,32,0,35.141500062309206
transition_warm,0.5,32,0.25,32,0,34.85129994805902
transition_first,0.5,32,0.25,32,1,42.24219999741763
transition_warm,0.5,32,0.25,32,1,38.21899998001754
transition_first,0.5,32,0.25,32,2,40.33819993492216
transition_warm,0.5,32,0.25,32,2,41.50739999022335
transition_first,0.5,32,0.25,32,3,43.330200016498566
transition_warm,0.5,32,0.25,32,3,45.65720004029572
transition_first,0.5,32,0.25,32,4,42.79699991457164
transition_warm,0.5,32,0.25,32,4,35.32270004507154
transition_first,0.5,32,0.25,32,5,41.540300007909536
transition_warm,0.5,32,0.25,32,5,39.455599966458976
transition_first,0.5,32,0.25,32,6,35.6911999406293
transition_warm,0.5,32,0.25,32,6,39.5215000025928
transition_first,0.5,32,0.25,32,7,33.79070002119988
transition_warm,0.5,32,0.25,32,7,34.725800040178
transition_first,0.5,32,0.25,32,8,41.03349999058992
transition_warm,0.5,32,0.25,32,8,40.88729992508888
transition_first,0.5,32,0.25,32,9,43.27629995532334
transition_warm,0.5,32,0.25,32,9,39.65229995083064
transition_first,0.5,16,1.0,4,0,374.8137999791652
transition_warm,0.5,16,1.0,4,0,371.94179999642074
transition_first,0.5,16,1.0,4,1,370.0693000573665
transition_warm,0.5,16,1.0,4,1,374.1159999044612
transition_first,0.5,16,1.0,4,2,408.44389994163066
transition_warm,0.5,16,1.0,4,2,373.09090001508594
transition_first,0.5,16,1.0,4,3,362.2213000198826
transition_warm,0.5,16,1.0,4,3,406.6689000464976
transition_first,0.5,16,1.0,4,4,357.3204999556765
transition_warm,0.5,16,1.0,4,4,397.93330000247806
transition_first,0.5,16,1.0,4,5,386.2805999815464
transition_warm,0.5,16,1.0,4,5,371.2668000953272
transition_first,0.5,16,1.0,4,6,394.97419993858784
transition_warm,0.5,16,1.0,4,6,412.94869990088046
transition_first,0.5,16,1.0,4,7,396.1886999895796
transition_warm,0.5,16,1.0,4,7,395.0553999748081
transition_first,0.5,16,1.0,4,8,360.30429997481406
transition_warm,0.5,16,1.0,4,8,402.7899999637157
transition_first,0.5,16,1.0,4,9,417.1724999323487
transition_warm,0.5,16,1.0,4,9,367.06079996656626
transition_first,1.0,32,0.75,32,0,116.67389993090183
transition_warm,1.0,32,0.75,32,0,123.95020003896207
transition_first,1.0,32,0.75,32,1,113.63949999213219
transition_warm,1.0,32,0.75,32,1,121.62649992387742
transition_first,1.0,32,0.75,32,2,115.42869999539107
transition_warm,1.0,32,0.75,32,2,111.3402999471873
transition_first,1.0,32,0.75,32,3,116.49519996717572
transition_warm,1.0,32,0.75,32,3,110.90289999265224
transition_first,1.0,32,0.75,32,4,110.67269998602569
transition_warm,1.0,32,0.75,32,4,111.5663000382483
transition_first,1.0,32,0.75,32,5,113.33149997517467
transition_warm,1.0,32,0.75,32,5,167.67150000669062
transition_first,1.0,32,0.75,32,6,112.07499995362014
transition_warm,1.0,32,0.75,32,6,110.75940006412566
transition_first,1.0,32,0.75,32,7,109.70419994555414
transition_warm,1.0,32,0.75,32,7,116.89549998845905
transition_first,1.0,32,0.75,32,8,112.4532000394538
transition_warm,1.0,32,0.75,32,8,108.1951999804005
transition_first,1.0,32,0.75,32,9,115.96530000679195
transition_warm,1.0,32,0.75,32,9,108.3517000079155
transition_first,0.25,16,0.75,16,0,227.52920002676547
transition_warm,0.25,16,0.75,16,0,260.97780000418425
transition_first,0.25,16,0.75,16,1,262.50889990478754
transition_warm,0.25,16,0.75,16,1,233.52940008044243
transition_first,0.25,16,0.75,16,2,242.95430001802742
transition_warm,0.25,16,0.75,16,2,231.76820005755872
transition_first,0.25,16,0.75,16,3,262.3533000005409
transition_warm,0.25,16,0.75,16,3,252.62130005285144
transition_first,0.25,16,0.75,16,4,355.21219996735454
transition_warm,0.25,16,0.75,16,4,309.6830000868067
transition_first,0.25,16,0.75,16,5,300.45560002326965
transition_warm,0.25,16,0.75,16,5,236.46739998366684
transition_first,0.25,16,0.75,16,6,229.19789992738515
transition_warm,0.25,16,0.75,16,6,235.29640003107488
transition_first,0.25,16,0.75,16,7,284.50860001612455
transition_warm,0.25,16,0.75,16,7,230.1145000383258
transition_first,0.25,16,0.75,16,8,232.75329999160022
transition_warm,0.25,16,0.75,16,8,228.23520004749298
transition_first,0.25,16,0.75,16,9,237.80110001098365
transition_warm,0.25,16,0.75,16,9,274.11430003121495
transition_first,0.75,16,0.5,4,0,134.39980009570718
transition_warm,0.75,16,0.5,4,0,134.4151000957936
transition_first,0.75,16,0.5,4,1,137.43489992339164
transition_warm,0.75,16,0.5,4,1,137.29199999943376
transition_first,0.75,16,0.5,4,2,129.7587000299245
transition_warm,0.75,16,0.5,4,2,129.734699963592
transition_first,0.75,16,0.5,4,3,132.99030007328838
transition_warm,0.75,16,0.5,4,3,131.89009996131063
transition_first,0.75,16,0.5,4,4,134.1789000434801
transition_warm,0.75,16,0.5,4,4,136.87980000395328
transition_first,0.75,16,0.5,4,5,129.06659999862313
transition_warm,0.75,16,0.5,4,5,154.23890005331486
transition_first,0.75,16,0.5,4,6,127.98440002370626
transition_warm,0.75,16,0.5,4,6,130.54199994076043
transition_first,0.75,16,0.5,4,7,129.87369997426867
transition_warm,0.75,16,0.5,4,7,129.07329993322492
transition_first,0.75,16,0.5,4,8,133.50809994153678
transition_warm,0.75,16,0.5,4,8,147.67590002156794
transition_first,0.75,16,0.5,4,9,130.39250008296221
transition_warm,0.75,16,0.5,4,9,129.71520004794002
transition_first,0.5,8,1.0,16,0,395.5490000080317
transition_warm,0.5,8,1.0,16,0,372.71829997189343
transition_first,0.5,8,1.0,16,1,392.52130000386387
transition_warm,0.5,8,1.0,16,1,371.6540999012068
transition_first,0.5,8,1.0,16,2,375.965700019151
transition_warm,0.5,8,1.0,16,2,395.3895999584347
transition_first,0.5,8,1.0,16,3,387.9247000440955
transition_warm,0.5,8,1.0,16,3,393.4498999733478
transition_first,0.5,8,1.0,16,4,443.3526999782771
transition_warm,0.5,8,1.0,16,4,376.23990001156926
transition_first,0.5,8,1.0,16,5,374.46610000915825
transition_warm,0.5,8,1.0,16,5,373.24990006163716
transition_first,0.5,8,1.0,16,6,418.131300015375
transition_warm,0.5,8,1.0,16,6,471.99089999776334
transition_first,0.5,8,1.0,16,7,420.9737000055611
transition_warm,0.5,8,1.0,16,7,400.28479997999966
transition_first,0.5,8,1.0,16,8,420.58180004823953
transition_warm,0.5,8,1.0,16,8,373.11549996957183
transition_first,0.5,8,1.0,16,9,388.19069997407496
transition_warm,0.5,8,1.0,16,9,466.78949997294694
transition_first,0.75,32,0.25,32,0,36.59180004615337
transition_warm,0.75,32,0.25,32,0,36.54629993252456
transition_first,0.75,32,0.25,32,1,35.34810000564903
transition_warm,0.75,32,0.25,32,1,34.70319998450577
transition_first,0.75,32,0.25,32,2,34.8307000240311
transition_warm,0.75,32,0.25,32,2,37.127000046893954
transition_first,0.75,32,0.25,32,3,35.35440005362034
transition_warm,0.75,32,0.25,32,3,36.405400023795664
transition_first,0.75,32,0.25,32,4,34.86599994357675
transition_warm,0.75,32,0.25,32,4,34.14749994408339
transition_first,0.75,32,0.25,32,5,44.281199923716486
transition_warm,0.75,32,0.25,32,5,37.483799969777465
transition_first,0.75,32,0.25,32,6,35.388599964790046
transition_warm,0.75,32,0.25,32,6,34.3099000165239
transition_first,0.75,32,0.25,32,7,34.57500005606562
transition_warm,0.75,32,0.25,32,7,34.65289995074272
transition_first,0.75,32,0.25,32,8,36.56639996916056
transition_warm,0.75,32,0.25,32,8,33.65610004402697
transition_first,0.75,32,0.25,32,9,35.55080003570765
transition_warm,0.75,32,0.25,32,9,41.43930005375296
transition_first,0.5,8,0.5,4,0,151.16949996445328
transition_warm,0.5,8,0.5,4,0,133.6942999623716
transition_first,0.5,8,0.5,4,1,130.8073999825865
transition_warm,0.5,8,0.5,4,1,136.9888000190258
transition_first,0.5,8,0.5,4,2,128.3807000145316
transition_warm,0.5,8,0.5,4,2,156.87409997917712
transition_first,0.5,8,0.5,4,3,128.45980003476143
transition_warm,0.5,8,0.5,4,3,141.84249995741993
transition_first,0.5,8,0.5,4,4,134.2840000288561
transition_warm,0.5,8,0.5,4,4,129.58740000613034
transition_first,0.5,8,0.5,4,5,127.62860010843724
transition_warm,0.5,8,0.5,4,5,132.4898999882862
transition_first,0.5,8,0.5,4,6,129.4253000523895
transition_warm,0.5,8,0.5,4,6,128.21590004023165
transition_first,0.5,8,0.5,4,7,128.9340000366792
transition_warm,0.5,8,0.5,4,7,129.44549997337162
transition_first,0.5,8,0.5,4,8,127.07859999500215
transition_warm,0.5,8,0.5,4,8,130.59099996462464
transition_first,0.5,8,0.5,4,9,141.0213999915868
transition_warm,0.5,8,0.5,4,9,129.85619995743036
transition_first,1.0,4,1.0,8,0,393.15669995266944
transition_warm,1.0,4,1.0,8,0,393.183600041084
transition_first,1.0,4,1.0,8,1,390.99910005461425
transition_warm,1.0,4,1.0,8,1,390.4944999376312
transition_first,1.0,4,1.0,8,2,776.9108000211418
transition_warm,1.0,4,1.0,8,2,369.00610011070967
transition_first,1.0,4,1.0,8,3,235.83640006836504
transition_warm,1.0,4,1.0,8,3,69242.81269998755
transition_first,1.0,4,1.0,8,4,3018.667299998924
transition_warm,1.0,4,1.0,8,4,3992.4081000499427
transition_first,1.0,4,1.0,8,5,1019.4538000505418
transition_warm,1.0,4,1.0,8,5,695.5658999504521
transition_first,1.0,4,1.0,8,6,913.5799999348819
transition_warm,1.0,4,1.0,8,6,607.5497000711039
transition_first,1.0,4,1.0,8,7,900.0612000236288
transition_warm,1.0,4,1.0,8,7,929.3768000788987
transition_first,1.0,4,1.0,8,8,461.9502999121323
transition_warm,1.0,4,1.0,8,8,457.4216000037268
transition_first,1.0,4,1.0,8,9,280.491599929519
transition_warm,1.0,4,1.0,8,9,321.04599999729544
transition_first,0.5,4,0.25,16,0,42.19010006636381
transition_warm,0.5,4,0.25,16,0,38.28870004508644
transition_first,0.5,4,0.25,16,1,35.79090000130236
transition_warm,0.5,4,0.25,16,1,44.64199999347329
transition_first,0.5,4,0.25,16,2,36.35439998470247
transition_warm,0.5,4,0.25,16,2,33.11379998922348
transition_first,0.5,4,0.25,16,3,36.35579999536276
transition_warm,0.5,4,0.25,16,3,37.50800003763288
transition_first,0.5,4,0.25,16,4,36.341600003652275
transition_warm,0.5,4,0.25,16,4,32.86349994596094
transition_first,0.5,4,0.25,16,5,40.273600025102496
transition_warm,0.5,4,0.25,16,5,42.06450004130602
transition_first,0.5,4,0.25,16,6,35.3998999344185
transition_warm,0.5,4,0.25,16,6,42.416100041009486
transition_first,0.5,4,0.25,16,7,38.15290005877614
transition_warm,0.5,4,0.25,16,7,33.591800020076334
transition_first,0.5,4,0.25,16,8,40.85200000554323
transition_warm,0.5,4,0.25,16,8,40.16070009674877
transition_first,0.5,4,0.25,16,9,33.01450004801154
transition_warm,0.5,4,0.25,16,9,34.92979996372014
transition_first,0.25,16,1.0,16,0,271.011000033468
transition_warm,0.25,16,1.0,16,0,280.4482000647113
transition_first,0.25,16,1.0,16,1,322.7939000353217
transition_warm,0.25,16,1.0,16,1,290.90509994421154
transition_first,0.25,16,1.0,16,2,255.89470006525517
transition_warm,0.25,16,1.0,16,2,267.23120000679046
transition_first,0.25,16,1.0,16,3,272.5419000489637
transition_warm,0.25,16,1.0,16,3,262.45299994479865
transition_first,0.25,16,1.0,16,4,302.69609997048974
transition_warm,0.25,16,1.0,16,4,254.51380002778023
transition_first,0.25,16,1.0,16,5,258.5715999593958
transition_warm,0.25,16,1.0,16,5,255.0939000211656
transition_first,0.25,16,1.0,16,6,269.56250006332994
transition_warm,0.25,16,1.0,16,6,252.63650005217642
transition_first,0.25,16,1.0,16,7,336.89680008683354
transition_warm,0.25,16,1.0,16,7,348.35210000164807
transition_first,0.25,16,1.0,16,8,400.9436999913305
transition_warm,0.25,16,1.0,16,8,312.3014000011608
transition_first,0.25,16,1.0,16,9,276.4119999483228
transition_warm,0.25,16,1.0,16,9,307.56540002766997
transition_first,1.0,16,1.0,4,0,257.9718999331817
transition_warm,1.0,16,1.0,4,0,333.012199960649
transition_first,1.0,16,1.0,4,1,401.465900009498
transition_warm,1.0,16,1.0,4,1,287.57929999846965
transition_first,1.0,16,1.0,4,2,331.78970008157194
transition_warm,1.0,16,1.0,4,2,325.6690000416711
transition_first,1.0,16,1.0,4,3,363.8209999771789
transition_warm,1.0,16,1.0,4,3,279.8280999995768
transition_first,1.0,16,1.0,4,4,266.70489995740354
transition_warm,1.0,16,1.0,4,4,249.59809996653348
transition_first,1.0,16,1.0,4,5,330.13080002274364
transition_warm,1.0,16,1.0,4,5,321.178299956955
transition_first,1.0,16,1.0,4,6,310.10350002907217
transition_warm,1.0,16,1.0,4,6,298.0444999411702
transition_first,1.0,16,1.0,4,7,331.3710999209434
transition_warm,1.0,16,1.0,4,7,397.6185000501573
transition_first,1.0,16,1.0,4,8,512.5757000641897
transition_warm,1.0,16,1.0,4,8,478.4401999786496
transition_first,1.0,16,1.0,4,9,317.24799994844943
transition_warm,1.0,16,1.0,4,9,368.9498999156058
transition_first,0.5,4,0.75,32,0,87.37960003782064
transition_warm,0.5,4,0.75,32,0,96.08720010146499
transition_first,0.5,4,0.75,32,1,91.51160006877035
transition_warm,0.5,4,0.75,32,1,116.98469996917993
transition_first,0.5,4,0.75,32,2,65.06569997873157
transition_warm,0.5,4,0.75,32,2,72.87999999243766
transition_first,0.5,4,0.75,32,3,65.89909992180765
transition_warm,0.5,4,0.75,32,3,73.27010005246848
transition_first,0.5,4,0.75,32,4,73.00540001597255
transition_warm,0.5,4,0.75,32,4,99.14690000005066
transition_first,0.5,4,0.75,32,5,67.72440008353442
transition_warm,0.5,4,0.75,32,5,69.13580000400543
transition_first,0.5,4,0.75,32,6,66.67490000836551
transition_warm,0.5,4,0.75,32,6,93.1554000126198
transition_first,0.5,4,0.75,32,7,86.71719999983907
transition_warm,0.5,4,0.75,32,7,76.38320000842214
transition_first,0.5,4,0.75,32,8,74.61839995812625
transition_warm,0.5,4,0.75,32,8,68.06790002156049
transition_first,0.5,4,0.75,32,9,60.4334999807179
transition_warm,0.5,4,0.75,32,9,79.8414999153465
transition_first,0.25,32,1.0,8,0,298.0422000400722
transition_warm,0.25,32,1.0,8,0,329.61799995973706
transition_first,0.25,32,1.0,8,1,330.3234000923112
transition_warm,0.25,32,1.0,8,1,381.89379998948425
transition_first,0.25,32,1.0,8,2,280.9719000943005
transition_warm,0.25,32,1.0,8,2,287.2029000427574
transition_first,0.25,32,1.0,8,3,268.66389997303486
transition_warm,0.25,32,1.0,8,3,290.38060002494603
transition_first,0.25,32,1.0,8,4,288.26940001454204
transition_warm,0.25,32,1.0,8,4,289.68459996394813
transition_first,0.25,32,1.0,8,5,332.6639999868348
transition_warm,0.25,32,1.0,8,5,282.31340006459504
transition_first,0.25,32,1.0,8,6,274.3800999596715
transition_warm,0.25,32,1.0,8,6,282.7111999504268
transition_first,0.25,32,1.0,8,7,289.15690002031624
transition_warm,0.25,32,1.0,8,7,266.7862999951467
transition_first,0.25,32,1.0,8,8,291.64139996282756
transition_warm,0.25,32,1.0,8,8,284.00710003916174
transition_first,0.25,32,1.0,8,9,275.2533999737352
transition_warm,0.25,32,1.0,8,9,298.2514000032097
transition_first,0.25,8,1.0,16,0,265.861599938944
transition_warm,0.25,8,1.0,16,0,271.0089000174776
transition_first,0.25,8,1.0,16,1,265.96500002779067
transition_warm,0.25,8,1.0,16,1,273.164700018242
transition_first,0.25,8,1.0,16,2,281.49279998615384
transition_warm,0.25,8,1.0,16,2,371.2314000586048
transition_first,0.25,8,1.0,16,3,381.20180007535964
transition_warm,0.25,8,1.0,16,3,287.01359999831766
transition_first,0.25,8,1.0,16,4,298.1518000597134
transition_warm,0.25,8,1.0,16,4,369.91130001842976
transition_first,0.25,8,1.0,16,5,431.4771000063047
transition_warm,0.25,8,1.0,16,5,276.4208000153303
transition_first,0.25,8,1.0,16,6,281.47509996779263
transition_warm,0.25,8,1.0,16,6,302.18280002009124
transition_first,0.25,8,1.0,16,7,247.8056000545621
transition_warm,0.25,8,1.0,16,7,250.8557999972254
transition_first,0.25,8,1.0,16,8,322.98159995116293
transition_warm,0.25,8,1.0,16,8,261.55469997320324
transition_first,0.25,8,1.0,16,9,240.23450003005564
transition_warm,0.25,8,1.0,16,9,254.03780001215637
transition_first,1.0,32,0.5,4,0,69.68350009992719
transition_warm,1.0,32,0.5,4,0,72.72930000908673
transition_first,1.0,32,0.5,4,1,69.4916999200359
transition_warm,1.0,32,0.5,4,1,75.70970000233501
transition_first,1.0,32,0.5,4,2,71.12480001524091
transition_warm,1.0,32,0.5,4,2,80.26760001666844
transition_first,1.0,32,0.5,4,3,71.09729992225766
transition_warm,1.0,32,0.5,4,3,83.57660006731749
transition_first,1.0,32,0.5,4,4,75.18409995827824
transition_warm,1.0,32,0.5,4,4,78.40620004571974
transition_first,1.0,32,0.5,4,5,70.28820004779845
transition_warm,1.0,32,0.5,4,5,73.72580002993345
transition_first,1.0,32,0.5,4,6,69.50270000379533
transition_warm,1.0,32,0.5,4,6,75.44929999858141
transition_first,1.0,32,0.5,4,7,70.49019995611161
transition_warm,1.0,32,0.5,4,7,75.23149996995926
transition_first,1.0,32,0.5,4,8,72.74340000003576
transition_warm,1.0,32,0.5,4,8,73.71789996977895
transition_first,1.0,32,0.5,4,9,70.31969993840903
transition_warm,1.0,32,0.5,4,9,73.40649992693216
transition_first,1.0,16,0.25,16,0,35.34079995006323
transition_warm,1.0,16,0.25,16,0,32.52580005209893
transition_first,1.0,16,0.25,16,1,39.434999926015735
transition_warm,1.0,16,0.25,16,1,34.510200028307736
transition_first,1.0,16,0.25,16,2,40.9661999437958
transition_warm,1.0,16,0.25,16,2,36.55750001780689
transition_first,1.0,16,0.25,16,3,69.57069993950427
transition_warm,1.0,16,0.25,16,3,40.434999973513186
transition_first,1.0,16,0.25,16,4,40.5653000343591
transition_warm,1.0,16,0.25,16,4,57.40119994152337
transition_first,1.0,16,0.25,16,5,47.43839998263866
transition_warm,1.0,16,0.25,16,5,33.62640005070716
transition_first,1.0,16,0.25,16,6,42.980500031262636
transition_warm,1.0,16,0.25,16,6,40.92020005919039
transition_first,1.0,16,0.25,16,7,36.310499999672174
transition_warm,1.0,16,0.25,16,7,44.11750007420778
transition_first,1.0,16,0.25,16,8,41.734599974006414
transition_warm,1.0,16,0.25,16,8,34.56980001647025
transition_first,1.0,16,0.25,16,9,146.3838000781834
transition_warm,1.0,16,0.25,16,9,130.45749999582767
transition_first,0.5,8,0.25,32,0,50.957500003278255
transition_warm,0.5,8,0.25,32,0,30.356099945493042
transition_first,0.5,8,0.25,32,1,22.853099973872304
transition_warm,0.5,8,0.25,32,1,27.69719995558262
transition_first,0.5,8,0.25,32,2,30.264999950304627
transition_warm,0.5,8,0.25,32,2,26.082600001245737
transition_first,0.5,8,0.25,32,3,21.553299971856177
transition_warm,0.5,8,0.25,32,3,21.461999975144863
transition_first,0.5,8,0.25,32,4,40.06039991509169
transition_warm,0.5,8,0.25,32,4,37.074799998663366
transition_first,0.5,8,0.25,32,5,33.41189993079752
transition_warm,0.5,8,0.25,32,5,39.36319996137172
transition_first,0.5,8,0.25,32,6,28.560000006109476
transition_warm,0.5,8,0.25,32,6,21.789400023408234
transition_first,0.5,8,0.25,32,7,22.092700004577637
transition_warm,0.5,8,0.25,32,7,20.78580006491393
transition_first,0.5,8,0.25,32,8,22.493000025860965
transition_warm,0.5,8,0.25,32,8,22.342100040987134
transition_first,0.5,8,0.25,32,9,19.70809989143163
transition_warm,0.5,8,0.25,32,9,18.24910007417202
transition_first,0.75,8,0.5,8,0,160.76770005747676
transition_warm,0.75,8,0.5,8,0,140.52470005117357
transition_first,0.75,8,0.5,8,1,151.25200001057237
transition_warm,0.75,8,0.5,8,1,333.3295000484213
transition_first,0.75,8,0.5,8,2,606.172899948433
transition_warm,0.75,8,0.5,8,2,246.32819998078048
transition_first,0.75,8,0.5,8,3,106.06819996610284
transition_warm,0.75,8,0.5,8,3,116.50200001895428
transition_first,0.75,8,0.5,8,4,100.16179992817342
transition_warm,0.75,8,0.5,8,4,147.64690003357828
transition_first,0.75,8,0.5,8,5,102.53240005113184
transition_warm,0.75,8,0.5,8,5,220.5624000634998
transition_first,0.75,8,0.5,8,6,117.61220009066164
transition_warm,0.75,8,0.5,8,6,146.96939999703318
transition_first,0.75,8,0.5,8,7,84.26720008719712
transition_warm,0.75,8,0.5,8,7,88.48060003947467
transition_first,0.75,8,0.5,8,8,87.32419996522367
transition_warm,0.75,8,0.5,8,8,83.4189000306651
transition_first,0.75,8,0.5,8,9,88.88910000678152
transition_warm,0.75,8,0.5,8,9,85.27779998257756
transition_first,0.5,4,1.0,8,0,290.4953999677673
transition_warm,0.5,4,1.0,8,0,260.0734999869019
transition_first,0.5,4,1.0,8,1,277.95909997075796
transition_warm,0.5,4,1.0,8,1,270.88160009589046
transition_first,0.5,4,1.0,8,2,295.5324000213295
transition_warm,0.5,4,1.0,8,2,348.3989000087604
transition_first,0.5,4,1.0,8,3,321.1431000381708
transition_warm,0.5,4,1.0,8,3,339.7012000204995
transition_first,0.5,4,1.0,8,4,277.0604999968782
transition_warm,0.5,4,1.0,8,4,265.0188999250531
transition_first,0.5,4,1.0,8,5,275.96230001654476
transition_warm,0.5,4,1.0,8,5,479.37489999458194
transition_first,0.5,4,1.0,8,6,599.2185000795871
transition_warm,0.5,4,1.0,8,6,495.96570001449436
transition_first,0.5,4,1.0,8,7,445.52139996085316
transition_warm,0.5,4,1.0,8,7,370.56010006926954
transition_first,0.5,4,1.0,8,8,344.26419995725155
transition_warm,0.5,4,1.0,8,8,363.1012999685481
transition_first,0.5,4,1.0,8,9,333.4311000071466
transition_warm,0.5,4,1.0,8,9,326.3757999520749
transition_first,0.25,4,0.75,16,0,174.85690000467002
transition_warm,0.25,4,0.75,16,0,196.70700002461672
transition_first,0.25,4,0.75,16,1,213.58360000886023
transition_warm,0.25,4,0.75,16,1,197.84160004928708
transition_first,0.25,4,0.75,16,2,284.71389994956553
transition_warm,0.25,4,0.75,16,2,170.65029998775572
transition_first,0.25,4,0.75,16,3,149.575800052844
transition_warm,0.25,4,0.75,16,3,156.64509998168796
transition_first,0.25,4,0.75,16,4,188.18030005786568
transition_warm,0.25,4,0.75,16,4,187.34450009651482
transition_first,0.25,4,0.75,16,5,157.82189997844398
transition_warm,0.25,4,0.75,16,5,164.01199996471405
transition_first,0.25,4,0.75,16,6,150.19180008675903
transition_warm,0.25,4,0.75,16,6,159.92370003368706
transition_first,0.25,4,0.75,16,7,155.3618999896571
transition_warm,0.25,4,0.75,16,7,152.79379999265075
transition_first,0.25,4,0.75,16,8,156.6787000047043
transition_warm,0.25,4,0.75,16,8,158.70989998802543
transition_first,0.25,4,0.75,16,9,155.79969994723797
transition_warm,0.25,4,0.75,16,9,159.20029999688268
transition_first,0.25,4,0.5,8,0,74.72849998157471
transition_warm,0.25,4,0.5,8,0,73.14649992622435
transition_first,0.25,4,0.5,8,1,74.10840003285557
transition_warm,0.25,4,0.5,8,1,75.7234999909997
transition_first,0.25,4,0.5,8,2,73.37739993818104
transition_warm,0.25,4,0.5,8,2,78.10419995803386
transition_first,0.25,4,0.5,8,3,74.18960006907582
transition_warm,0.25,4,0.5,8,3,76.33020007051528
transition_first,0.25,4,0.5,8,4,112.95330000575632
transition_warm,0.25,4,0.5,8,4,139.28370003122836
transition_first,0.25,4,0.5,8,5,72.62809993699193
transition_warm,0.25,4,0.5,8,5,76.08099991921335
transition_first,0.25,4,0.5,8,6,73.74039990827441
transition_warm,0.25,4,0.5,8,6,77.39039999432862
transition_first,0.25,4,0.5,8,7,74.52449994161725
transition_warm,0.25,4,0.5,8,7,129.8654000274837
transition_first,0.25,4,0.5,8,8,73.10519996099174
transition_warm,0.25,4,0.5,8,8,74.6995999943465
transition_first,0.25,4,0.5,8,9,75.10519993957132
transition_warm,0.25,4,0.5,8,9,79.79670003987849
transition_first,1.0,8,0.5,8,0,75.77760005369782
transition_warm,1.0,8,0.5,8,0,76.53269998263568
transition_first,1.0,8,0.5,8,1,76.24969992320985
transition_warm,1.0,8,0.5,8,1,75.40080009493977
transition_first,1.0,8,0.5,8,2,77.89089996367693
transition_warm,1.0,8,0.5,8,2,76.31669996771961
transition_first,1.0,8,0.5,8,3,79.15300002787262
transition_warm,1.0,8,0.5,8,3,81.05309994425625
transition_first,1.0,8,0.5,8,4,88.63620006013662
transition_warm,1.0,8,0.5,8,4,80.42479993309826
transition_first,1.0,8,0.5,8,5,75.69690002128482
transition_warm,1.0,8,0.5,8,5,75.568399974145
transition_first,1.0,8,0.5,8,6,76.45470008719712
transition_warm,1.0,8,0.5,8,6,75.02690004184842
transition_first,1.0,8,0.5,8,7,87.19949994701892
transition_warm,1.0,8,0.5,8,7,90.70199995767325
transition_first,1.0,8,0.5,8,8,90.21469997242093
transition_warm,1.0,8,0.5,8,8,88.15389999654144
transition_first,1.0,8,0.5,8,9,88.94509996753186
transition_warm,1.0,8,0.5,8,9,84.7570999758318
transition_first,1.0,8,1.0,4,0,291.74140002578497
transition_warm,1.0,8,1.0,4,0,353.52869995404035
transition_first,1.0,8,1.0,4,1,274.64359998703003
transition_warm,1.0,8,1.0,4,1,294.8953000595793
transition_first,1.0,8,1.0,4,2,295.5432999879122
transition_warm,1.0,8,1.0,4,2,281.8138999864459
transition_first,1.0,8,1.0,4,3,253.58959997538477
transition_warm,1.0,8,1.0,4,3,251.1570000788197
transition_first,1.0,8,1.0,4,4,249.97140001505613
transition_warm,1.0,8,1.0,4,4,248.128000064753
transition_first,1.0,8,1.0,4,5,247.85470007918775
transition_warm,1.0,8,1.0,4,5,251.87750009354204
transition_first,1.0,8,1.0,4,6,265.7145999837667
transition_warm,1.0,8,1.0,4,6,247.45229992549866
transition_first,1.0,8,1.0,4,7,259.59520007018
transition_warm,1.0,8,1.0,4,7,309.9698999430984
transition_first,1.0,8,1.0,4,8,247.85779998637736
transition_warm,1.0,8,1.0,4,8,279.4173000147566
transition_first,1.0,8,1.0,4,9,257.47559999581426
transition_warm,1.0,8,1.0,4,9,261.7040000623092
transition_first,1.0,4,1.0,32,0,76.48829999379814
transition_warm,1.0,4,1.0,32,0,72.52259994857013
transition_first,1.0,4,1.0,32,1,74.0247000940144
transition_warm,1.0,4,1.0,32,1,70.85339992772788
transition_first,1.0,4,1.0,32,2,77.06049992702901
transition_warm,1.0,4,1.0,32,2,69.34299995191395
transition_first,1.0,4,1.0,32,3,104.11349998321384
transition_warm,1.0,4,1.0,32,3,77.57079997099936
transition_first,1.0,4,1.0,32,4,80.49780002329499
transition_warm,1.0,4,1.0,32,4,68.24209995102137
transition_first,1.0,4,1.0,32,5,70.93219994567335
transition_warm,1.0,4,1.0,32,5,73.70389997959137
transition_first,1.0,4,1.0,32,6,74.15000000037253
transition_warm,1.0,4,1.0,32,6,70.32679999247193
transition_first,1.0,4,1.0,32,7,100.58510000817478
transition_warm,1.0,4,1.0,32,7,155.35229991655797
transition_first,1.0,4,1.0,32,8,78.36570008657873
transition_warm,1.0,4,1.0,32,8,67.67590006347746
transition_first,1.0,4,1.0,32,9,76.88840001355857
transition_warm,1.0,4,1.0,32,9,79.17719997931272
transition_first,0.75,16,1.0,4,0,248.80649999249727
transition_warm,0.75,16,1.0,4,0,242.9270000429824
transition_first,0.75,16,1.0,4,1,258.54680000338703
transition_warm,0.75,16,1.0,4,1,248.05980001110584
transition_first,0.75,16,1.0,4,2,262.03320000786334
transition_warm,0.75,16,1.0,4,2,244.93960000108927
transition_first,0.75,16,1.0,4,3,262.6173000317067
transition_warm,0.75,16,1.0,4,3,273.5340999206528
transition_first,0.75,16,1.0,4,4,325.95659990329295
transition_warm,0.75,16,1.0,4,4,243.71170008089393
transition_first,0.75,16,1.0,4,5,308.91699995845556
transition_warm,0.75,16,1.0,4,5,253.0288000125438
transition_first,0.75,16,1.0,4,6,249.40249999053776
transition_warm,0.75,16,1.0,4,6,248.29559994395822
transition_first,0.75,16,1.0,4,7,390.23869996890426
transition_warm,0.75,16,1.0,4,7,252.5441999314353
transition_first,0.75,16,1.0,4,8,299.6384999714792
transition_warm,0.75,16,1.0,4,8,264.31580004282296
transition_first,0.75,16,1.0,4,9,340.8894999884069
transition_warm,0.75,16,1.0,4,9,247.0443999627605
transition_first,0.25,16,0.5,8,0,76.4428999973461
transition_warm,0.25,16,0.5,8,0,75.32750000245869
transition_first,0.25,16,0.5,8,1,74.86870000138879
transition_warm,0.25,16,0.5,8,1,76.4437000034377
transition_first,0.25,16,0.5,8,2,72.22099998034537
transition_warm,0.25,16,0.5,8,2,77.26319995708764
transition_first,0.25,16,0.5,8,3,74.19660000596195
transition_warm,0.25,16,0.5,8,3,123.51879989728332
transition_first,0.25,16,0.5,8,4,212.87120005581528
transition_warm,0.25,16,0.5,8,4,102.69379999954253
transition_first,0.25,16,0.5,8,5,88.35999993607402
transition_warm,0.25,16,0.5,8,5,98.08819997124374
transition_first,0.25,16,0.5,8,6,93.5631999745965
transition_warm,0.25,16,0.5,8,6,94.92639999371022
transition_first,0.25,16,0.5,8,7,88.31599995028228
transition_warm,0.25,16,0.5,8,7,80.90189995709807
transition_first,0.25,16,0.5,8,8,88.79750000778586
transition_warm,0.25,16,0.5,8,8,90.86960006970912
transition_first,0.25,16,0.5,8,9,72.54439999815077
transition_warm,0.25,16,0.5,8,9,74.28070006426424
transition_first,0.5,16,0.75,4,0,147.54889998584986
transition_warm,0.5,16,0.75,4,0,153.43529998790473
transition_first,0.5,16,0.75,4,1,150.67949995864183
transition_warm,0.5,16,0.75,4,1,149.58619989920408
transition_first,0.5,16,0.75,4,2,148.27500004321337
transition_warm,0.5,16,0.75,4,2,148.75609998125583
transition_first,0.5,16,0.75,4,3,149.39829998183995
transition_warm,0.5,16,0.75,4,3,152.52869995310903
transition_first,0.5,16,0.75,4,4,181.98259989731014
transition_warm,0.5,16,0.75,4,4,150.2856999868527
transition_first,0.5,16,0.75,4,5,147.24149997346103
transition_warm,0.5,16,0.75,4,5,153.9854999864474
transition_first,0.5,16,0.75,4,6,157.336900010705
transition_warm,0.5,16,0.75,4,6,149.4809000287205
transition_first,0.5,16,0.75,4,7,145.9805000340566
transition_warm,0.5,16,0.75,4,7,185.67069992423058
transition_first,0.5,16,0.75,4,8,158.15900010056794
transition_warm,0.5,16,0.75,4,8,168.55729999952018
transition_first,0.5,16,0.75,4,9,148.75880000181496
transition_warm,0.5,16,0.75,4,9,146.9444000395015
transition_first,1.0,32,0.25,4,0,35.489299916662276
transition_warm,1.0,32,0.25,4,0,31.213999958708882
transition_first,1.0,32,0.25,4,1,30.922799953259528
transition_warm,1.0,32,0.25,4,1,34.22949998639524
transition_first,1.0,32,0.25,4,2,29.19349994044751
transition_warm,1.0,32,0.25,4,2,30.628600041382015
transition_first,1.0,32,0.25,4,3,33.21000002324581
transition_warm,1.0,32,0.25,4,3,28.70769996661693
transition_first,1.0,32,0.25,4,4,32.09630004130304
transition_warm,1.0,32,0.25,4,4,29.12259998265654
transition_first,1.0,32,0.25,4,5,29.729299945756793
transition_warm,1.0,32,0.25,4,5,32.61150000616908
transition_first,1.0,32,0.25,4,6,34.29619991220534
transition_warm,1.0,32,0.25,4,6,31.064299982972443
transition_first,1.0,32,0.25,4,7,30.375399976037443
transition_warm,1.0,32,0.25,4,7,31.597599969245493
transition_first,1.0,32,0.25,4,8,30.500900000333786
transition_warm,1.0,32,0.25,4,8,29.140700004063547
transition_first,1.0,32,0.25,4,9,29.822099953889847
transition_warm,1.0,32,0.25,4,9,29.028100077994168
transition_first,1.0,4,0.25,4,0,38.25380001217127
transition_warm,1.0,4,0.25,4,0,32.54019992891699
transition_first,1.0,4,0.25,4,1,32.538200030103326
transition_warm,1.0,4,0.25,4,1,37.96129999682307
transition_first,1.0,4,0.25,4,2,36.58539999742061
transition_warm,1.0,4,0.25,4,2,35.09769996162504
transition_first,1.0,4,0.25,4,3,32.05780009739101
transition_warm,1.0,4,0.25,4,3,37.057200097478926
transition_first,1.0,4,0.25,4,4,31.880299909971654
transition_warm,1.0,4,0.25,4,4,34.194900072179735
transition_first,1.0,4,0.25,4,5,82.73340004961938
transition_warm,1.0,4,0.25,4,5,63.87349998112768
transition_first,1.0,4,0.25,4,6,49.22509996686131
transition_warm,1.0,4,0.25,4,6,44.62279996369034
transition_first,1.0,4,0.25,4,7,37.92789997532964
transition_warm,1.0,4,0.25,4,7,45.942400000058115
transition_first,1.0,4,0.25,4,8,41.442700079642236
transition_warm,1.0,4,0.25,4,8,48.244800069369376
transition_first,1.0,4,0.25,4,9,61.02069991175085
transition_warm,1.0,4,0.25,4,9,55.16779993195087
transition_first,0.75,8,0.5,4,0,80.31580003444105
transition_warm,0.75,8,0.5,4,0,91.43719996791333
transition_first,0.75,8,0.5,4,1,104.31640001479536
transition_warm,0.75,8,0.5,4,1,78.78159999381751
transition_first,0.75,8,0.5,4,2,99.89960002712905
transition_warm,0.75,8,0.5,4,2,81.83329994790256
transition_first,0.75,8,0.5,4,3,97.36630006227642
transition_warm,0.75,8,0.5,4,3,119.04620006680489
transition_first,0.75,8,0.5,4,4,90.0064999004826
transition_warm,0.75,8,0.5,4,4,78.27390008606017
transition_first,0.75,8,0.5,4,5,84.11449997220188
transition_warm,0.75,8,0.5,4,5,79.08149994909763
transition_first,0.75,8,0.5,4,6,119.06479997560382
transition_warm,0.75,8,0.5,4,6,109.07890007365495
transition_first,0.75,8,0.5,4,7,91.25250007491559
transition_warm,0.75,8,0.5,4,7,70.33900008536875
transition_first,0.75,8,0.5,4,8,99.80730002280325
transition_warm,0.75,8,0.5,4,8,85.42130002751946
transition_first,0.75,8,0.5,4,9,104.37479999382049
transition_warm,0.75,8,0.5,4,9,94.7936000302434
transition_first,0.75,32,1.0,32,0,75.9452999336645
transition_warm,0.75,32,1.0,32,0,74.69719997607172
transition_first,0.75,32,1.0,32,1,62.01090000104159
transition_warm,0.75,32,1.0,32,1,64.18990006204695
transition_first,0.75,32,1.0,32,2,63.30290006007999
transition_warm,0.75,32,1.0,32,2,63.185199978761375
transition_first,0.75,32,1.0,32,3,114.2709000268951
transition_warm,0.75,32,1.0,32,3,79.37030005268753
transition_first,0.75,32,1.0,32,4,72.30710005387664
transition_warm,0.75,32,1.0,32,4,64.02329995762557
transition_first,0.75,32,1.0,32,5,61.6431999951601
transition_warm,0.75,32,1.0,32,5,59.76650002412498
transition_first,0.75,32,1.0,32,6,62.32319993432611
transition_warm,0.75,32,1.0,32,6,59.78080001659691
transition_first,0.75,32,1.0,32,7,60.79010001849383
transition_warm,0.75,32,1.0,32,7,63.43359989114106
transition_first,0.75,32,1.0,32,8,69.2572999978438
transition_warm,0.75,32,1.0,32,8,62.93150002602488
transition_first,0.75,32,1.0,32,9,61.047199997119606
transition_warm,0.75,32,1.0,32,9,61.97969999630004
transition_first,1.0,32,0.5,8,0,65.591000020504
transition_warm,1.0,32,0.5,8,0,73.58700002077967
transition_first,1.0,32,0.5,8,1,72.54810002632439
transition_warm,1.0,32,0.5,8,1,75.48899995163083
transition_first,1.0,32,0.5,8,2,66.00619992241263
transition_warm,1.0,32,0.5,8,2,69.16269997600466
transition_first,1.0,32,0.5,8,3,68.5021000681445
transition_warm,1.0,32,0.5,8,3,68.34150000941008
transition_first,1.0,32,0.5,8,4,66.25029991846532
transition_warm,1.0,32,0.5,8,4,64.82640001922846
transition_first,1.0,32,0.5,8,5,110.67750002257526
transition_warm,1.0,32,0.5,8,5,89.35220004059374
transition_first,1.0,32,0.5,8,6,89.77389999199659
transition_warm,1.0,32,0.5,8,6,85.16370004508644
transition_first,1.0,32,0.5,8,7,95.50230007153004
transition_warm,1.0,32,0.5,8,7,84.33909993618727
transition_first,1.0,32,0.5,8,8,98.932099994272
transition_warm,1.0,32,0.5,8,8,74.3951000040397
transition_first,1.0,32,0.5,8,9,85.50489996559918
transition_warm,1.0,32,0.5,8,9,115.97949999850243
transition_first,0.75,32,0.75,16,0,135.89320005849004
transition_warm,0.75,32,0.75,16,0,136.0297999344766
transition_first,0.75,32,0.75,16,1,141.27739996183664
transition_warm,0.75,32,0.75,16,1,136.91130001097918
transition_first,0.75,32,0.75,16,2,135.41900005657226
transition_warm,0.75,32,0.75,16,2,172.04989993479103
transition_first,0.75,32,0.75,16,3,142.08120002876967
transition_warm,0.75,32,0.75,16,3,142.49949995428324
transition_first,0.75,32,0.75,16,4,134.7849000012502
transition_warm,0.75,32,0.75,16,4,143.99519993457943
transition_first,0.75,32,0.75,16,5,131.28440000582486
transition_warm,0.75,32,0.75,16,5,143.608900019899
transition_first,0.75,32,0.75,16,6,136.02460001129657
transition_warm,0.75,32,0.75,16,6,190.18440006766468
transition_first,0.75,32,0.75,16,7,136.19330001529306
transition_warm,0.75,32,0.75,16,7,138.47949996124953
transition_first,0.75,32,0.75,16,8,136.22230000328273
transition_warm,0.75,32,0.75,16,8,140.36380010657012
transition_first,0.75,32,0.75,16,9,137.32879993040115
transition_warm,0.75,32,0.75,16,9,145.8985999925062
transition_first,0.25,4,0.75,4,0,136.03979989420623
transition_warm,0.25,4,0.75,4,0,134.78900003246963
transition_first,0.25,4,0.75,4,1,132.53780000377446
transition_warm,0.25,4,0.75,4,1,137.0306999888271
transition_first,0.25,4,0.75,4,2,129.81820001732558
transition_warm,0.25,4,0.75,4,2,131.01280003320426
transition_first,0.25,4,0.75,4,3,133.0663999542594
transition_warm,0.25,4,0.75,4,3,143.99760006926954
transition_first,0.25,4,0.75,4,4,133.82730004377663
transition_warm,0.25,4,0.75,4,4,135.87700005155057
transition_first,0.25,4,0.75,4,5,132.70590000320226
transition_warm,0.25,4,0.75,4,5,129.64149995241314
transition_first,0.25,4,0.75,4,6,149.5541000040248
transition_warm,0.25,4,0.75,4,6,142.9457999765873
transition_first,0.25,4,0.75,4,7,132.1024999488145
transition_warm,0.25,4,0.75,4,7,136.2604999449104
transition_first,0.25,4,0.75,4,8,131.863999995403
transition_warm,0.25,4,0.75,4,8,147.88669999688864
transition_first,0.25,4,0.75,4,9,132.20709993038327
transition_warm,0.25,4,0.75,4,9,138.43579997774214
transition_first,0.25,8,0.25,16,0,26.125499978661537
transition_warm,0.25,8,0.25,16,0,26.677299989387393
transition_first,0.25,8,0.25,16,1,26.306199957616627
transition_warm,0.25,8,0.25,16,1,26.73110004980117
transition_first,0.25,8,0.25,16,2,29.196699964813888
transition_warm,0.25,8,0.25,16,2,26.78309998009354
transition_first,0.25,8,0.25,16,3,26.300800032913685
transition_warm,0.25,8,0.25,16,3,25.0141000142321
transition_first,0.25,8,0.25,16,4,28.30609993543476
transition_warm,0.25,8,0.25,16,4,26.351999957114458
transition_first,0.25,8,0.25,16,5,26.546099921688437
transition_warm,0.25,8,0.25,16,5,25.853300001472235
transition_first,0.25,8,0.25,16,6,27.454000082798302
transition_warm,0.25,8,0.25,16,6,25.260199909098446
transition_first,0.25,8,0.25,16,7,25.426800013519824
transition_warm,0.25,8,0.25,16,7,27.98279991839081
transition_first,0.25,8,0.25,16,8,26.111399987712502
transition_warm,0.25,8,0.25,16,8,26.55760000925511
transition_first,0.25,8,0.25,16,9,25.761400000192225
transition_warm,0.25,8,0.25,16,9,27.489200001582503
transition_first,1.0,8,0.75,8,0,134.4443999696523
transition_warm,1.0,8,0.75,8,0,135.76520001515746
transition_first,1.0,8,0.75,8,1,142.25779997650534
transition_warm,1.0,8,0.75,8,1,135.9252999536693
transition_first,1.0,8,0.75,8,2,138.84040003176779
transition_warm,1.0,8,0.75,8,2,134.07149992417544
transition_first,1.0,8,0.75,8,3,140.71329997386783
transition_warm,1.0,8,0.75,8,3,133.0129000125453
transition_first,1.0,8,0.75,8,4,143.61089991871268
transition_warm,1.0,8,0.75,8,4,134.5147000392899
transition_first,1.0,8,0.75,8,5,137.66870007384568
transition_warm,1.0,8,0.75,8,5,137.84370000939816
transition_first,1.0,8,0.75,8,6,171.55760002788156
transition_warm,1.0,8,0.75,8,6,135.85039996542037
transition_first,1.0,8,0.75,8,7,138.7540000723675
transition_warm,1.0,8,0.75,8,7,140.78370004426688
transition_first,1.0,8,0.75,8,8,152.15719991829246
transition_warm,1.0,8,0.75,8,8,143.39039998594671
transition_first,1.0,8,0.75,8,9,137.52370001748204
transition_warm,1.0,8,0.75,8,9,136.34580001235008
transition_first,1.0,8,0.25,4,0,26.63800003938377
transition_warm,1.0,8,0.25,4,0,27.777999988757074
transition_first,1.0,8,0.25,4,1,28.13120000064373
transition_warm,1.0,8,0.25,4,1,26.007299893535674
transition_first,1.0,8,0.25,4,2,29.223600053228438
transition_warm,1.0,8,0.25,4,2,28.93129992298782
transition_first,1.0,8,0.25,4,3,26.459300075657666
transition_warm,1.0,8,0.25,4,3,26.648700004443526
transition_first,1.0,8,0.25,4,4,29.116200050339103
transition_warm,1.0,8,0.25,4,4,26.456800056621432
transition_first,1.0,8,0.25,4,5,27.127500041387975
transition_warm,1.0,8,0.25,4,5,26.660899980925024
transition_first,1.0,8,0.25,4,6,25.402899947948754
transition_warm,1.0,8,0.25,4,6,26.030999957583845
transition_first,1.0,8,0.25,4,7,27.28989999741316
transition_warm,1.0,8,0.25,4,7,25.802799966186285
transition_first,1.0,8,0.25,4,8,26.71340003143996
transition_warm,1.0,8,0.25,4,8,25.461599929258227
transition_first,1.0,8,0.25,4,9,25.980900041759014
transition_warm,1.0,8,0.25,4,9,25.187499937601388
transition_first,0.5,32,0.75,32,0,50.98250007722527
transition_warm,0.5,32,0.75,32,0,59.93859993759543
transition_first,0.5,32,0.75,32,1,51.83489993214607
transition_warm,0.5,32,0.75,32,1,50.5256000906229
transition_first,0.5,32,0.75,32,2,55.125199956819415
transition_warm,0.5,32,0.75,32,2,51.63679993711412
transition_first,0.5,32,0.75,32,3,54.17510005645454
transition_warm,0.5,32,0.75,32,3,53.761999937705696
transition_first,0.5,32,0.75,32,4,51.313300034962595
transition_warm,0.5,32,0.75,32,4,50.71990005671978
transition_first,0.5,32,0.75,32,5,51.23989994172007
transition_warm,0.5,32,0.75,32,5,50.73190003167838
transition_first,0.5,32,0.75,32,6,51.0325999930501
transition_warm,0.5,32,0.75,32,6,50.79580005258322
transition_first,0.5,32,0.75,32,7,51.95189989171922
transition_warm,0.5,32,0.75,32,7,49.89490006119013
transition_first,0.5,32,0.75,32,8,52.26020002737641
transition_warm,0.5,32,0.75,32,8,51.66160000953823
transition_first,0.5,32,0.75,32,9,50.59500003699213
transition_warm,0.5,32,0.75,32,9,49.59920002147555
transition_first,0.5,4,0.75,4,0,134.2966000083834
transition_warm,0.5,4,0.75,4,0,138.84629996027797
transition_first,0.5,4,0.75,4,1,138.62670003436506
transition_warm,0.5,4,0.75,4,1,140.03210002556443
transition_first,0.5,4,0.75,4,2,135.89909998700023
transition_warm,0.5,4,0.75,4,2,135.72630006819963
transition_first,0.5,4,0.75,4,3,137.94060004875064
transition_warm,0.5,4,0.75,4,3,133.77980003133416
transition_first,0.5,4,0.75,4,4,132.4136999901384
transition_warm,0.5,4,0.75,4,4,132.1736000245437
transition_first,0.5,4,0.75,4,5,134.4258999451995
transition_warm,0.5,4,0.75,4,5,133.998200064525
transition_first,0.5,4,0.75,4,6,131.5674000652507
transition_warm,0.5,4,0.75,4,6,131.93239993415773
transition_first,0.5,4,0.75,4,7,133.606499992311
transition_warm,0.5,4,0.75,4,7,134.68789996113628
transition_first,0.5,4,0.75,4,8,135.5077000334859
transition_warm,0.5,4,0.75,4,8,132.91649997700006
transition_first,0.5,4,0.75,4,9,134.29890002589673
transition_warm,0.5,4,0.75,4,9,134.32359998114407
transition_first,0.25,8,0.25,32,0,13.862399966455996
transition_warm,0.25,8,0.25,32,0,12.969300034455955
transition_first,0.25,8,0.25,32,1,13.271800009533763
transition_warm,0.25,8,0.25,32,1,13.508100062608719
transition_first,0.25,8,0.25,32,2,13.063700054772198
transition_warm,0.25,8,0.25,32,2,13.774099992588162
transition_first,0.25,8,0.25,32,3,12.781299999915063
transition_warm,0.25,8,0.25,32,3,12.487599975429475
transition_first,0.25,8,0.25,32,4,13.57139996252954
transition_warm,0.25,8,0.25,32,4,12.472999980673194
transition_first,0.25,8,0.25,32,5,13.190100085921586
transition_warm,0.25,8,0.25,32,5,13.671199907548726
transition_first,0.25,8,0.25,32,6,13.515900005586445
transition_warm,0.25,8,0.25,32,6,13.317700009793043
transition_first,0.25,8,0.25,32,7,13.570399954915047
transition_warm,0.25,8,0.25,32,7,12.638499960303307
transition_first,0.25,8,0.25,32,8,12.71370006725192
transition_warm,0.25,8,0.25,32,8,13.121599913574755
transition_first,0.25,8,0.25,32,9,13.065199949778616
transition_warm,0.25,8,0.25,32,9,14.294699998572469
transition_first,1.0,4,0.25,16,0,26.095799985341728
transition_warm,1.0,4,0.25,16,0,27.14599994942546
transition_first,1.0,4,0.25,16,1,27.823999989777803
transition_warm,1.0,4,0.25,16,1,28.466599993407726
transition_first,1.0,4,0.25,16,2,28.090500039979815
transition_warm,1.0,4,0.25,16,2,28.191199991852045
transition_first,1.0,4,0.25,16,3,26.674199965782464
transition_warm,1.0,4,0.25,16,3,26.22430003248155
transition_first,1.0,4,0.25,16,4,26.193900033831596
transition_warm,1.0,4,0.25,16,4,25.869900011457503
transition_first,1.0,4,0.25,16,5,27.164199971593916
transition_warm,1.0,4,0.25,16,5,29.590200050733984
transition_first,1.0,4,0.25,16,6,27.232300024479628
transition_warm,1.0,4,0.25,16,6,25.522699928842485
transition_first,1.0,4,0.25,16,7,26.739699998870492
transition_warm,1.0,4,0.25,16,7,25.79159999731928
transition_first,1.0,4,0.25,16,8,28.97260000463575
transition_warm,1.0,4,0.25,16,8,27.75909996125847
transition_first,1.0,4,0.25,16,9,41.389299905858934
transition_warm,1.0,4,0.25,16,9,28.766600065864623
transition_first,0.25,8,0.75,16,0,141.1167000187561
transition_warm,0.25,8,0.75,16,0,140.02950000576675
transition_first,0.25,8,0.75,16,1,134.4464001012966
transition_warm,0.25,8,0.75,16,1,137.04219995997846
transition_first,0.25,8,0.75,16,2,146.46989991888404
transition_warm,0.25,8,0.75,16,2,135.0698999594897
transition_first,0.25,8,0.75,16,3,132.51099991612136
transition_warm,0.25,8,0.75,16,3,131.77370000630617
transition_first,0.25,8,0.75,16,4,130.34159992821515
transition_warm,0.25,8,0.75,16,4,158.44560007099062
transition_first,0.25,8,0.75,16,5,211.9825000409037
transition_warm,0.25,8,0.75,16,5,207.1293001063168
transition_first,0.25,8,0.75,16,6,201.9829999189824
transition_warm,0.25,8,0.75,16,6,166.86919995117933
transition_first,0.25,8,0.75,16,7,130.77990000601858
transition_warm,0.25,8,0.75,16,7,131.59740006085485
transition_first,0.25,8,0.75,16,8,139.35810001567006
transition_warm,0.25,8,0.75,16,8,139.90119996014982
transition_first,0.25,8,0.75,16,9,132.66729994211346
transition_warm,0.25,8,0.75,16,9,135.43829997070134
transition_first,1.0,4,0.25,8,0,26.44489996600896
transition_warm,1.0,4,0.25,8,0,26.222100015729666
transition_first,1.0,4,0.25,8,1,26.905399980023503
transition_warm,1.0,4,0.25,8,1,26.955400011502206
transition_first,1.0,4,0.25,8,2,29.710699920542538
transition_warm,1.0,4,0.25,8,2,25.660600047558546
transition_first,1.0,4,0.25,8,3,28.395300032570958
transition_warm,1.0,4,0.25,8,3,27.672800002619624
transition_first,1.0,4,0.25,8,4,27.2871000925079
transition_warm,1.0,4,0.25,8,4,26.0378000093624
transition_first,1.0,4,0.25,8,5,28.719699941575527
transition_warm,1.0,4,0.25,8,5,27.175300056114793
transition_first,1.0,4,0.25,8,6,27.090599993243814
transition_warm,1.0,4,0.25,8,6,28.591500013135374
transition_first,1.0,4,0.25,8,7,26.91340004093945
transition_warm,1.0,4,0.25,8,7,26.287399930879474
transition_first,1.0,4,0.25,8,8,27.687299996614456
transition_warm,1.0,4,0.25,8,8,27.010100078769028
transition_first,1.0,4,0.25,8,9,27.698999969288707
transition_warm,1.0,4,0.25,8,9,27.363399975001812
transition_first,0.75,16,0.25,8,0,28.21419993415475
transition_warm,0.75,16,0.25,8,0,27.12400001473725
transition_first,0.75,16,0.25,8,1,29.939700034447014
transition_warm,0.75,16,0.25,8,1,25.78099991660565
transition_first,0.75,16,0.25,8,2,26.859800098463893
transition_warm,0.75,16,0.25,8,2,24.69949994701892
transition_first,0.75,16,0.25,8,3,30.679899966344237
transition_warm,0.75,16,0.25,8,3,27.090599993243814
transition_first,0.75,16,0.25,8,4,28.00199994817376
transition_warm,0.75,16,0.25,8,4,26.324299979023635
transition_first,0.75,16,0.25,8,5,32.419800059869885
transition_warm,0.75,16,0.25,8,5,30.09750007186085
transition_first,0.75,16,0.25,8,6,28.28099997714162
transition_warm,0.75,16,0.25,8,6,24.963400093838573
transition_first,0.75,16,0.25,8,7,28.364200028590858
transition_warm,0.75,16,0.25,8,7,26.847900007851422
transition_first,0.75,16,0.25,8,8,28.209400014020503
transition_warm,0.75,16,0.25,8,8,25.844100047834218
transition_first,0.75,16,0.25,8,9,27.434999938122928
transition_warm,0.75,16,0.25,8,9,25.725499959662557
transition_first,0.75,32,0.75,4,0,133.55339993722737
transition_warm,0.75,32,0.75,4,0,134.3358000740409
transition_first,0.75,32,0.75,4,1,133.32340004853904
transition_warm,0.75,32,0.75,4,1,135.1211000001058
transition_first,0.75,32,0.75,4,2,143.27619993127882
transition_warm,0.75,32,0.75,4,2,136.19220000691712
transition_first,0.75,32,0.75,4,3,134.14179999381304
transition_warm,0.75,32,0.75,4,3,136.0698000062257
transition_first,0.75,32,0.75,4,4,135.2345000486821
transition_warm,0.75,32,0.75,4,4,134.12920001428574
transition_first,0.75,32,0.75,4,5,140.04359999671578
transition_warm,0.75,32,0.75,4,5,138.09450005646795
transition_first,0.75,32,0.75,4,6,133.08259996119887
transition_warm,0.75,32,0.75,4,6,133.44290002714843
transition_first,0.75,32,0.75,4,7,139.24209994729608
transition_warm,0.75,32,0.75,4,7,135.04480000119656
transition_first,0.75,32,0.75,4,8,131.95399998221546
transition_warm,0.75,32,0.75,4,8,134.4375000335276
transition_first,0.75,32,0.75,4,9,130.3120000520721
transition_warm,0.75,32,0.75,4,9,132.7149000717327
transition_first,1.0,4,0.5,16,0,66.3351999828592
transition_warm,1.0,4,0.5,16,0,63.53170005604625
transition_first,1.0,4,0.5,16,1,65.1864999672398
transition_warm,1.0,4,0.5,16,1,67.06959998700768
transition_first,1.0,4,0.5,16,2,64.82939992565662
transition_warm,1.0,4,0.5,16,2,65.91720005962998
transition_first,1.0,4,0.5,16,3,84.55649996176362
transition_warm,1.0,4,0.5,16,3,90.41509998496622
transition_first,1.0,4,0.5,16,4,67.99060001503676
transition_warm,1.0,4,0.5,16,4,67.0901999110356
transition_first,1.0,4,0.5,16,5,68.49199999123812
transition_warm,1.0,4,0.5,16,5,65.78200007788837
transition_first,1.0,4,0.5,16,6,67.05660000443459
transition_warm,1.0,4,0.5,16,6,70.46979991719127
transition_first,1.0,4,0.5,16,7,66.2982000503689
transition_warm,1.0,4,0.5,16,7,66.45159993786365
transition_first,1.0,4,0.5,16,8,66.87299988698214
transition_warm,1.0,4,0.5,16,8,67.39370001014322
transition_first,1.0,4,0.5,16,9,69.5815000217408
transition_warm,1.0,4,0.5,16,9,65.97819994203746
transition_first,0.5,16,0.25,16,0,27.49100001528859
transition_warm,0.5,16,0.25,16,0,25.52060002926737
transition_first,0.5,16,0.25,16,1,27.017600019462407
transition_warm,0.5,16,0.25,16,1,26.773499906994402
transition_first,0.5,16,0.25,16,2,26.33430005516857
transition_warm,0.5,16,0.25,16,2,28.597299940884113
transition_first,0.5,16,0.25,16,3,26.3374000787735
transition_warm,0.5,16,0.25,16,3,25.58439993299544
transition_first,0.5,16,0.25,16,4,27.558799949474633
transition_warm,0.5,16,0.25,16,4,25.909800082445145
transition_first,0.5,16,0.25,16,5,27.609299984760582
transition_warm,0.5,16,0.25,16,5,27.655899990350008
transition_first,0.5,16,0.25,16,6,29.501099954359233
transition_warm,0.5,16,0.25,16,6,31.302700052037835
transition_first,0.5,16,0.25,16,7,29.644900001585484
transition_warm,0.5,16,0.25,16,7,26.86620003078133
transition_first,0.5,16,0.25,16,8,27.87039999384433
transition_warm,0.5,16,0.25,16,8,27.73279999382794
transition_first,0.5,16,0.25,16,9,27.601599926128983
transition_warm,0.5,16,0.25,16,9,26.780700078234076
transition_first,0.75,16,1.0,16,0,227.85989998374134
transition_warm,0.75,16,1.0,16,0,228.97840000223368
transition_first,0.75,16,1.0,16,1,232.7303000492975
transition_warm,0.75,16,1.0,16,1,230.2710999501869
transition_first,0.75,16,1.0,16,2,228.0545000685379
transition_warm,0.75,16,1.0,16,2,229.07510004006326
transition_first,0.75,16,1.0,16,3,231.3292999751866
transition_warm,0.75,16,1.0,16,3,228.59519999474287
transition_first,0.75,16,1.0,16,4,233.3327999804169
transition_warm,0.75,16,1.0,16,4,230.73730000760406
transition_first,0.75,16,1.0,16,5,231.13159998320043
transition_warm,0.75,16,1.0,16,5,229.9386999802664
transition_first,0.75,16,1.0,16,6,308.0780999734998
transition_warm,0.75,16,1.0,16,6,332.5264999875799
transition_first,0.75,16,1.0,16,7,245.02399994526058
transition_warm,0.75,16,1.0,16,7,265.6002000439912
transition_first,0.75,16,1.0,16,8,250.3286999417469
transition_warm,0.75,16,1.0,16,8,241.08120007440448
transition_first,0.75,16,1.0,16,9,241.0278000170365
transition_warm,0.75,16,1.0,16,9,232.1846999693662
transition_first,1.0,8,0.75,4,0,145.62279998790473
transition_warm,1.0,8,0.75,4,0,137.2008000034839
transition_first,1.0,8,0.75,4,1,135.72920009028167
transition_warm,1.0,8,0.75,4,1,139.55810002516955
transition_first,1.0,8,0.75,4,2,142.27309997659177
transition_warm,1.0,8,0.75,4,2,134.0463999658823
transition_first,1.0,8,0.75,4,3,137.53659999929368
transition_warm,1.0,8,0.75,4,3,135.09629992768168
transition_first,1.0,8,0.75,4,4,142.04519998747855
transition_warm,1.0,8,0.75,4,4,141.48029999341816
transition_first,1.0,8,0.75,4,5,134.4018999952823
transition_warm,1.0,8,0.75,4,5,134.47599997743964
transition_first,1.0,8,0.75,4,6,139.16719995904714
transition_warm,1.0,8,0.75,4,6,134.95229999534786
transition_first,1.0,8,0.75,4,7,135.40999998804182
transition_warm,1.0,8,0.75,4,7,135.5172999901697
transition_first,1.0,8,0.75,4,8,135.0473000202328
transition_warm,1.0,8,0.75,4,8,135.3113999357447
transition_first,1.0,8,0.75,4,9,138.69170006364584
transition_warm,1.0,8,0.75,4,9,140.69989998824894
transition_first,1.0,16,0.5,4,0,70.55469998158514
transition_warm,1.0,16,0.5,4,0,71.00330002140254
transition_first,1.0,16,0.5,4,1,77.9760000295937
transition_warm,1.0,16,0.5,4,1,91.46510006394237
transition_first,1.0,16,0.5,4,2,94.89840001333505
transition_warm,1.0,16,0.5,4,2,98.37559994775802
transition_first,1.0,16,0.5,4,3,91.50720003526658
transition_warm,1.0,16,0.5,4,3,76.02259994018823
transition_first,1.0,16,0.5,4,4,74.77639999706298
transition_warm,1.0,16,0.5,4,4,68.78099997993559
transition_first,1.0,16,0.5,4,5,70.89009997434914
transition_warm,1.0,16,0.5,4,5,68.36390006355941
transition_first,1.0,16,0.5,4,6,67.44250003248453
transition_warm,1.0,16,0.5,4,6,69.09989996347576
transition_first,1.0,16,0.5,4,7,68.23099998291582
transition_warm,1.0,16,0.5,4,7,70.0331999687478
transition_first,1.0,16,0.5,4,8,70.33989997580647
transition_warm,1.0,16,0.5,4,8,68.08789994101971
transition_first,1.0,16,0.5,4,9,68.9298000652343
transition_warm,1.0,16,0.5,4,9,71.16499997209758
transition_first,1.0,8,0.75,32,0,52.69429995678365
transition_warm,1.0,8,0.75,32,0,52.2977999644354
transition_first,1.0,8,0.75,32,1,50.82499992568046
transition_warm,1.0,8,0.75,32,1,51.46690004039556
transition_first,1.0,8,0.75,32,2,54.46500005200505
transition_warm,1.0,8,0.75,32,2,53.94499993417412
transition_first,1.0,8,0.75,32,3,53.208000026643276
transition_warm,1.0,8,0.75,32,3,52.557399962097406
transition_first,1.0,8,0.75,32,4,52.92320006992668
transition_warm,1.0,8,0.75,32,4,53.76469995826483
transition_first,1.0,8,0.75,32,5,52.82649991568178
transition_warm,1.0,8,0.75,32,5,53.84999990928918
transition_first,1.0,8,0.75,32,6,52.87379992660135
transition_warm,1.0,8,0.75,32,6,53.08270000386983
transition_first,1.0,8,0.75,32,7,53.5349000710994
transition_warm,1.0,8,0.75,32,7,51.98509991168976
transition_first,1.0,8,0.75,32,8,53.276299964636564
transition_warm,1.0,8,0.75,32,8,54.34319993946701
transition_first,1.0,8,0.75,32,9,53.34199999924749
transition_warm,1.0,8,0.75,32,9,52.417000057175756
transition_first,1.0,4,0.25,32,0,14.295200002379715
transition_warm,1.0,4,0.25,32,0,13.644299935549498
transition_first,1.0,4,0.25,32,1,14.215199975296855
transition_warm,1.0,4,0.25,32,1,14.21020005363971
transition_first,1.0,4,0.25,32,2,15.167900011874735
transition_warm,1.0,4,0.25,32,2,11.99680007994175
transition_first,1.0,4,0.25,32,3,13.8341001002118
transition_warm,1.0,4,0.25,32,3,13.247399940155447
transition_first,1.0,4,0.25,32,4,13.724500080570579
transition_warm,1.0,4,0.25,32,4,13.279299950227141
transition_first,1.0,4,0.25,32,5,14.896699925884604
transition_warm,1.0,4,0.25,32,5,12.999400030821562
transition_first,1.0,4,0.25,32,6,13.77750001847744
transition_warm,1.0,4,0.25,32,6,13.294800068251789
transition_first,1.0,4,0.25,32,7,14.369499986059964
transition_warm,1.0,4,0.25,32,7,13.080699951387942
transition_first,1.0,4,0.25,32,8,14.837400056421757
transition_warm,1.0,4,0.25,32,8,13.830199954099953
transition_first,1.0,4,0.25,32,9,13.9552999753505
transition_warm,1.0,4,0.25,32,9,13.008200097829103
transition_first,1.0,4,1.0,16,0,231.33099998813123
transition_warm,1.0,4,1.0,16,0,231.92869999911636
transition_first,1.0,4,1.0,16,1,235.0218000356108
transition_warm,1.0,4,1.0,16,1,233.8103000074625
transition_first,1.0,4,1.0,16,2,228.34370005875826
transition_warm,1.0,4,1.0,16,2,234.4540999038145
transition_first,1.0,4,1.0,16,3,234.98539999127388
transition_warm,1.0,4,1.0,16,3,232.60740004479885
transition_first,1.0,4,1.0,16,4,234.19810004997998
transition_warm,1.0,4,1.0,16,4,233.76339999958873
transition_first,1.0,4,1.0,16,5,231.65709991008043
transition_warm,1.0,4,1.0,16,5,232.5266000116244
transition_first,1.0,4,1.0,16,6,231.4380999887362
transition_warm,1.0,4,1.0,16,6,232.20550001133233
transition_first,1.0,4,1.0,16,7,237.6211000373587
transition_warm,1.0,4,1.0,16,7,232.82489995472133
transition_first,1.0,4,1.0,16,8,232.04599996097386
transition_warm,1.0,4,1.0,16,8,236.26580007839948
transition_first,1.0,4,1.0,16,9,242.98320000525564
transition_warm,1.0,4,1.0,16,9,235.9452999662608
transition_first,0.5,8,0.75,32,0,53.5900000249967
transition_warm,0.5,8,0.75,32,0,52.22549999598414
transition_first,0.5,8,0.75,32,1,55.46189995948225
transition_warm,0.5,8,0.75,32,1,52.41360003128648
transition_first,0.5,8,0.75,32,2,51.98810005094856
transition_warm,0.5,8,0.75,32,2,53.49640001077205
transition_first,0.5,8,0.75,32,3,54.88859990146011
transition_warm,0.5,8,0.75,32,3,52.70080000627786
transition_first,0.5,8,0.75,32,4,55.40140008088201
transition_warm,0.5,8,0.75,32,4,52.53489990718663
transition_first,0.5,8,0.75,32,5,53.70019993279129
transition_warm,0.5,8,0.75,32,5,52.43939999490976
transition_first,0.5,8,0.75,32,6,54.158999933861196
transition_warm,0.5,8,0.75,32,6,52.12750006467104
transition_first,0.5,8,0.75,32,7,53.008100017905235
transition_warm,0.5,8,0.75,32,7,51.00720003247261
transition_first,0.5,8,0.75,32,8,53.491300088353455
transition_warm,0.5,8,0.75,32,8,51.43250001128763
transition_first,0.5,8,0.75,32,9,52.832999965175986
transition_warm,0.5,8,0.75,32,9,53.293799981474876
transition_first,0.25,32,0.5,16,0,66.72590004745871
transition_warm,0.25,32,0.5,16,0,69.11789998412132
transition_first,0.25,32,0.5,16,1,68.87770001776516
transition_warm,0.25,32,0.5,16,1,67.92479997966439
transition_first,0.25,32,0.5,16,2,71.09270000364631
transition_warm,0.25,32,0.5,16,2,68.55679990258068
transition_first,0.25,32,0.5,16,3,69.52270003966987
transition_warm,0.25,32,0.5,16,3,67.74760002736002
transition_first,0.25,32,0.5,16,4,67.04349990468472
transition_warm,0.25,32,0.5,16,4,68.21569998282939
transition_first,0.25,32,0.5,16,5,66.68859999626875
transition_warm,0.25,32,0.5,16,5,66.75390002783388
transition_first,0.25,32,0.5,16,6,67.42920004762709
transition_warm,0.25,32,0.5,16,6,67.71480001043528
transition_first,0.25,32,0.5,16,7,68.65199992898852
transition_warm,0.25,32,0.5,16,7,68.17500002216548
transition_first,0.25,32,0.5,16,8,67.37309996969998
transition_warm,0.25,32,0.5,16,8,68.01259994972497
transition_first,0.25,32,0.5,16,9,67.63070006854832
transition_warm,0.25,32,0.5,16,9,68.71969997882843
transition_first,0.25,8,0.75,4,0,137.565299984999
transition_warm,0.25,8,0.75,4,0,136.58699998632073
transition_first,0.25,8,0.75,4,1,136.10600004903972
transition_warm,0.25,8,0.75,4,1,138.2655999623239
transition_first,0.25,8,0.75,4,2,135.40819997433573
transition_warm,0.25,8,0.75,4,2,136.60779991187155
transition_first,0.25,8,0.75,4,3,136.0374999931082
transition_warm,0.25,8,0.75,4,3,140.2288000099361
transition_first,0.25,8,0.75,4,4,134.94239991996437
transition_warm,0.25,8,0.75,4,4,137.85030005965382
transition_first,0.25,8,0.75,4,5,140.4794999398291
transition_warm,0.25,8,0.75,4,5,148.97540002129972
transition_first,0.25,8,0.75,4,6,138.43950000591576
transition_warm,0.25,8,0.75,4,6,138.38600006420165
transition_first,0.25,8,0.75,4,7,133.92129994463176
transition_warm,0.25,8,0.75,4,7,136.43640000373125
transition_first,0.25,8,0.75,4,8,133.5927000036463
transition_warm,0.25,8,0.75,4,8,135.5933001032099
transition_first,0.25,8,0.75,4,9,133.32740007899702
transition_warm,0.25,8,0.75,4,9,133.83140007499605
transition_first,0.5,32,1.0,4,0,230.51249992568046
transition_warm,0.5,32,1.0,4,0,225.17710004467517
transition_first,0.5,32,1.0,4,1,230.85440008435398
transition_warm,0.5,32,1.0,4,1,231.06310004368424
transition_first,0.5,32,1.0,4,2,230.32640002202243
transition_warm,0.5,32,1.0,4,2,227.32900001574308
transition_first,0.5,32,1.0,4,3,248.32959997002035
transition_warm,0.5,32,1.0,4,3,230.28499993961304
transition_first,0.5,32,1.0,4,4,226.6310000559315
transition_warm,0.5,32,1.0,4,4,231.8972999928519
transition_first,0.5,32,1.0,4,5,287.8828999819234
transition_warm,0.5,32,1.0,4,5,347.8789000073448
transition_first,0.5,32,1.0,4,6,249.53019991517067
transition_warm,0.5,32,1.0,4,6,250.93700003344566
transition_first,0.5,32,1.0,4,7,238.11659996863455
transition_warm,0.5,32,1.0,4,7,228.45060005784035
transition_first,0.5,32,1.0,4,8,227.81319997739047
transition_warm,0.5,32,1.0,4,8,226.83189995586872
transition_first,0.5,32,1.0,4,9,231.2146999174729
transition_warm,0.5,32,1.0,4,9,232.1497000521049
transition_first,0.75,16,1.0,32,0,63.924400019459426
transition_warm,0.75,16,1.0,32,0,77.15300004929304
transition_first,0.75,16,1.0,32,1,78.01529997959733
transition_warm,0.75,16,1.0,32,1,79.89129994530231
transition_first,0.75,16,1.0,32,2,71.25210005324334
transition_warm,0.75,16,1.0,32,2,62.933199922554195
transition_first,0.75,16,1.0,32,3,61.806100071407855
transition_warm,0.75,16,1.0,32,3,59.910999960266054
transition_first,0.75,16,1.0,32,4,63.168899971060455
transition_warm,0.75,16,1.0,32,4,60.62480004038662
transition_first,0.75,16,1.0,32,5,63.83050000295043
transition_warm,0.75,16,1.0,32,5,62.282699975185096
transition_first,0.75,16,1.0,32,6,62.05710000358522
transition_warm,0.75,16,1.0,32,6,60.05759991239756
transition_first,0.75,16,1.0,32,7,62.03909998293966
transition_warm,0.75,16,1.0,32,7,60.2584999287501
transition_first,0.75,16,1.0,32,8,63.94050002563745
transition_warm,0.75,16,1.0,32,8,60.67449995316565
transition_first,0.75,16,1.0,32,9,63.20530001539737
transition_warm,0.75,16,1.0,32,9,61.175899929367006
transition_first,1.0,16,0.75,8,0,135.7248000567779
transition_warm,1.0,16,0.75,8,0,135.18930005375296
transition_first,1.0,16,0.75,8,1,159.3422000296414
transition_warm,1.0,16,0.75,8,1,132.3443999281153
transition_first,1.0,16,0.75,8,2,133.8122000452131
transition_warm,1.0,16,0.75,8,2,130.9071999276057
transition_first,1.0,16,0.75,8,3,137.57170003373176
transition_warm,1.0,16,0.75,8,3,132.06109998282045
transition_first,1.0,16,0.75,8,4,134.4411000609398
transition_warm,1.0,16,0.75,8,4,131.97730004321784
transition_first,1.0,16,0.75,8,5,138.435700093396
transition_warm,1.0,16,0.75,8,5,132.59040005505085
transition_first,1.0,16,0.75,8,6,134.46299999486655
transition_warm,1.0,16,0.75,8,6,133.95749998744577
transition_first,1.0,16,0.75,8,7,137.69570004660636
transition_warm,1.0,16,0.75,8,7,132.71810009609908
transition_first,1.0,16,0.75,8,8,137.26089999545366
transition_warm,1.0,16,0.75,8,8,132.51839997246861
transition_first,1.0,16,0.75,8,9,136.8518000235781
transition_warm,1.0,16,0.75,8,9,133.3007999928668
transition_first,0.5,16,0.25,8,0,26.26439998857677
transition_warm,0.5,16,0.25,8,0,26.524499990046024
transition_first,0.5,16,0.25,8,1,27.920500026084483
transition_warm,0.5,16,0.25,8,1,24.577399948611856
transition_first,0.5,16,0.25,8,2,27.006400050595403
transition_warm,0.5,16,0.25,8,2,25.60049993917346
transition_first,0.5,16,0.25,8,3,26.576300035230815
transition_warm,0.5,16,0.25,8,3,26.83800004888326
transition_first,0.5,16,0.25,8,4,26.502499938942492
transition_warm,0.5,16,0.25,8,4,26.27899998333305
transition_first,0.5,16,0.25,8,5,26.819400023669004
transition_warm,0.5,16,0.25,8,5,25.628600036725402
transition_first,0.5,16,0.25,8,6,27.527299942448735
transition_warm,0.5,16,0.25,8,6,24.498100043274462
transition_first,0.5,16,0.25,8,7,26.33440005593002
transition_warm,0.5,16,0.25,8,7,25.8005999494344
transition_first,0.5,16,0.25,8,8,26.216100086458027
transition_warm,0.5,16,0.25,8,8,26.67639998253435
transition_first,0.5,16,0.25,8,9,25.87360003963113
transition_warm,0.5,16,0.25,8,9,30.62500001396984
transition_first,1.0,16,0.25,4,0,26.644599973224103
transition_warm,1.0,16,0.25,4,0,27.554000029340386
transition_first,1.0,16,0.25,4,1,29.283099924214184
transition_warm,1.0,16,0.25,4,1,25.64390003681183
transition_first,1.0,16,0.25,4,2,30.843800050206482
transition_warm,1.0,16,0.25,4,2,26.26009995583445
transition_first,1.0,16,0.25,4,3,27.6766000315547
transition_warm,1.0,16,0.25,4,3,26.69690002221614
transition_first,1.0,16,0.25,4,4,28.156899963505566
transition_warm,1.0,16,0.25,4,4,26.145500014536083
transition_first,1.0,16,0.25,4,5,27.12069998960942
transition_warm,1.0,16,0.25,4,5,27.564399992115796
transition_first,1.0,16,0.25,4,6,25.63640009611845
transition_warm,1.0,16,0.25,4,6,26.240199920721352
transition_first,1.0,16,0.25,4,7,26.241700048558414
transition_warm,1.0,16,0.25,4,7,26.70729998499155
transition_first,1.0,16,0.25,4,8,26.459299959242344
transition_warm,1.0,16,0.25,4,8,28.95639999769628
transition_first,1.0,16,0.25,4,9,26.306499959900975
transition_warm,1.0,16,0.25,4,9,26.076699956320226
transition_first,0.5,16,0.75,32,0,51.16219993215054
transition_warm,0.5,16,0.75,32,0,51.088200067169964
transition_first,0.5,16,0.75,32,1,50.268499995581806
transition_warm,0.5,16,0.75,32,1,50.32090004533529
transition_first,0.5,16,0.75,32,2,49.67980005312711
transition_warm,0.5,16,0.75,32,2,49.99550001230091
transition_first,0.5,16,0.75,32,3,50.788799999281764
transition_warm,0.5,16,0.75,32,3,49.61459990590811
transition_first,0.5,16,0.75,32,4,52.203600062057376
transition_warm,0.5,16,0.75,32,4,50.10209989268333
transition_first,0.5,16,0.75,32,5,51.147300051525235
transition_warm,0.5,16,0.75,32,5,48.17259998526424
transition_first,0.5,16,0.75,32,6,50.225599901750684
transition_warm,0.5,16,0.75,32,6,50.25179998483509
transition_first,0.5,16,0.75,32,7,50.68880005273968
transition_warm,0.5,16,0.75,32,7,50.10739993304014
transition_first,0.5,16,0.75,32,8,51.028599962592125
transition_warm,0.5,16,0.75,32,8,50.028800033032894
transition_first,0.5,16,0.75,32,9,51.69200000818819
transition_warm,0.5,16,0.75,32,9,52.62670002412051
transition_first,0.25,32,0.75,8,0,136.64939999580383
transition_warm,0.25,32,0.75,8,0,132.8183999285102
transition_first,0.25,32,0.75,8,1,132.25769996643066
transition_warm,0.25,32,0.75,8,1,139.1063000774011
transition_first,0.25,32,0.75,8,2,134.9005000665784
transition_warm,0.25,32,0.75,8,2,133.9945999206975
transition_first,0.25,32,0.75,8,3,134.90569998975843
transition_warm,0.25,32,0.75,8,3,139.63209989015013
transition_first,0.25,32,0.75,8,4,134.4724000664428
transition_warm,0.25,32,0.75,8,4,134.29899991024286
transition_first,0.25,32,0.75,8,5,134.67689999379218
transition_warm,0.25,32,0.75,8,5,138.26589996460825
transition_first,0.25,32,0.75,8,6,134.2988999094814
transition_warm,0.25,32,0.75,8,6,137.84300000406802
transition_first,0.25,32,0.75,8,7,136.99460006318986
transition_warm,0.25,32,0.75,8,7,136.05870003812015
transition_first,0.25,32,0.75,8,8,131.9130000192672
transition_warm,0.25,32,0.75,8,8,133.5151999955997
transition_first,0.25,32,0.75,8,9,131.81519997306168
transition_warm,0.25,32,0.75,8,9,132.86959996912628
transition_first,0.75,16,0.25,32,0,15.202099923044443
transition_warm,0.75,16,0.25,32,0,12.524900026619434
transition_first,0.75,16,0.25,32,1,15.154700027778745
transition_warm,0.75,16,0.25,32,1,14.834600035101175
transition_first,0.75,16,0.25,32,2,14.660899993032217
transition_warm,0.75,16,0.25,32,2,13.132799998857081
transition_first,0.75,16,0.25,32,3,14.311600010842085
transition_warm,0.75,16,0.25,32,3,13.483599992468953
transition_first,0.75,16,0.25,32,4,15.696899965405464
transition_warm,0.75,16,0.25,32,4,13.340899953618646
transition_first,0.75,16,0.25,32,5,14.871999970637262
transition_warm,0.75,16,0.25,32,5,13.941499986685812
transition_first,0.75,16,0.25,32,6,14.409900060854852
transition_warm,0.75,16,0.25,32,6,13.469099998474121
transition_first,0.75,16,0.25,32,7,15.228499891236424
transition_warm,0.75,16,0.25,32,7,13.756100088357925
transition_first,0.75,16,0.25,32,8,15.382300014607608
transition_warm,0.75,16,0.25,32,8,13.441000017337501
transition_first,0.75,16,0.25,32,9,18.99890007916838
transition_warm,0.75,16,0.25,32,9,13.396599912084639
transition_first,0.25,4,0.75,8,0,134.95390000753105
transition_warm,0.25,4,0.75,8,0,133.9540999615565
transition_first,0.25,4,0.75,8,1,130.6335999397561
transition_warm,0.25,4,0.75,8,1,139.72039998043329
transition_first,0.25,4,0.75,8,2,136.68720005080104
transition_warm,0.25,4,0.75,8,2,136.99759996961802
transition_first,0.25,4,0.75,8,3,130.3798999870196
transition_warm,0.25,4,0.75,8,3,136.57460000831634
transition_first,0.25,4,0.75,8,4,131.9010000443086
transition_warm,0.25,4,0.75,8,4,132.22920009866357
transition_first,0.25,4,0.75,8,5,131.69870001729578
transition_warm,0.25,4,0.75,8,5,138.76939995680004
transition_first,0.25,4,0.75,8,6,132.98029999714345
transition_warm,0.25,4,0.75,8,6,135.4064999613911
transition_first,0.25,4,0.75,8,7,137.1044999687001
transition_warm,0.25,4,0.75,8,7,135.56920003611594
transition_first,0.25,4,0.75,8,8,135.6365999672562
transition_warm,0.25,4,0.75,8,8,132.81760003883392
transition_first,0.25,4,0.75,8,9,133.15030001103878
transition_warm,0.25,4,0.75,8,9,135.58750005904585
transition_first,0.75,4,0.75,8,0,129.6381000429392
transition_warm,0.75,4,0.75,8,0,133.60960001591593
transition_first,0.75,4,0.75,8,1,133.19550000596792
transition_warm,0.75,4,0.75,8,1,133.13990004826337
transition_first,0.75,4,0.75,8,2,137.9381000297144
transition_warm,0.75,4,0.75,8,2,133.660199935548
transition_first,0.75,4,0.75,8,3,134.8178000189364
transition_warm,0.75,4,0.75,8,3,137.30519998352975
transition_first,0.75,4,0.75,8,4,133.70330003090203
transition_warm,0.75,4,0.75,8,4,176.91129993181676
transition_first,0.75,4,0.75,8,5,139.9119000416249
transition_warm,0.75,4,0.75,8,5,136.78619998972863
transition_first,0.75,4,0.75,8,6,135.75769995804876
transition_warm,0.75,4,0.75,8,6,136.50669995695353
transition_first,0.75,4,0.75,8,7,137.54140003584325
transition_warm,0.75,4,0.75,8,7,136.21669996064156
transition_first,0.75,4,0.75,8,8,144.2370000295341
transition_warm,0.75,4,0.75,8,8,225.57510004844517
transition_first,0.75,4,0.75,8,9,259.6017000032589
transition_warm,0.75,4,0.75,8,9,145.72809997480363
transition_first,0.5,4,0.5,8,0,68.77399992663413
transition_warm,0.5,4,0.5,8,0,69.56049997825176
transition_first,0.5,4,0.5,8,1,67.27710005361587
transition_warm,0.5,4,0.5,8,1,68.11020011082292
transition_first,0.5,4,0.5,8,2,118.34609997458756
transition_warm,0.5,4,0.5,8,2,84.19860003050417
transition_first,0.5,4,0.5,8,3,67.07709992770106
transition_warm,0.5,4,0.5,8,3,68.13649996183813
transition_first,0.5,4,0.5,8,4,69.85129998065531
transition_warm,0.5,4,0.5,8,4,66.4388999575749
transition_first,0.5,4,0.5,8,5,143.64110003225505
transition_warm,0.5,4,0.5,8,5,73.39999999385327
transition_first,0.5,4,0.5,8,6,68.19530006032437
transition_warm,0.5,4,0.5,8,6,68.52750002872199
transition_first,0.5,4,0.5,8,7,66.7000999674201
transition_warm,0.5,4,0.5,8,7,68.95079999230802
transition_first,0.5,4,0.5,8,8,125.02449995372444
transition_warm,0.5,4,0.5,8,8,96.97439998853952
transition_first,0.5,4,0.5,8,9,67.00020004063845
transition_warm,0.5,4,0.5,8,9,67.20939988736063
transition_first,0.75,16,0.75,8,0,141.32459997199476
transition_warm,0.75,16,0.75,8,0,252.8824000619352
transition_first,0.75,16,0.75,8,1,155.83479998167604
transition_warm,0.75,16,0.75,8,1,132.83949997276068
transition_first,0.75,16,0.75,8,2,135.42250008322299
transition_warm,0.75,16,0.75,8,2,181.01579998619854
transition_first,0.75,16,0.75,8,3,141.93410007283092
transition_warm,0.75,16,0.75,8,3,135.28889999724925
transition_first,0.75,16,0.75,8,4,171.92049999721348
transition_warm,0.75,16,0.75,8,4,136.6359000094235
transition_first,0.75,16,0.75,8,5,133.42159998137504
transition_warm,0.75,16,0.75,8,5,136.20329997502267
transition_first,0.75,16,0.75,8,6,131.12749997526407
transition_warm,0.75,16,0.75,8,6,137.33810000121593
transition_first,0.75,16,0.75,8,7,150.28520009946078
transition_warm,0.75,16,0.75,8,7,133.24660004582256
transition_first,0.75,16,0.75,8,8,138.63559998571873
transition_warm,0.75,16,0.75,8,8,144.88579996395856
transition_first,0.75,16,0.75,8,9,167.15540003497154
transition_warm,0.75,16,0.75,8,9,139.086400042288
transition_first,0.75,8,0.75,32,0,52.01510002370924
transition_warm,0.75,8,0.75,32,0,51.434500026516616
transition_first,0.75,8,0.75,32,1,52.477900055237114
transition_warm,0.75,8,0.75,32,1,50.929600023664534
transition_first,0.75,8,0.75,32,2,51.384199992753565
transition_warm,0.75,8,0.75,32,2,52.61360004078597
transition_first,0.75,8,0.75,32,3,52.88169998675585
transition_warm,0.75,8,0.75,32,3,50.652400008402765
transition_first,0.75,8,0.75,32,4,52.41489992477
transition_warm,0.75,8,0.75,32,4,50.662799971178174
transition_first,0.75,8,0.75,32,5,53.305400069803
transition_warm,0.75,8,0.75,32,5,51.01459997240454
transition_first,0.75,8,0.75,32,6,54.077700013294816
transition_warm,0.75,8,0.75,32,6,53.09349996969104
transition_first,0.75,8,0.75,32,7,54.05150004662573
transition_warm,0.75,8,0.75,32,7,52.831799956038594
transition_first,0.75,8,0.75,32,8,53.515600040555
transition_warm,0.75,8,0.75,32,8,51.556000020354986
transition_first,0.75,8,0.75,32,9,54.32999995537102
transition_warm,0.75,8,0.75,32,9,52.06620006356388
transition_first,1.0,16,0.5,32,0,29.257099959068
transition_warm,1.0,16,0.5,32,0,26.41580009367317
transition_first,1.0,16,0.5,32,1,28.274600044824183
transition_warm,1.0,16,0.5,32,1,26.628199964761734
transition_first,1.0,16,0.5,32,2,29.226999962702394
transition_warm,1.0,16,0.5,32,2,27.593799983151257
transition_first,1.0,16,0.5,32,3,27.891900041140616
transition_warm,1.0,16,0.5,32,3,28.14750000834465
transition_first,1.0,16,0.5,32,4,27.7662998996675
transition_warm,1.0,16,0.5,32,4,27.108200010843575
transition_first,1.0,16,0.5,32,5,27.751500019803643
transition_warm,1.0,16,0.5,32,5,26.47759998217225
transition_first,1.0,16,0.5,32,6,29.968800023198128
transition_warm,1.0,16,0.5,32,6,26.8004999961704
transition_first,1.0,16,0.5,32,7,29.96069996152073
transition_warm,1.0,16,0.5,32,7,26.35599998757243
transition_first,1.0,16,0.5,32,8,28.280400088988245
transition_warm,1.0,16,0.5,32,8,25.94439999666065
transition_first,1.0,16,0.5,32,9,28.430799953639507
transition_warm,1.0,16,0.5,32,9,26.750799966976047
transition_first,1.0,32,0.75,16,0,132.2908999864012
transition_warm,1.0,32,0.75,16,0,132.13149993680418
transition_first,1.0,32,0.75,16,1,133.22379998862743
transition_warm,1.0,32,0.75,16,1,136.81719999294728
transition_first,1.0,32,0.75,16,2,133.97880003321916
transition_warm,1.0,32,0.75,16,2,134.0876999311149
transition_first,1.0,32,0.75,16,3,134.57709993235767
transition_warm,1.0,32,0.75,16,3,137.7407000400126
transition_first,1.0,32,0.75,16,4,133.6577000329271
transition_warm,1.0,32,0.75,16,4,137.92390003800392
transition_first,1.0,32,0.75,16,5,132.07409996539354
transition_warm,1.0,32,0.75,16,5,134.1045000590384
transition_first,1.0,32,0.75,16,6,132.68979999702424
transition_warm,1.0,32,0.75,16,6,140.22440009284765
transition_first,1.0,32,0.75,16,7,135.5739999562502
transition_warm,1.0,32,0.75,16,7,135.58770006056875
transition_first,1.0,32,0.75,16,8,134.1272999998182
transition_warm,1.0,32,0.75,16,8,133.33970005623996
transition_first,1.0,32,0.75,16,9,133.2867998862639
transition_warm,1.0,32,0.75,16,9,134.61440009996295
transition_first,0.5,32,1.0,32,0,60.27749995701015
transition_warm,0.5,32,1.0,32,0,61.82459997944534
transition_first,0.5,32,1.0,32,1,60.64829998649657
transition_warm,0.5,32,1.0,32,1,61.20260001625866
transition_first,0.5,32,1.0,32,2,60.85100001655519
transition_warm,0.5,32,1.0,32,2,60.78910001087934
transition_first,0.5,32,1.0,32,3,61.49380002170801
transition_warm,0.5,32,1.0,32,3,60.30279991682619
transition_first,0.5,32,1.0,32,4,61.05129991192371
transition_warm,0.5,32,1.0,32,4,59.93410001974553
transition_first,0.5,32,1.0,32,5,62.08790000528097
transition_warm,0.5,32,1.0,32,5,61.277100001461804
transition_first,0.5,32,1.0,32,6,60.68260001484305
transition_warm,0.5,32,1.0,32,6,61.483200057409704
transition_first,0.5,32,1.0,32,7,63.98420000914484
transition_warm,0.5,32,1.0,32,7,61.18910002987832
transition_first,0.5,32,1.0,32,8,60.25559990666807
transition_warm,0.5,32,1.0,32,8,60.193599900230765
transition_first,0.5,32,1.0,32,9,79.13930003996938
transition_warm,0.5,32,1.0,32,9,60.80910004675388
transition_first,0.75,8,0.25,8,0,27.631600038148463
transition_warm,0.75,8,0.25,8,0,26.572100003249943
transition_first,0.75,8,0.25,8,1,27.599399909377098
transition_warm,0.75,8,0.25,8,1,26.231700088828802
transition_first,0.75,8,0.25,8,2,28.082100092433393
transition_warm,0.75,8,0.25,8,2,24.1304999217391
transition_first,0.75,8,0.25,8,3,29.91929999552667
transition_warm,0.75,8,0.25,8,3,27.735400013625622
transition_first,0.75,8,0.25,8,4,27.150799985975027
transition_warm,0.75,8,0.25,8,4,26.768999989144504
transition_first,0.75,8,0.25,8,5,27.78460003901273
transition_warm,0.75,8,0.25,8,5,28.031399939209223
transition_first,0.75,8,0.25,8,6,25.8316999534145
transition_warm,0.75,8,0.25,8,6,26.980799972079694
transition_first,0.75,8,0.25,8,7,28.43390009365976
transition_warm,0.75,8,0.25,8,7,25.99299990106374
transition_first,0.75,8,0.25,8,8,27.88949990645051
transition_warm,0.75,8,0.25,8,8,26.467000017873943
transition_first,0.75,8,0.25,8,9,27.12789992801845
transition_warm,0.75,8,0.25,8,9,27.354300022125244
transition_first,1.0,8,1.0,16,0,246.01200001779944
transition_warm,1.0,8,1.0,16,0,226.7062000464648
transition_first,1.0,8,1.0,16,1,234.88770006224513
transition_warm,1.0,8,1.0,16,1,222.56869997363538
transition_first,1.0,8,1.0,16,2,227.11800003889948
transition_warm,1.0,8,1.0,16,2,227.98049997072667
transition_first,1.0,8,1.0,16,3,229.33570004533976
transition_warm,1.0,8,1.0,16,3,230.96209997311234
transition_first,1.0,8,1.0,16,4,229.20619999058545
transition_warm,1.0,8,1.0,16,4,226.85959993395954
transition_first,1.0,8,1.0,16,5,229.84589997213334
transition_warm,1.0,8,1.0,16,5,227.12709999177605
transition_first,1.0,8,1.0,16,6,231.40459996648133
transition_warm,1.0,8,1.0,16,6,230.68849998526275
transition_first,1.0,8,1.0,16,7,228.89090003445745
transition_warm,1.0,8,1.0,16,7,225.1966999610886
transition_first,1.0,8,1.0,16,8,225.14849994331598
transition_warm,1.0,8,1.0,16,8,226.24019999057055
transition_first,1.0,8,1.0,16,9,225.79120006412268
transition_warm,1.0,8,1.0,16,9,229.45300000719726
transition_first,0.25,8,0.5,4,0,64.80609998106956
transition_warm,0.25,8,0.5,4,0,65.55920001119375
transition_first,0.25,8,0.5,4,1,67.8166999714449
transition_warm,0.25,8,0.5,4,1,66.16859999485314
transition_first,0.25,8,0.5,4,2,66.42490008380264
transition_warm,0.25,8,0.5,4,2,65.65309991128743
transition_first,0.25,8,0.5,4,3,65.29479997698218
transition_warm,0.25,8,0.5,4,3,64.76199999451637
transition_first,0.25,8,0.5,4,4,65.17309998162091
transition_warm,0.25,8,0.5,4,4,67.38160003442317
transition_first,0.25,8,0.5,4,5,68.382199970074
transition_warm,0.25,8,0.5,4,5,67.82220001332462
transition_first,0.25,8,0.5,4,6,64.9649000260979
transition_warm,0.25,8,0.5,4,6,65.33200002741069
transition_first,0.25,8,0.5,4,7,65.1970999315381
transition_warm,0.25,8,0.5,4,7,65.02300000283867
transition_first,0.25,8,0.5,4,8,64.20819996856153
transition_warm,0.25,8,0.5,4,8,66.39630009885877
transition_first,0.25,8,0.5,4,9,66.03290000930429
transition_warm,0.25,8,0.5,4,9,67.36330001149327
transition_first,1.0,4,0.75,8,0,137.95470003969967
transition_warm,1.0,4,0.75,8,0,135.0840999512002
transition_first,1.0,4,0.75,8,1,134.80130000971258
transition_warm,1.0,4,0.75,8,1,133.98429995868355
transition_first,1.0,4,0.75,8,2,135.9138999832794
transition_warm,1.0,4,0.75,8,2,132.1756000397727
transition_first,1.0,4,0.75,8,3,132.59699998889118
transition_warm,1.0,4,0.75,8,3,135.60459995642304
transition_first,1.0,4,0.75,8,4,133.58529994729906
transition_warm,1.0,4,0.75,8,4,136.24330004677176
transition_first,1.0,4,0.75,8,5,131.89700001385063
transition_warm,1.0,4,0.75,8,5,137.37339992076159
transition_first,1.0,4,0.75,8,6,133.74019996263087
transition_warm,1.0,4,0.75,8,6,136.1069999402389
transition_first,1.0,4,0.75,8,7,137.00470002368093
transition_warm,1.0,4,0.75,8,7,137.60150002781302
transition_first,1.0,4,0.75,8,8,139.67049994971603
transition_warm,1.0,4,0.75,8,8,136.9066999759525
transition_first,1.0,4,0.75,8,9,134.94969997555017
transition_warm,1.0,4,0.75,8,9,141.2506999913603
transition_first,0.75,4,0.5,4,0,66.43010000698268
transition_warm,0.75,4,0.5,4,0,65.60169998556376
transition_first,0.75,4,0.5,4,1,63.87660000473261
transition_warm,0.75,4,0.5,4,1,67.05269997473806
transition_first,0.75,4,0.5,4,2,69.5758000947535
transition_warm,0.75,4,0.5,4,2,65.60620001982898
transition_first,0.75,4,0.5,4,3,69.53829992562532
transition_warm,0.75,4,0.5,4,3,65.71980006992817
transition_first,0.75,4,0.5,4,4,69.57699998747557
transition_warm,0.75,4,0.5,4,4,67.00209993869066
transition_first,0.75,4,0.5,4,5,68.27230006456375
transition_warm,0.75,4,0.5,4,5,66.39819999691099
transition_first,0.75,4,0.5,4,6,65.40369999129325
transition_warm,0.75,4,0.5,4,6,66.8797999387607
transition_first,0.75,4,0.5,4,7,66.95939996279776
transition_warm,0.75,4,0.5,4,7,65.45530003495514
transition_first,0.75,4,0.5,4,8,65.63440000172704
transition_warm,0.75,4,0.5,4,8,66.94619997870177
transition_first,0.75,4,0.5,4,9,65.37149997893721
transition_warm,0.75,4,0.5,4,9,65.40710001718253
transition_first,1.0,16,0.75,32,0,52.66169994138181
transition_warm,1.0,16,0.75,32,0,50.28709990438074
transition_first,1.0,16,0.75,32,1,50.77759991399944
transition_warm,1.0,16,0.75,32,1,50.42610003147274
transition_first,1.0,16,0.75,32,2,58.111100108362734
transition_warm,1.0,16,0.75,32,2,52.40150005556643
transition_first,1.0,16,0.75,32,3,53.239500033669174
transition_warm,1.0,16,0.75,32,3,49.78180001489818
transition_first,1.0,16,0.75,32,4,51.42439994961023
transition_warm,1.0,16,0.75,32,4,50.33060000278056
transition_first,1.0,16,0.75,32,5,51.59380007535219
transition_warm,1.0,16,0.75,32,5,50.735099939629436
transition_first,1.0,16,0.75,32,6,51.350400084629655
transition_warm,1.0,16,0.75,32,6,50.2426999155432
transition_first,1.0,16,0.75,32,7,50.756199983879924
transition_warm,1.0,16,0.75,32,7,49.66820008121431
transition_first,1.0,16,0.75,32,8,52.55989998113364
transition_warm,1.0,16,0.75,32,8,51.46470002364367
transition_first,1.0,16,0.75,32,9,50.86309998296201
transition_warm,1.0,16,0.75,32,9,51.08010000549257
transition_first,0.25,4,1.0,4,0,227.92979993391782
transition_warm,0.25,4,1.0,4,0,226.16780002135783
transition_first,0.25,4,1.0,4,1,225.78430001158267
transition_warm,0.25,4,1.0,4,1,234.53610006254166
transition_first,0.25,4,1.0,4,2,226.70739993918687
transition_warm,0.25,4,1.0,4,2,228.00600004848093
transition_first,0.25,4,1.0,4,3,226.4084001071751
transition_warm,0.25,4,1.0,4,3,226.2996000936255
transition_first,0.25,4,1.0,4,4,228.63649995997548
transition_warm,0.25,4,1.0,4,4,230.0946000032127
transition_first,0.25,4,1.0,4,5,227.3156000301242
transition_warm,0.25,4,1.0,4,5,226.3445999706164
transition_first,0.25,4,1.0,4,6,230.0130999647081
transition_warm,0.25,4,1.0,4,6,230.08500004652888
transition_first,0.25,4,1.0,4,7,225.84830003324896
transition_warm,0.25,4,1.0,4,7,227.58259996771812
transition_first,0.25,4,1.0,4,8,224.0465999348089
transition_warm,0.25,4,1.0,4,8,225.71270004846156
transition_first,0.25,4,1.0,4,9,224.85400002915412
transition_warm,0.25,4,1.0,4,9,228.6609000293538
transition_first,0.5,4,0.75,8,0,139.048199984245
transition_warm,0.5,4,0.75,8,0,135.08319994434714
transition_first,0.5,4,0.75,8,1,134.67179995495826
transition_warm,0.5,4,0.75,8,1,133.44740006141365
transition_first,0.5,4,0.75,8,2,133.45050008501858
transition_warm,0.5,4,0.75,8,2,137.4823999358341
transition_first,0.5,4,0.75,8,3,131.78349996451288
transition_warm,0.5,4,0.75,8,3,133.43420007731766
transition_first,0.5,4,0.75,8,4,132.4636999052018
transition_warm,0.5,4,0.75,8,4,131.10180001240224
transition_first,0.5,4,0.75,8,5,130.19339996390045
transition_warm,0.5,4,0.75,8,5,134.03770001605153
transition_first,0.5,4,0.75,8,6,133.9299000101164
transition_warm,0.5,4,0.75,8,6,136.94380002561957
transition_first,0.5,4,0.75,8,7,135.2269999915734
transition_warm,0.5,4,0.75,8,7,137.4534999486059
transition_first,0.5,4,0.75,8,8,133.23459995444864
transition_warm,0.5,4,0.75,8,8,144.01450008153915
transition_first,0.5,4,0.75,8,9,132.9283999511972
transition_warm,0.5,4,0.75,8,9,132.56779999937862
transition_first,0.75,4,0.25,8,0,27.636599959805608
transition_warm,0.75,4,0.25,8,0,24.943600059486926
transition_first,0.75,4,0.25,8,1,28.127799974754453
transition_warm,0.75,4,0.25,8,1,27.762599987909198
transition_first,0.75,4,0.25,8,2,27.44390000589192
transition_warm,0.75,4,0.25,8,2,27.10279996972531
transition_first,0.75,4,0.25,8,3,27.85249997396022
transition_warm,0.75,4,0.25,8,3,27.472799993120134
transition_first,0.75,4,0.25,8,4,26.415300089865923
transition_warm,0.75,4,0.25,8,4,25.838100002147257
transition_first,0.75,4,0.25,8,5,27.87190000526607
transition_warm,0.75,4,0.25,8,5,26.029700064100325
transition_first,0.75,4,0.25,8,6,27.10920001845807
transition_warm,0.75,4,0.25,8,6,26.042599929496646
transition_first,0.75,4,0.25,8,7,28.447799966670573
transition_warm,0.75,4,0.25,8,7,25.626200018450618
transition_first,0.75,4,0.25,8,8,28.52359996177256
transition_warm,0.75,4,0.25,8,8,26.468300027772784
transition_first,0.75,4,0.25,8,9,27.83350006211549
transition_warm,0.75,4,0.25,8,9,27.956799953244627
transition_first,0.25,16,0.5,32,0,28.091900050640106
transition_warm,0.25,16,0.5,32,0,26.79909998551011
transition_first,0.25,16,0.5,32,1,26.72809991054237
transition_warm,0.25,16,0.5,32,1,27.185000013560057
transition_first,0.25,16,0.5,32,2,27.444500010460615
transition_warm,0.25,16,0.5,32,2,28.07949995622039
transition_first,0.25,16,0.5,32,3,25.936600053682923
transition_warm,0.25,16,0.5,32,3,27.220999938435853
transition_first,0.25,16,0.5,32,4,27.04389998689294
transition_warm,0.25,16,0.5,32,4,26.512800017371774
transition_first,0.25,16,0.5,32,5,27.761699981056154
transition_warm,0.25,16,0.5,32,5,27.6142000220716
transition_first,0.25,16,0.5,32,6,27.315799961797893
transition_warm,0.25,16,0.5,32,6,27.680200058966875
transition_first,0.25,16,0.5,32,7,27.629099902696908
transition_warm,0.25,16,0.5,32,7,27.50160009600222
transition_first,0.25,16,0.5,32,8,28.76079990528524
transition_warm,0.25,16,0.5,32,8,29.75520002655685
transition_first,0.25,16,0.5,32,9,27.98040001653135
transition_warm,0.25,16,0.5,32,9,29.444299987517297
transition_first,1.0,16,0.75,16,0,133.1538000376895
transition_warm,1.0,16,0.75,16,0,139.73489997442812
transition_first,1.0,16,0.75,16,1,135.5571000603959
transition_warm,1.0,16,0.75,16,1,136.54009997844696
transition_first,1.0,16,0.75,16,2,137.02530006412417
transition_warm,1.0,16,0.75,16,2,139.14530002512038
transition_first,1.0,16,0.75,16,3,137.5128000508994
transition_warm,1.0,16,0.75,16,3,138.0627000471577
transition_first,1.0,16,0.75,16,4,136.79500005673617
transition_warm,1.0,16,0.75,16,4,135.72919997386634
transition_first,1.0,16,0.75,16,5,137.50119996257126
transition_warm,1.0,16,0.75,16,5,136.15420006681234
transition_first,1.0,16,0.75,16,6,189.6974000846967
transition_warm,1.0,16,0.75,16,6,179.48509997222573
transition_first,1.0,16,0.75,16,7,135.13519999105483
transition_warm,1.0,16,0.75,16,7,138.06380005553365
transition_first,1.0,16,0.75,16,8,137.21129996702075
transition_warm,1.0,16,0.75,16,8,136.6666000103578
transition_first,1.0,16,0.75,16,9,189.90060000214726
transition_warm,1.0,16,0.75,16,9,180.57309999130666
transition_first,0.75,32,0.25,4,0,33.63310010172427
transition_warm,0.75,32,0.25,4,0,28.945600031875074
transition_first,0.75,32,0.25,4,1,30.22039995994419
transition_warm,0.75,32,0.25,4,1,27.6686999714002
transition_first,0.75,32,0.25,4,2,30.66800010856241
transition_warm,0.75,32,0.25,4,2,34.27740000188351
transition_first,0.75,32,0.25,4,3,33.22059998754412
transition_warm,0.75,32,0.25,4,3,32.515999977476895
transition_first,0.75,32,0.25,4,4,43.95299998577684
transition_warm,0.75,32,0.25,4,4,114.70320005901158
transition_first,0.75,32,0.25,4,5,31.159300007857382
transition_warm,0.75,32,0.25,4,5,30.182600021362305
transition_first,0.75,32,0.25,4,6,38.57969993259758
transition_warm,0.75,32,0.25,4,6,31.663000001572073
transition_first,0.75,32,0.25,4,7,76.07060007285327
transition_warm,0.75,32,0.25,4,7,50.218500080518425
transition_first,0.75,32,0.25,4,8,41.338799986988306
transition_warm,0.75,32,0.25,4,8,40.170300053432584
transition_first,0.75,32,0.25,4,9,44.149399967864156
transition_warm,0.75,32,0.25,4,9,44.7462999727577
transition_first,0.25,8,1.0,4,0,332.9174999380484
transition_warm,0.25,8,1.0,4,0,312.08419997710735
transition_first,0.25,8,1.0,4,1,231.88029997982085
transition_warm,0.25,8,1.0,4,1,225.51819996442646
transition_first,0.25,8,1.0,4,2,231.5820000367239
transition_warm,0.25,8,1.0,4,2,230.6060999399051
transition_first,0.25,8,1.0,4,3,226.70530003961176
transition_warm,0.25,8,1.0,4,3,227.92049997951835
transition_first,0.25,8,1.0,4,4,228.58430002816021
transition_warm,0.25,8,1.0,4,4,230.95200001262128
transition_first,0.25,8,1.0,4,5,225.48110003117472
transition_warm,0.25,8,1.0,4,5,228.41420001350343
transition_first,0.25,8,1.0,4,6,228.2330000307411
transition_warm,0.25,8,1.0,4,6,229.14299997501075
transition_first,0.25,8,1.0,4,7,225.71209992747754
transition_warm,0.25,8,1.0,4,7,226.124000037089
transition_first,0.25,8,1.0,4,8,222.28340001311153
transition_warm,0.25,8,1.0,4,8,228.05140004493296
transition_first,0.25,8,1.0,4,9,225.94199993181974
transition_warm,0.25,8,1.0,4,9,229.4992000097409
transition_first,0.25,8,1.0,32,0,60.558500001206994
transition_warm,0.25,8,1.0,32,0,62.552900053560734
transition_first,0.25,8,1.0,32,1,60.004299972206354
transition_warm,0.25,8,1.0,32,1,60.55439996998757
transition_first,0.25,8,1.0,32,2,62.23739997949451
transition_warm,0.25,8,1.0,32,2,60.779300052672625
transition_first,0.25,8,1.0,32,3,62.06699996255338
transition_warm,0.25,8,1.0,32,3,61.03890005033463
transition_first,0.25,8,1.0,32,4,60.8414999442175
transition_warm,0.25,8,1.0,32,4,60.30410004314035
transition_first,0.25,8,1.0,32,5,60.189499985426664
transition_warm,0.25,8,1.0,32,5,62.36810004338622
transition_first,0.25,8,1.0,32,6,61.036800034344196
transition_warm,0.25,8,1.0,32,6,59.77269995491952
transition_first,0.25,8,1.0,32,7,61.176099930889904
transition_warm,0.25,8,1.0,32,7,60.20479998551309
transition_first,0.25,8,1.0,32,8,61.733099981211126
transition_warm,0.25,8,1.0,32,8,60.39430003147572
transition_first,0.25,8,1.0,32,9,61.71450007241219
transition_warm,0.25,8,1.0,32,9,60.89840002823621
transition_first,0.75,16,0.5,32,0,28.16830005031079
transition_warm,0.75,16,0.5,32,0,28.462699963711202
transition_first,0.75,16,0.5,32,1,28.96530006546527
transition_warm,0.75,16,0.5,32,1,28.324599959887564
transition_first,0.75,16,0.5,32,2,30.51670000422746
transition_warm,0.75,16,0.5,32,2,26.672599953599274
transition_first,0.75,16,0.5,32,3,38.109199958853424
transition_warm,0.75,16,0.5,32,3,34.76419998332858
transition_first,0.75,16,0.5,32,4,34.33080005925149
transition_warm,0.75,16,0.5,32,4,33.52469997480512
transition_first,0.75,16,0.5,32,5,37.68860001582652
transition_warm,0.75,16,0.5,32,5,33.76610006671399
transition_first,0.75,16,0.5,32,6,32.712999964132905
transition_warm,0.75,16,0.5,32,6,27.601200039498508
transition_first,0.75,16,0.5,32,7,30.546599999070168
transition_warm,0.75,16,0.5,32,7,28.809999930672348
transition_first,0.75,16,0.5,32,8,29.745200066827238
transition_warm,0.75,16,0.5,32,8,27.05119992606342
transition_first,0.75,16,0.5,32,9,29.654699959792197
transition_warm,0.75,16,0.5,32,9,26.99370007030666
transition_first,0.5,32,0.75,16,0,129.93850000202656
transition_warm,0.5,32,0.75,16,0,136.75509998574853
transition_first,0.5,32,0.75,16,1,136.56400004401803
transition_warm,0.5,32,0.75,16,1,133.13380000181496
transition_first,0.5,32,0.75,16,2,132.405300042592
transition_warm,0.5,32,0.75,16,2,138.16279999446124
transition_first,0.5,32,0.75,16,3,141.22729992959648
transition_warm,0.5,32,0.75,16,3,134.59419994615018
transition_first,0.5,32,0.75,16,4,145.53019998129457
transition_warm,0.5,32,0.75,16,4,132.65769998542964
transition_first,0.5,32,0.75,16,5,131.45419990178198
transition_warm,0.5,32,0.75,16,5,133.12650006264448
transition_first,0.5,32,0.75,16,6,136.25079998746514
transition_warm,0.5,32,0.75,16,6,133.53969994932413
transition_first,0.5,32,0.75,16,7,133.19879991468042
transition_warm,0.5,32,0.75,16,7,137.6103999791667
transition_first,0.5,32,0.75,16,8,134.46580001618713
transition_warm,0.5,32,0.75,16,8,135.32040000427514
transition_first,0.5,32,0.75,16,9,132.584200007841
transition_warm,0.5,32,0.75,16,9,135.6596000259742
transition_first,0.25,8,0.5,32,0,29.30319996085018
transition_warm,0.25,8,0.5,32,0,27.60809997562319
transition_first,0.25,8,0.5,32,1,27.181099983863533
transition_warm,0.25,8,0.5,32,1,28.568599955178797
transition_first,0.25,8,0.5,32,2,27.967400033958256
transition_warm,0.25,8,0.5,32,2,28.009400004521012
transition_first,0.25,8,0.5,32,3,28.788399999029934
transition_warm,0.25,8,0.5,32,3,27.347699971869588
transition_first,0.25,8,0.5,32,4,28.2524999929592
transition_warm,0.25,8,0.5,32,4,29.989499947987497
transition_first,0.25,8,0.5,32,5,28.066399972885847
transition_warm,0.25,8,0.5,32,5,27.35660003963858
transition_first,0.25,8,0.5,32,6,27.883099974133074
transition_warm,0.25,8,0.5,32,6,28.003199957311153
transition_first,0.25,8,0.5,32,7,27.497599949128926
transition_warm,0.25,8,0.5,32,7,26.194200036115944
transition_first,0.25,8,0.5,32,8,27.938799932599068
transition_warm,0.25,8,0.5,32,8,27.300699963234365
transition_first,0.25,8,0.5,32,9,27.987100067548454
transition_warm,0.25,8,0.5,32,9,27.378099970519543
transition_first,0.5,4,0.25,32,0,14.037699904292822
transition_warm,0.5,4,0.25,32,0,14.494000002741814
transition_first,0.5,4,0.25,32,1,13.323600054718554
transition_warm,0.5,4,0.25,32,1,13.088100007735193
transition_first,0.5,4,0.25,32,2,13.654000009410083
transition_warm,0.5,4,0.25,32,2,12.8496999386698
transition_first,0.5,4,0.25,32,3,12.782699894160032
transition_warm,0.5,4,0.25,32,3,13.233999954536557
transition_first,0.5,4,0.25,32,4,13.465699972584844
transition_warm,0.5,4,0.25,32,4,13.583100051619112
transition_first,0.5,4,0.25,32,5,14.074700069613755
transition_warm,0.5,4,0.25,32,5,12.577499961480498
transition_first,0.5,4,0.25,32,6,12.998499907553196
transition_warm,0.5,4,0.25,32,6,13.275500037707388
transition_first,0.5,4,0.25,32,7,13.430400053039193
transition_warm,0.5,4,0.25,32,7,13.151200022548437
transition_first,0.5,4,0.25,32,8,13.26779997907579
transition_warm,0.5,4,0.25,32,8,12.99960003234446
transition_first,0.5,4,0.25,32,9,13.171300059184432
transition_warm,0.5,4,0.25,32,9,12.934900005348027
transition_first,0.75,16,0.75,4,0,140.13690000865608
transition_warm,0.75,16,0.75,4,0,140.4993999749422
transition_first,0.75,16,0.75,4,1,138.45860003493726
transition_warm,0.75,16,0.75,4,1,145.6784000620246
transition_first,0.75,16,0.75,4,2,142.64610002283007
transition_warm,0.75,16,0.75,4,2,137.29600002989173
transition_first,0.75,16,0.75,4,3,135.58369991369545
transition_warm,0.75,16,0.75,4,3,139.23450000584126
transition_first,0.75,16,0.75,4,4,139.110799995251
transition_warm,0.75,16,0.75,4,4,135.53670002147555
transition_first,0.75,16,0.75,4,5,137.14060001075268
transition_warm,0.75,16,0.75,4,5,133.7292999960482
transition_first,0.75,16,0.75,4,6,135.0891999900341
transition_warm,0.75,16,0.75,4,6,136.8550000479445
transition_first,0.75,16,0.75,4,7,133.01400002092123
transition_warm,0.75,16,0.75,4,7,135.9638998983428
transition_first,0.75,16,0.75,4,8,134.37220000196248
transition_warm,0.75,16,0.75,4,8,133.97450000047684
transition_first,0.75,16,0.75,4,9,133.58469994273037
transition_warm,0.75,16,0.75,4,9,133.389399969019
transition_first,1.0,8,0.5,16,0,66.84709992259741
transition_warm,1.0,8,0.5,16,0,65.30440005008131
transition_first,1.0,8,0.5,16,1,66.65159994736314
transition_warm,1.0,8,0.5,16,1,65.89760002680123
transition_first,1.0,8,0.5,16,2,81.2235000776127
transition_warm,1.0,8,0.5,16,2,65.15000003855675
transition_first,1.0,8,0.5,16,3,68.03399999625981
transition_warm,1.0,8,0.5,16,3,65.97509991843253
transition_first,1.0,8,0.5,16,4,68.55810002889484
transition_warm,1.0,8,0.5,16,4,68.09620000422001
transition_first,1.0,8,0.5,16,5,66.68569997418672
transition_warm,1.0,8,0.5,16,5,66.85140007175505
transition_first,1.0,8,0.5,16,6,66.85960001777858
transition_warm,1.0,8,0.5,16,6,66.31269992794842
transition_first,1.0,8,0.5,16,7,66.96610001381487
transition_warm,1.0,8,0.5,16,7,66.94739998783916
transition_first,1.0,8,0.5,16,8,67.74580001365393
transition_warm,1.0,8,0.5,16,8,67.39209999796003
transition_first,1.0,8,0.5,16,9,64.97269996907562
transition_warm,1.0,8,0.5,16,9,65.41169993579388
transition_first,0.5,4,1.0,4,0,246.7685000738129
transition_warm,0.5,4,1.0,4,0,233.49559993948787
transition_first,0.5,4,1.0,4,1,225.55700002703816
transition_warm,0.5,4,1.0,4,1,226.3192000100389
transition_first,0.5,4,1.0,4,2,227.31670003850013
transition_warm,0.5,4,1.0,4,2,227.33079991303384
transition_first,0.5,4,1.0,4,3,228.60110003966838
transition_warm,0.5,4,1.0,4,3,227.1007999079302
transition_first,0.5,4,1.0,4,4,230.08520004805177
transition_warm,0.5,4,1.0,4,4,226.76959994714707
transition_first,0.5,4,1.0,4,5,228.1819999916479
transition_warm,0.5,4,1.0,4,5,229.37590000219643
transition_first,0.5,4,1.0,4,6,236.8521000025794
transition_warm,0.5,4,1.0,4,6,230.60199990868568
transition_first,0.5,4,1.0,4,7,225.8861999725923
transition_warm,0.5,4,1.0,4,7,227.35860000830144
transition_first,0.5,4,1.0,4,8,228.0148999998346
transition_warm,0.5,4,1.0,4,8,226.86040005646646
transition_first,0.5,4,1.0,4,9,227.11650002747774
transition_warm,0.5,4,1.0,4,9,226.77459998521954
transition_first,0.75,4,1.0,16,0,226.53350001201034
transition_warm,0.75,4,1.0,16,0,237.98570001963526
transition_first,0.75,4,1.0,16,1,223.64179999567568
transition_warm,0.75,4,1.0,16,1,225.18499998841435
transition_first,0.75,4,1.0,16,2,225.48160003498197
transition_warm,0.75,4,1.0,16,2,227.616099989973
transition_first,0.75,4,1.0,16,3,235.98709993530065
transition_warm,0.75,4,1.0,16,3,230.1689999876544
transition_first,0.75,4,1.0,16,4,227.3686999687925
transition_warm,0.75,4,1.0,16,4,223.6206999514252
transition_first,0.75,4,1.0,16,5,228.66169991903007
transition_warm,0.75,4,1.0,16,5,230.38189997896552
transition_first,0.75,4,1.0,16,6,229.29849999491125
transition_warm,0.75,4,1.0,16,6,230.30980001203716
transition_first,0.75,4,1.0,16,7,227.74340002797544
transition_warm,0.75,4,1.0,16,7,228.5891999490559
transition_first,0.75,4,1.0,16,8,225.55849992204458
transition_warm,0.75,4,1.0,16,8,230.15279998071492
transition_first,0.75,4,1.0,16,9,230.03310000058264
transition_warm,0.75,4,1.0,16,9,224.03359995223582
transition_first,0.75,32,0.5,32,0,28.388599981553853
transition_warm,0.75,32,0.5,32,0,27.638199971988797
transition_first,0.75,32,0.5,32,1,27.531899977475405
transition_warm,0.75,32,0.5,32,1,27.613100013695657
transition_first,0.75,32,0.5,32,2,29.262099997140467
transition_warm,0.75,32,0.5,32,2,27.77409995906055
transition_first,0.75,32,0.5,32,3,27.974699973128736
transition_warm,0.75,32,0.5,32,3,28.041600016877055
transition_first,0.75,32,0.5,32,4,28.727800003252923
transition_warm,0.75,32,0.5,32,4,28.40539999306202
transition_first,0.75,32,0.5,32,5,27.786500053480268
transition_warm,0.75,32,0.5,32,5,27.508199913427234
transition_first,0.75,32,0.5,32,6,26.717500062659383
transition_warm,0.75,32,0.5,32,6,27.04379998613149
transition_first,0.75,32,0.5,32,7,28.78930000588298
transition_warm,0.75,32,0.5,32,7,27.353999903425574
transition_first,0.75,32,0.5,32,8,27.089199982583523
transition_warm,0.75,32,0.5,32,8,27.56840002257377
transition_first,0.75,32,0.5,32,9,26.68960008304566
transition_warm,0.75,32,0.5,32,9,26.80370002053678
transition_first,0.75,32,0.5,16,0,64.25599998328835
transition_warm,0.75,32,0.5,16,0,66.06230000033975
transition_first,0.75,32,0.5,16,1,66.56209996435791
transition_warm,0.75,32,0.5,16,1,65.14770002104342
transition_first,0.75,32,0.5,16,2,66.05310004670173
transition_warm,0.75,32,0.5,16,2,64.89139993209392
transition_first,0.75,32,0.5,16,3,63.77470004372299
transition_warm,0.75,32,0.5,16,3,65.39470003917813
transition_first,0.75,32,0.5,16,4,65.34650002140552
transition_warm,0.75,32,0.5,16,4,64.73999994341284
transition_first,0.75,32,0.5,16,5,63.22709994856268
transition_warm,0.75,32,0.5,16,5,66.02260004729033
transition_first,0.75,32,0.5,16,6,64.53490001149476
transition_warm,0.75,32,0.5,16,6,67.35750008374453
transition_first,0.75,32,0.5,16,7,64.93780005257577
transition_warm,0.75,32,0.5,16,7,68.12920002266765
transition_first,0.75,32,0.5,16,8,64.34460007585585
transition_warm,0.75,32,0.5,16,8,64.87539992667735
transition_first,0.75,32,0.5,16,9,64.40939998719841
transition_warm,0.75,32,0.5,16,9,66.30459998268634
transition_first,1.0,4,0.5,8,0,68.01420007832348
transition_warm,1.0,4,0.5,8,0,68.53699998464435
transition_first,1.0,4,0.5,8,1,64.94029995519668
transition_warm,1.0,4,0.5,8,1,64.79309999849647
transition_first,1.0,4,0.5,8,2,67.36529991030693
transition_warm,1.0,4,0.5,8,2,65.82690007053316
transition_first,1.0,4,0.5,8,3,66.20110000949353
transition_warm,1.0,4,0.5,8,3,67.55349994637072
transition_first,1.0,4,0.5,8,4,78.23390001431108
transition_warm,1.0,4,0.5,8,4,66.7006999719888
transition_first,1.0,4,0.5,8,5,67.21430004108697
transition_warm,1.0,4,0.5,8,5,67.48620001599193
transition_first,1.0,4,0.5,8,6,67.48019997030497
transition_warm,1.0,4,0.5,8,6,75.5555999930948
transition_first,1.0,4,0.5,8,7,67.65589991118759
transition_warm,1.0,4,0.5,8,7,67.23430007696152
transition_first,1.0,4,0.5,8,8,68.56880011036992
transition_warm,1.0,4,0.5,8,8,66.28370005637407
transition_first,1.0,4,0.5,8,9,67.41280003916472
transition_warm,1.0,4,0.5,8,9,67.54339998587966
transition_first,0.5,16,0.25,32,0,14.578000060282648
transition_warm,0.5,16,0.25,32,0,13.309699948877096
transition_first,0.5,16,0.25,32,1,12.721600010991096
transition_warm,0.5,16,0.25,32,1,13.630199944600463
transition_first,0.5,16,0.25,32,2,13.594700023531914
transition_warm,0.5,16,0.25,32,2,13.116299989633262
transition_first,0.5,16,0.25,32,3,13.89299996662885
transition_warm,0.5,16,0.25,32,3,14.074599952436984
transition_first,0.5,16,0.25,32,4,14.102799934335053
transition_warm,0.5,16,0.25,32,4,13.498399988748133
transition_first,0.5,16,0.25,32,5,13.435399974696338
transition_warm,0.5,16,0.25,32,5,12.7640999853611
transition_first,0.5,16,0.25,32,6,13.79830006044358
transition_warm,0.5,16,0.25,32,6,13.233199948444963
transition_first,0.5,16,0.25,32,7,14.756799908354878
transition_warm,0.5,16,0.25,32,7,14.578900067135692
transition_first,0.5,16,0.25,32,8,27.250099927186966
transition_warm,0.5,16,0.25,32,8,26.441699941642582
transition_first,0.5,16,0.25,32,9,17.485199961811304
transition_warm,0.5,16,0.25,32,9,15.343500068411231
transition_first,0.25,32,0.5,32,0,31.461499980650842
transition_warm,0.25,32,0.5,32,0,36.45789995789528
transition_first,0.25,32,0.5,32,1,30.908400076441467
transition_warm,0.25,32,0.5,32,1,30.284399981610477
transition_first,0.25,32,0.5,32,2,29.622900066897273
transition_warm,0.25,32,0.5,32,2,28.460299945436418
transition_first,0.25,32,0.5,32,3,29.84239999204874
transition_warm,0.25,32,0.5,32,3,28.54309999383986
transition_first,0.25,32,0.5,32,4,28.68240000680089
transition_warm,0.25,32,0.5,32,4,27.549899998120964
transition_first,0.25,32,0.5,32,5,26.973300031386316
transition_warm,0.25,32,0.5,32,5,26.416299981065094
transition_first,0.25,32,0.5,32,6,29.48399994056672
transition_warm,0.25,32,0.5,32,6,27.174800052307546
transition_first,0.25,32,0.5,32,7,27.605799958109856
transition_warm,0.25,32,0.5,32,7,28.503800043836236
transition_first,0.25,32,0.5,32,8,27.548399986699224
transition_warm,0.25,32,0.5,32,8,27.884699986316264
transition_first,0.25,32,0.5,32,9,27.78010000474751
transition_warm,0.25,32,0.5,32,9,27.833599946461618
transition_first,0.5,32,0.25,16,0,26.488599949516356
transition_warm,0.5,32,0.25,16,0,26.352700078859925
transition_first,0.5,32,0.25,16,1,26.434100000187755
transition_warm,0.5,32,0.25,16,1,25.67780006211251
transition_first,0.5,32,0.25,16,2,26.878600008785725
transition_warm,0.5,32,0.25,16,2,25.03299992531538
transition_first,0.5,32,0.25,16,3,25.981900049373507
transition_warm,0.5,32,0.25,16,3,25.781900039874017
transition_first,0.5,32,0.25,16,4,25.175900082103908
transition_warm,0.5,32,0.25,16,4,25.775999994948506
transition_first,0.5,32,0.25,16,5,25.797199923545122
transition_warm,0.5,32,0.25,16,5,26.92209999077022
transition_first,0.5,32,0.25,16,6,26.493699988350272
transition_warm,0.5,32,0.25,16,6,28.736199950799346
transition_first,0.5,32,0.25,16,7,26.084700017236173
transition_warm,0.5,32,0.25,16,7,25.556000065989792
transition_first,0.5,32,0.25,16,8,25.95439995639026
transition_warm,0.5,32,0.25,16,8,26.1859999736771
transition_first,0.5,32,0.25,16,9,25.31930000986904
transition_warm,0.5,32,0.25,16,9,27.72979997098446
transition_first,0.5,8,0.75,8,0,132.7879000455141
transition_warm,0.5,8,0.75,8,0,134.72049997653812
transition_first,0.5,8,0.75,8,1,131.5944999223575
transition_warm,0.5,8,0.75,8,1,131.41770008951426
transition_first,0.5,8,0.75,8,2,131.79619994480163
transition_warm,0.5,8,0.75,8,2,131.87729998026043
transition_first,0.5,8,0.75,8,3,131.77530001848936
transition_warm,0.5,8,0.75,8,3,133.24700004886836
transition_first,0.5,8,0.75,8,4,131.3592999940738
transition_warm,0.5,8,0.75,8,4,135.06570004392415
transition_first,0.5,8,0.75,8,5,131.55879999976605
transition_warm,0.5,8,0.75,8,5,130.70740003604442
transition_first,0.5,8,0.75,8,6,131.56659994274378
transition_warm,0.5,8,0.75,8,6,138.65109998732805
transition_first,0.5,8,0.75,8,7,134.84150008298457
transition_warm,0.5,8,0.75,8,7,137.18399999197572
transition_first,0.5,8,0.75,8,8,135.07219997700304
transition_warm,0.5,8,0.75,8,8,145.84750006906688
transition_first,0.5,8,0.75,8,9,134.64720000047237
transition_warm,0.5,8,0.75,8,9,136.80570002179593
transition_first,0.75,4,0.5,8,0,65.35559997428209
transition_warm,0.75,4,0.5,8,0,66.24980003107339
transition_first,0.75,4,0.5,8,1,67.41210003383458
transition_warm,0.75,4,0.5,8,1,68.02800006698817
transition_first,0.75,4,0.5,8,2,66.82880001608282
transition_warm,0.75,4,0.5,8,2,67.3534000525251
transition_first,0.75,4,0.5,8,3,68.20460001472384
transition_warm,0.75,4,0.5,8,3,65.02700003329664
transition_first,0.75,4,0.5,8,4,66.84560002759099
transition_warm,0.75,4,0.5,8,4,66.39299995731562
transition_first,0.75,4,0.5,8,5,66.93470000755042
transition_warm,0.75,4,0.5,8,5,67.19259999226779
transition_first,0.75,4,0.5,8,6,66.54789997264743
transition_warm,0.75,4,0.5,8,6,68.34300002083182
transition_first,0.75,4,0.5,8,7,68.51360003929585
transition_warm,0.75,4,0.5,8,7,65.9690999891609
transition_first,0.75,4,0.5,8,8,67.58900010026991
transition_warm,0.75,4,0.5,8,8,69.2877999972552
transition_first,0.75,4,0.5,8,9,68.43189999926835
transition_warm,0.75,4,0.5,8,9,65.79949997831136
transition_first,0.75,8,1.0,4,0,226.67559992987663
transition_warm,0.75,8,1.0,4,0,227.71880007348955
transition_first,0.75,8,1.0,4,1,229.41269993316382
transition_warm,0.75,8,1.0,4,1,231.38879996258765
transition_first,0.75,8,1.0,4,2,227.732100058347
transition_warm,0.75,8,1.0,4,2,225.6819000467658
transition_first,0.75,8,1.0,4,3,230.3836999926716
transition_warm,0.75,8,1.0,4,3,229.52229995280504
transition_first,0.75,8,1.0,4,4,225.98119999747723
transition_warm,0.75,8,1.0,4,4,232.70890000276268
transition_first,0.75,8,1.0,4,5,226.9617000129074
transition_warm,0.75,8,1.0,4,5,229.5388999627903
transition_first,0.75,8,1.0,4,6,227.7606000425294
transition_warm,0.75,8,1.0,4,6,233.26849995646626
transition_first,0.75,8,1.0,4,7,227.30170004069805
transition_warm,0.75,8,1.0,4,7,226.29719995893538
transition_first,0.75,8,1.0,4,8,228.4743000054732
transition_warm,0.75,8,1.0,4,8,225.71409994270653
transition_first,0.75,8,1.0,4,9,230.55989993736148
transition_warm,0.75,8,1.0,4,9,228.7286000791937
transition_first,1.0,32,0.25,32,0,13.314299983903766
transition_warm,1.0,32,0.25,32,0,12.61900004465133
transition_first,1.0,32,0.25,32,1,13.734900043345988
transition_warm,1.0,32,0.25,32,1,14.383799978531897
transition_first,1.0,32,0.25,32,2,12.682300060987473
transition_warm,1.0,32,0.25,32,2,14.594599953852594
transition_first,1.0,32,0.25,32,3,13.376099988818169
transition_warm,1.0,32,0.25,32,3,13.721000053919852
transition_first,1.0,32,0.25,32,4,13.432499952614307
transition_warm,1.0,32,0.25,32,4,13.129400089383125
transition_first,1.0,32,0.25,32,5,13.893899973481894
transition_warm,1.0,32,0.25,32,5,12.848499929532409
transition_first,1.0,32,0.25,32,6,13.146499986760318
transition_warm,1.0,32,0.25,32,6,13.119500013999641
transition_first,1.0,32,0.25,32,7,13.8928999658674
transition_warm,1.0,32,0.25,32,7,14.670599950477481
transition_first,1.0,32,0.25,32,8,13.361000106669962
transition_warm,1.0,32,0.25,32,8,12.71520007867366
transition_first,1.0,32,0.25,32,9,13.42630002181977
transition_warm,1.0,32,0.25,32,9,12.628600001335144
transition_first,0.75,4,0.25,32,0,16.36280003003776
transition_warm,0.75,4,0.25,32,0,13.15530005376786
transition_first,0.75,4,0.25,32,1,16.0921000642702
transition_warm,0.75,4,0.25,32,1,13.78510007634759
transition_first,0.75,4,0.25,32,2,15.517499996349216
transition_warm,0.75,4,0.25,32,2,13.523499947041273
transition_first,0.75,4,0.25,32,3,14.726100023835897
transition_warm,0.75,4,0.25,32,3,13.624700019136071
transition_first,0.75,4,0.25,32,4,15.2631999226287
transition_warm,0.75,4,0.25,32,4,16.687699942849576
transition_first,0.75,4,0.25,32,5,15.435499954037368
transition_warm,0.75,4,0.25,32,5,13.078400050289929
transition_first,0.75,4,0.25,32,6,14.415100100450218
transition_warm,0.75,4,0.25,32,6,13.905500061810017
transition_first,0.75,4,0.25,32,7,15.315300086513162
transition_warm,0.75,4,0.25,32,7,14.156999997794628
transition_first,0.75,4,0.25,32,8,15.413500019349158
transition_warm,0.75,4,0.25,32,8,12.697699945420027
transition_first,0.75,4,0.25,32,9,14.63380001951009
transition_warm,0.75,4,0.25,32,9,14.08730004914105
transition_first,1.0,16,1.0,32,0,60.96640008036047
transition_warm,1.0,16,1.0,32,0,59.90229989401996
transition_first,1.0,16,1.0,32,1,63.066900009289384
transition_warm,1.0,16,1.0,32,1,62.30440002400428
transition_first,1.0,16,1.0,32,2,61.86269992031157
transition_warm,1.0,16,1.0,32,2,60.63439999707043
transition_first,1.0,16,1.0,32,3,62.20050004776567
transition_warm,1.0,16,1.0,32,3,62.39229999482632
transition_first,1.0,16,1.0,32,4,64.3802999984473
transition_warm,1.0,16,1.0,32,4,60.303499922156334
transition_first,1.0,16,1.0,32,5,62.09110002964735
transition_warm,1.0,16,1.0,32,5,61.15490000229329
transition_first,1.0,16,1.0,32,6,63.40280000586063
transition_warm,1.0,16,1.0,32,6,59.457700001075864
transition_first,1.0,16,1.0,32,7,64.1142000677064
transition_warm,1.0,16,1.0,32,7,61.26290000975132
transition_first,1.0,16,1.0,32,8,62.74020008277148
transition_warm,1.0,16,1.0,32,8,60.79649995081127
transition_first,1.0,16,1.0,32,9,63.888799981214106
transition_warm,1.0,16,1.0,32,9,61.039799940772355
transition_first,0.75,4,1.0,4,0,241.63000006228685
transition_warm,0.75,4,1.0,4,0,233.27150009572506
transition_first,0.75,4,1.0,4,1,227.6469999924302
transition_warm,0.75,4,1.0,4,1,228.79869991447777
transition_first,0.75,4,1.0,4,2,228.38709992356598
transition_warm,0.75,4,1.0,4,2,231.28340009134263
transition_first,0.75,4,1.0,4,3,227.19980007968843
transition_warm,0.75,4,1.0,4,3,229.823499917984
transition_first,0.75,4,1.0,4,4,226.48429998662323
transition_warm,0.75,4,1.0,4,4,227.92809992097318
transition_first,0.75,4,1.0,4,5,231.1551000457257
transition_warm,0.75,4,1.0,4,5,274.2926999926567
transition_first,0.75,4,1.0,4,6,233.66300005000085
transition_warm,0.75,4,1.0,4,6,236.01530003361404
transition_first,0.75,4,1.0,4,7,230.8756000129506
transition_warm,0.75,4,1.0,4,7,234.41859998274595
transition_first,0.75,4,1.0,4,8,229.94109999854118
transition_warm,0.75,4,1.0,4,8,227.4609999731183
transition_first,0.75,4,1.0,4,9,228.26850006822497
transition_warm,0.75,4,1.0,4,9,228.5450000781566
transition_first,0.75,32,0.25,8,0,27.86000003106892
transition_warm,0.75,32,0.25,8,0,25.738799944519997
transition_first,0.75,32,0.25,8,1,26.0571000399068
transition_warm,0.75,32,0.25,8,1,27.161699952557683
transition_first,0.75,32,0.25,8,2,26.020399993285537
transition_warm,0.75,32,0.25,8,2,27.050300035625696
transition_first,0.75,32,0.25,8,3,29.052200028672814
transition_warm,0.75,32,0.25,8,3,24.607499944977462
transition_first,0.75,32,0.25,8,4,25.81059990916401
transition_warm,0.75,32,0.25,8,4,28.021500096656382
transition_first,0.75,32,0.25,8,5,26.537599973380566
transition_warm,0.75,32,0.25,8,5,26.20500000193715
transition_first,0.75,32,0.25,8,6,27.167099993675947
transition_warm,0.75,32,0.25,8,6,26.220300002023578
transition_first,0.75,32,0.25,8,7,25.77389997895807
transition_warm,0.75,32,0.25,8,7,26.094899978488684
transition_first,0.75,32,0.25,8,8,26.101800031028688
transition_warm,0.75,32,0.25,8,8,25.611700024455786
transition_first,0.75,32,0.25,8,9,27.45959989260882
transition_warm,0.75,32,0.25,8,9,34.814200014807284
transition_first,1.0,32,0.5,16,0,67.60140007827431
transition_warm,1.0,32,0.5,16,0,65.92960003763437
transition_first,1.0,32,0.5,16,1,66.36450008954853
transition_warm,1.0,32,0.5,16,1,65.25559991132468
transition_first,1.0,32,0.5,16,2,64.63030003942549
transition_warm,1.0,32,0.5,16,2,64.67419990804046
transition_first,1.0,32,0.5,16,3,68.56980000156909
transition_warm,1.0,32,0.5,16,3,67.26149993482977
transition_first,1.0,32,0.5,16,4,67.64839997049421
transition_warm,1.0,32,0.5,16,4,67.0846999855712
transition_first,1.0,32,0.5,16,5,66.92140002269298
transition_warm,1.0,32,0.5,16,5,65.54510002024472
transition_first,1.0,32,0.5,16,6,65.68440003320575
transition_warm,1.0,32,0.5,16,6,67.06669996492565
transition_first,1.0,32,0.5,16,7,65.99620007909834
transition_warm,1.0,32,0.5,16,7,65.88979996740818
transition_first,1.0,32,0.5,16,8,66.34340004529804
transition_warm,1.0,32,0.5,16,8,65.86989993229508
transition_first,1.0,32,0.5,16,9,65.28490001801401
transition_warm,1.0,32,0.5,16,9,66.2107999669388
transition_first,0.75,16,0.5,8,0,67.1662000240758
transition_warm,0.75,16,0.5,8,0,65.56230003479868
transition_first,0.75,16,0.5,8,1,68.06050008162856
transition_warm,0.75,16,0.5,8,1,66.21550000272691
transition_first,0.75,16,0.5,8,2,71.44690002314746
transition_warm,0.75,16,0.5,8,2,79.24949994776398
transition_first,0.75,16,0.5,8,3,78.12069996725768
transition_warm,0.75,16,0.5,8,3,70.29850000981241
transition_first,0.75,16,0.5,8,4,71.02929998654872
transition_warm,0.75,16,0.5,8,4,67.04110000282526
transition_first,0.75,16,0.5,8,5,68.15690000075847
transition_warm,0.75,16,0.5,8,5,65.98919990938157
transition_first,0.75,16,0.5,8,6,70.73140004649758
transition_warm,0.75,16,0.5,8,6,68.7903999350965
transition_first,0.75,16,0.5,8,7,70.25970006361604
transition_warm,0.75,16,0.5,8,7,68.78980004694313
transition_first,0.75,16,0.5,8,8,67.90789996739477
transition_warm,0.75,16,0.5,8,8,68.35890002548695
transition_first,0.75,16,0.5,8,9,68.68610007222742
transition_warm,0.75,16,0.5,8,9,66.49799994193017
transition_first,1.0,8,0.5,32,0,30.24570003617555
transition_warm,1.0,8,0.5,32,0,26.27180004492402
transition_first,1.0,8,0.5,32,1,28.366299928165972
transition_warm,1.0,8,0.5,32,1,28.11040007509291
transition_first,1.0,8,0.5,32,2,28.530100011266768
transition_warm,1.0,8,0.5,32,2,27.46719995047897
transition_first,1.0,8,0.5,32,3,28.65270001348108
transition_warm,1.0,8,0.5,32,3,27.601300040259957
transition_first,1.0,8,0.5,32,4,29.922000016085804
transition_warm,1.0,8,0.5,32,4,27.069799951277673
transition_first,1.0,8,0.5,32,5,27.963500004261732
transition_warm,1.0,8,0.5,32,5,27.213699999265373
transition_first,1.0,8,0.5,32,6,28.589699999429286
transition_warm,1.0,8,0.5,32,6,27.121099992655218
transition_first,1.0,8,0.5,32,7,28.511199983768165
transition_warm,1.0,8,0.5,32,7,27.47650002129376
transition_first,1.0,8,0.5,32,8,28.205599985085428
transition_warm,1.0,8,0.5,32,8,26.36210003402084
transition_first,1.0,8,0.5,32,9,29.573700041510165
transition_warm,1.0,8,0.5,32,9,25.025099981576204
transition_first,0.5,16,0.75,16,0,134.7216999856755
transition_warm,0.5,16,0.75,16,0,135.6156999245286
transition_first,0.5,16,0.75,16,1,138.43669998459518
transition_warm,0.5,16,0.75,16,1,138.04160000290722
transition_first,0.5,16,0.75,16,2,134.8782000131905
transition_warm,0.5,16,0.75,16,2,137.64229998923838
transition_first,0.5,16,0.75,16,3,133.63379996735603
transition_warm,0.5,16,0.75,16,3,137.60539994109422
transition_first,0.5,16,0.75,16,4,136.91330002620816
transition_warm,0.5,16,0.75,16,4,136.11570000648499
transition_first,0.5,16,0.75,16,5,135.13509999029338
transition_warm,0.5,16,0.75,16,5,135.80679998267442
transition_first,0.5,16,0.75,16,6,132.91260006371886
transition_warm,0.5,16,0.75,16,6,136.60870003513992
transition_first,0.5,16,0.75,16,7,135.30579989310354
transition_warm,0.5,16,0.75,16,7,136.63299998734146
transition_first,0.5,16,0.75,16,8,135.19030006136745
transition_warm,0.5,16,0.75,16,8,136.3570000976324
transition_first,0.5,16,0.75,16,9,138.9012000290677
transition_warm,0.5,16,0.75,16,9,138.31959990784526
transition_first,0.25,8,0.5,16,0,65.81590010318905
transition_warm,0.25,8,0.5,16,0,67.48460000380874
transition_first,0.25,8,0.5,16,1,64.16399998124689
transition_warm,0.25,8,0.5,16,1,65.23059995379299
transition_first,0.25,8,0.5,16,2,65.0147000560537
transition_warm,0.25,8,0.5,16,2,64.45639999583364
transition_first,0.25,8,0.5,16,3,65.9060999751091
transition_warm,0.25,8,0.5,16,3,66.41009997110814
transition_first,0.25,8,0.5,16,4,63.443099963478744
transition_warm,0.25,8,0.5,16,4,64.35430003330112
transition_first,0.25,8,0.5,16,5,65.19459991250187
transition_warm,0.25,8,0.5,16,5,67.56600004155189
transition_first,0.25,8,0.5,16,6,64.05210006050766
transition_warm,0.25,8,0.5,16,6,65.77360001392663
transition_first,0.25,8,0.5,16,7,66.4280999917537
transition_warm,0.25,8,0.5,16,7,70.46610000543296
transition_first,0.25,8,0.5,16,8,64.31479996535927
transition_warm,0.25,8,0.5,16,8,65.74620003812015
transition_first,0.25,8,0.5,16,9,66.39819999691099
transition_warm,0.25,8,0.5,16,9,89.60139995906502
transition_first,0.5,32,0.75,8,0,171.82270006742328
transition_warm,0.5,32,0.75,8,0,164.12520001176745
transition_first,0.5,32,0.75,8,1,132.61680002324283
transition_warm,0.5,32,0.75,8,1,143.99769995361567
transition_first,0.5,32,0.75,8,2,131.47469994146377
transition_warm,0.5,32,0.75,8,2,134.08029999118298
transition_first,0.5,32,0.75,8,3,133.98270006291568
transition_warm,0.5,32,0.75,8,3,133.36069998331368
transition_first,0.5,32,0.75,8,4,149.953999905847
transition_warm,0.5,32,0.75,8,4,134.70389996655285
transition_first,0.5,32,0.75,8,5,132.68140004947782
transition_warm,0.5,32,0.75,8,5,136.31540001370013
transition_first,0.5,32,0.75,8,6,132.95830006245524
transition_warm,0.5,32,0.75,8,6,136.189499986358
transition_first,0.5,32,0.75,8,7,133.52919998578727
transition_warm,0.5,32,0.75,8,7,135.24129998404533
transition_first,0.5,32,0.75,8,8,137.44159997440875
transition_warm,0.5,32,0.75,8,8,159.40359991509467
transition_first,0.5,32,0.75,8,9,136.23259996529669
transition_warm,0.5,32,0.75,8,9,152.46850007679313
transition_first,0.25,8,0.25,4,0,26.844199979677796
transition_warm,0.25,8,0.25,4,0,25.677400059066713
transition_first,0.25,8,0.25,4,1,26.935099973343313
transition_warm,0.25,8,0.25,4,1,25.419399957172573
transition_first,0.25,8,0.25,4,2,24.885599967092276
transition_warm,0.25,8,0.25,4,2,26.328600011765957
transition_first,0.25,8,0.25,4,3,25.041599990800023
transition_warm,0.25,8,0.25,4,3,26.386199984699488
transition_first,0.25,8,0.25,4,4,24.954400025308132
transition_warm,0.25,8,0.25,4,4,26.668200036510825
transition_first,0.25,8,0.25,4,5,27.591099962592125
transition_warm,0.25,8,0.25,4,5,25.012800004333258
transition_first,0.25,8,0.25,4,6,28.579399921000004
transition_warm,0.25,8,0.25,4,6,25.676000048406422
transition_first,0.25,8,0.25,4,7,26.290300069376826
transition_warm,0.25,8,0.25,4,7,25.077100028283894
transition_first,0.25,8,0.25,4,8,25.94719990156591
transition_warm,0.25,8,0.25,4,8,27.74890000000596
transition_first,0.25,8,0.25,4,9,24.881300050765276
transition_warm,0.25,8,0.25,4,9,25.94730001874268
transition_first,0.25,4,1.0,8,0,227.34660003334284
transition_warm,0.25,4,1.0,8,0,223.79579988773912
transition_first,0.25,4,1.0,8,1,231.08279996085912
transition_warm,0.25,4,1.0,8,1,226.17579996585846
transition_first,0.25,4,1.0,8,2,233.47720003221184
transition_warm,0.25,4,1.0,8,2,227.96749998815358
transition_first,0.25,4,1.0,8,3,286.85889998450875
transition_warm,0.25,4,1.0,8,3,315.2690000133589
transition_first,0.25,4,1.0,8,4,305.6829998968169
transition_warm,0.25,4,1.0,8,4,227.54610003903508
transition_first,0.25,4,1.0,8,5,227.03070007264614
transition_warm,0.25,4,1.0,8,5,225.31559993512928
transition_first,0.25,4,1.0,8,6,227.0013999659568
transition_warm,0.25,4,1.0,8,6,228.09210000559688
transition_first,0.25,4,1.0,8,7,231.27670004032552
transition_warm,0.25,4,1.0,8,7,226.15749994292855
transition_first,0.25,4,1.0,8,8,228.5718999337405
transition_warm,0.25,4,1.0,8,8,225.51210003439337
transition_first,0.25,4,1.0,8,9,226.67340002954006
transition_warm,0.25,4,1.0,8,9,225.9980000089854
transition_first,0.25,4,0.5,4,0,63.74919996596873
transition_warm,0.25,4,0.5,4,0,65.54340000730008
transition_first,0.25,4,0.5,4,1,63.98049998097122
transition_warm,0.25,4,0.5,4,1,67.00039992574602
transition_first,0.25,4,0.5,4,2,65.31610002275556
transition_warm,0.25,4,0.5,4,2,65.68100000731647
transition_first,0.25,4,0.5,4,3,67.51840002834797
transition_warm,0.25,4,0.5,4,3,64.27779991645366
transition_first,0.25,4,0.5,4,4,64.93849994149059
transition_warm,0.25,4,0.5,4,4,65.71870006155223
transition_first,0.25,4,0.5,4,5,63.91229992732406
transition_warm,0.25,4,0.5,4,5,66.1048999754712
transition_first,0.25,4,0.5,4,6,64.32180001866072
transition_warm,0.25,4,0.5,4,6,65.21790008991957
transition_first,0.25,4,0.5,4,7,64.08170005306602
transition_warm,0.25,4,0.5,4,7,67.13659991510212
transition_first,0.25,4,0.5,4,8,66.60749996080995
transition_warm,0.25,4,0.5,4,8,65.80600002780557
transition_first,0.25,4,0.5,4,9,64.31350007187575
transition_warm,0.25,4,0.5,4,9,65.92179997824132
transition_first,1.0,8,0.25,32,0,15.664499951526523
transition_warm,1.0,8,0.25,32,0,12.843800010159612
transition_first,1.0,8,0.25,32,1,13.778899912722409
transition_warm,1.0,8,0.25,32,1,13.341499958187342
transition_first,1.0,8,0.25,32,2,14.074700069613755
transition_warm,1.0,8,0.25,32,2,13.677800074219704
transition_first,1.0,8,0.25,32,3,13.896099990233779
transition_warm,1.0,8,0.25,32,3,14.617400011047721
transition_first,1.0,8,0.25,32,4,13.795999926514924
transition_warm,1.0,8,0.25,32,4,14.122600085102022
transition_first,1.0,8,0.25,32,5,13.785899966023862
transition_warm,1.0,8,0.25,32,5,13.087700004689395
transition_first,1.0,8,0.25,32,6,14.339299988932908
transition_warm,1.0,8,0.25,32,6,14.40710003953427
transition_first,1.0,8,0.25,32,7,13.83229997009039
transition_warm,1.0,8,0.25,32,7,12.986299931071699
transition_first,1.0,8,0.25,32,8,13.623800012283027
transition_warm,1.0,8,0.25,32,8,13.257599901407957
transition_first,1.0,8,0.25,32,9,14.154599979519844
transition_warm,1.0,8,0.25,32,9,14.080299995839596
transition_first,0.5,16,0.75,8,0,134.03189997188747
transition_warm,0.5,16,0.75,8,0,135.0333000300452
transition_first,0.5,16,0.75,8,1,131.29719998687506
transition_warm,0.5,16,0.75,8,1,130.54969999939203
transition_first,0.5,16,0.75,8,2,131.89840002451092
transition_warm,0.5,16,0.75,8,2,130.81150001380593
transition_first,0.5,16,0.75,8,3,132.60229991283268
transition_warm,0.5,16,0.75,8,3,132.7086000237614
transition_first,0.5,16,0.75,8,4,133.05720000062138
transition_warm,0.5,16,0.75,8,4,136.92630000878125
transition_first,0.5,16,0.75,8,5,131.3778000185266
transition_warm,0.5,16,0.75,8,5,130.93210000079125
transition_first,0.5,16,0.75,8,6,134.13060002494603
transition_warm,0.5,16,0.75,8,6,132.85809999797493
transition_first,0.5,16,0.75,8,7,133.23689997196198
transition_warm,0.5,16,0.75,8,7,134.52520000282675
transition_first,0.5,16,0.75,8,8,133.70530004613101
transition_warm,0.5,16,0.75,8,8,133.92510008998215
transition_first,0.5,16,0.75,8,9,131.91409991122782
transition_warm,0.5,16,0.75,8,9,130.70029998198152
transition_first,0.25,16,0.75,32,0,50.4174999659881
transition_warm,0.25,16,0.75,32,0,50.174200092442334
transition_first,0.25,16,0.75,32,1,51.732299965806305
transition_warm,0.25,16,0.75,32,1,49.9609000980854
transition_first,0.25,16,0.75,32,2,50.680700107477605
transition_warm,0.25,16,0.75,32,2,51.31469992920756
transition_first,0.25,16,0.75,32,3,50.130699994042516
transition_warm,0.25,16,0.75,32,3,49.37849997077137
transition_first,0.25,16,0.75,32,4,50.77059997711331
transition_warm,0.25,16,0.75,32,4,49.6472999220714
transition_first,0.25,16,0.75,32,5,52.33900004532188
transition_warm,0.25,16,0.75,32,5,49.958899966441095
transition_first,0.25,16,0.75,32,6,51.08539992943406
transition_warm,0.25,16,0.75,32,6,48.78589999862015
transition_first,0.25,16,0.75,32,7,50.63219997100532
transition_warm,0.25,16,0.75,32,7,50.47979997470975
transition_first,0.25,16,0.75,32,8,51.772199920378625
transition_warm,0.25,16,0.75,32,8,51.62050004582852
transition_first,0.25,16,0.75,32,9,50.8100000442937
transition_warm,0.25,16,0.75,32,9,49.739699927158654
transition_first,1.0,8,0.5,4,0,66.70440000016242
transition_warm,1.0,8,0.5,4,0,64.83779998961836
transition_first,1.0,8,0.5,4,1,65.46880002133548
transition_warm,1.0,8,0.5,4,1,65.8448999747634
transition_first,1.0,8,0.5,4,2,76.92899997346103
transition_warm,1.0,8,0.5,4,2,66.45330006722361
transition_first,1.0,8,0.5,4,3,66.13099994137883
transition_warm,1.0,8,0.5,4,3,71.19499996770173
transition_first,1.0,8,0.5,4,4,67.06229993142188
transition_warm,1.0,8,0.5,4,4,66.69939996208996
transition_first,1.0,8,0.5,4,5,67.32269993517548
transition_warm,1.0,8,0.5,4,5,71.095300023444
transition_first,1.0,8,0.5,4,6,73.90409999061376
transition_warm,1.0,8,0.5,4,6,70.27090003248304
transition_first,1.0,8,0.5,4,7,67.11960001848638
transition_warm,1.0,8,0.5,4,7,68.12959990929812
transition_first,1.0,8,0.5,4,8,67.60619999840856
transition_warm,1.0,8,0.5,4,8,66.90320000052452
transition_first,1.0,8,0.5,4,9,66.64960004854947
transition_warm,1.0,8,0.5,4,9,68.32589989062399
transition_first,0.75,8,0.25,32,0,14.704499975778162
transition_warm,0.75,8,0.25,32,0,13.010099995881319
transition_first,0.75,8,0.25,32,1,14.364799950271845
transition_warm,0.75,8,0.25,32,1,13.27690004836768
transition_first,0.75,8,0.25,32,2,14.851000043563545
transition_warm,0.75,8,0.25,32,2,13.97159998305142
transition_first,0.75,8,0.25,32,3,14.960599946789443
transition_warm,0.75,8,0.25,32,3,13.833899982273579
transition_first,0.75,8,0.25,32,4,16.11259998753667
transition_warm,0.75,8,0.25,32,4,13.755399966612458
transition_first,0.75,8,0.25,32,5,14.802899910137057
transition_warm,0.75,8,0.25,32,5,13.093699933961034
transition_first,0.75,8,0.25,32,6,14.922200003638864
transition_warm,0.75,8,0.25,32,6,13.860599952749908
transition_first,0.75,8,0.25,32,7,14.409500057809055
transition_warm,0.75,8,0.25,32,7,13.302000006660819
transition_first,0.75,8,0.25,32,8,14.65480006299913
transition_warm,0.75,8,0.25,32,8,13.336899923160672
transition_first,0.75,8,0.25,32,9,14.973500045016408
transition_warm,0.75,8,0.25,32,9,13.272600015625358
transition_first,0.5,8,1.0,32,0,61.75329990219325
transition_warm,0.5,8,1.0,32,0,63.93429997842759
transition_first,0.5,8,1.0,32,1,62.6365999924019
transition_warm,0.5,8,1.0,32,1,61.877000029198825
transition_first,0.5,8,1.0,32,2,61.306399991735816
transition_warm,0.5,8,1.0,32,2,60.76069991104305
transition_first,0.5,8,1.0,32,3,59.89300005603582
transition_warm,0.5,8,1.0,32,3,60.722899972461164
transition_first,0.5,8,1.0,32,4,61.308000003919005
transition_warm,0.5,8,1.0,32,4,61.32840004283935
transition_first,0.5,8,1.0,32,5,60.0053999805823
transition_warm,0.5,8,1.0,32,5,60.906600090675056
transition_first,0.5,8,1.0,32,6,60.122499940916896
transition_warm,0.5,8,1.0,32,6,59.569799923337996
transition_first,0.5,8,1.0,32,7,61.30420009139925
transition_warm,0.5,8,1.0,32,7,61.08030001632869
transition_first,0.5,8,1.0,32,8,62.14430008549243
transition_warm,0.5,8,1.0,32,8,60.904799960553646
transition_first,0.5,8,1.0,32,9,60.50430005416274
transition_warm,0.5,8,1.0,32,9,59.65940002351999
transition_first,0.25,32,1.0,16,0,226.23750008642673
transition_warm,0.25,32,1.0,16,0,232.43079998064786
transition_first,0.25,32,1.0,16,1,225.15089996159077
transition_warm,0.25,32,1.0,16,1,226.46110004279763
transition_first,0.25,32,1.0,16,2,224.60429999046028
transition_warm,0.25,32,1.0,16,2,228.36870001628995
transition_first,0.25,32,1.0,16,3,228.03730005398393
transition_warm,0.25,32,1.0,16,3,229.0826999815181
transition_first,0.25,32,1.0,16,4,226.08749999199063
transition_warm,0.25,32,1.0,16,4,227.27430006489158
transition_first,0.25,32,1.0,16,5,227.09079994820058
transition_warm,0.25,32,1.0,16,5,227.60600002948195
transition_first,0.25,32,1.0,16,6,224.4775000726804
transition_warm,0.25,32,1.0,16,6,227.8809999115765
transition_first,0.25,32,1.0,16,7,227.91459993459284
transition_warm,0.25,32,1.0,16,7,225.1721000066027
transition_first,0.25,32,1.0,16,8,232.56549995858222
transition_warm,0.25,32,1.0,16,8,227.50909999012947
transition_first,0.25,32,1.0,16,9,228.5103000467643
transition_warm,0.25,32,1.0,16,9,227.0839000120759
transition_first,0.25,16,0.75,8,0,134.37420001719147
transition_warm,0.25,16,0.75,8,0,134.76519996766
transition_first,0.25,16,0.75,8,1,131.4484999747947
transition_warm,0.25,16,0.75,8,1,139.84750001691282
transition_first,0.25,16,0.75,8,2,133.20050004404038
transition_warm,0.25,16,0.75,8,2,135.8616000507027
transition_first,0.25,16,0.75,8,3,154.52759992331266
transition_warm,0.25,16,0.75,8,3,134.1729999985546
transition_first,0.25,16,0.75,8,4,132.6464000158012
transition_warm,0.25,16,0.75,8,4,133.37040005717427
transition_first,0.25,16,0.75,8,5,136.28490001428872
transition_warm,0.25,16,0.75,8,5,138.89509998261929
transition_first,0.25,16,0.75,8,6,134.2317999806255
transition_warm,0.25,16,0.75,8,6,141.29769999999553
transition_first,0.25,16,0.75,8,7,144.51700006611645
transition_warm,0.25,16,0.75,8,7,141.65470004081726
transition_first,0.25,16,0.75,8,8,142.4217999447137
transition_warm,0.25,16,0.75,8,8,137.1457000495866
transition_first,0.25,16,0.75,8,9,130.53920003585517
transition_warm,0.25,16,0.75,8,9,130.84609992802143
transition_first,1.0,32,1.0,4,0,227.33359993435442
transition_warm,1.0,32,1.0,4,0,225.12760001700372
transition_first,1.0,32,1.0,4,1,226.75230004824698
transition_warm,1.0,32,1.0,4,1,228.45669998787344
transition_first,1.0,32,1.0,4,2,272.86859997548163
transition_warm,1.0,32,1.0,4,2,234.6766999689862
transition_first,1.0,32,1.0,4,3,230.41830002330244
transition_warm,1.0,32,1.0,4,3,223.98240002803504
transition_first,1.0,32,1.0,4,4,227.29750000871718
transition_warm,1.0,32,1.0,4,4,230.20709992852062
transition_first,1.0,32,1.0,4,5,232.04459995031357
transition_warm,1.0,32,1.0,4,5,225.6739999866113
transition_first,1.0,32,1.0,4,6,227.8671000385657
transition_warm,1.0,32,1.0,4,6,229.2804999742657
transition_first,1.0,32,1.0,4,7,227.57220000494272
transition_warm,1.0,32,1.0,4,7,231.48429999127984
transition_first,1.0,32,1.0,4,8,230.17059999983758
transition_warm,1.0,32,1.0,4,8,230.11399991810322
transition_first,1.0,32,1.0,4,9,228.0458000022918
transition_warm,1.0,32,1.0,4,9,225.4951000213623
transition_first,0.5,8,0.25,16,0,26.517100050114095
transition_warm,0.5,8,0.25,16,0,26.540699996985495
transition_first,0.5,8,0.25,16,1,25.648500071838498
transition_warm,0.5,8,0.25,16,1,26.95039997342974
transition_first,0.5,8,0.25,16,2,27.09969994612038
transition_warm,0.5,8,0.25,16,2,27.474100003018975
transition_first,0.5,8,0.25,16,3,26.931700063869357
transition_warm,0.5,8,0.25,16,3,27.481299941428006
transition_first,0.5,8,0.25,16,4,26.35070006363094
transition_warm,0.5,8,0.25,16,4,27.655100100673735
transition_first,0.5,8,0.25,16,5,28.305299929343164
transition_warm,0.5,8,0.25,16,5,25.75010003056377
transition_first,0.5,8,0.25,16,6,26.91510005388409
transition_warm,0.5,8,0.25,16,6,24.36359995044768
transition_first,0.5,8,0.25,16,7,26.02009999100119
transition_warm,0.5,8,0.25,16,7,25.881299981847405
transition_first,0.5,8,0.25,16,8,25.244000018574297
transition_warm,0.5,8,0.25,16,8,26.132799917832017
transition_first,0.5,8,0.25,16,9,27.512400061823428
transition_warm,0.5,8,0.25,16,9,25.97870002500713
transition_first,1.0,32,0.75,8,0,133.05609999224544
transition_warm,1.0,32,0.75,8,0,134.30709997192025
transition_first,1.0,32,0.75,8,1,132.75500002782792
transition_warm,1.0,32,0.75,8,1,132.86319992039353
transition_first,1.0,32,0.75,8,2,130.79369999468327
transition_warm,1.0,32,0.75,8,2,135.0345000391826
transition_first,1.0,32,0.75,8,3,131.77689991425723
transition_warm,1.0,32,0.75,8,3,138.27540003694594
transition_first,1.0,32,0.75,8,4,133.08210007380694
transition_warm,1.0,32,0.75,8,4,133.12869996298105
transition_first,1.0,32,0.75,8,5,129.79030003771186
transition_warm,1.0,32,0.75,8,5,132.53800000529736
transition_first,1.0,32,0.75,8,6,135.24649990722537
transition_warm,1.0,32,0.75,8,6,132.46250001247972
transition_first,1.0,32,0.75,8,7,129.72399999853224
transition_warm,1.0,32,0.75,8,7,135.62920002732426
transition_first,1.0,32,0.75,8,8,133.27839993871748
transition_warm,1.0,32,0.75,8,8,132.20019999425858
transition_first,1.0,32,0.75,8,9,132.73760001175106
transition_warm,1.0,32,0.75,8,9,135.5733999516815
transition_first,0.75,32,0.5,8,0,65.03980001434684
transition_warm,0.75,32,0.5,8,0,64.02429996524006
transition_first,0.75,32,0.5,8,1,67.03139992896467
transition_warm,0.75,32,0.5,8,1,63.487700070254505
transition_first,0.75,32,0.5,8,2,70.63759991433471
transition_warm,0.75,32,0.5,8,2,65.84589998237789
transition_first,0.75,32,0.5,8,3,63.75640002079308
transition_warm,0.75,32,0.5,8,3,66.68960000388324
transition_first,0.75,32,0.5,8,4,74.68640001025051
transition_warm,0.75,32,0.5,8,4,83.14829994924366
transition_first,0.75,32,0.5,8,5,80.72209998499602
transition_warm,0.75,32,0.5,8,5,65.75740000698715
transition_first,0.75,32,0.5,8,6,68.389100022614
transition_warm,0.75,32,0.5,8,6,65.89079997502267
transition_first,0.75,32,0.5,8,7,66.33139995392412
transition_warm,0.75,32,0.5,8,7,65.15390006825328
transition_first,0.75,32,0.5,8,8,67.3857000656426
transition_warm,0.75,32,0.5,8,8,67.23079993389547
transition_first,0.75,32,0.5,8,9,68.70329997036606
transition_warm,0.75,32,0.5,8,9,65.29129995033145
transition_first,0.25,16,0.5,4,0,63.81279998458922
transition_warm,0.25,16,0.5,4,0,66.51460006833076
transition_first,0.25,16,0.5,4,1,66.3931000744924
transition_warm,0.25,16,0.5,4,1,67.31900002341717
transition_first,0.25,16,0.5,4,2,83.90949992462993
transition_warm,0.25,16,0.5,4,2,66.52410002425313
transition_first,0.25,16,0.5,4,3,65.73270005173981
transition_warm,0.25,16,0.5,4,3,65.96650008577853
transition_first,0.25,16,0.5,4,4,65.33030001446605
transition_warm,0.25,16,0.5,4,4,66.48229993879795
transition_first,0.25,16,0.5,4,5,68.92069999594241
transition_warm,0.25,16,0.5,4,5,64.79319999925792
transition_first,0.25,16,0.5,4,6,65.48799993470311
transition_warm,0.25,16,0.5,4,6,69.69150004442781
transition_first,0.25,16,0.5,4,7,65.9565000096336
transition_warm,0.25,16,0.5,4,7,66.40800007153302
transition_first,0.25,16,0.5,4,8,64.57200006116182
transition_warm,0.25,16,0.5,4,8,67.33829993754625
transition_first,0.25,16,0.5,4,9,64.28799999412149
transition_warm,0.25,16,0.5,4,9,65.91080001089722
transition_first,0.75,4,1.0,8,0,232.10499994456768
transition_warm,0.75,4,1.0,8,0,224.359399988316
transition_first,0.75,4,1.0,8,1,273.0207999702543
transition_warm,0.75,4,1.0,8,1,273.2658999739215
transition_first,0.75,4,1.0,8,2,277.24520000629127
transition_warm,0.75,4,1.0,8,2,291.91130003891885
transition_first,0.75,4,1.0,8,3,326.9041999010369
transition_warm,0.75,4,1.0,8,3,303.7616000510752
transition_first,0.75,4,1.0,8,4,256.08349998947233
transition_warm,0.75,4,1.0,8,4,232.36809996888041
transition_first,0.75,4,1.0,8,5,239.72129996400326
transition_warm,0.75,4,1.0,8,5,237.95390001032501
transition_first,0.75,4,1.0,8,6,230.70270009338856
transition_warm,0.75,4,1.0,8,6,236.84230004437268
transition_first,0.75,4,1.0,8,7,229.06330006662756
transition_warm,0.75,4,1.0,8,7,229.47599994949996
transition_first,0.75,4,1.0,8,8,230.05509993527085
transition_warm,0.75,4,1.0,8,8,227.6992000406608
transition_first,0.75,4,1.0,8,9,227.81929990742356
transition_warm,0.75,4,1.0,8,9,227.71250002551824
transition_first,1.0,32,0.25,16,0,27.146699954755604
transition_warm,1.0,32,0.25,16,0,25.8822999894619
transition_first,1.0,32,0.25,16,1,27.200100012123585
transition_warm,1.0,32,0.25,16,1,25.587799958884716
transition_first,1.0,32,0.25,16,2,26.979399961419404
transition_warm,1.0,32,0.25,16,2,26.318800053559244
transition_first,1.0,32,0.25,16,3,28.518099919892848
transition_warm,1.0,32,0.25,16,3,25.566000025719404
transition_first,1.0,32,0.25,16,4,28.24250003322959
transition_warm,1.0,32,0.25,16,4,25.692799943499267
transition_first,1.0,32,0.25,16,5,27.958699967712164
transition_warm,1.0,32,0.25,16,5,26.97100001387298
transition_first,1.0,32,0.25,16,6,27.130099944770336
transition_warm,1.0,32,0.25,16,6,25.55490005761385
transition_first,1.0,32,0.25,16,7,26.1742000002414
transition_warm,1.0,32,0.25,16,7,26.218899991363287
transition_first,1.0,32,0.25,16,8,26.631099986843765
transition_warm,1.0,32,0.25,16,8,26.733600068837404
transition_first,1.0,32,0.25,16,9,30.382799915969372
transition_warm,1.0,32,0.25,16,9,26.108700083568692
transition_first,0.75,16,0.25,4,0,27.516699978150427
transition_warm,0.75,16,0.25,4,0,26.10569994430989
transition_first,0.75,16,0.25,4,1,28.18899997510016
transition_warm,0.75,16,0.25,4,1,26.337500079534948
transition_first,0.75,16,0.25,4,2,27.91050006635487
transition_warm,0.75,16,0.25,4,2,26.032599969767034
transition_first,0.75,16,0.25,4,3,28.00120005849749
transition_warm,0.75,16,0.25,4,3,26.61840000655502
transition_first,0.75,16,0.25,4,4,26.99489996302873
transition_warm,0.75,16,0.25,4,4,27.531899977475405
transition_first,0.75,16,0.25,4,5,28.382299933582544
transition_warm,0.75,16,0.25,4,5,24.19490006286651
transition_first,0.75,16,0.25,4,6,28.28710002359003
transition_warm,0.75,16,0.25,4,6,27.17389992903918
transition_first,0.75,16,0.25,4,7,27.242599986493587
transition_warm,0.75,16,0.25,4,7,26.24540007673204
transition_first,0.75,16,0.25,4,8,28.229899937286973
transition_warm,0.75,16,0.25,4,8,26.194000034593046
transition_first,0.75,16,0.25,4,9,27.88069995585829
transition_warm,0.75,16,0.25,4,9,26.318200048990548
transition_first,0.5,4,0.5,16,0,65.95760001800954
transition_warm,0.5,4,0.5,16,0,66.37939997017384
transition_first,0.5,4,0.5,16,1,66.05380005203187
transition_warm,0.5,4,0.5,16,1,66.3856000173837
transition_first,0.5,4,0.5,16,2,67.56979995407164
transition_warm,0.5,4,0.5,16,2,66.35149999056011
transition_first,0.5,4,0.5,16,3,66.72150001395494
transition_warm,0.5,4,0.5,16,3,65.29619998764247
transition_first,0.5,4,0.5,16,4,65.70180004928261
transition_warm,0.5,4,0.5,16,4,67.52139993477613
transition_first,0.5,4,0.5,16,5,66.30319997202605
transition_warm,0.5,4,0.5,16,5,68.92959994729608
transition_first,0.5,4,0.5,16,6,66.08020002022386
transition_warm,0.5,4,0.5,16,6,66.91519997548312
transition_first,0.5,4,0.5,16,7,67.7857999689877
transition_warm,0.5,4,0.5,16,7,66.19639997370541
transition_first,0.5,4,0.5,16,8,66.44229998346418
transition_warm,0.5,4,0.5,16,8,66.434400039725
transition_first,0.5,4,0.5,16,9,66.41480000689626
transition_warm,0.5,4,0.5,16,9,65.6595000764355
transition_first,1.0,16,0.5,8,0,67.11079995147884
transition_warm,1.0,16,0.5,8,0,70.01090003177524
transition_first,1.0,16,0.5,8,1,66.1166999489069
transition_warm,1.0,16,0.5,8,1,65.49429998267442
transition_first,1.0,16,0.5,8,2,65.98640000447631
transition_warm,1.0,16,0.5,8,2,67.36870005261153
transition_first,1.0,16,0.5,8,3,66.52740004938096
transition_warm,1.0,16,0.5,8,3,64.55360003747046
transition_first,1.0,16,0.5,8,4,66.3720000302419
transition_warm,1.0,16,0.5,8,4,66.1545000039041
transition_first,1.0,16,0.5,8,5,68.00460000522435
transition_warm,1.0,16,0.5,8,5,65.65389991737902
transition_first,1.0,16,0.5,8,6,68.50059994030744
transition_warm,1.0,16,0.5,8,6,66.71819998882711
transition_first,1.0,16,0.5,8,7,67.88059999234974
transition_warm,1.0,16,0.5,8,7,65.20830001682043
transition_first,1.0,16,0.5,8,8,66.76969991531223
transition_warm,1.0,16,0.5,8,8,65.01500005833805
transition_first,1.0,16,0.5,8,9,66.63439993280917
transition_warm,1.0,16,0.5,8,9,67.00709997676313
transition_first,0.75,8,0.5,32,0,29.89120001439005
transition_warm,0.75,8,0.5,32,0,27.92260004207492
transition_first,0.75,8,0.5,32,1,30.143000069074333
transition_warm,0.75,8,0.5,32,1,27.566100005060434
transition_first,0.75,8,0.5,32,2,30.333800008520484
transition_warm,0.75,8,0.5,32,2,27.699099970050156
transition_first,0.75,8,0.5,32,3,28.516000020317733
transition_warm,0.75,8,0.5,32,3,26.30749996751547
transition_first,0.75,8,0.5,32,4,28.4941999707371
transition_warm,0.75,8,0.5,32,4,27.0263000857085
transition_first,0.75,8,0.5,32,5,28.732100035995245
transition_warm,0.75,8,0.5,32,5,25.464599952101707
transition_first,0.75,8,0.5,32,6,28.88799994252622
transition_warm,0.75,8,0.5,32,6,27.46010001283139
transition_first,0.75,8,0.5,32,7,29.905000003054738
transition_warm,0.75,8,0.5,32,7,26.583999977447093
transition_first,0.75,8,0.5,32,8,29.11340002901852
transition_warm,0.75,8,0.5,32,8,27.192699955776334
transition_first,0.75,8,0.5,32,9,28.8129000691697
transition_warm,0.75,8,0.5,32,9,27.05249993596226
transition_first,0.25,32,0.75,32,0,51.16679996717721
transition_warm,0.25,32,0.75,32,0,50.91830005403608
transition_first,0.25,32,0.75,32,1,50.692399963736534
transition_warm,0.25,32,0.75,32,1,50.17399997450411
transition_first,0.25,32,0.75,32,2,50.38449994754046
transition_warm,0.25,32,0.75,32,2,50.34250009339303
transition_first,0.25,32,0.75,32,3,49.64159999508411
transition_warm,0.25,32,0.75,32,3,51.27940000966191
transition_first,0.25,32,0.75,32,4,51.58330011181533
transition_warm,0.25,32,0.75,32,4,48.95909992046654
transition_first,0.25,32,0.75,32,5,50.39220000617206
transition_warm,0.25,32,0.75,32,5,51.15389998536557
transition_first,0.25,32,0.75,32,6,49.89579995162785
transition_warm,0.25,32,0.75,32,6,50.074700033292174
transition_first,0.25,32,0.75,32,7,50.66920001991093
transition_warm,0.25,32,0.75,32,7,51.536999992094934
transition_first,0.25,32,0.75,32,8,52.01739992480725
transition_warm,0.25,32,0.75,32,8,50.21000001579523
transition_first,0.25,32,0.75,32,9,52.42349999025464
transition_warm,0.25,32,0.75,32,9,51.47089995443821
transition_first,0.75,4,0.5,32,0,29.979699989780784
transition_warm,0.75,4,0.5,32,0,27.739600045606494
transition_first,0.75,4,0.5,32,1,29.829900013282895
transition_warm,0.75,4,0.5,32,1,28.10150000732392
transition_first,0.75,4,0.5,32,2,28.88959995470941
transition_warm,0.75,4,0.5,32,2,27.544799959287047
transition_first,0.75,4,0.5,32,3,29.533699969761074
transition_warm,0.75,4,0.5,32,3,27.561499970033765
transition_first,0.75,4,0.5,32,4,28.337999945506454
transition_warm,0.75,4,0.5,32,4,25.858100038021803
transition_first,0.75,4,0.5,32,5,28.712600003927946
transition_warm,0.75,4,0.5,32,5,28.388399980030954
transition_first,0.75,4,0.5,32,6,29.8289000056684
transition_warm,0.75,4,0.5,32,6,26.872499962337315
transition_first,0.75,4,0.5,32,7,30.844299937598407
transition_warm,0.75,4,0.5,32,7,27.51909999642521
transition_first,0.75,4,0.5,32,8,29.55059998203069
transition_warm,0.75,4,0.5,32,8,28.451599995605648
transition_first,0.75,4,0.5,32,9,29.634200036525726
transition_warm,0.75,4,0.5,32,9,27.671399991959333
transition_first,0.25,16,0.25,4,0,25.256599998101592
transition_warm,0.25,16,0.25,4,0,27.01550000347197
transition_first,0.25,16,0.25,4,1,25.782700045965612
transition_warm,0.25,16,0.25,4,1,26.104899938218296
transition_first,0.25,16,0.25,4,2,26.299700024537742
transition_warm,0.25,16,0.25,4,2,25.625099893659353
transition_first,0.25,16,0.25,4,3,27.03510003630072
transition_warm,0.25,16,0.25,4,3,25.635299971327186
transition_first,0.25,16,0.25,4,4,25.82149999216199
transition_warm,0.25,16,0.25,4,4,26.49259997997433
transition_first,0.25,16,0.25,4,5,26.812200085259974
transition_warm,0.25,16,0.25,4,5,27.78330002911389
transition_first,0.25,16,0.25,4,6,25.494699948467314
transition_warm,0.25,16,0.25,4,6,27.11749996524304
transition_first,0.25,16,0.25,4,7,25.28209995944053
transition_warm,0.25,16,0.25,4,7,27.184800012037158
transition_first,0.25,16,0.25,4,8,25.354799930937588
transition_warm,0.25,16,0.25,4,8,26.176100014708936
transition_first,0.25,16,0.25,4,9,26.199000072665513
transition_warm,0.25,16,0.25,4,9,27.968399925157428
transition_first,0.75,32,1.0,16,0,224.13390001747757
transition_warm,0.75,32,1.0,16,0,225.2022000029683
transition_first,0.75,32,1.0,16,1,227.604900021106
transition_warm,0.75,32,1.0,16,1,229.0443000383675
transition_first,0.75,32,1.0,16,2,219.94189999531955
transition_warm,0.75,32,1.0,16,2,227.80069999862462
transition_first,0.75,32,1.0,16,3,225.92640004586428
transition_warm,0.75,32,1.0,16,3,273.58439995441586
transition_first,0.75,32,1.0,16,4,276.10909997019917
transition_warm,0.75,32,1.0,16,4,367.6852999487892
transition_first,0.75,32,1.0,16,5,305.9726000064984
transition_warm,0.75,32,1.0,16,5,264.8029000265524
transition_first,0.75,32,1.0,16,6,231.83249996509403
transition_warm,0.75,32,1.0,16,6,230.88489996735007
transition_first,0.75,32,1.0,16,7,229.95349997654557
transition_warm,0.75,32,1.0,16,7,235.36179994698614
transition_first,0.75,32,1.0,16,8,227.64469997491688
transition_warm,0.75,32,1.0,16,8,234.12149993237108
transition_first,0.75,32,1.0,16,9,231.65359999984503
transition_warm,0.75,32,1.0,16,9,228.01850002724677
transition_first,0.25,4,0.75,32,0,52.10199998691678
transition_warm,0.25,4,0.75,32,0,51.35880003217608
transition_first,0.25,4,0.75,32,1,49.71859999932349
transition_warm,0.25,4,0.75,32,1,49.77789998520166
transition_first,0.25,4,0.75,32,2,50.159099977463484
transition_warm,0.25,4,0.75,32,2,51.596499979496
transition_first,0.25,4,0.75,32,3,49.71549997571856
transition_warm,0.25,4,0.75,32,3,53.052500006742775
transition_first,0.25,4,0.75,32,4,53.32009994890541
transition_warm,0.25,4,0.75,32,4,51.31859995890409
transition_first,0.25,4,0.75,32,5,50.2688999986276
transition_warm,0.25,4,0.75,32,5,53.13799995929003
transition_first,0.25,4,0.75,32,6,49.26080000586808
transition_warm,0.25,4,0.75,32,6,51.089700078591704
transition_first,0.25,4,0.75,32,7,51.20390001684427
transition_warm,0.25,4,0.75,32,7,49.39369997009635
transition_first,0.25,4,0.75,32,8,50.3743999870494
transition_warm,0.25,4,0.75,32,8,49.98649994377047
transition_first,0.25,4,0.75,32,9,50.90170004405081
transition_warm,0.25,4,0.75,32,9,49.98100001830608
transition_first,0.5,8,0.75,16,0,133.31870001275092
transition_warm,0.5,8,0.75,16,0,136.22420001775026
transition_first,0.5,8,0.75,16,1,173.14880003686994
transition_warm,0.5,8,0.75,16,1,146.70059992931783
transition_first,0.5,8,0.75,16,2,133.4958999650553
transition_warm,0.5,8,0.75,16,2,134.51749994419515
transition_first,0.5,8,0.75,16,3,183.40229999739677
transition_warm,0.5,8,0.75,16,3,209.2621000483632
transition_first,0.5,8,0.75,16,4,205.5789000587538
transition_warm,0.5,8,0.75,16,4,141.8155999854207
transition_first,0.5,8,0.75,16,5,137.0502000208944
transition_warm,0.5,8,0.75,16,5,135.31559996772557
transition_first,0.5,8,0.75,16,6,137.7760999603197
transition_warm,0.5,8,0.75,16,6,134.9824999924749
transition_first,0.5,8,0.75,16,7,139.7251000162214
transition_warm,0.5,8,0.75,16,7,142.37839996349066
transition_first,0.5,8,0.75,16,8,138.91419989522547
transition_warm,0.5,8,0.75,16,8,138.8130000559613
transition_first,0.5,8,0.75,16,9,148.0347999604419
transition_warm,0.5,8,0.75,16,9,162.46399993542582
transition_first,0.75,16,0.25,16,0,32.2539999615401
transition_warm,0.75,16,0.25,16,0,32.29200001806021
transition_first,0.75,16,0.25,16,1,35.38070002105087
transition_warm,0.75,16,0.25,16,1,39.92749995086342
transition_first,0.75,16,0.25,16,2,27.95930008869618
transition_warm,0.75,16,0.25,16,2,27.074499987065792
transition_first,0.75,16,0.25,16,3,28.863399988040328
transition_warm,0.75,16,0.25,16,3,26.017799973487854
transition_first,0.75,16,0.25,16,4,27.714300085790455
transition_warm,0.75,16,0.25,16,4,26.21130004990846
transition_first,0.75,16,0.25,16,5,28.619499993510544
transition_warm,0.75,16,0.25,16,5,25.105500011704862
transition_first,0.75,16,0.25,16,6,30.62039997894317
transition_warm,0.75,16,0.25,16,6,32.89149992633611
transition_first,0.75,16,0.25,16,7,28.6183999851346
transition_warm,0.75,16,0.25,16,7,26.09110006596893
transition_first,0.75,16,0.25,16,8,28.124699951149523
transition_warm,0.75,16,0.25,16,8,28.016600059345365
transition_first,0.75,16,0.25,16,9,28.69989990722388
transition_warm,0.75,16,0.25,16,9,25.495300069451332
transition_first,0.75,4,1.0,32,0,62.668300000950694
transition_warm,0.75,4,1.0,32,0,61.68679997790605
transition_first,0.75,4,1.0,32,1,64.2199000576511
transition_warm,0.75,4,1.0,32,1,59.608799987472594
transition_first,0.75,4,1.0,32,2,64.08480007667094
transition_warm,0.75,4,1.0,32,2,61.45509995985776
transition_first,0.75,4,1.0,32,3,62.8036999842152
transition_warm,0.75,4,1.0,32,3,60.29179994948208
transition_first,0.75,4,1.0,32,4,62.75589996948838
transition_warm,0.75,4,1.0,32,4,62.768500065431
transition_first,0.75,4,1.0,32,5,61.51630007661879
transition_warm,0.75,4,1.0,32,5,60.51119999028742
transition_first,0.75,4,1.0,32,6,61.84189999476075
transition_warm,0.75,4,1.0,32,6,71.16280007176101
transition_first,0.75,4,1.0,32,7,62.80650000553578
transition_warm,0.75,4,1.0,32,7,61.828200006857514
transition_first,0.75,4,1.0,32,8,63.32710001152009
transition_warm,0.75,4,1.0,32,8,62.13989993557334
transition_first,0.75,4,1.0,32,9,62.88730003871024
transition_warm,0.75,4,1.0,32,9,60.09729998186231
transition_first,0.25,32,1.0,32,0,61.82890001218766
transition_warm,0.25,32,1.0,32,0,61.976400087587535
transition_first,0.25,32,1.0,32,1,62.68219999037683
transition_warm,0.25,32,1.0,32,1,60.09209994226694
transition_first,0.25,32,1.0,32,2,60.314000002108514
transition_warm,0.25,32,1.0,32,2,60.60080009046942
transition_first,0.25,32,1.0,32,3,61.32400000933558
transition_warm,0.25,32,1.0,32,3,60.773400007747114
transition_first,0.25,32,1.0,32,4,59.96609991416335
transition_warm,0.25,32,1.0,32,4,62.089100014418364
transition_first,0.25,32,1.0,32,5,60.744300018996
transition_warm,0.25,32,1.0,32,5,59.913799981586635
transition_first,0.25,32,1.0,32,6,60.55920000653714
transition_warm,0.25,32,1.0,32,6,65.52000006195158
transition_first,0.25,32,1.0,32,7,68.95770004484802
transition_warm,0.25,32,1.0,32,7,75.42179990559816
transition_first,0.25,32,1.0,32,8,89.26170004997402
transition_warm,0.25,32,1.0,32,8,83.29579990822822
transition_first,0.25,32,1.0,32,9,87.82660006545484
transition_warm,0.25,32,1.0,32,9,84.11549997981638
transition_first,0.5,16,0.5,32,0,43.22260001208633
transition_warm,0.5,16,0.5,32,0,44.3484999705106
transition_first,0.5,16,0.5,32,1,26.563099934719503
transition_warm,0.5,16,0.5,32,1,27.212099987082183
transition_first,0.5,16,0.5,32,2,27.066199923865497
transition_warm,0.5,16,0.5,32,2,27.019600034691393
transition_first,0.5,16,0.5,32,3,27.95790007803589
transition_warm,0.5,16,0.5,32,3,26.938099996186793
transition_first,0.5,16,0.5,32,4,27.69120002631098
transition_warm,0.5,16,0.5,32,4,26.821599924005568
transition_first,0.5,16,0.5,32,5,27.595499996095896
transition_warm,0.5,16,0.5,32,5,27.939500054344535
transition_first,0.5,16,0.5,32,6,28.104699915274978
transition_warm,0.5,16,0.5,32,6,27.761599980294704
transition_first,0.5,16,0.5,32,7,27.228399994783103
transition_warm,0.5,16,0.5,32,7,26.860899990424514
transition_first,0.5,16,0.5,32,8,27.45409996714443
transition_warm,0.5,16,0.5,32,8,27.722000028006732
transition_first,0.5,16,0.5,32,9,27.625900111161172
transition_warm,0.5,16,0.5,32,9,27.16070006135851
transition_first,0.25,32,0.25,8,0,26.242599938996136
transition_warm,0.25,32,0.25,8,0,27.061100001446903
transition_first,0.25,32,0.25,8,1,25.904999929480255
transition_warm,0.25,32,0.25,8,1,26.88939997460693
transition_first,0.25,32,0.25,8,2,25.054199970327318
transition_warm,0.25,32,0.25,8,2,27.914199978113174
transition_first,0.25,32,0.25,8,3,27.382000000216067
transition_warm,0.25,32,0.25,8,3,25.80649999435991
transition_first,0.25,32,0.25,8,4,24.24800000153482
transition_warm,0.25,32,0.25,8,4,26.90299996174872
transition_first,0.25,32,0.25,8,5,26.002599974162877
transition_warm,0.25,32,0.25,8,5,25.859100045636296
transition_first,0.25,32,0.25,8,6,27.656599995680153
transition_warm,0.25,32,0.25,8,6,26.65550005622208
transition_first,0.25,32,0.25,8,7,26.786300004459918
transition_warm,0.25,32,0.25,8,7,26.237400015816092
transition_first,0.25,32,0.25,8,8,26.299200020730495
transition_warm,0.25,32,0.25,8,8,25.528399972245097
transition_first,0.25,32,0.25,8,9,27.444800012744963
transition_warm,0.25,32,0.25,8,9,26.118700043298304
transition_first,0.75,8,1.0,8,0,232.79589996673167
transition_warm,0.75,8,1.0,8,0,226.47090000100434
transition_first,0.75,8,1.0,8,1,227.81289997510612
transition_warm,0.75,8,1.0,8,1,229.58919999655336
transition_first,0.75,8,1.0,8,2,230.324300006032
transition_warm,0.75,8,1.0,8,2,230.6459000101313
transition_first,0.75,8,1.0,8,3,231.74890002701432
transition_warm,0.75,8,1.0,8,3,225.998800015077
transition_first,0.75,8,1.0,8,4,232.30030003469437
transition_warm,0.75,8,1.0,8,4,229.83149997889996
transition_first,0.75,8,1.0,8,5,229.81140005867928
transition_warm,0.75,8,1.0,8,5,226.5746999764815
transition_first,0.75,8,1.0,8,6,229.90309994202107
transition_warm,0.75,8,1.0,8,6,232.36999998334795
transition_first,0.75,8,1.0,8,7,233.40099991764873
transition_warm,0.75,8,1.0,8,7,228.68890000972897
transition_first,0.75,8,1.0,8,8,228.26040000654757
transition_warm,0.75,8,1.0,8,8,230.78769992571324
transition_first,0.75,8,1.0,8,9,226.9538000691682
transition_warm,0.75,8,1.0,8,9,231.11399996560067
transition_first,0.75,32,0.75,8,0,131.445899954997
transition_warm,0.75,32,0.75,8,0,134.438700042665
transition_first,0.75,32,0.75,8,1,131.23960001394153
transition_warm,0.75,32,0.75,8,1,135.68529998883605
transition_first,0.75,32,0.75,8,2,134.36260004527867
transition_warm,0.75,32,0.75,8,2,133.05160007439554
transition_first,0.75,32,0.75,8,3,134.2900999588892
transition_warm,0.75,32,0.75,8,3,138.89279996510595
transition_first,0.75,32,0.75,8,4,132.04870000481606
transition_warm,0.75,32,0.75,8,4,135.96169999800622
transition_first,0.75,32,0.75,8,5,137.672399985604
transition_warm,0.75,32,0.75,8,5,135.89889998547733
transition_first,0.75,32,0.75,8,6,133.94680002238601
transition_warm,0.75,32,0.75,8,6,135.6563000008464
transition_first,0.75,32,0.75,8,7,134.63230000343174
transition_warm,0.75,32,0.75,8,7,138.50570004433393
transition_first,0.75,32,0.75,8,8,132.26450001820922
transition_warm,0.75,32,0.75,8,8,134.03880002442747
transition_first,0.75,32,0.75,8,9,136.9690999854356
transition_warm,0.75,32,0.75,8,9,138.5538000613451
transition_first,0.25,8,1.0,8,0,223.70919992681593
transition_warm,0.25,8,1.0,8,0,248.88630001805723
transition_first,0.25,8,1.0,8,1,222.66849991865456
transition_warm,0.25,8,1.0,8,1,232.9925000667572
transition_first,0.25,8,1.0,8,2,227.1277999971062
transition_warm,0.25,8,1.0,8,2,226.3459999812767
transition_first,0.25,8,1.0,8,3,227.01729997061193
transition_warm,0.25,8,1.0,8,3,229.4244000222534
transition_first,0.25,8,1.0,8,4,226.24770004767925
transition_warm,0.25,8,1.0,8,4,227.41800011135638
transition_first,0.25,8,1.0,8,5,225.52879992872477
transition_warm,0.25,8,1.0,8,5,228.5674000158906
transition_first,0.25,8,1.0,8,6,226.83410008903593
transition_warm,0.25,8,1.0,8,6,226.76509991288185
transition_first,0.25,8,1.0,8,7,229.73120003007352
transition_warm,0.25,8,1.0,8,7,227.2731999401003
transition_first,0.25,8,1.0,8,8,230.59699998702854
transition_warm,0.25,8,1.0,8,8,228.32110000308603
transition_first,0.25,8,1.0,8,9,227.33240004163235
transition_warm,0.25,8,1.0,8,9,236.8986998917535
transition_first,1.0,4,0.75,32,0,50.957700004801154
transition_warm,1.0,4,0.75,32,0,50.224000005982816
transition_first,1.0,4,0.75,32,1,52.02299996744841
transition_warm,1.0,4,0.75,32,1,50.930900033563375
transition_first,1.0,4,0.75,32,2,51.06179998256266
transition_warm,1.0,4,0.75,32,2,55.04939996171743
transition_first,1.0,4,0.75,32,3,51.19169992394745
transition_warm,1.0,4,0.75,32,3,49.559100065380335
transition_first,1.0,4,0.75,32,4,52.39099997561425
transition_warm,1.0,4,0.75,32,4,50.41469994466752
transition_first,1.0,4,0.75,32,5,51.64109996985644
transition_warm,1.0,4,0.75,32,5,50.84669997449964
transition_first,1.0,4,0.75,32,6,52.29510006029159
transition_warm,1.0,4,0.75,32,6,54.5313999755308
transition_first,1.0,4,0.75,32,7,54.667599964886904
transition_warm,1.0,4,0.75,32,7,51.596099976450205
transition_first,1.0,4,0.75,32,8,52.25139996036887
transition_warm,1.0,4,0.75,32,8,51.554000005126
transition_first,1.0,4,0.75,32,9,52.74950002785772
transition_warm,1.0,4,0.75,32,9,50.56760006118566
transition_first,0.75,32,0.25,16,0,29.709800030104816
transition_warm,0.75,32,0.25,16,0,29.643099987879395
transition_first,0.75,32,0.25,16,1,26.757000014185905
transition_warm,0.75,32,0.25,16,1,26.13730006851256
transition_first,0.75,32,0.25,16,2,27.413300005719066
transition_warm,0.75,32,0.25,16,2,26.18899999652058
transition_first,0.75,32,0.25,16,3,27.19349996186793
transition_warm,0.75,32,0.25,16,3,27.21420000307262
transition_first,0.75,32,0.25,16,4,28.62620004452765
transition_warm,0.75,32,0.25,16,4,26.17550001014024
transition_first,0.75,32,0.25,16,5,26.89669991377741
transition_warm,0.75,32,0.25,16,5,26.45570004824549
transition_first,0.75,32,0.25,16,6,24.993999977596104
transition_warm,0.75,32,0.25,16,6,26.216600090265274
transition_first,0.75,32,0.25,16,7,25.96929995343089
transition_warm,0.75,32,0.25,16,7,25.77369997743517
transition_first,0.75,32,0.25,16,8,26.194199919700623
transition_warm,0.75,32,0.25,16,8,24.63310002349317
transition_first,0.75,32,0.25,16,9,26.07009990606457
transition_warm,0.75,32,0.25,16,9,26.903600082732737
transition_first,0.25,8,0.75,32,0,50.251000095158815
transition_warm,0.25,8,0.75,32,0,49.419399932958186
transition_first,0.25,8,0.75,32,1,50.93300004955381
transition_warm,0.25,8,0.75,32,1,53.19719994440675
transition_first,0.25,8,0.75,32,2,50.086200004443526
transition_warm,0.25,8,0.75,32,2,49.81290001887828
transition_first,0.25,8,0.75,32,3,51.60309991333634
transition_warm,0.25,8,0.75,32,3,50.97880004905164
transition_first,0.25,8,0.75,32,4,50.985900103114545
transition_warm,0.25,8,0.75,32,4,51.71529995277524
transition_first,0.25,8,0.75,32,5,51.52019998058677
transition_warm,0.25,8,0.75,32,5,52.22089996095747
transition_first,0.25,8,0.75,32,6,49.14980009198189
transition_warm,0.25,8,0.75,32,6,49.80649997014552
transition_first,0.25,8,0.75,32,7,51.164999953471124
transition_warm,0.25,8,0.75,32,7,51.79540009703487
transition_first,0.25,8,0.75,32,8,50.114499987103045
transition_warm,0.25,8,0.75,32,8,50.71769992355257
transition_first,0.25,8,0.75,32,9,50.309999962337315
transition_warm,0.25,8,0.75,32,9,51.4798000222072
transition_first,0.5,4,1.0,16,0,224.7096000937745
transition_warm,0.5,4,1.0,16,0,233.5582000669092
transition_first,0.5,4,1.0,16,1,227.60460001882166
transition_warm,0.5,4,1.0,16,1,230.95490003470331
transition_first,0.5,4,1.0,16,2,234.07589993439615
transition_warm,0.5,4,1.0,16,2,228.55780005920678
transition_first,0.5,4,1.0,16,3,224.97730003669858
transition_warm,0.5,4,1.0,16,3,226.52459994424134
transition_first,0.5,4,1.0,16,4,233.36179996840656
transition_warm,0.5,4,1.0,16,4,227.09049994591624
transition_first,0.5,4,1.0,16,5,226.4206000836566
transition_warm,0.5,4,1.0,16,5,230.00070010311902
transition_first,0.5,4,1.0,16,6,265.16790001187474
transition_warm,0.5,4,1.0,16,6,268.13169999513775
transition_first,0.5,4,1.0,16,7,282.76739991270006
transition_warm,0.5,4,1.0,16,7,300.9736000094563
transition_first,0.5,4,1.0,16,8,252.48619995545596
transition_warm,0.5,4,1.0,16,8,228.23700006119907
transition_first,0.5,4,1.0,16,9,230.48930009827018
transition_warm,0.5,4,1.0,16,9,232.29960002936423
transition_first,0.25,32,0.25,4,0,28.37279997766018
transition_warm,0.25,32,0.25,4,0,26.176200015470386
transition_first,0.25,32,0.25,4,1,26.673799962736666
transition_warm,0.25,32,0.25,4,1,25.807199999690056
transition_first,0.25,32,0.25,4,2,26.843999978154898
transition_warm,0.25,32,0.25,4,2,25.670800008811057
transition_first,0.25,32,0.25,4,3,26.85870009008795
transition_warm,0.25,32,0.25,4,3,26.01989998947829
transition_first,0.25,32,0.25,4,4,27.09690004121512
transition_warm,0.25,32,0.25,4,4,28.04690005723387
transition_first,0.25,32,0.25,4,5,26.340199983678758
transition_warm,0.25,32,0.25,4,5,27.331699966453016
transition_first,0.25,32,0.25,4,6,25.90280002914369
transition_warm,0.25,32,0.25,4,6,27.241299976594746
transition_first,0.25,32,0.25,4,7,25.684799998998642
transition_warm,0.25,32,0.25,4,7,26.16090001538396
transition_first,0.25,32,0.25,4,8,25.133599992841482
transition_warm,0.25,32,0.25,4,8,27.356499922461808
transition_first,0.25,32,0.25,4,9,25.210199994035065
transition_warm,0.25,32,0.25,4,9,25.875200051814318
transition_first,0.75,8,1.0,16,0,227.0891999360174
transition_warm,0.75,8,1.0,16,0,230.3316000616178
transition_first,0.75,8,1.0,16,1,232.0777999702841
transition_warm,0.75,8,1.0,16,1,237.78580001089722
transition_first,0.75,8,1.0,16,2,229.17409997899085
transition_warm,0.75,8,1.0,16,2,225.39709997363389
transition_first,0.75,8,1.0,16,3,234.39090000465512
transition_warm,0.75,8,1.0,16,3,228.924399940297
transition_first,0.75,8,1.0,16,4,227.0304000703618
transition_warm,0.75,8,1.0,16,4,226.26629995647818
transition_first,0.75,8,1.0,16,5,227.64220007229596
transition_warm,0.75,8,1.0,16,5,228.08289993554354
transition_first,0.75,8,1.0,16,6,228.09119999874383
transition_warm,0.75,8,1.0,16,6,233.42830000910908
transition_first,0.75,8,1.0,16,7,225.67160008475184
transition_warm,0.75,8,1.0,16,7,227.58189996238798
transition_first,0.75,8,1.0,16,8,232.38399997353554
transition_warm,0.75,8,1.0,16,8,226.43010003957897
transition_first,0.75,8,1.0,16,9,229.56380003597587
transition_warm,0.75,8,1.0,16,9,227.8701999457553
transition_first,1.0,32,0.25,8,0,26.259999955073
transition_warm,1.0,32,0.25,8,0,25.917000020854175
transition_first,1.0,32,0.25,8,1,25.617199949920177
transition_warm,1.0,32,0.25,8,1,26.80380002129823
transition_first,1.0,32,0.25,8,2,25.34880000166595
transition_warm,1.0,32,0.25,8,2,29.62160005699843
transition_first,1.0,32,0.25,8,3,25.11909999884665
transition_warm,1.0,32,0.25,8,3,26.54460002668202
transition_first,1.0,32,0.25,8,4,25.792900007218122
transition_warm,1.0,32,0.25,8,4,25.415899930521846
transition_first,1.0,32,0.25,8,5,28.573799994774163
transition_warm,1.0,32,0.25,8,5,26.248799986205995
transition_first,1.0,32,0.25,8,6,26.712599908933043
transition_warm,1.0,32,0.25,8,6,27.498400071635842
transition_first,1.0,32,0.25,8,7,27.741099940612912
transition_warm,1.0,32,0.25,8,7,27.97579998150468
transition_first,1.0,32,0.25,8,8,27.05120004247874
transition_warm,1.0,32,0.25,8,8,26.92500001285225
transition_first,1.0,32,0.25,8,9,26.247300091199577
transition_warm,1.0,32,0.25,8,9,27.124499902129173
transition_first,0.75,32,0.5,4,0,66.80609995964915
transition_warm,0.75,32,0.5,4,0,67.8176999790594
transition_first,0.75,32,0.5,4,1,65.51510002464056
transition_warm,0.75,32,0.5,4,1,66.3959999801591
transition_first,0.75,32,0.5,4,2,65.54760003928095
transition_warm,0.75,32,0.5,4,2,67.70849996246397
transition_first,0.75,32,0.5,4,3,64.83109993860126
transition_warm,0.75,32,0.5,4,3,65.95209997612983
transition_first,0.75,32,0.5,4,4,66.39970000833273
transition_warm,0.75,32,0.5,4,4,65.61009993311018
transition_first,0.75,32,0.5,4,5,67.25890003144741
transition_warm,0.75,32,0.5,4,5,67.29020003695041
transition_first,0.75,32,0.5,4,6,66.68469996657223
transition_warm,0.75,32,0.5,4,6,67.03149992972612
transition_first,0.75,32,0.5,4,7,66.4087999612093
transition_warm,0.75,32,0.5,4,7,64.83529997058213
transition_first,0.75,32,0.5,4,8,66.50859990622848
transition_warm,0.75,32,0.5,4,8,66.30399997811764
transition_first,0.75,32,0.5,4,9,66.59209995996207
transition_warm,0.75,32,0.5,4,9,91.14429994951934
transition_first,0.25,4,0.25,16,0,39.690100005827844
transition_warm,0.25,4,0.25,16,0,37.660099915228784
transition_first,0.25,4,0.25,16,1,39.70510000362992
transition_warm,0.25,4,0.25,16,1,36.07979998923838
transition_first,0.25,4,0.25,16,2,37.32000000309199
transition_warm,0.25,4,0.25,16,2,35.427099908702075
transition_first,0.25,4,0.25,16,3,37.14949998538941
transition_warm,0.25,4,0.25,16,3,37.24529989995062
transition_first,0.25,4,0.25,16,4,35.4313999414444
transition_warm,0.25,4,0.25,16,4,33.76569994725287
transition_first,0.25,4,0.25,16,5,27.150899986736476
transition_warm,0.25,4,0.25,16,5,25.382200023159385
transition_first,0.25,4,0.25,16,6,28.111000079661608
transition_warm,0.25,4,0.25,16,6,26.41369996126741
transition_first,0.25,4,0.25,16,7,25.471400003880262
transition_warm,0.25,4,0.25,16,7,25.935200043022633
transition_first,0.25,4,0.25,16,8,25.79159999731928
transition_warm,0.25,4,0.25,16,8,26.3843999709934
transition_first,0.25,4,0.25,16,9,26.059600058943033
transition_warm,0.25,4,0.25,16,9,41.144900023937225
transition_first,0.25,4,0.25,8,0,27.104999986477196
transition_warm,0.25,4,0.25,8,0,26.212400058284402
transition_first,0.25,4,0.25,8,1,28.477800078690052
transition_warm,0.25,4,0.25,8,1,30.112599954009056
transition_first,0.25,4,0.25,8,2,25.555699947290123
transition_warm,0.25,4,0.25,8,2,29.043399961665273
transition_first,0.25,4,0.25,8,3,26.6332000028342
transition_warm,0.25,4,0.25,8,3,25.82559990696609
transition_first,0.25,4,0.25,8,4,26.337899966165423
transition_warm,0.25,4,0.25,8,4,24.64090008288622
transition_first,0.25,4,0.25,8,5,26.623699930496514
transition_warm,0.25,4,0.25,8,5,25.407800101675093
transition_first,0.25,4,0.25,8,6,25.387799949385226
transition_warm,0.25,4,0.25,8,6,25.445800041779876
transition_first,0.25,4,0.25,8,7,25.612100027501583
transition_warm,0.25,4,0.25,8,7,27.3578999331221
transition_first,0.25,4,0.25,8,8,25.823800009675324
transition_warm,0.25,4,0.25,8,8,26.703100069426
transition_first,0.25,4,0.25,8,9,27.683199965395033
transition_warm,0.25,4,0.25,8,9,27.663800050504506
transition_first,1.0,32,1.0,16,0,234.97640003915876
transition_warm,1.0,32,1.0,16,0,274.43020010832697
transition_first,1.0,32,1.0,16,1,226.26150003634393
transition_warm,1.0,32,1.0,16,1,226.35949996765703
transition_first,1.0,32,1.0,16,2,244.64609997812659
transition_warm,1.0,32,1.0,16,2,269.7442000498995
transition_first,1.0,32,1.0,16,3,237.71639994811267
transition_warm,1.0,32,1.0,16,3,229.89910002797842
transition_first,1.0,32,1.0,16,4,229.59969996009022
transition_warm,1.0,32,1.0,16,4,233.33920002914965
transition_first,1.0,32,1.0,16,5,227.5801000650972
transition_warm,1.0,32,1.0,16,5,226.76919994410127
transition_first,1.0,32,1.0,16,6,227.9841999989003
transition_warm,1.0,32,1.0,16,6,229.5801000436768
transition_first,1.0,32,1.0,16,7,233.100299956277
transition_warm,1.0,32,1.0,16,7,302.31550009921193
transition_first,1.0,32,1.0,16,8,227.46940003708005
transition_warm,1.0,32,1.0,16,8,230.61309999320656
transition_first,1.0,32,1.0,16,9,228.86079992167652
transition_warm,1.0,32,1.0,16,9,267.5378000130877
transition_first,1.0,4,0.75,16,0,136.04679994750768
transition_warm,1.0,4,0.75,16,0,134.63880005292594
transition_first,1.0,4,0.75,16,1,135.59449999593198
transition_warm,1.0,4,0.75,16,1,133.38729995302856
transition_first,1.0,4,0.75,16,2,133.2410000031814
transition_warm,1.0,4,0.75,16,2,138.31690000370145
transition_first,1.0,4,0.75,16,3,138.7715000892058
transition_warm,1.0,4,0.75,16,3,137.34300003852695
transition_first,1.0,4,0.75,16,4,135.98559994716197
transition_warm,1.0,4,0.75,16,4,135.25390007998794
transition_first,1.0,4,0.75,16,5,138.47580004949123
transition_warm,1.0,4,0.75,16,5,138.41689995024353
transition_first,1.0,4,0.75,16,6,131.1248999554664
transition_warm,1.0,4,0.75,16,6,137.26800004951656
transition_first,1.0,4,0.75,16,7,137.095500016585
transition_warm,1.0,4,0.75,16,7,162.3618999728933
transition_first,1.0,4,0.75,16,8,136.0333999618888
transition_warm,1.0,4,0.75,16,8,137.58129999041557
transition_first,1.0,4,0.75,16,9,133.8774999603629
transition_warm,1.0,4,0.75,16,9,133.44659993890673
transition_first,0.75,32,1.0,4,0,228.95879996940494
transition_warm,0.75,32,1.0,4,0,226.43070004414767
transition_first,0.75,32,1.0,4,1,233.74409996904433
transition_warm,0.75,32,1.0,4,1,229.3862000806257
transition_first,0.75,32,1.0,4,2,227.57980006281286
transition_warm,0.75,32,1.0,4,2,225.81009997520596
transition_first,0.75,32,1.0,4,3,231.1035000020638
transition_warm,0.75,32,1.0,4,3,224.9051999533549
transition_first,0.75,32,1.0,4,4,228.0629000160843
transition_warm,0.75,32,1.0,4,4,226.36830003466457
transition_first,0.75,32,1.0,4,5,228.98220003116876
transition_warm,0.75,32,1.0,4,5,227.2211000090465
transition_first,0.75,32,1.0,4,6,228.19019993767142
transition_warm,0.75,32,1.0,4,6,229.89049996249378
transition_first,0.75,32,1.0,4,7,234.17299997527152
transition_warm,0.75,32,1.0,4,7,228.91300008632243
transition_first,0.75,32,1.0,4,8,236.77900002803653
transition_warm,0.75,32,1.0,4,8,229.7222000779584
transition_first,0.75,32,1.0,4,9,230.07039993535727
transition_warm,0.75,32,1.0,4,9,227.60540002491325
transition_first,0.75,4,0.75,32,0,53.07230004109442
transition_warm,0.75,4,0.75,32,0,49.92090002633631
transition_first,0.75,4,0.75,32,1,51.80589994415641
transition_warm,0.75,4,0.75,32,1,49.36870001256466
transition_first,0.75,4,0.75,32,2,51.41269997693598
transition_warm,0.75,4,0.75,32,2,52.049399935640395
transition_first,0.75,4,0.75,32,3,53.57079999521375
transition_warm,0.75,4,0.75,32,3,51.42480006907135
transition_first,0.75,4,0.75,32,4,52.163699991069734
transition_warm,0.75,4,0.75,32,4,50.2932999515906
transition_first,0.75,4,0.75,32,5,54.947399999946356
transition_warm,0.75,4,0.75,32,5,52.637599990703166
transition_first,0.75,4,0.75,32,6,56.445499998517334
transition_warm,0.75,4,0.75,32,6,49.899699981324375
transition_first,0.75,4,0.75,32,7,53.19000000599772
transition_warm,0.75,4,0.75,32,7,52.09080001804978
transition_first,0.75,4,0.75,32,8,52.31119995005429
transition_warm,0.75,4,0.75,32,8,50.69300008472055
transition_first,0.75,4,0.75,32,9,52.64460004400462
transition_warm,0.75,4,0.75,32,9,52.73899994790554
transition_first,1.0,8,0.25,16,0,27.59329997934401
transition_warm,1.0,8,0.25,16,0,26.7033000709489
transition_first,1.0,8,0.25,16,1,28.108800062909722
transition_warm,1.0,8,0.25,16,1,26.118900044821203
transition_first,1.0,8,0.25,16,2,30.734800035133958
transition_warm,1.0,8,0.25,16,2,30.49419994931668
transition_first,1.0,8,0.25,16,3,32.27099997457117
transition_warm,1.0,8,0.25,16,3,31.78780002053827
transition_first,1.0,8,0.25,16,4,27.558399946428835
transition_warm,1.0,8,0.25,16,4,26.27060003578663
transition_first,1.0,8,0.25,16,5,26.70879999641329
transition_warm,1.0,8,0.25,16,5,25.021000066772103
transition_first,1.0,8,0.25,16,6,27.128699934110045
transition_warm,1.0,8,0.25,16,6,24.809400085359812
transition_first,1.0,8,0.25,16,7,28.205999988131225
transition_warm,1.0,8,0.25,16,7,25.84810007829219
transition_first,1.0,8,0.25,16,8,27.648700051940978
transition_warm,1.0,8,0.25,16,8,25.772099965251982
transition_first,1.0,8,0.25,16,9,28.035599971190095
transition_warm,1.0,8,0.25,16,9,26.51770005468279
transition_first,0.5,8,1.0,4,0,239.65500004123896
transition_warm,0.5,8,1.0,4,0,239.18990010861307
transition_first,0.5,8,1.0,4,1,236.50519992224872
transition_warm,0.5,8,1.0,4,1,230.57700006756932
transition_first,0.5,8,1.0,4,2,239.4922999665141
transition_warm,0.5,8,1.0,4,2,238.26090001966804
transition_first,0.5,8,1.0,4,3,225.3701000008732
transition_warm,0.5,8,1.0,4,3,228.36050007026643
transition_first,0.5,8,1.0,4,4,231.1238000402227
transition_warm,0.5,8,1.0,4,4,228.57649996876717
transition_first,0.5,8,1.0,4,5,227.1997999632731
transition_warm,0.5,8,1.0,4,5,228.96630002651364
transition_first,0.5,8,1.0,4,6,228.2322000246495
transition_warm,0.5,8,1.0,4,6,228.82339998614043
transition_first,0.5,8,1.0,4,7,225.8622000226751
transition_warm,0.5,8,1.0,4,7,237.45640006382018
transition_first,0.5,8,1.0,4,8,228.3795999828726
transition_warm,0.5,8,1.0,4,8,243.43000003136694
transition_first,0.5,8,1.0,4,9,228.37779996916652
transition_warm,0.5,8,1.0,4,9,234.5803000498563
transition_first,0.5,32,1.0,8,0,226.11699998378754
transition_warm,0.5,32,1.0,8,0,228.24229998514056
transition_first,0.5,32,1.0,8,1,229.12809997797012
transition_warm,0.5,32,1.0,8,1,238.44079999253154
transition_first,0.5,32,1.0,8,2,230.17140000592917
transition_warm,0.5,32,1.0,8,2,230.78530002385378
transition_first,0.5,32,1.0,8,3,224.53110001515597
transition_warm,0.5,32,1.0,8,3,236.14100005943328
transition_first,0.5,32,1.0,8,4,224.600899964571
transition_warm,0.5,32,1.0,8,4,231.31760000251234
transition_first,0.5,32,1.0,8,5,237.11580003146082
transition_warm,0.5,32,1.0,8,5,246.93380005192012
transition_first,0.5,32,1.0,8,6,234.6892999485135
transition_warm,0.5,32,1.0,8,6,226.85939993243665
transition_first,0.5,32,1.0,8,7,235.79289996996522
transition_warm,0.5,32,1.0,8,7,245.12900004629046
transition_first,0.5,32,1.0,8,8,246.67559994850308
transition_warm,0.5,32,1.0,8,8,229.23400008585304
transition_first,0.5,32,1.0,8,9,226.3348000124097
transition_warm,0.5,32,1.0,8,9,233.57949999626726
transition_first,0.25,4,0.5,32,0,28.425500029698014
transition_warm,0.25,4,0.5,32,0,28.816299978643656
transition_first,0.25,4,0.5,32,1,28.631599969230592
transition_warm,0.25,4,0.5,32,1,27.20979996956885
transition_first,0.25,4,0.5,32,2,29.650300042703748
transition_warm,0.25,4,0.5,32,2,47.876000055111945
transition_first,0.25,4,0.5,32,3,28.54009997099638
transition_warm,0.25,4,0.5,32,3,29.118400067090988
transition_first,0.25,4,0.5,32,4,29.24389997497201
transition_warm,0.25,4,0.5,32,4,31.635000021196902
transition_first,0.25,4,0.5,32,5,28.86930003296584
transition_warm,0.25,4,0.5,32,5,29.129500035196543
transition_first,0.25,4,0.5,32,6,28.65150000434369
transition_warm,0.25,4,0.5,32,6,27.41720003541559
transition_first,0.25,4,0.5,32,7,28.157399967312813
transition_warm,0.25,4,0.5,32,7,26.602900004945695
transition_first,0.25,4,0.5,32,8,27.933200006373227
transition_warm,0.25,4,0.5,32,8,26.99330006726086
transition_first,0.25,4,0.5,32,9,27.33840001747012
transition_warm,0.25,4,0.5,32,9,28.121699928306043
transition_first,0.5,8,0.75,4,0,135.10549999773502
transition_warm,0.5,8,0.75,4,0,136.8394000455737
transition_first,0.5,8,0.75,4,1,141.48270001169294
transition_warm,0.5,8,0.75,4,1,139.98699991498142
transition_first,0.5,8,0.75,4,2,134.73989989142865
transition_warm,0.5,8,0.75,4,2,143.28439999371767
transition_first,0.5,8,0.75,4,3,139.9177999701351
transition_warm,0.5,8,0.75,4,3,142.30910001788288
transition_first,0.5,8,0.75,4,4,137.0745999738574
transition_warm,0.5,8,0.75,4,4,138.9219999546185
transition_first,0.5,8,0.75,4,5,137.27830001153052
transition_warm,0.5,8,0.75,4,5,140.05140005610883
transition_first,0.5,8,0.75,4,6,137.9269000608474
transition_warm,0.5,8,0.75,4,6,137.229899992235
transition_first,0.5,8,0.75,4,7,134.767199982889
transition_warm,0.5,8,0.75,4,7,136.0881000291556
transition_first,0.5,8,0.75,4,8,137.29640003293753
transition_warm,0.5,8,0.75,4,8,139.24289995338768
transition_first,0.5,8,0.75,4,9,138.27100000344217
transition_warm,0.5,8,0.75,4,9,138.13460001256317
transition_first,0.5,8,1.0,8,0,232.12890001013875
transition_warm,0.5,8,1.0,8,0,231.54109995812178
transition_first,0.5,8,1.0,8,1,226.47260001394898
transition_warm,0.5,8,1.0,8,1,235.48689996823668
transition_first,0.5,8,1.0,8,2,236.40789999626577
transition_warm,0.5,8,1.0,8,2,242.84179997630417
transition_first,0.5,8,1.0,8,3,230.84039997775108
transition_warm,0.5,8,1.0,8,3,226.87580005731434
transition_first,0.5,8,1.0,8,4,227.62739995960146
transition_warm,0.5,8,1.0,8,4,231.82190000079572
transition_first,0.5,8,1.0,8,5,229.9966000718996
transition_warm,0.5,8,1.0,8,5,227.59989998303354
transition_first,0.5,8,1.0,8,6,227.92590002063662
transition_warm,0.5,8,1.0,8,6,231.33779992349446
transition_first,0.5,8,1.0,8,7,228.7911999737844
transition_warm,0.5,8,1.0,8,7,225.7800999796018
transition_first,0.5,8,1.0,8,8,228.0126999830827
transition_warm,0.5,8,1.0,8,8,228.76690002158284
transition_first,0.5,8,1.0,8,9,226.25529998913407
transition_warm,0.5,8,1.0,8,9,234.54949993174523
transition_first,0.25,32,0.5,4,0,66.1112000234425
transition_warm,0.25,32,0.5,4,0,65.43499999679625
transition_first,0.25,32,0.5,4,1,68.43670003581792
transition_warm,0.25,32,0.5,4,1,73.06760002393275
transition_first,0.25,32,0.5,4,2,69.91389999166131
transition_warm,0.25,32,0.5,4,2,67.07360001746565
transition_first,0.25,32,0.5,4,3,65.67380006890744
transition_warm,0.25,32,0.5,4,3,65.6056998996064
transition_first,0.25,32,0.5,4,4,64.05529996845871
transition_warm,0.25,32,0.5,4,4,67.45670002419502
transition_first,0.25,32,0.5,4,5,65.34610001835972
transition_warm,0.25,32,0.5,4,5,65.17319998238236
transition_first,0.25,32,0.5,4,6,65.1826000539586
transition_warm,0.25,32,0.5,4,6,64.56269999034703
transition_first,0.25,32,0.5,4,7,64.68489998951554
transition_warm,0.25,32,0.5,4,7,64.94549999479204
transition_first,0.25,32,0.5,4,8,69.26919997204095
transition_warm,0.25,32,0.5,4,8,69.56710002850741
transition_first,0.25,32,0.5,4,9,64.72159991972148
transition_warm,0.25,32,0.5,4,9,63.901100074872375
transition_first,0.25,8,0.5,8,0,64.28689998574555
transition_warm,0.25,8,0.5,8,0,63.19819996133447
transition_first,0.25,8,0.5,8,1,65.81589998677373
transition_warm,0.25,8,0.5,8,1,66.89110002480447
transition_first,0.25,8,0.5,8,2,64.42599999718368
transition_warm,0.25,8,0.5,8,2,64.13269997574389
transition_first,0.25,8,0.5,8,3,64.70480002462864
transition_warm,0.25,8,0.5,8,3,64.416499924846
transition_first,0.25,8,0.5,8,4,66.82579999323934
transition_warm,0.25,8,0.5,8,4,66.82649999856949
transition_first,0.25,8,0.5,8,5,64.12320001982152
transition_warm,0.25,8,0.5,8,5,64.71700000111014
transition_first,0.25,8,0.5,8,6,66.24600000213832
transition_warm,0.25,8,0.5,8,6,64.2977999523282
transition_first,0.25,8,0.5,8,7,64.95140003971756
transition_warm,0.25,8,0.5,8,7,66.60809996537864
transition_first,0.25,8,0.5,8,8,68.70220007840544
transition_warm,0.25,8,0.5,8,8,68.42149992007762
transition_first,0.25,8,0.5,8,9,67.13950005359948
transition_warm,0.25,8,0.5,8,9,67.96689995098859
transition_first,1.0,4,0.5,4,0,69.31849999818951
transition_warm,1.0,4,0.5,4,0,69.34130005538464
transition_first,1.0,4,0.5,4,1,67.51289998646826
transition_warm,1.0,4,0.5,4,1,66.41500000841916
transition_first,1.0,4,0.5,4,2,67.326599964872
transition_warm,1.0,4,0.5,4,2,66.11070001963526
transition_first,1.0,4,0.5,4,3,65.20169996656477
transition_warm,1.0,4,0.5,4,3,99.48020009323955
transition_first,1.0,4,0.5,4,4,81.79600001312792
transition_warm,1.0,4,0.5,4,4,67.52849998883903
transition_first,1.0,4,0.5,4,5,64.90060000214726
transition_warm,1.0,4,0.5,4,5,68.0545000359416
transition_first,1.0,4,0.5,4,6,65.62320003286004
transition_warm,1.0,4,0.5,4,6,66.9537999201566
transition_first,1.0,4,0.5,4,7,70.0405000243336
transition_warm,1.0,4,0.5,4,7,66.14689994603395
transition_first,1.0,4,0.5,4,8,68.40600003488362
transition_warm,1.0,4,0.5,4,8,75.58079995214939
transition_first,1.0,4,0.5,4,9,68.20909993257374
transition_warm,1.0,4,0.5,4,9,67.09120003506541
transition_first,0.25,32,0.75,4,0,138.27359990682453
transition_warm,0.25,32,0.75,4,0,130.7204000186175
transition_first,0.25,32,0.75,4,1,131.83259998913854
transition_warm,0.25,32,0.75,4,1,133.1181999994442
transition_first,0.25,32,0.75,4,2,132.1987999835983
transition_warm,0.25,32,0.75,4,2,132.20160000491887
transition_first,0.25,32,0.75,4,3,129.54580003861338
transition_warm,0.25,32,0.75,4,3,131.9738000165671
transition_first,0.25,32,0.75,4,4,132.9501000000164
transition_warm,0.25,32,0.75,4,4,134.90760000422597
transition_first,0.25,32,0.75,4,5,129.86330001149327
transition_warm,0.25,32,0.75,4,5,135.58719994034618
transition_first,0.25,32,0.75,4,6,130.5695999180898
transition_warm,0.25,32,0.75,4,6,132.6753000030294
transition_first,0.25,32,0.75,4,7,133.3359000273049
transition_warm,0.25,32,0.75,4,7,134.48510004673153
transition_first,0.25,32,0.75,4,8,134.8162000067532
transition_warm,0.25,32,0.75,4,8,134.50769998598844
transition_first,0.25,32,0.75,4,9,133.9313000207767
transition_warm,0.25,32,0.75,4,9,133.0999000929296
transition_first,0.25,16,0.75,4,0,137.24690000526607
transition_warm,0.25,16,0.75,4,0,137.90809991769493
transition_first,0.25,16,0.75,4,1,131.76649995148182
transition_warm,0.25,16,0.75,4,1,136.17439998779446
transition_first,0.25,16,0.75,4,2,130.78409992158413
transition_warm,0.25,16,0.75,4,2,134.27799998316914
transition_first,0.25,16,0.75,4,3,135.9801999060437
transition_warm,0.25,16,0.75,4,3,132.66480003949255
transition_first,0.25,16,0.75,4,4,133.35820008069277
transition_warm,0.25,16,0.75,4,4,133.8729999260977
transition_first,0.25,16,0.75,4,5,133.12789995688945
transition_warm,0.25,16,0.75,4,5,133.55939998291433
transition_first,0.25,16,0.75,4,6,150.41630004998296
transition_warm,0.25,16,0.75,4,6,134.1584000037983
transition_first,0.25,16,0.75,4,7,133.6008000653237
transition_warm,0.25,16,0.75,4,7,135.1448999485001
transition_first,0.25,16,0.75,4,8,135.71379997301847
transition_warm,0.25,16,0.75,4,8,133.98709998000413
transition_first,0.25,16,0.75,4,9,136.85839995741844
transition_warm,0.25,16,0.75,4,9,134.3775000423193
transition_first,0.25,16,1.0,8,0,222.1251999726519
transition_warm,0.25,16,1.0,8,0,238.0111999809742
transition_first,0.25,16,1.0,8,1,226.27900005318224
transition_warm,0.25,16,1.0,8,1,230.98649992607534
transition_first,0.25,16,1.0,8,2,224.52759998850524
transition_warm,0.25,16,1.0,8,2,224.20370008330792
transition_first,0.25,16,1.0,8,3,225.32650001812726
transition_warm,0.25,16,1.0,8,3,227.7908999240026
transition_first,0.25,16,1.0,8,4,223.54610008187592
transition_warm,0.25,16,1.0,8,4,229.04949996154755
transition_first,0.25,16,1.0,8,5,227.0769999595359
transition_warm,0.25,16,1.0,8,5,224.23689998686314
transition_first,0.25,16,1.0,8,6,223.09879993554205
transition_warm,0.25,16,1.0,8,6,221.42059996258467
transition_first,0.25,16,1.0,8,7,229.362600017339
transition_warm,0.25,16,1.0,8,7,227.94420004356652
transition_first,0.25,16,1.0,8,8,227.12100006174296
transition_warm,0.25,16,1.0,8,8,224.88809993956238
transition_first,0.25,16,1.0,8,9,224.9685999704525
transition_warm,0.25,16,1.0,8,9,222.664300003089
transition_first,0.75,4,0.75,16,0,134.13200003560632
transition_warm,0.75,4,0.75,16,0,136.0018999548629
transition_first,0.75,4,0.75,16,1,134.84069996047765
transition_warm,0.75,4,0.75,16,1,138.32180004101247
transition_first,0.75,4,0.75,16,2,132.75999994948506
transition_warm,0.75,4,0.75,16,2,135.9783000079915
transition_first,0.75,4,0.75,16,3,139.4447999773547
transition_warm,0.75,4,0.75,16,3,134.23309999052435
transition_first,0.75,4,0.75,16,4,134.0488001005724
transition_warm,0.75,4,0.75,16,4,136.85400004033
transition_first,0.75,4,0.75,16,5,136.4509001141414
transition_warm,0.75,4,0.75,16,5,136.91740005742759
transition_first,0.75,4,0.75,16,6,138.00669996999204
transition_warm,0.75,4,0.75,16,6,135.08909998927265
transition_first,0.75,4,0.75,16,7,134.88219992723316
transition_warm,0.75,4,0.75,16,7,137.21559999976307
transition_first,0.75,4,0.75,16,8,133.40289995539933
transition_warm,0.75,4,0.75,16,8,138.43699998687953
transition_first,0.75,4,0.75,16,9,134.84880002215505
transition_warm,0.75,4,0.75,16,9,137.99940003082156
transition_first,0.75,8,1.0,32,0,63.55590000748634
transition_warm,0.75,8,1.0,32,0,62.091700034216046
transition_first,0.75,8,1.0,32,1,62.53589992411435
transition_warm,0.75,8,1.0,32,1,62.56069999653846
transition_first,0.75,8,1.0,32,2,63.45959997270256
transition_warm,0.75,8,1.0,32,2,59.83859999105334
transition_first,0.75,8,1.0,32,3,63.621100038290024
transition_warm,0.75,8,1.0,32,3,61.7488999851048
transition_first,0.75,8,1.0,32,4,63.2941999938339
transition_warm,0.75,8,1.0,32,4,60.59580005239695
transition_first,0.75,8,1.0,32,5,63.01829998847097
transition_warm,0.75,8,1.0,32,5,61.92050001118332
transition_first,0.75,8,1.0,32,6,65.26200007647276
transition_warm,0.75,8,1.0,32,6,60.475199948996305
transition_first,0.75,8,1.0,32,7,61.665200046263635
transition_warm,0.75,8,1.0,32,7,59.41880005411804
transition_first,0.75,8,1.0,32,8,62.960100010968745
transition_warm,0.75,8,1.0,32,8,59.88800001796335
transition_first,0.75,8,1.0,32,9,62.151200021617115
transition_warm,0.75,8,1.0,32,9,60.83960004616529
transition_first,0.5,32,0.25,4,0,26.342199998907745
transition_warm,0.5,32,0.25,4,0,26.24059992376715
transition_first,0.5,32,0.25,4,1,25.269199977628887
transition_warm,0.5,32,0.25,4,1,27.05069992225617
transition_first,0.5,32,0.25,4,2,26.84679999947548
transition_warm,0.5,32,0.25,4,2,25.92520008329302
transition_first,0.5,32,0.25,4,3,26.66009997483343
transition_warm,0.5,32,0.25,4,3,25.690400041639805
transition_first,0.5,32,0.25,4,4,26.266500004567206
transition_warm,0.5,32,0.25,4,4,26.497499900870025
transition_first,0.5,32,0.25,4,5,26.14460000768304
transition_warm,0.5,32,0.25,4,5,26.339200092479587
transition_first,0.5,32,0.25,4,6,26.92619990557432
transition_warm,0.5,32,0.25,4,6,26.554199983365834
transition_first,0.5,32,0.25,4,7,24.42590007558465
transition_warm,0.5,32,0.25,4,7,26.393599924631417
transition_first,0.5,32,0.25,4,8,25.35330003593117
transition_warm,0.5,32,0.25,4,8,25.453199981711805
transition_first,0.5,32,0.25,4,9,26.40960004646331
transition_warm,0.5,32,0.25,4,9,26.79779997561127
transition_first,1.0,16,0.25,32,0,13.278500060550869
transition_warm,1.0,16,0.25,32,0,13.04679992608726
transition_first,1.0,16,0.25,32,1,13.325799955055118
transition_warm,1.0,16,0.25,32,1,12.71220005583018
transition_first,1.0,16,0.25,32,2,14.261400094255805
transition_warm,1.0,16,0.25,32,2,13.058799901045859
transition_first,1.0,16,0.25,32,3,13.521400047466159
transition_warm,1.0,16,0.25,32,3,14.187499997206032
transition_first,1.0,16,0.25,32,4,13.591599999926984
transition_warm,1.0,16,0.25,32,4,13.11499997973442
transition_first,1.0,16,0.25,32,5,14.669599942862988
transition_warm,1.0,16,0.25,32,5,12.762200087308884
transition_first,1.0,16,0.25,32,6,13.841799926012754
transition_warm,1.0,16,0.25,32,6,12.765999999828637
transition_first,1.0,16,0.25,32,7,13.660099939443171
transition_warm,1.0,16,0.25,32,7,13.105800026096404
transition_first,1.0,16,0.25,32,8,13.838000013493001
transition_warm,1.0,16,0.25,32,8,13.40549997985363
transition_first,1.0,16,0.25,32,9,13.649900094605982
transition_warm,1.0,16,0.25,32,9,13.601499958895147
transition_first,0.75,8,0.25,4,0,27.411999995820224
transition_warm,0.75,8,0.25,4,0,24.648299906402826
transition_first,0.75,8,0.25,4,1,29.983700020238757
transition_warm,0.75,8,0.25,4,1,26.356999995186925
transition_first,0.75,8,0.25,4,2,28.829899965785444
transition_warm,0.75,8,0.25,4,2,24.61089997086674
transition_first,0.75,8,0.25,4,3,27.631100034341216
transition_warm,0.75,8,0.25,4,3,26.508399983868003
transition_first,0.75,8,0.25,4,4,26.685399934649467
transition_warm,0.75,8,0.25,4,4,25.643200031481683
transition_first,0.75,8,0.25,4,5,26.862200000323355
transition_warm,0.75,8,0.25,4,5,27.684799977578223
transition_first,0.75,8,0.25,4,6,27.014599996618927
transition_warm,0.75,8,0.25,4,6,25.620399974286556
transition_first,0.75,8,0.25,4,7,27.896299958229065
transition_warm,0.75,8,0.25,4,7,26.879000011831522
transition_first,0.75,8,0.25,4,8,28.161399997770786
transition_warm,0.75,8,0.25,4,8,26.238300022669137
transition_first,0.75,8,0.25,4,9,45.79179990105331
transition_warm,0.75,8,0.25,4,9,41.201199986971915
transition_first,0.25,8,0.75,8,0,142.66269991640002
transition_warm,0.25,8,0.75,8,0,141.30879996810108
transition_first,0.25,8,0.75,8,1,146.24979998916388
transition_warm,0.25,8,0.75,8,1,210.7118999119848
transition_first,0.25,8,0.75,8,2,139.77150002028793
transition_warm,0.25,8,0.75,8,2,145.95459995325655
transition_first,0.25,8,0.75,8,3,130.5916999699548
transition_warm,0.25,8,0.75,8,3,131.27929996699095
transition_first,0.25,8,0.75,8,4,131.4924000762403
transition_warm,0.25,8,0.75,8,4,139.74249991588295
transition_first,0.25,8,0.75,8,5,133.34450009278953
transition_warm,0.25,8,0.75,8,5,134.4551999354735
transition_first,0.25,8,0.75,8,6,137.38189998548478
transition_warm,0.25,8,0.75,8,6,133.6070999968797
transition_first,0.25,8,0.75,8,7,132.53760000225157
transition_warm,0.25,8,0.75,8,7,136.61339995451272
transition_first,0.25,8,0.75,8,8,136.6588999517262
transition_warm,0.25,8,0.75,8,8,134.16170002892613
transition_first,0.25,8,0.75,8,9,130.57109992951155
transition_warm,0.25,8,0.75,8,9,135.56359999347478
transition_first,1.0,32,1.0,8,0,229.3735999846831
transition_warm,1.0,32,1.0,8,0,235.5773999588564
transition_first,1.0,32,1.0,8,1,224.33360002469271
transition_warm,1.0,32,1.0,8,1,224.01979996357113
transition_first,1.0,32,1.0,8,2,223.6178000457585
transition_warm,1.0,32,1.0,8,2,228.38250000495464
transition_first,1.0,32,1.0,8,3,228.1195999821648
transition_warm,1.0,32,1.0,8,3,260.0667999358848
transition_first,1.0,32,1.0,8,4,339.83159996569157
transition_warm,1.0,32,1.0,8,4,378.1241000397131
transition_first,1.0,32,1.0,8,5,279.5571000315249
transition_warm,1.0,32,1.0,8,5,340.4456999851391
transition_first,1.0,32,1.0,8,6,274.3694999953732
transition_warm,1.0,32,1.0,8,6,391.3171000313014
transition_first,1.0,32,1.0,8,7,252.03579990193248
transition_warm,1.0,32,1.0,8,7,223.24710001703352
transition_first,1.0,32,1.0,8,8,228.29310002271086
transition_warm,1.0,32,1.0,8,8,227.0661999937147
transition_first,1.0,32,1.0,8,9,244.07679995056242
transition_warm,1.0,32,1.0,8,9,228.36810001172125
transition_first,1.0,4,0.75,4,0,136.48270000703633
transition_warm,1.0,4,0.75,4,0,134.7801999654621
transition_first,1.0,4,0.75,4,1,132.3978001018986
transition_warm,1.0,4,0.75,4,1,134.98729991260916
transition_first,1.0,4,0.75,4,2,136.6623000940308
transition_warm,1.0,4,0.75,4,2,136.4068000111729
transition_first,1.0,4,0.75,4,3,131.54970004688948
transition_warm,1.0,4,0.75,4,3,133.4385999944061
transition_first,1.0,4,0.75,4,4,138.02600000053644
transition_warm,1.0,4,0.75,4,4,135.77189994975924
transition_first,1.0,4,0.75,4,5,135.90459991246462
transition_warm,1.0,4,0.75,4,5,137.97929999418557
transition_first,1.0,4,0.75,4,6,137.11479993071407
transition_warm,1.0,4,0.75,4,6,137.11710006464273
transition_first,1.0,4,0.75,4,7,134.81159997172654
transition_warm,1.0,4,0.75,4,7,134.42689995281398
transition_first,1.0,4,0.75,4,8,136.17219997104257
transition_warm,1.0,4,0.75,4,8,136.57560001593083
transition_first,1.0,4,0.75,4,9,133.3951000124216
transition_warm,1.0,4,0.75,4,9,134.14239999838173
transition_first,0.5,16,0.25,4,0,27.17989997472614
transition_warm,0.5,16,0.25,4,0,25.43200005311519
transition_first,0.5,16,0.25,4,1,26.013200054876506
transition_warm,0.5,16,0.25,4,1,26.573299895972013
transition_first,0.5,16,0.25,4,2,27.380399988032877
transition_warm,0.5,16,0.25,4,2,26.776100043207407
transition_first,0.5,16,0.25,4,3,27.669399976730347
transition_warm,0.5,16,0.25,4,3,27.13099995162338
transition_first,0.5,16,0.25,4,4,26.04360005352646
transition_warm,0.5,16,0.25,4,4,26.859599980525672
transition_first,0.5,16,0.25,4,5,26.495199999772012
transition_warm,0.5,16,0.25,4,5,25.286999996751547
transition_first,0.5,16,0.25,4,6,26.349300052970648
transition_warm,0.5,16,0.25,4,6,25.651699979789555
transition_first,0.5,16,0.25,4,7,26.077299960888922
transition_warm,0.5,16,0.25,4,7,25.611900025978684
transition_first,0.5,16,0.25,4,8,26.556700002402067
transition_warm,0.5,16,0.25,4,8,26.180199929513037
transition_first,0.5,16,0.25,4,9,26.533400057815015
transition_warm,0.5,16,0.25,4,9,26.07789996545762
transition_first,0.25,32,0.25,16,0,24.7799000935629
transition_warm,0.25,32,0.25,16,0,26.971699902787805
transition_first,0.25,32,0.25,16,1,26.940600015223026
transition_warm,0.25,32,0.25,16,1,26.46129997447133
transition_first,0.25,32,0.25,16,2,27.185400016605854
transition_warm,0.25,32,0.25,16,2,26.172199985012412
transition_first,0.25,32,0.25,16,3,26.99200005736202
transition_warm,0.25,32,0.25,16,3,27.04969991464168
transition_first,0.25,32,0.25,16,4,26.19629993569106
transition_warm,0.25,32,0.25,16,4,26.96990000549704
transition_first,0.25,32,0.25,16,5,27.09839993622154
transition_warm,0.25,32,0.25,16,5,26.980600086972117
transition_first,0.25,32,0.25,16,6,26.66169998701662
transition_warm,0.25,32,0.25,16,6,27.764900005422533
transition_first,0.25,32,0.25,16,7,26.669300044886768
transition_warm,0.25,32,0.25,16,7,25.712899980135262
transition_first,0.25,32,0.25,16,8,26.777199935168028
transition_warm,0.25,32,0.25,16,8,26.16850007325411
transition_first,0.25,32,0.25,16,9,26.216299971565604
transition_warm,0.25,32,0.25,16,9,25.36909992340952
transition_first,0.75,8,0.5,16,0,65.91100001242012
transition_warm,0.75,8,0.5,16,0,62.89289996493608
transition_first,0.75,8,0.5,16,1,68.22489993646741
transition_warm,0.75,8,0.5,16,1,65.65969996154308
transition_first,0.75,8,0.5,16,2,64.75780007895082
transition_warm,0.75,8,0.5,16,2,64.17919998057187
transition_first,0.75,8,0.5,16,3,67.28930003009737
transition_warm,0.75,8,0.5,16,3,66.24269997701049
transition_first,0.75,8,0.5,16,4,67.67109991051257
transition_warm,0.75,8,0.5,16,4,66.50060007814318
transition_first,0.75,8,0.5,16,5,68.84700001683086
transition_warm,0.75,8,0.5,16,5,68.85839998722076
transition_first,0.75,8,0.5,16,6,66.20940007269382
transition_warm,0.75,8,0.5,16,6,68.56110005173832
transition_first,0.75,8,0.5,16,7,67.80329998582602
transition_warm,0.75,8,0.5,16,7,67.68659991212189
transition_first,0.75,8,0.5,16,8,66.80879998020828
transition_warm,0.75,8,0.5,16,8,66.59399997442961
transition_first,0.75,8,0.5,16,9,66.45789998583496
transition_warm,0.75,8,0.5,16,9,64.5097999367863
transition_first,0.75,16,0.5,16,0,66.81040010880679
transition_warm,0.75,16,0.5,16,0,66.01860001683235
transition_first,0.75,16,0.5,16,1,65.73909998405725
transition_warm,0.75,16,0.5,16,1,65.77390001621097
transition_first,0.75,16,0.5,16,2,67.47949996497482
transition_warm,0.75,16,0.5,16,2,68.39939998462796
transition_first,0.75,16,0.5,16,3,65.20610000006855
transition_warm,0.75,16,0.5,16,3,63.41890001203865
transition_first,0.75,16,0.5,16,4,66.4888999890536
transition_warm,0.75,16,0.5,16,4,69.15449991356581
transition_first,0.75,16,0.5,16,5,69.2451000213623
transition_warm,0.75,16,0.5,16,5,63.92270000651479
transition_first,0.75,16,0.5,16,6,65.87299995590001
transition_warm,0.75,16,0.5,16,6,69.73380001727492
transition_first,0.75,16,0.5,16,7,66.01070007309318
transition_warm,0.75,16,0.5,16,7,64.48529998306185
transition_first,0.75,16,0.5,16,8,66.31030002608895
transition_warm,0.75,16,0.5,16,8,67.0665999641642
transition_first,0.75,16,0.5,16,9,67.99969996791333
transition_warm,0.75,16,0.5,16,9,65.4662000015378
transition_first,0.25,16,1.0,32,0,59.38559991773218
transition_warm,0.25,16,1.0,32,0,60.49679999705404
transition_first,0.25,16,1.0,32,1,62.67190002836287
transition_warm,0.25,16,1.0,32,1,60.84369996096939
transition_first,0.25,16,1.0,32,2,60.29209995176643
transition_warm,0.25,16,1.0,32,2,59.85150008928031
transition_first,0.25,16,1.0,32,3,60.538399964571
transition_warm,0.25,16,1.0,32,3,61.59340008161962
transition_first,0.25,16,1.0,32,4,61.67129997629672
transition_warm,0.25,16,1.0,32,4,61.41990004107356
transition_first,0.25,16,1.0,32,5,60.793900047428906
transition_warm,0.25,16,1.0,32,5,59.78250002954155
transition_first,0.25,16,1.0,32,6,60.05099997855723
transition_warm,0.25,16,1.0,32,6,59.620600077323616
transition_first,0.25,16,1.0,32,7,61.44550000317395
transition_warm,0.25,16,1.0,32,7,61.762799974530935
transition_first,0.25,16,1.0,32,8,63.349399948492646
transition_warm,0.25,16,1.0,32,8,60.28980005066842
transition_first,0.25,16,1.0,32,9,60.03460008651018
transition_warm,0.25,16,1.0,32,9,60.71210000663996
transition_first,0.75,16,0.75,32,0,52.03629995230585
transition_warm,0.75,16,0.75,32,0,52.24750004708767
transition_first,0.75,16,0.75,32,1,52.23669996485114
transition_warm,0.75,16,0.75,32,1,49.86540006939322
transition_first,0.75,16,0.75,32,2,51.29169998690486
transition_warm,0.75,16,0.75,32,2,51.450900034978986
transition_first,0.75,16,0.75,32,3,50.64710008446127
transition_warm,0.75,16,0.75,32,3,49.215400009416044
transition_first,0.75,16,0.75,32,4,50.40260008536279
transition_warm,0.75,16,0.75,32,4,48.154099960811436
transition_first,0.75,16,0.75,32,5,52.72430006880313
transition_warm,0.75,16,0.75,32,5,49.74779998883605
transition_first,0.75,16,0.75,32,6,51.39859998598695
transition_warm,0.75,16,0.75,32,6,50.73370004538447
transition_first,0.75,16,0.75,32,7,50.917500047944486
transition_warm,0.75,16,0.75,32,7,50.622600014321506
transition_first,0.75,16,0.75,32,8,52.51860001590103
transition_warm,0.75,16,0.75,32,8,51.20129999704659
transition_first,0.75,16,0.75,32,9,53.43510000966489
transition_warm,0.75,16,0.75,32,9,48.93920000176877
transition_first,0.75,8,0.75,4,0,133.03699996322393
transition_warm,0.75,8,0.75,4,0,135.95080003142357
transition_first,0.75,8,0.75,4,1,134.87359997816384
transition_warm,0.75,8,0.75,4,1,133.32319993060082
transition_first,0.75,8,0.75,4,2,133.72669997625053
transition_warm,0.75,8,0.75,4,2,134.04340005945414
transition_first,0.75,8,0.75,4,3,135.43549994938076
transition_warm,0.75,8,0.75,4,3,131.59370003268123
transition_first,0.75,8,0.75,4,4,133.3989999257028
transition_warm,0.75,8,0.75,4,4,134.81690001208335
transition_first,0.75,8,0.75,4,5,130.90370001737028
transition_warm,0.75,8,0.75,4,5,134.1266999952495
transition_first,0.75,8,0.75,4,6,135.70500002242625
transition_warm,0.75,8,0.75,4,6,135.49190002959222
transition_first,0.75,8,0.75,4,7,136.13790005911142
transition_warm,0.75,8,0.75,4,7,129.55509999301285
transition_first,0.75,8,0.75,4,8,133.16119997762144
transition_warm,0.75,8,0.75,4,8,135.98129991441965
transition_first,0.75,8,0.75,4,9,135.08810009807348
transition_warm,0.75,8,0.75,4,9,135.58320002630353
transition_first,0.5,4,0.5,32,0,27.788199950009584
transition_warm,0.5,4,0.5,32,0,26.857699966058135
transition_first,0.5,4,0.5,32,1,27.453299961052835
transition_warm,0.5,4,0.5,32,1,26.36530005838722
transition_first,0.5,4,0.5,32,2,28.896600008010864
transition_warm,0.5,4,0.5,32,2,27.862600050866604
transition_first,0.5,4,0.5,32,3,29.50459998100996
transition_warm,0.5,4,0.5,32,3,28.755500097759068
transition_first,0.5,4,0.5,32,4,27.445900021120906
transition_warm,0.5,4,0.5,32,4,27.595799998380244
transition_first,0.5,4,0.5,32,5,28.690500068478286
transition_warm,0.5,4,0.5,32,5,27.821999974548817
transition_first,0.5,4,0.5,32,6,29.222700046375394
transition_warm,0.5,4,0.5,32,6,27.845000033266842
transition_first,0.5,4,0.5,32,7,28.630400076508522
transition_warm,0.5,4,0.5,32,7,28.65829993970692
transition_first,0.5,4,0.5,32,8,27.57689997088164
transition_warm,0.5,4,0.5,32,8,28.880500001832843
transition_first,0.5,4,0.5,32,9,27.819699957035482
transition_warm,0.5,4,0.5,32,9,27.496800059452653
transition_first,0.5,32,0.5,8,0,68.25749995186925
transition_warm,0.5,32,0.5,8,0,79.49819997884333
transition_first,0.5,32,0.5,8,1,65.40850002784282
transition_warm,0.5,32,0.5,8,1,67.08129995968193
transition_first,0.5,32,0.5,8,2,64.89919999148697
transition_warm,0.5,32,0.5,8,2,67.51860002987087
transition_first,0.5,32,0.5,8,3,64.9555999552831
transition_warm,0.5,32,0.5,8,3,66.15930004045367
transition_first,0.5,32,0.5,8,4,64.70019998960197
transition_warm,0.5,32,0.5,8,4,66.56069995369762
transition_first,0.5,32,0.5,8,5,63.908200012519956
transition_warm,0.5,32,0.5,8,5,65.12569996993989
transition_first,0.5,32,0.5,8,6,69.95929998811334
transition_warm,0.5,32,0.5,8,6,64.16439998429269
transition_first,0.5,32,0.5,8,7,64.55080001614988
transition_warm,0.5,32,0.5,8,7,66.241699969396
transition_first,0.5,32,0.5,8,8,65.05289999768138
transition_warm,0.5,32,0.5,8,8,69.00749995838851
transition_first,0.5,32,0.5,8,9,65.89359999634326
transition_warm,0.5,32,0.5,8,9,66.50319998152554
transition_first,1.0,16,1.0,8,0,230.49689992330968
transition_warm,1.0,16,1.0,8,0,227.47719998005778
transition_first,1.0,16,1.0,8,1,231.28450009971857
transition_warm,1.0,16,1.0,8,1,230.8912998996675
transition_first,1.0,16,1.0,8,2,229.25149998627603
transition_warm,1.0,16,1.0,8,2,224.78279995266348
transition_first,1.0,16,1.0,8,3,231.91450000740588
transition_warm,1.0,16,1.0,8,3,228.3702000277117
transition_first,1.0,16,1.0,8,4,228.78050000872463
transition_warm,1.0,16,1.0,8,4,235.35490001086146
transition_first,1.0,16,1.0,8,5,244.508899981156
transition_warm,1.0,16,1.0,8,5,233.20969997439533
transition_first,1.0,16,1.0,8,6,289.41140009555966
transition_warm,1.0,16,1.0,8,6,233.44229999929667
transition_first,1.0,16,1.0,8,7,231.77359998226166
transition_warm,1.0,16,1.0,8,7,229.5988000696525
transition_first,1.0,16,1.0,8,8,228.77749998588115
transition_warm,1.0,16,1.0,8,8,226.51399997994304
transition_first,1.0,16,1.0,8,9,226.0346000548452
transition_warm,1.0,16,1.0,8,9,229.49629998765886
transition_first,0.25,16,0.25,8,0,26.10849996563047
transition_warm,0.25,16,0.25,8,0,26.450500008650124
transition_first,0.25,16,0.25,8,1,26.1473999125883
transition_warm,0.25,16,0.25,8,1,26.05540002696216
transition_first,0.25,16,0.25,8,2,26.682600029744208
transition_warm,0.25,16,0.25,8,2,26.536299963481724
transition_first,0.25,16,0.25,8,3,26.965699973516166
transition_warm,0.25,16,0.25,8,3,27.600100031122565
transition_first,0.25,16,0.25,8,4,27.271299972198904
transition_warm,0.25,16,0.25,8,4,27.07029995508492
transition_first,0.25,16,0.25,8,5,26.97989996522665
transition_warm,0.25,16,0.25,8,5,27.424799976870418
transition_first,0.25,16,0.25,8,6,26.753999991342425
transition_warm,0.25,16,0.25,8,6,25.38279991131276
transition_first,0.25,16,0.25,8,7,26.41249995213002
transition_warm,0.25,16,0.25,8,7,25.516900001093745
transition_first,0.25,16,0.25,8,8,26.436000014655292
transition_warm,0.25,16,0.25,8,8,26.357199996709824
transition_first,0.25,16,0.25,8,9,25.853600003756583
transition_warm,0.25,16,0.25,8,9,27.28979999665171
transition_first,0.5,16,0.5,8,0,64.92149992845953
transition_warm,0.5,16,0.5,8,0,65.24370005354285
transition_first,0.5,16,0.5,8,1,65.26259996462613
transition_warm,0.5,16,0.5,8,1,65.54729992058128
transition_first,0.5,16,0.5,8,2,65.77910005580634
transition_warm,0.5,16,0.5,8,2,65.29610010329634
transition_first,0.5,16,0.5,8,3,65.32569997943938
transition_warm,0.5,16,0.5,8,3,66.23100000433624
transition_first,0.5,16,0.5,8,4,65.83089998457581
transition_warm,0.5,16,0.5,8,4,65.7262000022456
transition_first,0.5,16,0.5,8,5,67.02439999207854
transition_warm,0.5,16,0.5,8,5,65.25630003307015
transition_first,0.5,16,0.5,8,6,65.018399967812
transition_warm,0.5,16,0.5,8,6,65.84729999303818
transition_first,0.5,16,0.5,8,7,65.68790005985647
transition_warm,0.5,16,0.5,8,7,64.17839997448027
transition_first,0.5,16,0.5,8,8,71.9704000512138
transition_warm,0.5,16,0.5,8,8,66.16379995830357
transition_first,0.5,16,0.5,8,9,66.67109997943044
transition_warm,0.5,16,0.5,8,9,68.55719990562648
transition_first,0.25,16,1.0,4,0,228.04369998630136
transition_warm,0.25,16,1.0,4,0,224.29449995979667
transition_first,0.25,16,1.0,4,1,230.0114999525249
transition_warm,0.25,16,1.0,4,1,225.86390003561974
transition_first,0.25,16,1.0,4,2,227.4920999770984
transition_warm,0.25,16,1.0,4,2,225.1535999821499
transition_first,0.25,16,1.0,4,3,230.37700005806983
transition_warm,0.25,16,1.0,4,3,229.74730003625154
transition_first,0.25,16,1.0,4,4,223.23659993708134
transition_warm,0.25,16,1.0,4,4,228.91109995543957
transition_first,0.25,16,1.0,4,5,228.24289998970926
transition_warm,0.25,16,1.0,4,5,224.22969993203878
transition_first,0.25,16,1.0,4,6,223.7692999187857
transition_warm,0.25,16,1.0,4,6,224.70770007930696
transition_first,0.25,16,1.0,4,7,231.26370005775243
transition_warm,0.25,16,1.0,4,7,230.21389998029917
transition_first,0.25,16,1.0,4,8,237.23780002910644
transition_warm,0.25,16,1.0,4,8,223.7751999637112
transition_first,0.25,16,1.0,4,9,226.60409996751696
transition_warm,0.25,16,1.0,4,9,231.15399992093444
transition_first,0.5,32,0.5,16,0,65.31440000981092
transition_warm,0.5,32,0.5,16,0,65.11750002391636
transition_first,0.5,32,0.5,16,1,64.57589997444302
transition_warm,0.5,32,0.5,16,1,67.36450002063066
transition_first,0.5,32,0.5,16,2,65.10930007789284
transition_warm,0.5,32,0.5,16,2,66.83929997961968
transition_first,0.5,32,0.5,16,3,65.42969995643944
transition_warm,0.5,32,0.5,16,3,64.91489999461919
transition_first,0.5,32,0.5,16,4,65.18630008213222
transition_warm,0.5,32,0.5,16,4,69.48519998695701
transition_first,0.5,32,0.5,16,5,65.86719991173595
transition_warm,0.5,32,0.5,16,5,66.43290002830327
transition_first,0.5,32,0.5,16,6,64.02099994011223
transition_warm,0.5,32,0.5,16,6,63.342100009322166
transition_first,0.5,32,0.5,16,7,64.23429993446916
transition_warm,0.5,32,0.5,16,7,65.77260000631213
transition_first,0.5,32,0.5,16,8,65.66600000951439
transition_warm,0.5,32,0.5,16,8,65.34920004196465
transition_first,0.5,32,0.5,16,9,66.78360002115369
transition_warm,0.5,32,0.5,16,9,66.39439996797591
transition_first,0.75,8,0.75,16,0,133.6178999627009
transition_warm,0.75,8,0.75,16,0,136.76250004209578
transition_first,0.75,8,0.75,16,1,134.55730001442134
transition_warm,0.75,8,0.75,16,1,131.2574999174103
transition_first,0.75,8,0.75,16,2,133.19169997703284
transition_warm,0.75,8,0.75,16,2,134.24939999822527
transition_first,0.75,8,0.75,16,3,136.4125000545755
transition_warm,0.75,8,0.75,16,3,132.84330000169575
transition_first,0.75,8,0.75,16,4,132.3112000245601
transition_warm,0.75,8,0.75,16,4,135.2255999809131
transition_first,0.75,8,0.75,16,5,133.49880010355264
transition_warm,0.75,8,0.75,16,5,135.5024001095444
transition_first,0.75,8,0.75,16,6,136.5153999067843
transition_warm,0.75,8,0.75,16,6,146.091700065881
transition_first,0.75,8,0.75,16,7,135.30029996763915
transition_warm,0.75,8,0.75,16,7,138.36460001766682
transition_first,0.75,8,0.75,16,8,136.60760002676398
transition_warm,0.75,8,0.75,16,8,136.75800000783056
transition_first,0.75,8,0.75,16,9,133.08960001450032
transition_warm,0.75,8,0.75,16,9,137.24999991245568
transition_first,0.5,4,0.75,16,0,130.15270000323653
transition_warm,0.5,4,0.75,16,0,135.3990000206977
transition_first,0.5,4,0.75,16,1,194.9960000347346
transition_warm,0.5,4,0.75,16,1,136.58419996500015
transition_first,0.5,4,0.75,16,2,150.29559994582087
transition_warm,0.5,4,0.75,16,2,135.30720002017915
transition_first,0.5,4,0.75,16,3,136.84090005699545
transition_warm,0.5,4,0.75,16,3,142.01270008925349
transition_first,0.5,4,0.75,16,4,136.89989992417395
transition_warm,0.5,4,0.75,16,4,131.41360005829483
transition_first,0.5,4,0.75,16,5,135.8829999808222
transition_warm,0.5,4,0.75,16,5,134.07810009084642
transition_first,0.5,4,0.75,16,6,134.3773000407964
transition_warm,0.5,4,0.75,16,6,134.02819994371384
transition_first,0.5,4,0.75,16,7,132.92080000974238
transition_warm,0.5,4,0.75,16,7,134.3883000081405
transition_first,0.5,4,0.75,16,8,133.21589992847294
transition_warm,0.5,4,0.75,16,8,134.5885000191629
transition_first,0.5,4,0.75,16,9,133.24720005039126
transition_warm,0.5,4,0.75,16,9,134.2350000049919
transition_first,0.25,32,0.5,8,0,65.7957000657916
transition_warm,0.25,32,0.5,8,0,66.03490002453327
transition_first,0.25,32,0.5,8,1,64.70600003376603
transition_warm,0.25,32,0.5,8,1,66.29420001991093
transition_first,0.25,32,0.5,8,2,64.09539992455393
transition_warm,0.25,32,0.5,8,2,65.92089997138828
transition_first,0.25,32,0.5,8,3,67.61340005323291
transition_warm,0.25,32,0.5,8,3,68.61070008017123
transition_first,0.25,32,0.5,8,4,64.25639998633415
transition_warm,0.25,32,0.5,8,4,66.23260001651943
transition_first,0.25,32,0.5,8,5,66.42479996662587
transition_warm,0.25,32,0.5,8,5,65.7337000593543
transition_first,0.25,32,0.5,8,6,64.87350002862513
transition_warm,0.25,32,0.5,8,6,69.13419999182224
transition_first,0.25,32,0.5,8,7,66.66180002503097
transition_warm,0.25,32,0.5,8,7,66.53369998093694
transition_first,0.25,32,0.5,8,8,65.54370000958443
transition_warm,0.25,32,0.5,8,8,66.55550003051758
transition_first,0.25,32,0.5,8,9,66.02269993163645
transition_warm,0.25,32,0.5,8,9,65.11680001858622
transition_first,0.5,16,0.5,4,0,64.53800003509969
transition_warm,0.5,16,0.5,4,0,67.34269997105002
transition_first,0.5,16,0.5,4,1,66.68090005405247
transition_warm,0.5,16,0.5,4,1,65.83050009794533
transition_first,0.5,16,0.5,4,2,66.61680003162473
transition_warm,0.5,16,0.5,4,2,68.63110000267625
transition_first,0.5,16,0.5,4,3,67.28209997527301
transition_warm,0.5,16,0.5,4,3,66.080900025554
transition_first,0.5,16,0.5,4,4,63.79019992891699
transition_warm,0.5,16,0.5,4,4,65.23409998044372
transition_first,0.5,16,0.5,4,5,69.11489996127784
transition_warm,0.5,16,0.5,4,5,65.46040007378906
transition_first,0.5,16,0.5,4,6,67.0848999870941
transition_warm,0.5,16,0.5,4,6,65.75219996739179
transition_first,0.5,16,0.5,4,7,65.29990001581609
transition_warm,0.5,16,0.5,4,7,67.50830006785691
transition_first,0.5,16,0.5,4,8,66.75350002478808
transition_warm,0.5,16,0.5,4,8,65.18519995734096
transition_first,0.5,16,0.5,4,9,65.45210001058877
transition_warm,0.5,16,0.5,4,9,65.318200038746
transition_first,1.0,16,0.75,4,0,135.6443000258878
transition_warm,1.0,16,0.75,4,0,132.3108000215143
transition_first,1.0,16,0.75,4,1,134.33070003520697
transition_warm,1.0,16,0.75,4,1,134.25280002411455
transition_first,1.0,16,0.75,4,2,133.5548999486491
transition_warm,1.0,16,0.75,4,2,136.3806000445038
transition_first,1.0,16,0.75,4,3,131.78380008321255
transition_warm,1.0,16,0.75,4,3,134.7299999324605
transition_first,1.0,16,0.75,4,4,135.18750004004687
transition_warm,1.0,16,0.75,4,4,134.10279992967844
transition_first,1.0,16,0.75,4,5,131.07390003278852
transition_warm,1.0,16,0.75,4,5,152.09289989434183
transition_first,1.0,16,0.75,4,6,135.53289999254048
transition_warm,1.0,16,0.75,4,6,137.33709999360144
transition_first,1.0,16,0.75,4,7,135.64830005634576
transition_warm,1.0,16,0.75,4,7,133.2088999915868
transition_first,1.0,16,0.75,4,8,136.60750002600253
transition_warm,1.0,16,0.75,4,8,134.3301999149844
transition_first,1.0,16,0.75,4,9,133.9909000089392
transition_warm,1.0,16,0.75,4,9,133.33760004024953
transition_first,0.5,8,0.25,8,0,26.333499932661653
transition_warm,0.5,8,0.25,8,0,25.28360008727759
transition_first,0.5,8,0.25,8,1,37.584800040349364
transition_warm,0.5,8,0.25,8,1,26.474099955521524
transition_first,0.5,8,0.25,8,2,27.70320000126958
transition_warm,0.5,8,0.25,8,2,25.278900051489472
transition_first,0.5,8,0.25,8,3,25.939499959349632
transition_warm,0.5,8,0.25,8,3,25.93410003464669
transition_first,0.5,8,0.25,8,4,26.45669993944466
transition_warm,0.5,8,0.25,8,4,26.144000003114343
transition_first,0.5,8,0.25,8,5,25.697899982333183
transition_warm,0.5,8,0.25,8,5,28.28540001064539
transition_first,0.5,8,0.25,8,6,25.83489997778088
transition_warm,0.5,8,0.25,8,6,25.424599996767938
transition_first,0.5,8,0.25,8,7,27.388299931772053
transition_warm,0.5,8,0.25,8,7,25.750000029802322
transition_first,0.5,8,0.25,8,8,38.651600014418364
transition_warm,0.5,8,0.25,8,8,27.27459999732673
transition_first,0.5,8,0.25,8,9,26.39510005246848
transition_warm,0.5,8,0.25,8,9,25.832800078205764
transition_first,1.0,8,0.75,16,0,132.01489998027682
transition_warm,1.0,8,0.75,16,0,133.72979999985546
transition_first,1.0,8,0.75,16,1,140.84409992210567
transition_warm,1.0,8,0.75,16,1,137.2422999702394
transition_first,1.0,8,0.75,16,2,135.90590003877878
transition_warm,1.0,8,0.75,16,2,135.8098000055179
transition_first,1.0,8,0.75,16,3,132.59729999117553
transition_warm,1.0,8,0.75,16,3,132.71050003822893
transition_first,1.0,8,0.75,16,4,131.3897999934852
transition_warm,1.0,8,0.75,16,4,129.66229999437928
transition_first,1.0,8,0.75,16,5,134.9903999362141
transition_warm,1.0,8,0.75,16,5,133.81410005968064
transition_first,1.0,8,0.75,16,6,133.67709994781762
transition_warm,1.0,8,0.75,16,6,135.227799997665
transition_first,1.0,8,0.75,16,7,136.84110005851835
transition_warm,1.0,8,0.75,16,7,134.11280000582337
transition_first,1.0,8,0.75,16,8,132.93499988503754
transition_warm,1.0,8,0.75,16,8,130.39070006925613
transition_first,1.0,8,0.75,16,9,132.84330000169575
transition_warm,1.0,8,0.75,16,9,133.03759996779263
transition_first,1.0,16,0.25,8,0,27.108300011605024
transition_warm,1.0,16,0.25,8,0,25.512799969874322
transition_first,1.0,16,0.25,8,1,26.542600011453032
transition_warm,1.0,16,0.25,8,1,26.43490000627935
transition_first,1.0,16,0.25,8,2,26.490500080399215
transition_warm,1.0,16,0.25,8,2,28.068699990399182
transition_first,1.0,16,0.25,8,3,27.488699997775257
transition_warm,1.0,16,0.25,8,3,27.82760001718998
transition_first,1.0,16,0.25,8,4,26.92239999305457
transition_warm,1.0,16,0.25,8,4,26.44209994468838
transition_first,1.0,16,0.25,8,5,26.489099953323603
transition_warm,1.0,16,0.25,8,5,26.4114000601694
transition_first,1.0,16,0.25,8,6,27.484600082971156
transition_warm,1.0,16,0.25,8,6,26.170099969021976
transition_first,1.0,16,0.25,8,7,26.923999888822436
transition_warm,1.0,16,0.25,8,7,26.087300037033856
transition_first,1.0,16,0.25,8,8,27.070599957369268
transition_warm,1.0,16,0.25,8,8,25.48970002681017
transition_first,1.0,16,0.25,8,9,26.266500004567206
transition_warm,1.0,16,0.25,8,9,26.065300102345645
transition_first,1.0,8,1.0,32,0,63.59180004801601
transition_warm,1.0,8,1.0,32,0,60.23559998720884
transition_first,1.0,8,1.0,32,1,59.710899950005114
transition_warm,1.0,8,1.0,32,1,62.25120008457452
transition_first,1.0,8,1.0,32,2,61.309700016863644
transition_warm,1.0,8,1.0,32,2,60.76780008152127
transition_first,1.0,8,1.0,32,3,62.27959995158017
transition_warm,1.0,8,1.0,32,3,60.86580001283437
transition_first,1.0,8,1.0,32,4,61.0360000282526
transition_warm,1.0,8,1.0,32,4,61.45300006028265
transition_first,1.0,8,1.0,32,5,62.15799995698035
transition_warm,1.0,8,1.0,32,5,60.19650003872812
transition_first,1.0,8,1.0,32,6,60.91800006106496
transition_warm,1.0,8,1.0,32,6,60.67779997829348
transition_first,1.0,8,1.0,32,7,60.66980003379285
transition_warm,1.0,8,1.0,32,7,61.94239994511008
transition_first,1.0,8,1.0,32,8,62.89180007297546
transition_warm,1.0,8,1.0,32,8,61.313599930144846
transition_first,1.0,8,1.0,32,9,62.131599988788366
transition_warm,1.0,8,1.0,32,9,60.70819997694343
transition_first,0.25,4,0.25,32,0,13.33139999769628
transition_warm,0.25,4,0.25,32,0,12.991299969144166
transition_first,0.25,4,0.25,32,1,13.639000011608005
transition_warm,0.25,4,0.25,32,1,12.8842000849545
transition_first,0.25,4,0.25,32,2,12.379199964925647
transition_warm,0.25,4,0.25,32,2,13.323800056241453
transition_first,0.25,4,0.25,32,3,13.235800084657967
transition_warm,0.25,4,0.25,32,3,13.168599922209978
transition_first,0.25,4,0.25,32,4,12.783700018189847
transition_warm,0.25,4,0.25,32,4,16.212199931032956
transition_first,0.25,4,0.25,32,5,13.168200035579503
transition_warm,0.25,4,0.25,32,5,17.328300047665834
transition_first,0.25,4,0.25,32,6,13.276500045321882
transition_warm,0.25,4,0.25,32,6,13.420200091786683
transition_first,0.25,4,0.25,32,7,13.190300087444484
transition_warm,0.25,4,0.25,32,7,13.023000094108284
transition_first,0.25,4,0.25,32,8,12.859300011768937
transition_warm,0.25,4,0.25,32,8,12.729699956253171
transition_first,0.25,4,0.25,32,9,17.875799909234047
transition_warm,0.25,4,0.25,32,9,17.827100004069507
transition_first,1.0,4,0.5,32,0,29.52250000089407
transition_warm,1.0,4,0.5,32,0,26.185500086285174
transition_first,1.0,4,0.5,32,1,28.382300049997866
transition_warm,1.0,4,0.5,32,1,26.86129999347031
transition_first,1.0,4,0.5,32,2,28.777900035493076
transition_warm,1.0,4,0.5,32,2,26.423900038935244
transition_first,1.0,4,0.5,32,3,29.05719995032996
transition_warm,1.0,4,0.5,32,3,27.921500033698976
transition_first,1.0,4,0.5,32,4,27.46709994971752
transition_warm,1.0,4,0.5,32,4,27.468299958854914
transition_first,1.0,4,0.5,32,5,27.25570008624345
transition_warm,1.0,4,0.5,32,5,26.267800014466047
transition_first,1.0,4,0.5,32,6,27.561199967749417
transition_warm,1.0,4,0.5,32,6,27.208599960431457
transition_first,1.0,4,0.5,32,7,28.664999990724027
transition_warm,1.0,4,0.5,32,7,26.022200006991625
transition_first,1.0,4,0.5,32,8,28.221299988217652
transition_warm,1.0,4,0.5,32,8,26.416599983349442
transition_first,1.0,4,0.5,32,9,28.839200036600232
transition_warm,1.0,4,0.5,32,9,27.95649995096028
transition_first,0.5,32,0.25,8,0,27.015200001187623
transition_warm,0.5,32,0.25,8,0,26.47210005670786
transition_first,0.5,32,0.25,8,1,26.649200008250773
transition_warm,0.5,32,0.25,8,1,25.828600046224892
transition_first,0.5,32,0.25,8,2,29.96820001862943
transition_warm,0.5,32,0.25,8,2,24.92800005711615
transition_first,0.5,32,0.25,8,3,26.63330000359565
transition_warm,0.5,32,0.25,8,3,25.570299942046404
transition_first,0.5,32,0.25,8,4,25.690600043162704
transition_warm,0.5,32,0.25,8,4,26.642699958756566
transition_first,0.5,32,0.25,8,5,27.1045999834314
transition_warm,0.5,32,0.25,8,5,24.885599967092276
transition_first,0.5,32,0.25,8,6,27.76249998714775
transition_warm,0.5,32,0.25,8,6,26.876899995841086
transition_first,0.5,32,0.25,8,7,26.07040002476424
transition_warm,0.5,32,0.25,8,7,27.232900029048324
transition_first,0.5,32,0.25,8,8,26.895100018009543
transition_warm,0.5,32,0.25,8,8,25.366900023072958
transition_first,0.5,32,0.25,8,9,25.230600032955408
transition_warm,0.5,32,0.25,8,9,27.077999897301197
