record_type,from_width_mult,from_bit_width,width_mult,bit_width,sample_index,latency_ms
warm,,,0.25,4,0,31.819500029087067
warm,,,0.25,4,1,30.093700042925775
warm,,,0.25,4,2,29.213800036814064
warm,,,0.25,4,3,26.685799995902926
warm,,,0.25,4,4,24.97250004671514
warm,,,0.25,4,5,27.106900000944734
warm,,,0.25,4,6,28.045899991411716
warm,,,0.25,4,7,27.072199969552457
warm,,,0.25,4,8,27.07770001143217
warm,,,0.25,4,9,26.04530000826344
warm,,,0.25,4,10,26.968899997882545
warm,,,0.25,4,11,26.987799967173487
warm,,,0.25,4,12,35.181500017642975
warm,,,0.25,4,13,27.86750002996996
warm,,,0.25,4,14,29.85009999247268
warm,,,0.25,4,15,25.715700001455843
warm,,,0.25,4,16,24.966900004073977
warm,,,0.25,4,17,26.061100012157112
warm,,,0.25,4,18,26.792299991939217
warm,,,0.25,4,19,28.541099978610873
warm,,,0.25,4,20,28.541299980133772
warm,,,0.25,4,21,24.53570003854111
warm,,,0.25,4,22,26.59909997601062
warm,,,0.25,4,23,42.91720001492649
warm,,,0.25,4,24,32.68280002521351
warm,,,0.25,4,25,24.74429999710992
warm,,,0.25,4,26,28.41289999196306
warm,,,0.25,4,27,27.872900012880564
warm,,,0.25,4,28,27.69130002707243
warm,,,0.25,4,29,29.872600047383457
warm,,,0.25,4,30,32.373900001402944
warm,,,0.25,4,31,24.59310000995174
warm,,,0.25,4,32,27.766100014559925
warm,,,0.25,4,33,27.064100024290383
warm,,,0.25,4,34,26.873799972236156
warm,,,0.25,4,35,25.24950000224635
warm,,,0.25,4,36,26.410699996631593
warm,,,0.25,4,37,26.4657000079751
warm,,,0.25,4,38,27.061800006777048
warm,,,0.25,4,39,33.73339999234304
warm,,,0.25,4,40,25.909600022714585
warm,,,0.25,4,41,24.876699957530946
warm,,,0.25,4,42,25.8701000129804
warm,,,0.25,4,43,26.4541000360623
warm,,,0.25,4,44,32.62979997089133
warm,,,0.25,4,45,27.91499998420477
warm,,,0.25,4,46,26.51309996144846
warm,,,0.25,4,47,28.938099974766374
warm,,,0.25,4,48,27.68229995854199
warm,,,0.25,4,49,26.78170002764091
warm,,,0.25,4,50,27.40410005208105
warm,,,0.25,4,51,25.99930000724271
warm,,,0.25,4,52,26.914399990346283
warm,,,0.25,4,53,25.49969998653978
warm,,,0.25,4,54,26.66570001747459
warm,,,0.25,4,55,27.859500027261674
warm,,,0.25,4,56,26.605500024743378
warm,,,0.25,4,57,26.40189998783171
warm,,,0.25,4,58,26.5339000034146
warm,,,0.25,4,59,26.2613000231795
warm,,,0.25,4,60,26.80950000649318
warm,,,0.25,4,61,25.66899999510497
warm,,,0.25,4,62,27.235899993684143
warm,,,0.25,4,63,35.18360003363341
warm,,,0.25,4,64,26.519600010942668
warm,,,0.25,4,65,25.6408000132069
warm,,,0.25,4,66,27.031500008888543
warm,,,0.25,4,67,26.506300026085228
warm,,,0.25,4,68,29.03779997723177
warm,,,0.25,4,69,24.560999998357147
warm,,,0.25,4,70,26.787100010551512
warm,,,0.25,4,71,27.23639999749139
warm,,,0.25,4,72,29.400100000202656
warm,,,0.25,4,73,39.7689999663271
warm,,,0.25,4,74,37.101499969139695
warm,,,0.25,4,75,33.530699962284416
warm,,,0.25,4,76,26.179299980867654
warm,,,0.25,4,77,25.71790001820773
warm,,,0.25,4,78,26.731899997685105
warm,,,0.25,4,79,28.43639999628067
warm,,,0.25,4,80,27.429500012658536
warm,,,0.25,4,81,27.54129999084398
warm,,,0.25,4,82,26.313700014725327
warm,,,0.25,4,83,28.99630001047626
warm,,,0.25,4,84,25.703600025735795
warm,,,0.25,4,85,25.43019998120144
warm,,,0.25,4,86,26.25870000338182
warm,,,0.25,4,87,25.943299988284707
warm,,,0.25,4,88,25.78610001364723
warm,,,0.25,4,89,25.39630001410842
warm,,,0.25,4,90,26.05980000225827
warm,,,0.25,4,91,27.21400000154972
warm,,,0.25,4,92,26.619500014930964
warm,,,0.25,4,93,27.246399957221
warm,,,0.25,4,94,32.79929998097941
warm,,,0.25,4,95,25.963099964428693
warm,,,0.25,4,96,26.217999984510243
warm,,,0.25,4,97,26.87950001563877
warm,,,0.25,4,98,27.576199965551496
warm,,,0.25,4,99,26.805699977558106
warm,,,0.25,4,100,25.493399996776134
warm,,,0.25,4,101,26.74150001257658
warm,,,0.25,4,102,27.265599987003952
warm,,,0.25,4,103,26.838499994482845
warm,,,0.25,4,104,26.97249996708706
warm,,,0.25,4,105,25.17809998244047
warm,,,0.25,4,106,26.74300002399832
warm,,,0.25,4,107,26.81260003009811
warm,,,0.25,4,108,27.394499978981912
warm,,,0.25,4,109,34.565199981443584
warm,,,0.25,4,110,31.419799954164773
warm,,,0.25,4,111,34.56310002366081
warm,,,0.25,4,112,29.4867999618873
warm,,,0.25,4,113,25.171599991153926
warm,,,0.25,4,114,26.238500024192035
warm,,,0.25,4,115,28.635900001972914
warm,,,0.25,4,116,29.1890999651514
warm,,,0.25,4,117,29.353099991567433
warm,,,0.25,4,118,26.488600007724017
warm,,,0.25,4,119,28.502099972683936
warm,,,0.25,4,120,26.459399960003793
warm,,,0.25,4,121,40.98590003559366
warm,,,0.25,4,122,26.493099983781576
warm,,,0.25,4,123,26.506399968639016
warm,,,0.25,4,124,29.49889999581501
warm,,,0.25,4,125,25.90730000520125
warm,,,0.25,4,126,27.386299974750727
warm,,,0.25,4,127,25.746500003151596
warm,,,0.25,4,128,43.76349999802187
warm,,,0.25,4,129,37.44119999464601
warm,,,0.25,4,130,29.86770001007244
warm,,,0.25,4,131,25.68959997734055
warm,,,0.25,4,132,25.992300012148917
warm,,,0.25,4,133,27.727600012440234
warm,,,0.25,4,134,26.24670002842322
warm,,,0.25,4,135,26.36230003554374
warm,,,0.25,4,136,26.940600015223026
warm,,,0.25,4,137,26.349599997047335
warm,,,0.25,4,138,26.811700023245066
warm,,,0.25,4,139,41.073800006415695
warm,,,0.25,4,140,45.813400007318705
warm,,,0.25,4,141,27.86770003149286
warm,,,0.25,4,142,25.0123999430798
warm,,,0.25,4,143,26.63200005190447
warm,,,0.25,4,144,26.47610002895817
warm,,,0.25,4,145,26.559499965514988
warm,,,0.25,4,146,25.879899971187115
warm,,,0.25,4,147,27.13990001939237
warm,,,0.25,4,148,25.752799992915243
warm,,,0.25,4,149,27.16230001533404
warm,,,0.25,4,150,29.146999993827194
warm,,,0.25,4,151,35.237899981439114
warm,,,0.25,4,152,35.406499984674156
warm,,,0.25,4,153,30.12549999402836
warm,,,0.25,4,154,28.939299983903766
warm,,,0.25,4,155,25.656600017100573
warm,,,0.25,4,156,26.370399980805814
warm,,,0.25,4,157,43.50100003648549
warm,,,0.25,4,158,49.01389998849481
warm,,,0.25,4,159,30.0219000200741
warm,,,0.25,4,160,37.95119997812435
warm,,,0.25,4,161,34.6438999986276
warm,,,0.25,4,162,26.385300036054105
warm,,,0.25,4,163,27.214700006879866
warm,,,0.25,4,164,28.406299999915063
warm,,,0.25,4,165,33.58479996677488
warm,,,0.25,4,166,28.959000017493963
warm,,,0.25,4,167,25.719800032675266
warm,,,0.25,4,168,25.946400011889637
warm,,,0.25,4,169,26.812499971129
warm,,,0.25,4,170,34.48440000647679
warm,,,0.25,4,171,43.47670002607629
warm,,,0.25,4,172,41.13059997325763
warm,,,0.25,4,173,26.55909996246919
warm,,,0.25,4,174,26.483100024051964
warm,,,0.25,4,175,31.75500000361353
warm,,,0.25,4,176,30.752499995287508
warm,,,0.25,4,177,27.03910000855103
warm,,,0.25,4,178,24.801700026728213
warm,,,0.25,4,179,26.625099999364465
warm,,,0.25,4,180,27.914399979636073
warm,,,0.25,4,181,28.739599976688623
warm,,,0.25,4,182,27.20980002777651
warm,,,0.25,4,183,25.319700012914836
warm,,,0.25,4,184,27.254900021944195
warm,,,0.25,4,185,28.918700001668185
warm,,,0.25,4,186,28.069499996490777
warm,,,0.25,4,187,25.472500012256205
warm,,,0.25,4,188,41.61959997145459
warm,,,0.25,4,189,37.03990002395585
warm,,,0.25,4,190,43.21229999186471
warm,,,0.25,4,191,42.28629998397082
warm,,,0.25,4,192,38.823199982289225
warm,,,0.25,4,193,26.396700006444007
warm,,,0.25,4,194,24.9459000187926
warm,,,0.25,4,195,27.345100010279566
warm,,,0.25,4,196,25.795600027777255
warm,,,0.25,4,197,27.28680003201589
warm,,,0.25,4,198,29.419500031508505
warm,,,0.25,4,199,27.25240000290796
warm,,,0.25,8,0,27.929299976676702
warm,,,0.25,8,1,26.636499969754368
warm,,,0.25,8,2,25.576199986971915
warm,,,0.25,8,3,25.216300040483475
warm,,,0.25,8,4,30.69159999722615
warm,,,0.25,8,5,33.371000026818365
warm,,,0.25,8,6,34.2726000235416
warm,,,0.25,8,7,29.849600046873093
warm,,,0.25,8,8,28.065200021956116
warm,,,0.25,8,9,36.625900014769286
warm,,,0.25,8,10,27.9607999837026
warm,,,0.25,8,11,27.55619998788461
warm,,,0.25,8,12,27.237000002060086
warm,,,0.25,8,13,32.65919996192679
warm,,,0.25,8,14,28.9162999833934
warm,,,0.25,8,15,32.12980000535026
warm,,,0.25,8,16,28.898299962747842
warm,,,0.25,8,17,28.695299988612533
warm,,,0.25,8,18,31.37169999536127
warm,,,0.25,8,19,33.98830001242459
warm,,,0.25,8,20,33.21319998940453
warm,,,0.25,8,21,35.18659999826923
warm,,,0.25,8,22,39.14520004764199
warm,,,0.25,8,23,35.17139999894425
warm,,,0.25,8,24,36.72040003584698
warm,,,0.25,8,25,30.949700041674078
warm,,,0.25,8,26,32.70400001201779
warm,,,0.25,8,27,30.883300001733005
warm,,,0.25,8,28,32.55679999710992
warm,,,0.25,8,29,126.79429998388514
warm,,,0.25,8,30,34.66790000675246
warm,,,0.25,8,31,32.24129998125136
warm,,,0.25,8,32,44.61089998949319
warm,,,0.25,8,33,28.809399984311312
warm,,,0.25,8,34,33.467200002633035
warm,,,0.25,8,35,31.04719996917993
warm,,,0.25,8,36,41.08170000836253
warm,,,0.25,8,37,33.775300020352006
warm,,,0.25,8,38,28.42180000152439
warm,,,0.25,8,39,28.401799965649843
warm,,,0.25,8,40,27.163400023709983
warm,,,0.25,8,41,26.623999990988523
warm,,,0.25,8,42,26.265399996191263
warm,,,0.25,8,43,26.49980003479868
warm,,,0.25,8,44,27.091600000858307
warm,,,0.25,8,45,27.464099985081702
warm,,,0.25,8,46,26.933599961921573
warm,,,0.25,8,47,29.026700009126216
warm,,,0.25,8,48,30.195500003173947
warm,,,0.25,8,49,27.82580000348389
warm,,,0.25,8,50,25.908000010531396
warm,,,0.25,8,51,27.23790000891313
warm,,,0.25,8,52,26.593699993100017
warm,,,0.25,8,53,27.1432000445202
warm,,,0.25,8,54,35.505899984855205
warm,,,0.25,8,55,25.645599991548806
warm,,,0.25,8,56,27.163099963217974
warm,,,0.25,8,57,26.104899996425956
warm,,,0.25,8,58,27.51909999642521
warm,,,0.25,8,59,34.70240003662184
warm,,,0.25,8,60,27.173799986485392
warm,,,0.25,8,61,25.620899978093803
warm,,,0.25,8,62,28.082999982871115
warm,,,0.25,8,63,27.84540003631264
warm,,,0.25,8,64,26.357399998232722
warm,,,0.25,8,65,29.42039998015389
warm,,,0.25,8,66,26.06000000378117
warm,,,0.25,8,67,25.562700000591576
warm,,,0.25,8,68,25.68809996591881
warm,,,0.25,8,69,44.60099997231737
warm,,,0.25,8,70,27.692100033164024
warm,,,0.25,8,71,26.54620003886521
warm,,,0.25,8,72,26.04200004134327
warm,,,0.25,8,73,27.131600014399737
warm,,,0.25,8,74,32.375300012063235
warm,,,0.25,8,75,57.69539996981621
warm,,,0.25,8,76,31.977100006770343
warm,,,0.25,8,77,25.518100010231137
warm,,,0.25,8,78,25.798399990890175
warm,,,0.25,8,79,27.493599976878613
warm,,,0.25,8,80,26.417599990963936
warm,,,0.25,8,81,26.435699954163283
warm,,,0.25,8,82,26.28390002064407
warm,,,0.25,8,83,26.487099996302277
warm,,,0.25,8,84,29.26010004011914
warm,,,0.25,8,85,29.75519996834919
warm,,,0.25,8,86,28.02430000156164
warm,,,0.25,8,87,25.873899983707815
warm,,,0.25,8,88,26.374299952294677
warm,,,0.25,8,89,28.139500005636364
warm,,,0.25,8,90,26.624699996318668
warm,,,0.25,8,91,27.464799990411848
warm,,,0.25,8,92,42.96800005249679
warm,,,0.25,8,93,32.08139998605475
warm,,,0.25,8,94,27.309399971272796
warm,,,0.25,8,95,26.1369000072591
warm,,,0.25,8,96,26.119499991182238
warm,,,0.25,8,97,42.77579998597503
warm,,,0.25,8,98,31.52690001297742
warm,,,0.25,8,99,25.752299989107996
warm,,,0.25,8,100,25.949599978048354
warm,,,0.25,8,101,26.95480000693351
warm,,,0.25,8,102,26.820699975360185
warm,,,0.25,8,103,29.36859999317676
warm,,,0.25,8,104,25.019099994096905
warm,,,0.25,8,105,28.37890002410859
warm,,,0.25,8,106,26.529899972956628
warm,,,0.25,8,107,35.120700020343065
warm,,,0.25,8,108,26.868400047533214
warm,,,0.25,8,109,26.657400012481958
warm,,,0.25,8,110,24.740800028666854
warm,,,0.25,8,111,37.940200010780245
warm,,,0.25,8,112,26.453500031493604
warm,,,0.25,8,113,27.773200010415167
warm,,,0.25,8,114,26.896399969700724
warm,,,0.25,8,115,26.34159999433905
warm,,,0.25,8,116,26.321700017433614
warm,,,0.25,8,117,25.505600031465292
warm,,,0.25,8,118,28.515999962110072
warm,,,0.25,8,119,33.93279999727383
warm,,,0.25,8,120,27.042000030633062
warm,,,0.25,8,121,25.89089999673888
warm,,,0.25,8,122,27.35470002517104
warm,,,0.25,8,123,25.719499972183257
warm,,,0.25,8,124,26.056599977891892
warm,,,0.25,8,125,26.393999985884875
warm,,,0.25,8,126,27.109800023026764
warm,,,0.25,8,127,25.699499994516373
warm,,,0.25,8,128,27.475800015963614
warm,,,0.25,8,129,28.5755000077188
warm,,,0.25,8,130,27.25549996830523
warm,,,0.25,8,131,27.51049998914823
warm,,,0.25,8,132,29.161699989344925
warm,,,0.25,8,133,25.81560000544414
warm,,,0.25,8,134,26.765999966301024
warm,,,0.25,8,135,27.475200011394918
warm,,,0.25,8,136,27.616200037300587
warm,,,0.25,8,137,28.164200019091368
warm,,,0.25,8,138,26.617299998179078
warm,,,0.25,8,139,26.335900009144098
warm,,,0.25,8,140,26.508199982345104
warm,,,0.25,8,141,29.247200000099838
warm,,,0.25,8,142,27.417999983299524
warm,,,0.25,8,143,27.675299963448197
warm,,,0.25,8,144,26.876999996602535
warm,,,0.25,8,145,25.03180003259331
warm,,,0.25,8,146,34.5320999622345
warm,,,0.25,8,147,26.312200003303587
warm,,,0.25,8,148,26.372099993750453
warm,,,0.25,8,149,28.071100008673966
warm,,,0.25,8,150,26.285699976142496
warm,,,0.25,8,151,26.635399961378425
warm,,,0.25,8,152,43.59630000544712
warm,,,0.25,8,153,40.44350003823638
warm,,,0.25,8,154,27.837499976158142
warm,,,0.25,8,155,27.441799989901483
warm,,,0.25,8,156,27.123200008645654
warm,,,0.25,8,157,29.52699997695163
warm,,,0.25,8,158,28.38180004619062
warm,,,0.25,8,159,26.32800000719726
warm,,,0.25,8,160,26.629599975422025
warm,,,0.25,8,161,24.72960000159219
warm,,,0.25,8,162,26.521799969486892
warm,,,0.25,8,163,27.023399947211146
warm,,,0.25,8,164,25.924800022039562
warm,,,0.25,8,165,26.13679994828999
warm,,,0.25,8,166,26.803300017490983
warm,,,0.25,8,167,27.29409997118637
warm,,,0.25,8,168,28.43499998562038
warm,,,0.25,8,169,27.109699964057654
warm,,,0.25,8,170,27.730799978598952
warm,,,0.25,8,171,36.014100012835115
warm,,,0.25,8,172,28.094900015275925
warm,,,0.25,8,173,30.327600019518286
warm,,,0.25,8,174,26.237400015816092
warm,,,0.25,8,175,25.85269999690354
warm,,,0.25,8,176,25.81550000468269
warm,,,0.25,8,177,26.673999964259565
warm,,,0.25,8,178,26.622199977282435
warm,,,0.25,8,179,24.74720001919195
warm,,,0.25,8,180,26.147799973841757
warm,,,0.25,8,181,27.530700026545674
warm,,,0.25,8,182,29.858499998226762
warm,,,0.25,8,183,26.484900037758052
warm,,,0.25,8,184,25.454599992372096
warm,,,0.25,8,185,29.474599985405803
warm,,,0.25,8,186,27.60199998738244
warm,,,0.25,8,187,28.942100005224347
warm,,,0.25,8,188,29.55940004903823
warm,,,0.25,8,189,26.486099988687783
warm,,,0.25,8,190,25.377399986609817
warm,,,0.25,8,191,27.877099986653775
warm,,,0.25,8,192,26.73550002509728
warm,,,0.25,8,193,27.235099987592548
warm,,,0.25,8,194,26.704900024924427
warm,,,0.25,8,195,25.059000006876886
warm,,,0.25,8,196,27.05430000787601
warm,,,0.25,8,197,26.28230000846088
warm,,,0.25,8,198,28.00260001095012
warm,,,0.25,8,199,26.646899990737438
warm,,,0.25,16,0,26.075900008436292
warm,,,0.25,16,1,25.271299993619323
warm,,,0.25,16,2,28.34769996115938
warm,,,0.25,16,3,27.72810001624748
warm,,,0.25,16,4,25.723200000356883
warm,,,0.25,16,5,28.320099983830005
warm,,,0.25,16,6,27.94579998590052
warm,,,0.25,16,7,29.874700005166233
warm,,,0.25,16,8,29.585800017230213
warm,,,0.25,16,9,33.200600009877235
warm,,,0.25,16,10,43.283000006340444
warm,,,0.25,16,11,31.20719996513799
warm,,,0.25,16,12,26.1426999932155
warm,,,0.25,16,13,28.47959997598082
warm,,,0.25,16,14,32.563400047365576
warm,,,0.25,16,15,29.038699984084815
warm,,,0.25,16,16,37.52029995666817
warm,,,0.25,16,17,30.03510000417009
warm,,,0.25,16,18,40.93519999878481
warm,,,0.25,16,19,27.275400003418326
warm,,,0.25,16,20,26.123199961148202
warm,,,0.25,16,21,25.958599988371134
warm,,,0.25,16,22,28.290800051763654
warm,,,0.25,16,23,25.772900029551238
warm,,,0.25,16,24,26.743400027044117
warm,,,0.25,16,25,27.417399978730828
warm,,,0.25,16,26,27.167799999006093
warm,,,0.25,16,27,26.14310005446896
warm,,,0.25,16,28,25.676499994006008
warm,,,0.25,16,29,30.73880000738427
warm,,,0.25,16,30,30.71690001524985
warm,,,0.25,16,31,26.354199973866343
warm,,,0.25,16,32,26.63029998075217
warm,,,0.25,16,33,26.145499956328422
warm,,,0.25,16,34,28.22909998940304
warm,,,0.25,16,35,27.69990003434941
warm,,,0.25,16,36,34.267500042915344
warm,,,0.25,16,37,29.530400002840906
warm,,,0.25,16,38,26.279499987140298
warm,,,0.25,16,39,31.44559997599572
warm,,,0.25,16,40,32.56839996902272
warm,,,0.25,16,41,28.005699976347387
warm,,,0.25,16,42,25.57970001362264
warm,,,0.25,16,43,26.27769997343421
warm,,,0.25,16,44,26.563299994450063
warm,,,0.25,16,45,26.742299960460514
warm,,,0.25,16,46,27.233799977693707
warm,,,0.25,16,47,27.803400007542223
warm,,,0.25,16,48,31.739800004288554
warm,,,0.25,16,49,40.36620003171265
warm,,,0.25,16,50,25.22310003405437
warm,,,0.25,16,51,27.343900001142174
warm,,,0.25,16,52,27.685899985954165
warm,,,0.25,16,53,28.932299988809973
warm,,,0.25,16,54,32.83119999105111
warm,,,0.25,16,55,47.780699969735
warm,,,0.25,16,56,33.17439998500049
warm,,,0.25,16,57,26.29690000321716
warm,,,0.25,16,58,26.790799980517477
warm,,,0.25,16,59,25.881799985654652
warm,,,0.25,16,60,30.402100004721433
warm,,,0.25,16,61,29.145199980121106
warm,,,0.25,16,62,26.8571000196971
warm,,,0.25,16,63,26.71790000749752
warm,,,0.25,16,64,26.1237999657169
warm,,,0.25,16,65,26.2112999917008
warm,,,0.25,16,66,27.163100021425635
warm,,,0.25,16,67,26.08939999481663
warm,,,0.25,16,68,25.720199977513403
warm,,,0.25,16,69,28.17419997882098
warm,,,0.25,16,70,27.029499993659556
warm,,,0.25,16,71,26.893700007349253
warm,,,0.25,16,72,26.937600050587207
warm,,,0.25,16,73,26.647799997590482
warm,,,0.25,16,74,28.03909999784082
warm,,,0.25,16,75,28.340699966065586
warm,,,0.25,16,76,25.186299986671656
warm,,,0.25,16,77,24.987499986309558
warm,,,0.25,16,78,26.467700023204088
warm,,,0.25,16,79,26.785599999129772
warm,,,0.25,16,80,25.894600024912506
warm,,,0.25,16,81,30.222699977457523
warm,,,0.25,16,82,26.95500000845641
warm,,,0.25,16,83,30.890999943949282
warm,,,0.25,16,84,29.123499989509583
warm,,,0.25,16,85,33.206299995072186
warm,,,0.25,16,86,51.100100041367114
warm,,,0.25,16,87,37.70950000034645
warm,,,0.25,16,88,49.73400000017136
warm,,,0.25,16,89,109.20840001199394
warm,,,0.25,16,90,47.69019997911528
warm,,,0.25,16,91,31.20719996513799
warm,,,0.25,16,92,32.89259999291971
warm,,,0.25,16,93,31.086299975868315
warm,,,0.25,16,94,33.43500004848465
warm,,,0.25,16,95,35.7114999787882
warm,,,0.25,16,96,38.14730001613498
warm,,,0.25,16,97,39.68190000159666
warm,,,0.25,16,98,45.40229996200651
warm,,,0.25,16,99,34.10469996742904
warm,,,0.25,16,100,45.258000027388334
warm,,,0.25,16,101,52.666000032331795
warm,,,0.25,16,102,32.84749999875203
warm,,,0.25,16,103,31.419999955687672
warm,,,0.25,16,104,33.228499989490956
warm,,,0.25,16,105,30.677200003992766
warm,,,0.25,16,106,29.204799968283623
warm,,,0.25,16,107,31.529099971521646
warm,,,0.25,16,108,31.954200007021427
warm,,,0.25,16,109,50.249500025529414
warm,,,0.25,16,110,29.833000036887825
warm,,,0.25,16,111,32.597400015220046
warm,,,0.25,16,112,31.4113000058569
warm,,,0.25,16,113,34.856999991461635
warm,,,0.25,16,114,32.487699994817376
warm,,,0.25,16,115,46.175100025720894
warm,,,0.25,16,116,32.73000003537163
warm,,,0.25,16,117,27.184000005945563
warm,,,0.25,16,118,26.756799954455346
warm,,,0.25,16,119,28.246100002434105
warm,,,0.25,16,120,25.858999986667186
warm,,,0.25,16,121,28.346900013275445
warm,,,0.25,16,122,26.483699970413
warm,,,0.25,16,123,26.935099973343313
warm,,,0.25,16,124,29.43500003311783
warm,,,0.25,16,125,39.81240000575781
warm,,,0.25,16,126,28.01140001975
warm,,,0.25,16,127,24.88050004467368
warm,,,0.25,16,128,37.47169999405742
warm,,,0.25,16,129,25.89240000816062
warm,,,0.25,16,130,32.30820002499968
warm,,,0.25,16,131,32.598900026641786
warm,,,0.25,16,132,35.13050003675744
warm,,,0.25,16,133,45.363200013525784
warm,,,0.25,16,134,34.42549996543676
warm,,,0.25,16,135,48.5620999825187
warm,,,0.25,16,136,32.72309998283163
warm,,,0.25,16,137,29.68999999575317
warm,,,0.25,16,138,28.783500019926578
warm,,,0.25,16,139,26.703899959102273
warm,,,0.25,16,140,34.83439999399707
warm,,,0.25,16,141,28.896299947518855
warm,,,0.25,16,142,32.359000004362315
warm,,,0.25,16,143,36.4250999991782
warm,,,0.25,16,144,25.95739997923374
warm,,,0.25,16,145,28.560100006870925
warm,,,0.25,16,146,26.496400008909404
warm,,,0.25,16,147,32.550000003539026
warm,,,0.25,16,148,34.85739999450743
warm,,,0.25,16,149,51.139999995939434
warm,,,0.25,16,150,35.10360000655055
warm,,,0.25,16,151,27.957400016020983
warm,,,0.25,16,152,25.00520000467077
warm,,,0.25,16,153,27.89590001339093
warm,,,0.25,16,154,27.920000022277236
warm,,,0.25,16,155,27.918900013901293
warm,,,0.25,16,156,25.922900007572025
warm,,,0.25,16,157,25.32980003161356
warm,,,0.25,16,158,27.520999952685088
warm,,,0.25,16,159,26.84489998500794
warm,,,0.25,16,160,33.1984999938868
warm,,,0.25,16,161,26.91309998044744
warm,,,0.25,16,162,25.924000015947968
warm,,,0.25,16,163,25.272800005041063
warm,,,0.25,16,164,27.03330002259463
warm,,,0.25,16,165,28.154200001154095
warm,,,0.25,16,166,27.741900004912168
warm,,,0.25,16,167,32.62990002986044
warm,,,0.25,16,168,46.41670000273734
warm,,,0.25,16,169,32.477899978403
warm,,,0.25,16,170,30.14889999758452
warm,,,0.25,16,171,26.155600033234805
warm,,,0.25,16,172,35.5625000083819
warm,,,0.25,16,173,26.487299997825176
warm,,,0.25,16,174,26.240100036375225
warm,,,0.25,16,175,26.582400023471564
warm,,,0.25,16,176,28.00849999766797
warm,,,0.25,16,177,26.386399986222386
warm,,,0.25,16,178,27.290500001981854
warm,,,0.25,16,179,28.163399954792112
warm,,,0.25,16,180,26.01969998795539
warm,,,0.25,16,181,26.824800006579608
warm,,,0.25,16,182,26.72510000411421
warm,,,0.25,16,183,27.693799987901002
warm,,,0.25,16,184,26.68519999133423
warm,,,0.25,16,185,30.772700032684952
warm,,,0.25,16,186,30.296500015538186
warm,,,0.25,16,187,26.922599994577467
warm,,,0.25,16,188,29.27329996600747
warm,,,0.25,16,189,29.131800052709877
warm,,,0.25,16,190,28.435999993234873
warm,,,0.25,16,191,27.706399967428297
warm,,,0.25,16,192,29.108399990946054
warm,,,0.25,16,193,25.4731000168249
warm,,,0.25,16,194,26.681199960876256
warm,,,0.25,16,195,33.81769999396056
warm,,,0.25,16,196,38.981800025794655
warm,,,0.25,16,197,28.532000025734305
warm,,,0.25,16,198,27.289100049529225
warm,,,0.25,16,199,28.560000006109476
warm,,,0.25,32,0,10.554200038313866
warm,,,0.25,32,1,9.319800010416657
warm,,,0.25,32,2,9.055300033651292
warm,,,0.25,32,3,10.465299943462014
warm,,,0.25,32,4,9.521999978460371
warm,,,0.25,32,5,9.16209997376427
warm,,,0.25,32,6,9.73249995149672
warm,,,0.25,32,7,10.025300027336925
warm,,,0.25,32,8,9.300899982918054
warm,,,0.25,32,9,9.151400008704513
warm,,,0.25,32,10,11.261099949479103
warm,,,0.25,32,11,9.286999993491918
warm,,,0.25,32,12,9.0112000470981
warm,,,0.25,32,13,9.315499977674335
warm,,,0.25,32,14,9.943799988832325
warm,,,0.25,32,15,9.109200036618859
warm,,,0.25,32,16,9.677099995315075
warm,,,0.25,32,17,17.478000023402274
warm,,,0.25,32,18,14.690799987874925
warm,,,0.25,32,19,10.743799968622625
warm,,,0.25,32,20,9.885500010568649
warm,,,0.25,32,21,9.345299971755594
warm,,,0.25,32,22,9.176499966997653
warm,,,0.25,32,23,10.286599979735911
warm,,,0.25,32,24,10.219799994956702
warm,,,0.25,32,25,9.847899957094342
warm,,,0.25,32,26,10.325399984139949
warm,,,0.25,32,27,9.468100033700466
warm,,,0.25,32,28,9.949799976311624
warm,,,0.25,32,29,10.688600013963878
warm,,,0.25,32,30,9.955899964552373
warm,,,0.25,32,31,10.008500015828758
warm,,,0.25,32,32,8.884400012902915
warm,,,0.25,32,33,10.548499994911253
warm,,,0.25,32,34,9.586499945726246
warm,,,0.25,32,35,9.049200045410544
warm,,,0.25,32,36,10.459700017236173
warm,,,0.25,32,37,9.551099967211485
warm,,,0.25,32,38,9.712800034321845
warm,,,0.25,32,39,10.805900034029037
warm,,,0.25,32,40,10.132500028703362
warm,,,0.25,32,41,9.493099991232157
warm,,,0.25,32,42,9.807499998714775
warm,,,0.25,32,43,10.268300015013665
warm,,,0.25,32,44,10.215300018899143
warm,,,0.25,32,45,9.086799982469529
warm,,,0.25,32,46,9.647400001995265
warm,,,0.25,32,47,9.782699984498322
warm,,,0.25,32,48,8.932999975513667
warm,,,0.25,32,49,9.259599959477782
warm,,,0.25,32,50,10.231500025838614
warm,,,0.25,32,51,9.86320001538843
warm,,,0.25,32,52,13.149900012649596
warm,,,0.25,32,53,15.177000022958964
warm,,,0.25,32,54,11.98319997638464
warm,,,0.25,32,55,12.976600031834096
warm,,,0.25,32,56,10.933700017631054
warm,,,0.25,32,57,20.250200002919883
warm,,,0.25,32,58,10.17999998293817
warm,,,0.25,32,59,9.515199984889477
warm,,,0.25,32,60,11.397399997804314
warm,,,0.25,32,61,11.33450004272163
warm,,,0.25,32,62,9.665100020356476
warm,,,0.25,32,63,9.190700016915798
warm,,,0.25,32,64,9.90150001598522
warm,,,0.25,32,65,9.939699957612902
warm,,,0.25,32,66,10.172199981752783
warm,,,0.25,32,67,10.403399995993823
warm,,,0.25,32,68,9.681699972134084
warm,,,0.25,32,69,9.764600021298975
warm,,,0.25,32,70,10.6365000247024
warm,,,0.25,32,71,9.625500009860843
warm,,,0.25,32,72,9.274100011680275
warm,,,0.25,32,73,9.102199983317405
warm,,,0.25,32,74,10.458699951414019
warm,,,0.25,32,75,10.059599997475743
warm,,,0.25,32,76,9.832600015215576
warm,,,0.25,32,77,11.612000002060086
warm,,,0.25,32,78,10.113000054843724
warm,,,0.25,32,79,10.462600039318204
warm,,,0.25,32,80,10.004399984609336
warm,,,0.25,32,81,9.675199980847538
warm,,,0.25,32,82,10.01870003528893
warm,,,0.25,32,83,9.810700023081154
warm,,,0.25,32,84,10.253700020257384
warm,,,0.25,32,85,9.842499974183738
warm,,,0.25,32,86,9.720100031699985
warm,,,0.25,32,87,11.698100017383695
warm,,,0.25,32,88,9.605000028386712
warm,,,0.25,32,89,9.342800010927022
warm,,,0.25,32,90,10.318799992091954
warm,,,0.25,32,91,9.292099974118173
warm,,,0.25,32,92,11.882899969350547
warm,,,0.25,32,93,14.048199984245002
warm,,,0.25,32,94,13.971200038213283
warm,,,0.25,32,95,14.104300003964454
warm,,,0.25,32,96,11.002100014593452
warm,,,0.25,32,97,9.794100013095886
warm,,,0.25,32,98,9.323100035544485
warm,,,0.25,32,99,10.057400038931519
warm,,,0.25,32,100,9.99779999256134
warm,,,0.25,32,101,9.511999960523099
warm,,,0.25,32,102,9.853099996689707
warm,,,0.25,32,103,9.674199973233044
warm,,,0.25,32,104,9.693700005300343
warm,,,0.25,32,105,9.421200025826693
warm,,,0.25,32,106,10.194000031333417
warm,,,0.25,32,107,9.269699978176504
warm,,,0.25,32,108,10.014300001785159
warm,,,0.25,32,109,10.102900036145002
warm,,,0.25,32,110,9.273000003304332
warm,,,0.25,32,111,10.745799983851612
warm,,,0.25,32,112,13.413500040769577
warm,,,0.25,32,113,13.807400013320148
warm,,,0.25,32,114,14.729099988471717
warm,,,0.25,32,115,11.150999984238297
warm,,,0.25,32,116,9.746199997607619
warm,,,0.25,32,117,9.556500008329749
warm,,,0.25,32,118,10.596200008876622
warm,,,0.25,32,119,10.328900010790676
warm,,,0.25,32,120,9.94439999340102
warm,,,0.25,32,121,11.150899983476847
warm,,,0.25,32,122,10.43629995547235
warm,,,0.25,32,123,9.453800041228533
warm,,,0.25,32,124,10.836700035724789
warm,,,0.25,32,125,9.151000005658716
warm,,,0.25,32,126,9.234299999661744
warm,,,0.25,32,127,10.06749999942258
warm,,,0.25,32,128,9.746700001414865
warm,,,0.25,32,129,9.312499954830855
warm,,,0.25,32,130,8.8675000006333
warm,,,0.25,32,131,10.942800028715283
warm,,,0.25,32,132,9.514800040051341
warm,,,0.25,32,133,9.375000023283064
warm,,,0.25,32,134,10.372600052505732
warm,,,0.25,32,135,11.106599995400757
warm,,,0.25,32,136,12.204700033180416
warm,,,0.25,32,137,14.146799978334457
warm,,,0.25,32,138,14.068799966480583
warm,,,0.25,32,139,12.056400009896606
warm,,,0.25,32,140,11.235499987378716
warm,,,0.25,32,141,9.655800007749349
warm,,,0.25,32,142,9.253800031729043
warm,,,0.25,32,143,10.381000000052154
warm,,,0.25,32,144,9.326400002464652
warm,,,0.25,32,145,9.228999959304929
warm,,,0.25,32,146,9.166000003460795
warm,,,0.25,32,147,11.154500010889024
warm,,,0.25,32,148,9.388300008140504
warm,,,0.25,32,149,9.194399986881763
warm,,,0.25,32,150,10.408700036350638
warm,,,0.25,32,151,9.216199978254735
warm,,,0.25,32,152,9.359900024719536
warm,,,0.25,32,153,11.126499972306192
warm,,,0.25,32,154,9.817399957682937
warm,,,0.25,32,155,10.071099968627095
warm,,,0.25,32,156,10.09259995771572
warm,,,0.25,32,157,10.913000034634024
warm,,,0.25,32,158,10.19210001686588
warm,,,0.25,32,159,9.684599994216114
warm,,,0.25,32,160,10.942400025669485
warm,,,0.25,32,161,10.255999979563057
warm,,,0.25,32,162,8.931700023822486
warm,,,0.25,32,163,10.770900000352412
warm,,,0.25,32,164,9.095899993553758
warm,,,0.25,32,165,9.045000013429672
warm,,,0.25,32,166,9.166799951344728
warm,,,0.25,32,167,9.900300006847829
warm,,,0.25,32,168,10.12829999672249
warm,,,0.25,32,169,9.58760001230985
warm,,,0.25,32,170,10.60979999601841
warm,,,0.25,32,171,9.189799951855093
warm,,,0.25,32,172,9.128800011239946
warm,,,0.25,32,173,10.014500003308058
warm,,,0.25,32,174,10.226199985481799
warm,,,0.25,32,175,9.833600022830069
warm,,,0.25,32,176,9.638499992433935
warm,,,0.25,32,177,10.377900034654886
warm,,,0.25,32,178,9.755900013260543
warm,,,0.25,32,179,9.64369997382164
warm,,,0.25,32,180,9.973799984436482
warm,,,0.25,32,181,9.247400041203946
warm,,,0.25,32,182,9.568599984049797
warm,,,0.25,32,183,9.367800026666373
warm,,,0.25,32,184,10.271400038618594
warm,,,0.25,32,185,10.265599994454533
warm,,,0.25,32,186,10.056499973870814
warm,,,0.25,32,187,10.50019997637719
warm,,,0.25,32,188,10.195299983024597
warm,,,0.25,32,189,11.209599964786321
warm,,,0.25,32,190,10.967700043693185
warm,,,0.25,32,191,9.131599974352866
warm,,,0.25,32,192,9.134699997957796
warm,,,0.25,32,193,9.611800021957606
warm,,,0.25,32,194,9.923200006596744
warm,,,0.25,32,195,10.169000015594065
warm,,,0.25,32,196,9.148599987383932
warm,,,0.25,32,197,10.43490000301972
warm,,,0.25,32,198,11.945399979595095
warm,,,0.25,32,199,14.21610004035756
warm,,,0.5,4,0,43.10330003499985
warm,,,0.5,4,1,38.77260000444949
warm,,,0.5,4,2,28.229499992448837
warm,,,0.5,4,3,34.82020000228658
warm,,,0.5,4,4,26.779599953442812
warm,,,0.5,4,5,30.681699980050325
warm,,,0.5,4,6,31.33760002674535
warm,,,0.5,4,7,32.02230000169948
warm,,,0.5,4,8,32.74309996049851
warm,,,0.5,4,9,38.25169999618083
warm,,,0.5,4,10,26.099000009708107
warm,,,0.5,4,11,27.746600040700287
warm,,,0.5,4,12,27.824199991300702
warm,,,0.5,4,13,27.57400000700727
warm,,,0.5,4,14,27.728999964892864
warm,,,0.5,4,15,27.220499992836267
warm,,,0.5,4,16,26.532099989708513
warm,,,0.5,4,17,27.846100041642785
warm,,,0.5,4,18,28.285700012929738
warm,,,0.5,4,19,30.37420002510771
warm,,,0.5,4,20,31.154499971307814
warm,,,0.5,4,21,26.723999995738268
warm,,,0.5,4,22,27.308999968227
warm,,,0.5,4,23,25.827699981164187
warm,,,0.5,4,24,25.971499970182776
warm,,,0.5,4,25,26.584800041746348
warm,,,0.5,4,26,28.06470001814887
warm,,,0.5,4,27,28.102000011131167
warm,,,0.5,4,28,37.25360002135858
warm,,,0.5,4,29,32.936700037680566
warm,,,0.5,4,30,26.894500013440847
warm,,,0.5,4,31,30.610300018452108
warm,,,0.5,4,32,31.167299952358007
warm,,,0.5,4,33,30.093699984718114
warm,,,0.5,4,34,28.81409996189177
warm,,,0.5,4,35,34.382899990305305
warm,,,0.5,4,36,28.271700022742152
warm,,,0.5,4,37,26.6704999958165
warm,,,0.5,4,38,27.57879998534918
warm,,,0.5,4,39,28.970499988645315
warm,,,0.5,4,40,26.876599993556738
warm,,,0.5,4,41,27.251599996816367
warm,,,0.5,4,42,27.983599982690066
warm,,,0.5,4,43,28.124600008595735
warm,,,0.5,4,44,27.616299979854375
warm,,,0.5,4,45,26.611600012984127
warm,,,0.5,4,46,26.144800009205937
warm,,,0.5,4,47,26.29420004086569
warm,,,0.5,4,48,36.071799986530095
warm,,,0.5,4,49,27.296300046145916
warm,,,0.5,4,50,26.93980000913143
warm,,,0.5,4,51,37.24559996044263
warm,,,0.5,4,52,30.239799991250038
warm,,,0.5,4,53,26.041600038297474
warm,,,0.5,4,54,26.943699980620295
warm,,,0.5,4,55,25.593900005333126
warm,,,0.5,4,56,27.808699989691377
warm,,,0.5,4,57,27.615199971478432
warm,,,0.5,4,58,26.76949999295175
warm,,,0.5,4,59,33.941199944820255
warm,,,0.5,4,60,27.59960002731532
warm,,,0.5,4,61,26.081599993631244
warm,,,0.5,4,62,27.205799997318536
warm,,,0.5,4,63,41.26279999036342
warm,,,0.5,4,64,29.349800024647266
warm,,,0.5,4,65,28.54630001820624
warm,,,0.5,4,66,28.152499988209456
warm,,,0.5,4,67,26.63470001425594
warm,,,0.5,4,68,29.20809999341145
warm,,,0.5,4,69,26.05570002924651
warm,,,0.5,4,70,32.033200026489794
warm,,,0.5,4,71,32.621199963614345
warm,,,0.5,4,72,27.22599997650832
warm,,,0.5,4,73,26.586699998006225
warm,,,0.5,4,74,29.400700004771352
warm,,,0.5,4,75,39.752300013788044
warm,,,0.5,4,76,31.391699973028153
warm,,,0.5,4,77,30.47830000286922
warm,,,0.5,4,78,28.95640005590394
warm,,,0.5,4,79,98.48679997958243
warm,,,0.5,4,80,47.158699948340654
warm,,,0.5,4,81,27.469499967992306
warm,,,0.5,4,82,26.733300008345395
warm,,,0.5,4,83,35.80119996331632
warm,,,0.5,4,84,29.97999999206513
warm,,,0.5,4,85,25.831300008576363
warm,,,0.5,4,86,26.528600021265447
warm,,,0.5,4,87,26.99660003418103
warm,,,0.5,4,88,26.509600051213056
warm,,,0.5,4,89,27.961500047240406
warm,,,0.5,4,90,34.53329997137189
warm,,,0.5,4,91,27.39469998050481
warm,,,0.5,4,92,27.23639999749139
warm,,,0.5,4,93,26.937499991618097
warm,,,0.5,4,94,26.143700000829995
warm,,,0.5,4,95,26.97100001387298
warm,,,0.5,4,96,26.625200000125915
warm,,,0.5,4,97,28.31359999254346
warm,,,0.5,4,98,27.353800018317997
warm,,,0.5,4,99,40.43619998265058
warm,,,0.5,4,100,28.182200039736927
warm,,,0.5,4,101,25.781899981666356
warm,,,0.5,4,102,29.447600012645125
warm,,,0.5,4,103,27.261000010184944
warm,,,0.5,4,104,26.319800002966076
warm,,,0.5,4,105,42.091600014828146
warm,,,0.5,4,106,27.943600027356297
warm,,,0.5,4,107,29.596099979244173
warm,,,0.5,4,108,27.329999953508377
warm,,,0.5,4,109,27.232199965510517
warm,,,0.5,4,110,27.767699968535453
warm,,,0.5,4,111,27.021799993235618
warm,,,0.5,4,112,28.271300019696355
warm,,,0.5,4,113,29.04540003510192
warm,,,0.5,4,114,39.321000047493726
warm,,,0.5,4,115,28.58009998453781
warm,,,0.5,4,116,27.02620002673939
warm,,,0.5,4,117,25.7401000126265
warm,,,0.5,4,118,30.32969997730106
warm,,,0.5,4,119,27.669699979014695
warm,,,0.5,4,120,27.197499992325902
warm,,,0.5,4,121,37.83720004139468
warm,,,0.5,4,122,40.535799984354526
warm,,,0.5,4,123,29.96229997370392
warm,,,0.5,4,124,26.221599953714758
warm,,,0.5,4,125,27.301200025249273
warm,,,0.5,4,126,27.241399977356195
warm,,,0.5,4,127,28.360299998894334
warm,,,0.5,4,128,27.264900039881468
warm,,,0.5,4,129,26.341799995861948
warm,,,0.5,4,130,27.099400002043694
warm,,,0.5,4,131,27.44639996672049
warm,,,0.5,4,132,28.149600024335086
warm,,,0.5,4,133,33.314600004814565
warm,,,0.5,4,134,26.040200027637184
warm,,,0.5,4,135,27.062300010584295
warm,,,0.5,4,136,27.261000010184944
warm,,,0.5,4,137,26.99189999839291
warm,,,0.5,4,138,32.32860000571236
warm,,,0.5,4,139,37.24890004377812
warm,,,0.5,4,140,27.232500026002526
warm,,,0.5,4,141,26.054600020870566
warm,,,0.5,4,142,27.525599987711757
warm,,,0.5,4,143,27.4218000122346
warm,,,0.5,4,144,26.453199971001595
warm,,,0.5,4,145,28.52250001160428
warm,,,0.5,4,146,28.76529999775812
warm,,,0.5,4,147,25.646299996878952
warm,,,0.5,4,148,26.369300030637532
warm,,,0.5,4,149,47.29309998219833
warm,,,0.5,4,150,40.63200001837686
warm,,,0.5,4,151,28.284899948630482
warm,,,0.5,4,152,32.17870002845302
warm,,,0.5,4,153,38.596600003074855
warm,,,0.5,4,154,26.793900004122406
warm,,,0.5,4,155,25.520200026221573
warm,,,0.5,4,156,27.39169995766133
warm,,,0.5,4,157,29.406199988443404
warm,,,0.5,4,158,27.193700021598488
warm,,,0.5,4,159,27.25849999114871
warm,,,0.5,4,160,26.840400008950382
warm,,,0.5,4,161,26.394399988930672
warm,,,0.5,4,162,35.403699963353574
warm,,,0.5,4,163,26.646300044376403
warm,,,0.5,4,164,26.88680001301691
warm,,,0.5,4,165,27.302199974656105
warm,,,0.5,4,166,27.36950002145022
warm,,,0.5,4,167,28.0542999971658
warm,,,0.5,4,168,27.22739998716861
warm,,,0.5,4,169,27.798800030723214
warm,,,0.5,4,170,27.44520001579076
warm,,,0.5,4,171,28.396900044754148
warm,,,0.5,4,172,28.179100016131997
warm,,,0.5,4,173,28.126200020778924
warm,,,0.5,4,174,27.24359999410808
warm,,,0.5,4,175,26.566000015009195
warm,,,0.5,4,176,27.333000034559518
warm,,,0.5,4,177,27.06579997902736
warm,,,0.5,4,178,28.07919995393604
warm,,,0.5,4,179,26.168900018092245
warm,,,0.5,4,180,27.760500030126423
warm,,,0.5,4,181,26.467000017873943
warm,,,0.5,4,182,26.682499970775098
warm,,,0.5,4,183,34.61480000987649
warm,,,0.5,4,184,30.605000036302954
warm,,,0.5,4,185,27.493000030517578
warm,,,0.5,4,186,28.036899981088936
warm,,,0.5,4,187,39.515099953860044
warm,,,0.5,4,188,27.05110004171729
warm,,,0.5,4,189,27.535200002603233
warm,,,0.5,4,190,36.15100000752136
warm,,,0.5,4,191,28.208900010213256
warm,,,0.5,4,192,26.41570003470406
warm,,,0.5,4,193,27.159999997820705
warm,,,0.5,4,194,28.12660002382472
warm,,,0.5,4,195,26.177599967923015
warm,,,0.5,4,196,27.15949999401346
warm,,,0.5,4,197,28.446100011933595
warm,,,0.5,4,198,34.61890004109591
warm,,,0.5,4,199,28.49150000838563
warm,,,0.5,8,0,25.56229999754578
warm,,,0.5,8,1,29.578400019090623
warm,,,0.5,8,2,44.71230000490323
warm,,,0.5,8,3,49.53040002146736
warm,,,0.5,8,4,32.9316999996081
warm,,,0.5,8,5,31.12860000692308
warm,,,0.5,8,6,28.503599984105676
warm,,,0.5,8,7,27.884099981747568
warm,,,0.5,8,8,26.85120003297925
warm,,,0.5,8,9,26.937399990856647
warm,,,0.5,8,10,37.35020000021905
warm,,,0.5,8,11,25.97989997593686
warm,,,0.5,8,12,28.905800019856542
warm,,,0.5,8,13,28.920100012328476
warm,,,0.5,8,14,28.531799966003746
warm,,,0.5,8,15,29.30039999773726
warm,,,0.5,8,16,27.60989998932928
warm,,,0.5,8,17,25.815100001636893
warm,,,0.5,8,18,26.333699992392212
warm,,,0.5,8,19,27.96949999174103
warm,,,0.5,8,20,27.097599988337606
warm,,,0.5,8,21,27.24840003065765
warm,,,0.5,8,22,28.098300041165203
warm,,,0.5,8,23,25.770700012799352
warm,,,0.5,8,24,28.451699996367097
warm,,,0.5,8,25,28.977700043469667
warm,,,0.5,8,26,25.980700040236115
warm,,,0.5,8,27,27.497600007336587
warm,,,0.5,8,28,37.94100001687184
warm,,,0.5,8,29,27.75050001218915
warm,,,0.5,8,30,27.187900035642087
warm,,,0.5,8,31,25.730099994689226
warm,,,0.5,8,32,27.740399993490428
warm,,,0.5,8,33,27.61430002283305
warm,,,0.5,8,34,33.33319997182116
warm,,,0.5,8,35,27.63510000659153
warm,,,0.5,8,36,27.03649998875335
warm,,,0.5,8,37,27.74769999086857
warm,,,0.5,8,38,26.908200001344085
warm,,,0.5,8,39,28.220399981364608
warm,,,0.5,8,40,27.69679995253682
warm,,,0.5,8,41,28.403299977071583
warm,,,0.5,8,42,26.106700010132045
warm,,,0.5,8,43,27.87210000678897
warm,,,0.5,8,44,26.94740000879392
warm,,,0.5,8,45,40.298999985679984
warm,,,0.5,8,46,28.39180000592023
warm,,,0.5,8,47,27.333699981682003
warm,,,0.5,8,48,26.973300031386316
warm,,,0.5,8,49,37.34199999598786
warm,,,0.5,8,50,39.771199983078986
warm,,,0.5,8,51,29.54159997170791
warm,,,0.5,8,52,30.104000004939735
warm,,,0.5,8,53,30.330699984915555
warm,,,0.5,8,54,28.36679999018088
warm,,,0.5,8,55,26.513000018894672
warm,,,0.5,8,56,25.59909998672083
warm,,,0.5,8,57,28.99799996521324
warm,,,0.5,8,58,29.246499994769692
warm,,,0.5,8,59,26.440299989189953
warm,,,0.5,8,60,27.764400001615286
warm,,,0.5,8,61,26.64789999835193
warm,,,0.5,8,62,27.620500011835247
warm,,,0.5,8,63,27.71639998536557
warm,,,0.5,8,64,27.60659996420145
warm,,,0.5,8,65,41.949499980546534
warm,,,0.5,8,66,27.916799997910857
warm,,,0.5,8,67,28.763399983290583
warm,,,0.5,8,68,26.43319999333471
warm,,,0.5,8,69,27.453199960291386
warm,,,0.5,8,70,25.877400010358542
warm,,,0.5,8,71,27.25270000519231
warm,,,0.5,8,72,26.96679998189211
warm,,,0.5,8,73,43.46389998681843
warm,,,0.5,8,74,33.259899995755404
warm,,,0.5,8,75,27.061000000685453
warm,,,0.5,8,76,26.758700027130544
warm,,,0.5,8,77,27.51179999904707
warm,,,0.5,8,78,32.15840004850179
warm,,,0.5,8,79,31.869900005403906
warm,,,0.5,8,80,34.93480000179261
warm,,,0.5,8,81,33.80109998397529
warm,,,0.5,8,82,35.247899999376386
warm,,,0.5,8,83,34.70820002257824
warm,,,0.5,8,84,28.487900039181113
warm,,,0.5,8,85,26.513900025747716
warm,,,0.5,8,86,27.795400004833937
warm,,,0.5,8,87,27.093600016087294
warm,,,0.5,8,88,35.4446999845095
warm,,,0.5,8,89,31.91700001480058
warm,,,0.5,8,90,27.859400026500225
warm,,,0.5,8,91,27.102700027171522
warm,,,0.5,8,92,26.131700025871396
warm,,,0.5,8,93,27.011900034267455
warm,,,0.5,8,94,27.913800033275038
warm,,,0.5,8,95,28.539900027681142
warm,,,0.5,8,96,26.925699959974736
warm,,,0.5,8,97,32.56259998306632
warm,,,0.5,8,98,39.4287999952212
warm,,,0.5,8,99,39.72780000185594
warm,,,0.5,8,100,27.798699971754104
warm,,,0.5,8,101,26.840100006666034
warm,,,0.5,8,102,28.340700024273247
warm,,,0.5,8,103,26.66859998134896
warm,,,0.5,8,104,26.746199990157038
warm,,,0.5,8,105,26.20389999356121
warm,,,0.5,8,106,26.813300035428256
warm,,,0.5,8,107,27.241700037848204
warm,,,0.5,8,108,28.377500013448298
warm,,,0.5,8,109,26.262100029271096
warm,,,0.5,8,110,27.317299973219633
warm,,,0.5,8,111,27.778999996371567
warm,,,0.5,8,112,27.906299976166338
warm,,,0.5,8,113,28.761099965777248
warm,,,0.5,8,114,26.86739998171106
warm,,,0.5,8,115,25.518700014799833
warm,,,0.5,8,116,28.52400002302602
warm,,,0.5,8,117,37.58179995929822
warm,,,0.5,8,118,29.84249999281019
warm,,,0.5,8,119,33.56990002794191
warm,,,0.5,8,120,29.570799961220473
warm,,,0.5,8,121,32.28260000469163
warm,,,0.5,8,122,27.93420001398772
warm,,,0.5,8,123,27.64809998916462
warm,,,0.5,8,124,27.700899983756244
warm,,,0.5,8,125,25.566799973603338
warm,,,0.5,8,126,33.56259997235611
warm,,,0.5,8,127,27.388599992264062
warm,,,0.5,8,128,28.04220002144575
warm,,,0.5,8,129,27.845699980389327
warm,,,0.5,8,130,27.025300019886345
warm,,,0.5,8,131,26.689999969676137
warm,,,0.5,8,132,28.035299968905747
warm,,,0.5,8,133,27.3653999902308
warm,,,0.5,8,134,28.326000028755516
warm,,,0.5,8,135,31.957400031387806
warm,,,0.5,8,136,29.671800031792372
warm,,,0.5,8,137,29.227100021671504
warm,,,0.5,8,138,27.324500028043985
warm,,,0.5,8,139,25.900700013153255
warm,,,0.5,8,140,26.937899994663894
warm,,,0.5,8,141,26.82170004118234
warm,,,0.5,8,142,27.604799950495362
warm,,,0.5,8,143,27.11309998994693
warm,,,0.5,8,144,25.737799995113164
warm,,,0.5,8,145,28.106500045396388
warm,,,0.5,8,146,27.88810001220554
warm,,,0.5,8,147,28.03210000274703
warm,,,0.5,8,148,26.783700042869896
warm,,,0.5,8,149,28.644200006965548
warm,,,0.5,8,150,35.338599991519004
warm,,,0.5,8,151,25.357200007420033
warm,,,0.5,8,152,27.031100005842745
warm,,,0.5,8,153,27.540999988559633
warm,,,0.5,8,154,28.109900013078004
warm,,,0.5,8,155,42.488700011745095
warm,,,0.5,8,156,39.01629999745637
warm,,,0.5,8,157,28.567500005010515
warm,,,0.5,8,158,26.752700039651245
warm,,,0.5,8,159,29.896899999585003
warm,,,0.5,8,160,30.099900031927973
warm,,,0.5,8,161,28.96379999583587
warm,,,0.5,8,162,25.555800006259233
warm,,,0.5,8,163,26.22299996437505
warm,,,0.5,8,164,27.4331999826245
warm,,,0.5,8,165,30.720300041139126
warm,,,0.5,8,166,32.48130000429228
warm,,,0.5,8,167,27.303699986077845
warm,,,0.5,8,168,27.48649998102337
warm,,,0.5,8,169,30.084600031841546
warm,,,0.5,8,170,30.967600003350526
warm,,,0.5,8,171,29.82749999500811
warm,,,0.5,8,172,28.0425000237301
warm,,,0.5,8,173,27.120000042486936
warm,,,0.5,8,174,27.123300009407103
warm,,,0.5,8,175,26.666299963835627
warm,,,0.5,8,176,25.992500013671815
warm,,,0.5,8,177,28.946900041773915
warm,,,0.5,8,178,26.732300000730902
warm,,,0.5,8,179,28.455199964810163
warm,,,0.5,8,180,29.233999957796186
warm,,,0.5,8,181,37.790299975313246
warm,,,0.5,8,182,31.374000012874603
warm,,,0.5,8,183,25.89570003328845
warm,,,0.5,8,184,26.01699996739626
warm,,,0.5,8,185,27.6822000159882
warm,,,0.5,8,186,28.182100038975477
warm,,,0.5,8,187,28.512400051113218
warm,,,0.5,8,188,28.38780003366992
warm,,,0.5,8,189,27.67619997030124
warm,,,0.5,8,190,26.807099988218397
warm,,,0.5,8,191,27.14770002057776
warm,,,0.5,8,192,27.5948999915272
warm,,,0.5,8,193,28.18610001122579
warm,,,0.5,8,194,35.289199964609
warm,,,0.5,8,195,27.885999996215105
warm,,,0.5,8,196,25.519999966491014
warm,,,0.5,8,197,26.809200004208833
warm,,,0.5,8,198,27.614700025878847
warm,,,0.5,8,199,28.5505999927409
warm,,,0.5,16,0,27.318399981595576
warm,,,0.5,16,1,27.622399968095124
warm,,,0.5,16,2,26.527800015173852
warm,,,0.5,16,3,28.920200013089925
warm,,,0.5,16,4,26.315499970223755
warm,,,0.5,16,5,40.95789999701083
warm,,,0.5,16,6,34.01579998899251
warm,,,0.5,16,7,26.894299953710288
warm,,,0.5,16,8,26.880100020207465
warm,,,0.5,16,9,26.63199999369681
warm,,,0.5,16,10,29.85859999898821
warm,,,0.5,16,11,34.5820999937132
warm,,,0.5,16,12,39.28160003852099
warm,,,0.5,16,13,29.847999976482242
warm,,,0.5,16,14,28.100499999709427
warm,,,0.5,16,15,39.71859999001026
warm,,,0.5,16,16,100.36690003471449
warm,,,0.5,16,17,56.36459996458143
warm,,,0.5,16,18,28.18149997619912
warm,,,0.5,16,19,27.207300008740276
warm,,,0.5,16,20,27.176000003237277
warm,,,0.5,16,21,27.14580000611022
warm,,,0.5,16,22,30.37150000454858
warm,,,0.5,16,23,38.67580002406612
warm,,,0.5,16,24,40.14709999319166
warm,,,0.5,16,25,29.97119998326525
warm,,,0.5,16,26,26.99499996379018
warm,,,0.5,16,27,28.465599985793233
warm,,,0.5,16,28,28.046299994457513
warm,,,0.5,16,29,27.801499993074685
warm,,,0.5,16,30,30.425900011323392
warm,,,0.5,16,31,27.401399973314255
warm,,,0.5,16,32,27.481700002681464
warm,,,0.5,16,33,27.909800002817065
warm,,,0.5,16,34,27.024000009987503
warm,,,0.5,16,35,31.618000008165836
warm,,,0.5,16,36,26.77110000513494
warm,,,0.5,16,37,26.437299966346473
warm,,,0.5,16,38,28.433200030121952
warm,,,0.5,16,39,26.09679999295622
warm,,,0.5,16,40,28.191300050821155
warm,,,0.5,16,41,28.01290003117174
warm,,,0.5,16,42,35.793200018815696
warm,,,0.5,16,43,33.33810000913218
warm,,,0.5,16,44,28.801799984648824
warm,,,0.5,16,45,28.033800015691668
warm,,,0.5,16,46,27.505099948029965
warm,,,0.5,16,47,26.83919999981299
warm,,,0.5,16,48,26.097399997524917
warm,,,0.5,16,49,27.960299979895353
warm,,,0.5,16,50,28.48689997335896
warm,,,0.5,16,51,27.014999999664724
warm,,,0.5,16,52,26.92219999153167
warm,,,0.5,16,53,27.705500018782914
warm,,,0.5,16,54,28.824000037275255
warm,,,0.5,16,55,27.961099985986948
warm,,,0.5,16,56,35.599199996795505
warm,,,0.5,16,57,28.17399997729808
warm,,,0.5,16,58,32.09409996634349
warm,,,0.5,16,59,48.42439998174086
warm,,,0.5,16,60,44.251699990127236
warm,,,0.5,16,61,34.59419996943325
warm,,,0.5,16,62,26.818999962415546
warm,,,0.5,16,63,26.62130002863705
warm,,,0.5,16,64,27.650400006677955
warm,,,0.5,16,65,26.158599997870624
warm,,,0.5,16,66,26.697800029069185
warm,,,0.5,16,67,28.97890005260706
warm,,,0.5,16,68,25.322799978312105
warm,,,0.5,16,69,52.549000014550984
warm,,,0.5,16,70,33.602199982851744
warm,,,0.5,16,71,28.26019999338314
warm,,,0.5,16,72,26.882799982558936
warm,,,0.5,16,73,25.282499962486327
warm,,,0.5,16,74,27.833100000862032
warm,,,0.5,16,75,27.188599982764572
warm,,,0.5,16,76,27.710099995601922
warm,,,0.5,16,77,29.565799981355667
warm,,,0.5,16,78,26.249099988490343
warm,,,0.5,16,79,39.938799978699535
warm,,,0.5,16,80,35.782999999355525
warm,,,0.5,16,81,39.02099997503683
warm,,,0.5,16,82,31.86170000117272
warm,,,0.5,16,83,28.160499990917742
warm,,,0.5,16,84,33.46159995999187
warm,,,0.5,16,85,30.591599992476404
warm,,,0.5,16,86,33.11489999759942
warm,,,0.5,16,87,29.485100007150322
warm,,,0.5,16,88,28.589499997906387
warm,,,0.5,16,89,29.197399970144033
warm,,,0.5,16,90,31.906999996863306
warm,,,0.5,16,91,28.075900045223534
warm,,,0.5,16,92,40.8750000060536
warm,,,0.5,16,93,38.96440000971779
warm,,,0.5,16,94,26.314200018532574
warm,,,0.5,16,95,27.396699995733798
warm,,,0.5,16,96,49.8412000015378
warm,,,0.5,16,97,39.24670000560582
warm,,,0.5,16,98,27.02140004839748
warm,,,0.5,16,99,29.379100014921278
warm,,,0.5,16,100,24.816000019200146
warm,,,0.5,16,101,27.811899955850095
warm,,,0.5,16,102,27.070900017861277
warm,,,0.5,16,103,26.24629996716976
warm,,,0.5,16,104,26.75610000733286
warm,,,0.5,16,105,26.322399964556098
warm,,,0.5,16,106,27.058100036811084
warm,,,0.5,16,107,28.621300007216632
warm,,,0.5,16,108,29.012099956162274
warm,,,0.5,16,109,28.653399960603565
warm,,,0.5,16,110,34.276099991984665
warm,,,0.5,16,111,28.604999999515712
warm,,,0.5,16,112,27.5384999695234
warm,,,0.5,16,113,29.059500026050955
warm,,,0.5,16,114,28.4024000284262
warm,,,0.5,16,115,35.1412000018172
warm,,,0.5,16,116,27.20650000264868
warm,,,0.5,16,117,27.259099995717406
warm,,,0.5,16,118,26.60509996348992
warm,,,0.5,16,119,29.466499981936067
warm,,,0.5,16,120,27.32240001205355
warm,,,0.5,16,121,27.275300002656877
warm,,,0.5,16,122,27.897999971173704
warm,,,0.5,16,123,37.17029996914789
warm,,,0.5,16,124,27.007199998479337
warm,,,0.5,16,125,27.050299977418035
warm,,,0.5,16,126,28.546400018967688
warm,,,0.5,16,127,27.86480000941083
warm,,,0.5,16,128,28.972400003112853
warm,,,0.5,16,129,29.320099973119795
warm,,,0.5,16,130,30.00109997810796
warm,,,0.5,16,131,27.696100005414337
warm,,,0.5,16,132,27.142599981743842
warm,,,0.5,16,133,28.401399962604046
warm,,,0.5,16,134,27.70760003477335
warm,,,0.5,16,135,29.864300042390823
warm,,,0.5,16,136,33.070300007238984
warm,,,0.5,16,137,29.878500034101307
warm,,,0.5,16,138,27.303699986077845
warm,,,0.5,16,139,26.824900007341057
warm,,,0.5,16,140,26.204099995084107
warm,,,0.5,16,141,24.66110000386834
warm,,,0.5,16,142,28.068199986591935
warm,,,0.5,16,143,28.495299979113042
warm,,,0.5,16,144,27.05700002843514
warm,,,0.5,16,145,27.738099975977093
warm,,,0.5,16,146,31.32969996659085
warm,,,0.5,16,147,36.72490001190454
warm,,,0.5,16,148,26.83749998686835
warm,,,0.5,16,149,27.731799986213446
warm,,,0.5,16,150,32.88249997422099
warm,,,0.5,16,151,41.05130000971258
warm,,,0.5,16,152,25.40840004803613
warm,,,0.5,16,153,29.881700000260025
warm,,,0.5,16,154,49.28729997482151
warm,,,0.5,16,155,33.75400003278628
warm,,,0.5,16,156,27.738000033423305
warm,,,0.5,16,157,33.25899998890236
warm,,,0.5,16,158,41.63299995707348
warm,,,0.5,16,159,39.84799998579547
warm,,,0.5,16,160,27.966200024820864
warm,,,0.5,16,161,27.75929996278137
warm,,,0.5,16,162,25.98009997745976
warm,,,0.5,16,163,29.33750004740432
warm,,,0.5,16,164,28.593100025318563
warm,,,0.5,16,165,26.57529996940866
warm,,,0.5,16,166,28.309399960562587
warm,,,0.5,16,167,27.242799988016486
warm,,,0.5,16,168,28.20810000412166
warm,,,0.5,16,169,27.563100040424615
warm,,,0.5,16,170,27.118600031826645
warm,,,0.5,16,171,27.42419997230172
warm,,,0.5,16,172,28.613000002224
warm,,,0.5,16,173,27.79319998808205
warm,,,0.5,16,174,26.754299993626773
warm,,,0.5,16,175,28.588500048499554
warm,,,0.5,16,176,27.168499946128577
warm,,,0.5,16,177,29.195800016168505
warm,,,0.5,16,178,27.646400034427643
warm,,,0.5,16,179,26.447200041729957
warm,,,0.5,16,180,31.121400010306388
warm,,,0.5,16,181,29.170399997383356
warm,,,0.5,16,182,27.844899974297732
warm,,,0.5,16,183,28.760300017893314
warm,,,0.5,16,184,32.63209998840466
warm,,,0.5,16,185,46.23009997885674
warm,,,0.5,16,186,27.51939999870956
warm,,,0.5,16,187,28.659100004006177
warm,,,0.5,16,188,27.807499980553985
warm,,,0.5,16,189,28.319000033661723
warm,,,0.5,16,190,28.06170005351305
warm,,,0.5,16,191,26.654899993445724
warm,,,0.5,16,192,26.158499997109175
warm,,,0.5,16,193,27.496800001244992
warm,,,0.5,16,194,27.91040000738576
warm,,,0.5,16,195,28.046399995218962
warm,,,0.5,16,196,33.92030001850799
warm,,,0.5,16,197,37.28750004665926
warm,,,0.5,16,198,36.99130000313744
warm,,,0.5,16,199,37.27149998303503
warm,,,0.5,32,0,10.028199991211295
warm,,,0.5,32,1,9.251999959815294
warm,,,0.5,32,2,9.091400017496198
warm,,,0.5,32,3,9.716200002003461
warm,,,0.5,32,4,10.230100015178323
warm,,,0.5,32,5,12.90319999679923
warm,,,0.5,32,6,18.294600013177842
warm,,,0.5,32,7,10.029299999587238
warm,,,0.5,32,8,9.776199993211776
warm,,,0.5,32,9,10.208800027612597
warm,,,0.5,32,10,9.926199971232563
warm,,,0.5,32,11,10.167100001126528
warm,,,0.5,32,12,10.459200013428926
warm,,,0.5,32,13,9.319000004325062
warm,,,0.5,32,14,10.053800011519343
warm,,,0.5,32,15,11.932699999306351
warm,,,0.5,32,16,9.520999970845878
warm,,,0.5,32,17,9.004299994558096
warm,,,0.5,32,18,9.538200043607503
warm,,,0.5,32,19,10.248399979900569
warm,,,0.5,32,20,10.443700011819601
warm,,,0.5,32,21,9.946300007868558
warm,,,0.5,32,22,10.897899977862835
warm,,,0.5,32,23,10.776999988593161
warm,,,0.5,32,24,9.70470003085211
warm,,,0.5,32,25,10.885900002904236
warm,,,0.5,32,26,9.859499987214804
warm,,,0.5,32,27,10.04250004189089
warm,,,0.5,32,28,11.959100025705993
warm,,,0.5,32,29,9.60380001924932
warm,,,0.5,32,30,9.71360004041344
warm,,,0.5,32,31,10.900499997660518
warm,,,0.5,32,32,9.304700011853129
warm,,,0.5,32,33,9.90760000422597
warm,,,0.5,32,34,9.043199999723583
warm,,,0.5,32,35,10.13569999486208
warm,,,0.5,32,36,9.61559999268502
warm,,,0.5,32,37,10.04970003850758
warm,,,0.5,32,38,11.336099996697158
warm,,,0.5,32,39,9.770499949809164
warm,,,0.5,32,40,9.353800036478788
warm,,,0.5,32,41,10.281800001394004
warm,,,0.5,32,42,10.20520000020042
warm,,,0.5,32,43,9.998800000175834
warm,,,0.5,32,44,10.00069995643571
warm,,,0.5,32,45,11.279999976977706
warm,,,0.5,32,46,9.63779998710379
warm,,,0.5,32,47,10.228800005279481
warm,,,0.5,32,48,10.422499966807663
warm,,,0.5,32,49,9.354099980555475
warm,,,0.5,32,50,9.221200016327202
warm,,,0.5,32,51,17.46359997196123
warm,,,0.5,32,52,10.295400046743453
warm,,,0.5,32,53,11.769099975936115
warm,,,0.5,32,54,16.343099996447563
warm,,,0.5,32,55,15.706899983342737
warm,,,0.5,32,56,13.542300031986088
warm,,,0.5,32,57,11.062800011131912
warm,,,0.5,32,58,10.692200041376054
warm,,,0.5,32,59,11.752899968996644
warm,,,0.5,32,60,10.189199994783849
warm,,,0.5,32,61,10.14610001584515
warm,,,0.5,32,62,11.287700035609305
warm,,,0.5,32,63,9.412300016265363
warm,,,0.5,32,64,9.27340000635013
warm,,,0.5,32,65,10.48669998999685
warm,,,0.5,32,66,10.379000043030828
warm,,,0.5,32,67,12.223800003994256
warm,,,0.5,32,68,10.173199989367276
warm,,,0.5,32,69,11.860499973408878
warm,,,0.5,32,70,14.589200029149652
warm,,,0.5,32,71,10.348099982365966
warm,,,0.5,32,72,9.850299975369126
warm,,,0.5,32,73,9.468199976254255
warm,,,0.5,32,74,10.812099964823574
warm,,,0.5,32,75,10.307900025509298
warm,,,0.5,32,76,9.49409999884665
warm,,,0.5,32,77,10.619900014717132
warm,,,0.5,32,78,13.873399992007762
warm,,,0.5,32,79,15.228200005367398
warm,,,0.5,32,80,14.523300051223487
warm,,,0.5,32,81,15.16860001720488
warm,,,0.5,32,82,16.350100049749017
warm,,,0.5,32,83,13.273200020194054
warm,,,0.5,32,84,14.19990003341809
warm,,,0.5,32,85,14.136500016320497
warm,,,0.5,32,86,13.633299968205392
warm,,,0.5,32,87,11.291100003290921
warm,,,0.5,32,88,9.762600006069988
warm,,,0.5,32,89,9.19500004965812
warm,,,0.5,32,90,11.830900039058179
warm,,,0.5,32,91,9.674300032202154
warm,,,0.5,32,92,9.552399977110326
warm,,,0.5,32,93,10.697500023525208
warm,,,0.5,32,94,10.53859997773543
warm,,,0.5,32,95,11.57129998318851
warm,,,0.5,32,96,11.470699973870069
warm,,,0.5,32,97,9.637999988626689
warm,,,0.5,32,98,10.129300004336983
warm,,,0.5,32,99,9.890200046356767
warm,,,0.5,32,100,9.146199969109148
warm,,,0.5,32,101,9.275799966417253
warm,,,0.5,32,102,9.436399966944009
warm,,,0.5,32,103,13.134600012563169
warm,,,0.5,32,104,10.70589997107163
warm,,,0.5,32,105,9.508199989795685
warm,,,0.5,32,106,10.420500009786338
warm,,,0.5,32,107,9.872899972833693
warm,,,0.5,32,108,9.551600029226393
warm,,,0.5,32,109,10.29290002770722
warm,,,0.5,32,110,10.288899997249246
warm,,,0.5,32,111,9.901000012177974
warm,,,0.5,32,112,10.773700021672994
warm,,,0.5,32,113,10.4692000313662
warm,,,0.5,32,114,10.0215999991633
warm,,,0.5,32,115,11.373099987395108
warm,,,0.5,32,116,11.012199975084513
warm,,,0.5,32,117,9.845599997788668
warm,,,0.5,32,118,9.976800007279962
warm,,,0.5,32,119,9.904300037305802
warm,,,0.5,32,120,9.063700039405376
warm,,,0.5,32,121,9.292799979448318
warm,,,0.5,32,122,10.403199994470924
warm,,,0.5,32,123,10.241300042252988
warm,,,0.5,32,124,10.490500018931925
warm,,,0.5,32,125,10.509599989745766
warm,,,0.5,32,126,10.110300034284592
warm,,,0.5,32,127,10.369299969170243
warm,,,0.5,32,128,10.558700014371425
warm,,,0.5,32,129,11.675700021442026
warm,,,0.5,32,130,10.087300033774227
warm,,,0.5,32,131,9.626200015190989
warm,,,0.5,32,132,10.47199999447912
warm,,,0.5,32,133,9.786500013433397
warm,,,0.5,32,134,10.232099972199649
warm,,,0.5,32,135,10.605600022245198
warm,,,0.5,32,136,10.64680004492402
warm,,,0.5,32,137,9.383200027514249
warm,,,0.5,32,138,10.739400051534176
warm,,,0.5,32,139,9.58300003549084
warm,,,0.5,32,140,9.041299985256046
warm,,,0.5,32,141,9.446899988688529
warm,,,0.5,32,142,10.99939999403432
warm,,,0.5,32,143,9.376799978781492
warm,,,0.5,32,144,9.758599975612015
warm,,,0.5,32,145,11.232700024265796
warm,,,0.5,32,146,9.62890003575012
warm,,,0.5,32,147,9.290900023188442
warm,,,0.5,32,148,9.789800038561225
warm,,,0.5,32,149,12.068900046870112
warm,,,0.5,32,150,11.126000026706606
warm,,,0.5,32,151,10.460400022566319
warm,,,0.5,32,152,10.113700001966208
warm,,,0.5,32,153,9.421100025065243
warm,,,0.5,32,154,9.584899991750717
warm,,,0.5,32,155,11.16080000065267
warm,,,0.5,32,156,10.425199987366796
warm,,,0.5,32,157,9.844399988651276
warm,,,0.5,32,158,10.433899995405227
warm,,,0.5,32,159,9.277299977838993
warm,,,0.5,32,160,9.756099956575781
warm,,,0.5,32,161,10.818100010510534
warm,,,0.5,32,162,9.705199976451695
warm,,,0.5,32,163,9.331600042060018
warm,,,0.5,32,164,9.270100039429963
warm,,,0.5,32,165,10.536000016145408
warm,,,0.5,32,166,10.442600003443658
warm,,,0.5,32,167,9.99789999332279
warm,,,0.5,32,168,10.758899967186153
warm,,,0.5,32,169,10.591100028250366
warm,,,0.5,32,170,9.724299947265536
warm,,,0.5,32,171,17.588899994734675
warm,,,0.5,32,172,16.34649996412918
warm,,,0.5,32,173,10.826500016264617
warm,,,0.5,32,174,9.779400017578155
warm,,,0.5,32,175,9.37699998030439
warm,,,0.5,32,176,10.672900010831654
warm,,,0.5,32,177,10.028399992734194
warm,,,0.5,32,178,9.28820000262931
warm,,,0.5,32,179,9.853099996689707
warm,,,0.5,32,180,11.386399972252548
warm,,,0.5,32,181,10.098300001118332
warm,,,0.5,32,182,11.631499975919724
warm,,,0.5,32,183,11.126099969260395
warm,,,0.5,32,184,10.33269998151809
warm,,,0.5,32,185,10.148100031074136
warm,,,0.5,32,186,11.45280001219362
warm,,,0.5,32,187,10.159700002986938
warm,,,0.5,32,188,9.035900002345443
warm,,,0.5,32,189,10.49409998813644
warm,,,0.5,32,190,9.17560001835227
warm,,,0.5,32,191,10.670299991033971
warm,,,0.5,32,192,9.500500047579408
warm,,,0.5,32,193,10.70310000795871
warm,,,0.5,32,194,10.475899965967983
warm,,,0.5,32,195,9.405600023455918
warm,,,0.5,32,196,10.502499993890524
warm,,,0.5,32,197,10.213600005954504
warm,,,0.5,32,198,9.242700005415827
warm,,,0.5,32,199,13.95960000809282
warm,,,0.75,4,0,35.59369995491579
warm,,,0.75,4,1,29.069599986542016
warm,,,0.75,4,2,29.251900035887957
warm,,,0.75,4,3,28.222599998116493
warm,,,0.75,4,4,29.841399984434247
warm,,,0.75,4,5,29.32970004621893
warm,,,0.75,4,6,29.733500035945326
warm,,,0.75,4,7,28.108700003940612
warm,,,0.75,4,8,30.06739995907992
warm,,,0.75,4,9,33.36320002563298
warm,,,0.75,4,10,34.52460002154112
warm,,,0.75,4,11,28.167299984488636
warm,,,0.75,4,12,27.853200037498027
warm,,,0.75,4,13,30.184500035829842
warm,,,0.75,4,14,29.529099992942065
warm,,,0.75,4,15,28.81129999877885
warm,,,0.75,4,16,31.228500010911375
warm,,,0.75,4,17,30.94490000512451
warm,,,0.75,4,18,29.568099998869002
warm,,,0.75,4,19,34.578500024508685
warm,,,0.75,4,20,37.83040004782379
warm,,,0.75,4,21,28.281899983994663
warm,,,0.75,4,22,37.23269997863099
warm,,,0.75,4,23,28.383700002450496
warm,,,0.75,4,24,29.80700001353398
warm,,,0.75,4,25,28.164500021375716
warm,,,0.75,4,26,28.22620002552867
warm,,,0.75,4,27,29.210800013970584
warm,,,0.75,4,28,40.964100044220686
warm,,,0.75,4,29,32.98969997558743
warm,,,0.75,4,30,28.73279998311773
warm,,,0.75,4,31,28.528700000606477
warm,,,0.75,4,32,28.014699986670166
warm,,,0.75,4,33,28.319100034423172
warm,,,0.75,4,34,33.95060001639649
warm,,,0.75,4,35,30.258100014179945
warm,,,0.75,4,36,28.02180004073307
warm,,,0.75,4,37,29.212100023869425
warm,,,0.75,4,38,32.12020004866645
warm,,,0.75,4,39,27.435500000137836
warm,,,0.75,4,40,29.978199978359044
warm,,,0.75,4,41,30.574899981729686
warm,,,0.75,4,42,27.43469999404624
warm,,,0.75,4,43,29.41270003793761
warm,,,0.75,4,44,28.47469999687746
warm,,,0.75,4,45,30.237199971452355
warm,,,0.75,4,46,34.81209999881685
warm,,,0.75,4,47,28.273900039494038
warm,,,0.75,4,48,28.350100037641823
warm,,,0.75,4,49,27.531699975952506
warm,,,0.75,4,50,28.910199995152652
warm,,,0.75,4,51,28.78900000359863
warm,,,0.75,4,52,30.502900015562773
warm,,,0.75,4,53,30.42940003797412
warm,,,0.75,4,54,29.143800027668476
warm,,,0.75,4,55,29.743599996436387
warm,,,0.75,4,56,28.991500032134354
warm,,,0.75,4,57,28.552800009492785
warm,,,0.75,4,58,27.69990003434941
warm,,,0.75,4,59,27.770299988333136
warm,,,0.75,4,60,36.148799990769476
warm,,,0.75,4,61,27.553999971132725
warm,,,0.75,4,62,33.76680001383647
warm,,,0.75,4,63,26.83749998686835
warm,,,0.75,4,64,28.942200005985796
warm,,,0.75,4,65,28.854699980001897
warm,,,0.75,4,66,28.516200021840632
warm,,,0.75,4,67,28.290599992033094
warm,,,0.75,4,68,29.090199968777597
warm,,,0.75,4,69,29.391199990641326
warm,,,0.75,4,70,30.100699979811907
warm,,,0.75,4,71,29.440500016789883
warm,,,0.75,4,72,38.24670001631603
warm,,,0.75,4,73,35.654300008900464
warm,,,0.75,4,74,32.379399985075
warm,,,0.75,4,75,40.12489999877289
warm,,,0.75,4,76,37.53199998755008
warm,,,0.75,4,77,30.185599985998124
warm,,,0.75,4,78,28.634399990551174
warm,,,0.75,4,79,29.03660002630204
warm,,,0.75,4,80,33.833299996331334
warm,,,0.75,4,81,31.598700035829097
warm,,,0.75,4,82,27.978799946140498
warm,,,0.75,4,83,30.240299995057285
warm,,,0.75,4,84,29.284300049766898
warm,,,0.75,4,85,28.601599973626435
warm,,,0.75,4,86,30.092300032265484
warm,,,0.75,4,87,28.99489999981597
warm,,,0.75,4,88,37.99310000613332
warm,,,0.75,4,89,28.820500010624528
warm,,,0.75,4,90,31.125100038480014
warm,,,0.75,4,91,27.86759997252375
warm,,,0.75,4,92,36.33069997886196
warm,,,0.75,4,93,27.996900025755167
warm,,,0.75,4,94,29.712799994740635
warm,,,0.75,4,95,28.44820002792403
warm,,,0.75,4,96,29.76679999846965
warm,,,0.75,4,97,29.14920001057908
warm,,,0.75,4,98,39.42119999555871
warm,,,0.75,4,99,31.444499967619777
warm,,,0.75,4,100,27.978900005109608
warm,,,0.75,4,101,28.948900057002902
warm,,,0.75,4,102,31.75389999523759
warm,,,0.75,4,103,28.385699959471822
warm,,,0.75,4,104,29.743499995674938
warm,,,0.75,4,105,28.31759996479377
warm,,,0.75,4,106,33.410699979867786
warm,,,0.75,4,107,29.490599990822375
warm,,,0.75,4,108,32.32580004259944
warm,,,0.75,4,109,36.78929997840896
warm,,,0.75,4,110,28.42030004831031
warm,,,0.75,4,111,29.25560000585392
warm,,,0.75,4,112,29.115599987562746
warm,,,0.75,4,113,27.81979995779693
warm,,,0.75,4,114,29.014700034167618
warm,,,0.75,4,115,43.20309998001903
warm,,,0.75,4,116,31.617800006642938
warm,,,0.75,4,117,27.296700049191713
warm,,,0.75,4,118,28.98190001724288
warm,,,0.75,4,119,29.6422999817878
warm,,,0.75,4,120,27.951299969572574
warm,,,0.75,4,121,30.107099970337003
warm,,,0.75,4,122,29.92709999671206
warm,,,0.75,4,123,36.20939998654649
warm,,,0.75,4,124,45.9625999792479
warm,,,0.75,4,125,42.244200012646616
warm,,,0.75,4,126,29.869700025301427
warm,,,0.75,4,127,28.027200023643672
warm,,,0.75,4,128,29.948699986562133
warm,,,0.75,4,129,27.94910001102835
warm,,,0.75,4,130,33.006500045303255
warm,,,0.75,4,131,29.241800017189234
warm,,,0.75,4,132,29.475700051989406
warm,,,0.75,4,133,27.23210002295673
warm,,,0.75,4,134,28.684400022029877
warm,,,0.75,4,135,34.508700016885996
warm,,,0.75,4,136,37.86860004765913
warm,,,0.75,4,137,28.520299994852394
warm,,,0.75,4,138,38.81820000242442
warm,,,0.75,4,139,28.738100023474544
warm,,,0.75,4,140,28.54150003986433
warm,,,0.75,4,141,29.2277000262402
warm,,,0.75,4,142,33.50479999789968
warm,,,0.75,4,143,46.764800033997744
warm,,,0.75,4,144,31.50050004478544
warm,,,0.75,4,145,30.214000027626753
warm,,,0.75,4,146,33.61799998674542
warm,,,0.75,4,147,36.99220000999048
warm,,,0.75,4,148,28.262299951165915
warm,,,0.75,4,149,29.22339999349788
warm,,,0.75,4,150,32.07619994645938
warm,,,0.75,4,151,28.626399987842888
warm,,,0.75,4,152,36.15519998129457
warm,,,0.75,4,153,34.03989999787882
warm,,,0.75,4,154,28.050099965184927
warm,,,0.75,4,155,28.259599988814443
warm,,,0.75,4,156,29.715999960899353
warm,,,0.75,4,157,29.08700000261888
warm,,,0.75,4,158,27.92239998234436
warm,,,0.75,4,159,28.319999983068556
warm,,,0.75,4,160,45.598400000017136
warm,,,0.75,4,161,42.549499950837344
warm,,,0.75,4,162,38.35770004661754
warm,,,0.75,4,163,29.49879999505356
warm,,,0.75,4,164,27.745399973355234
warm,,,0.75,4,165,29.528799990657717
warm,,,0.75,4,166,29.123299987986684
warm,,,0.75,4,167,29.669900017324835
warm,,,0.75,4,168,27.39910001400858
warm,,,0.75,4,169,29.319200024474412
warm,,,0.75,4,170,33.9918999816291
warm,,,0.75,4,171,28.654000023379922
warm,,,0.75,4,172,29.63820000877604
warm,,,0.75,4,173,30.065700004342943
warm,,,0.75,4,174,32.81139995669946
warm,,,0.75,4,175,31.439299986232072
warm,,,0.75,4,176,28.998700028751045
warm,,,0.75,4,177,27.617899992037565
warm,,,0.75,4,178,27.16539998073131
warm,,,0.75,4,179,32.70540002267808
warm,,,0.75,4,180,124.30690001929179
warm,,,0.75,4,181,48.54129999876022
warm,,,0.75,4,182,28.8911999668926
warm,,,0.75,4,183,34.41799996653572
warm,,,0.75,4,184,30.15949996188283
warm,,,0.75,4,185,36.583100038114935
warm,,,0.75,4,186,29.840500035788864
warm,,,0.75,4,187,38.258700049482286
warm,,,0.75,4,188,27.969299990218133
warm,,,0.75,4,189,31.20679996209219
warm,,,0.75,4,190,27.979600010439754
warm,,,0.75,4,191,29.27669999189675
warm,,,0.75,4,192,30.366000020876527
warm,,,0.75,4,193,36.28360002767295
warm,,,0.75,4,194,28.530900017358363
warm,,,0.75,4,195,29.528999992180616
warm,,,0.75,4,196,29.26749998005107
warm,,,0.75,4,197,30.70780000416562
warm,,,0.75,4,198,34.67519994592294
warm,,,0.75,4,199,27.867799974046648
warm,,,0.75,8,0,36.174199951346964
warm,,,0.75,8,1,34.43709999555722
warm,,,0.75,8,2,27.014799998141825
warm,,,0.75,8,3,28.742599999532104
warm,,,0.75,8,4,31.933899968862534
warm,,,0.75,8,5,32.40530000766739
warm,,,0.75,8,6,42.63119999086484
warm,,,0.75,8,7,41.69189999811351
warm,,,0.75,8,8,29.683400003705174
warm,,,0.75,8,9,30.102299991995096
warm,,,0.75,8,10,33.59720000298694
warm,,,0.75,8,11,35.82639998057857
warm,,,0.75,8,12,29.596900043543428
warm,,,0.75,8,13,35.83660000003874
warm,,,0.75,8,14,38.666200009174645
warm,,,0.75,8,15,32.07290003774688
warm,,,0.75,8,16,43.64329995587468
warm,,,0.75,8,17,30.106399965006858
warm,,,0.75,8,18,28.896699950564653
warm,,,0.75,8,19,29.313999984879047
warm,,,0.75,8,20,31.19819995481521
warm,,,0.75,8,21,30.540000007022172
warm,,,0.75,8,22,29.28999997675419
warm,,,0.75,8,23,27.428000001236796
warm,,,0.75,8,24,29.533800028730184
warm,,,0.75,8,25,41.77420004270971
warm,,,0.75,8,26,29.13859998807311
warm,,,0.75,8,27,28.23629998601973
warm,,,0.75,8,28,30.419799964874983
warm,,,0.75,8,29,29.308400000445545
warm,,,0.75,8,30,29.32370000053197
warm,,,0.75,8,31,30.586499953642488
warm,,,0.75,8,32,33.013899985235184
warm,,,0.75,8,33,33.09730003820732
warm,,,0.75,8,34,29.606399999465793
warm,,,0.75,8,35,28.049400018062443
warm,,,0.75,8,36,30.510300013702363
warm,,,0.75,8,37,28.09430001070723
warm,,,0.75,8,38,31.28420002758503
warm,,,0.75,8,39,30.3313999902457
warm,,,0.75,8,40,31.18059999542311
warm,,,0.75,8,41,28.405900055076927
warm,,,0.75,8,42,29.521799995563924
warm,,,0.75,8,43,28.92810001503676
warm,,,0.75,8,44,30.25449998676777
warm,,,0.75,8,45,30.3431999636814
warm,,,0.75,8,46,34.01339997071773
warm,,,0.75,8,47,28.61750003648922
warm,,,0.75,8,48,29.123000043909997
warm,,,0.75,8,49,29.41419999115169
warm,,,0.75,8,50,35.32409999752417
warm,,,0.75,8,51,35.46510002342984
warm,,,0.75,8,52,31.36719996109605
warm,,,0.75,8,53,33.47970003960654
warm,,,0.75,8,54,30.052200017962605
warm,,,0.75,8,55,27.133299969136715
warm,,,0.75,8,56,29.85300001455471
warm,,,0.75,8,57,29.355899954680353
warm,,,0.75,8,58,35.12870002305135
warm,,,0.75,8,59,32.83400001237169
warm,,,0.75,8,60,37.10700001101941
warm,,,0.75,8,61,47.44880000362173
warm,,,0.75,8,62,30.600199999753386
warm,,,0.75,8,63,28.89120002510026
warm,,,0.75,8,64,28.345800004899502
warm,,,0.75,8,65,29.546500009018928
warm,,,0.75,8,66,29.793199966661632
warm,,,0.75,8,67,28.94310001283884
warm,,,0.75,8,68,28.9356000139378
warm,,,0.75,8,69,28.83039996959269
warm,,,0.75,8,70,28.662200027611107
warm,,,0.75,8,71,29.924499976914376
warm,,,0.75,8,72,29.431300004944205
warm,,,0.75,8,73,33.0367999849841
warm,,,0.75,8,74,30.10619996348396
warm,,,0.75,8,75,29.27800000179559
warm,,,0.75,8,76,30.198400025255978
warm,,,0.75,8,77,30.45459999702871
warm,,,0.75,8,78,27.79919997556135
warm,,,0.75,8,79,29.21010000864044
warm,,,0.75,8,80,38.126799976453185
warm,,,0.75,8,81,31.95540001615882
warm,,,0.75,8,82,34.17810000246391
warm,,,0.75,8,83,29.211799963377416
warm,,,0.75,8,84,27.521200012415648
warm,,,0.75,8,85,43.097499990835786
warm,,,0.75,8,86,47.317300050053746
warm,,,0.75,8,87,34.706000005826354
warm,,,0.75,8,88,36.05450002942234
warm,,,0.75,8,89,28.99189997697249
warm,,,0.75,8,90,28.745300020091236
warm,,,0.75,8,91,27.83470001304522
warm,,,0.75,8,92,28.16240000538528
warm,,,0.75,8,93,29.55530001781881
warm,,,0.75,8,94,35.59839999070391
warm,,,0.75,8,95,30.73009999934584
warm,,,0.75,8,96,29.188299959059805
warm,,,0.75,8,97,28.890800022054464
warm,,,0.75,8,98,28.518699982669204
warm,,,0.75,8,99,31.26170003088191
warm,,,0.75,8,100,29.96680000796914
warm,,,0.75,8,101,28.942900011315942
warm,,,0.75,8,102,29.970099974889308
warm,,,0.75,8,103,28.838700032792985
warm,,,0.75,8,104,30.888899986166507
warm,,,0.75,8,105,30.49129998544231
warm,,,0.75,8,106,30.656799965072423
warm,,,0.75,8,107,30.32570000505075
warm,,,0.75,8,108,35.96339997602627
warm,,,0.75,8,109,31.774799979757518
warm,,,0.75,8,110,32.72899996954948
warm,,,0.75,8,111,26.599699980579317
warm,,,0.75,8,112,49.591400020290166
warm,,,0.75,8,113,31.9329000194557
warm,,,0.75,8,114,29.81109998654574
warm,,,0.75,8,115,30.693699955008924
warm,,,0.75,8,116,30.0392999779433
warm,,,0.75,8,117,36.49460000451654
warm,,,0.75,8,118,31.037200009450316
warm,,,0.75,8,119,29.804499994497746
warm,,,0.75,8,120,30.642100027762353
warm,,,0.75,8,121,30.74050002032891
warm,,,0.75,8,122,28.3948999713175
warm,,,0.75,8,123,29.71489995252341
warm,,,0.75,8,124,29.05000001192093
warm,,,0.75,8,125,28.62330002244562
warm,,,0.75,8,126,41.15020000608638
warm,,,0.75,8,127,29.11919995676726
warm,,,0.75,8,128,30.148499994538724
warm,,,0.75,8,129,49.85309997573495
warm,,,0.75,8,130,37.6475999946706
warm,,,0.75,8,131,32.05620002700016
warm,,,0.75,8,132,32.50680002383888
warm,,,0.75,8,133,27.921799977775663
warm,,,0.75,8,134,34.71049998188391
warm,,,0.75,8,135,31.281700008548796
warm,,,0.75,8,136,28.678699978627264
warm,,,0.75,8,137,29.48979998473078
warm,,,0.75,8,138,29.21449998393655
warm,,,0.75,8,139,34.825899987481534
warm,,,0.75,8,140,39.97350001009181
warm,,,0.75,8,141,27.83470001304522
warm,,,0.75,8,142,32.71540004061535
warm,,,0.75,8,143,31.15359996445477
warm,,,0.75,8,144,29.07519997097552
warm,,,0.75,8,145,30.603700026404113
warm,,,0.75,8,146,35.40190000785515
warm,,,0.75,8,147,32.773800019640476
warm,,,0.75,8,148,32.76819997699931
warm,,,0.75,8,149,28.382699994836003
warm,,,0.75,8,150,36.99729999061674
warm,,,0.75,8,151,31.891799997538328
warm,,,0.75,8,152,29.590999998617917
warm,,,0.75,8,153,29.120300023350865
warm,,,0.75,8,154,33.37160003138706
warm,,,0.75,8,155,30.837500002235174
warm,,,0.75,8,156,27.81689999392256
warm,,,0.75,8,157,28.762599977198988
warm,,,0.75,8,158,30.243300017900765
warm,,,0.75,8,159,29.84239999204874
warm,,,0.75,8,160,34.033400006592274
warm,,,0.75,8,161,29.355400009080768
warm,,,0.75,8,162,28.398599999491125
warm,,,0.75,8,163,29.903499991632998
warm,,,0.75,8,164,32.38089999649674
warm,,,0.75,8,165,32.08530001575127
warm,,,0.75,8,166,29.098999977577478
warm,,,0.75,8,167,30.098500021267682
warm,,,0.75,8,168,30.706999998074025
warm,,,0.75,8,169,28.2839999999851
warm,,,0.75,8,170,30.425300006754696
warm,,,0.75,8,171,28.66040001390502
warm,,,0.75,8,172,32.25470002507791
warm,,,0.75,8,173,29.694999975617975
warm,,,0.75,8,174,28.923499980010092
warm,,,0.75,8,175,30.379200004972517
warm,,,0.75,8,176,28.724299976602197
warm,,,0.75,8,177,28.958900016732514
warm,,,0.75,8,178,27.648799994494766
warm,,,0.75,8,179,29.775300004985183
warm,,,0.75,8,180,30.185299983713776
warm,,,0.75,8,181,32.431599975097924
warm,,,0.75,8,182,30.03039996838197
warm,,,0.75,8,183,29.616400017403066
warm,,,0.75,8,184,43.81279996596277
warm,,,0.75,8,185,29.864300042390823
warm,,,0.75,8,186,28.485899965744466
warm,,,0.75,8,187,35.04859999520704
warm,,,0.75,8,188,45.725899981334805
warm,,,0.75,8,189,53.55429998598993
warm,,,0.75,8,190,43.93109999364242
warm,,,0.75,8,191,37.95119997812435
warm,,,0.75,8,192,30.250899959355593
warm,,,0.75,8,193,28.31349999178201
warm,,,0.75,8,194,30.392599990591407
warm,,,0.75,8,195,29.859200003556907
warm,,,0.75,8,196,27.65720000024885
warm,,,0.75,8,197,30.8350000414066
warm,,,0.75,8,198,39.52599997865036
warm,,,0.75,8,199,35.37510003661737
warm,,,0.75,16,0,28.988400008529425
warm,,,0.75,16,1,30.20860004471615
warm,,,0.75,16,2,30.483599985018373
warm,,,0.75,16,3,28.16520002670586
warm,,,0.75,16,4,29.551599989645183
warm,,,0.75,16,5,34.89300003275275
warm,,,0.75,16,6,30.17139999428764
warm,,,0.75,16,7,30.695000023115426
warm,,,0.75,16,8,31.176999968010932
warm,,,0.75,16,9,29.557299974840134
warm,,,0.75,16,10,32.4358000070788
warm,,,0.75,16,11,34.23360001761466
warm,,,0.75,16,12,32.16090000933036
warm,,,0.75,16,13,32.35689998837188
warm,,,0.75,16,14,27.05390000483021
warm,,,0.75,16,15,29.229900042992085
warm,,,0.75,16,16,31.437700032256544
warm,,,0.75,16,17,28.59030000399798
warm,,,0.75,16,18,38.48059999290854
warm,,,0.75,16,19,28.841499995905906
warm,,,0.75,16,20,30.593200004659593
warm,,,0.75,16,21,28.676000016275793
warm,,,0.75,16,22,31.033099978230894
warm,,,0.75,16,23,32.96159999445081
warm,,,0.75,16,24,32.1062000002712
warm,,,0.75,16,25,28.91059999819845
warm,,,0.75,16,26,28.075399983208627
warm,,,0.75,16,27,41.842499980702996
warm,,,0.75,16,28,31.462499988265336
warm,,,0.75,16,29,29.942199995275587
warm,,,0.75,16,30,28.563199972268194
warm,,,0.75,16,31,29.635899991262704
warm,,,0.75,16,32,30.22180002881214
warm,,,0.75,16,33,29.760299948975444
warm,,,0.75,16,34,40.91320000588894
warm,,,0.75,16,35,35.16849997686222
warm,,,0.75,16,36,35.40480002993718
warm,,,0.75,16,37,31.240200041793287
warm,,,0.75,16,38,32.532600045669824
warm,,,0.75,16,39,27.336800005286932
warm,,,0.75,16,40,31.522299977950752
warm,,,0.75,16,41,27.923299989197403
warm,,,0.75,16,42,29.205899976659566
warm,,,0.75,16,43,28.309299959801137
warm,,,0.75,16,44,29.84249999281019
warm,,,0.75,16,45,35.95709998626262
warm,,,0.75,16,46,30.4615999921225
warm,,,0.75,16,47,29.13130004890263
warm,,,0.75,16,48,42.16389998327941
warm,,,0.75,16,49,41.54720000224188
warm,,,0.75,16,50,36.321999970823526
warm,,,0.75,16,51,31.266900012269616
warm,,,0.75,16,52,38.49489998538047
warm,,,0.75,16,53,33.90239999862388
warm,,,0.75,16,54,29.726299981120974
warm,,,0.75,16,55,29.339700005948544
warm,,,0.75,16,56,33.49200001684949
warm,,,0.75,16,57,31.234599999152124
warm,,,0.75,16,58,34.1908999835141
warm,,,0.75,16,59,28.072499961126596
warm,,,0.75,16,60,29.613999999128282
warm,,,0.75,16,61,36.811099969781935
warm,,,0.75,16,62,31.86629997799173
warm,,,0.75,16,63,27.527099999133497
warm,,,0.75,16,64,30.376599985174835
warm,,,0.75,16,65,35.317700006999075
warm,,,0.75,16,66,31.259700015652925
warm,,,0.75,16,67,27.279100031591952
warm,,,0.75,16,68,30.88990005198866
warm,,,0.75,16,69,30.625599960330874
warm,,,0.75,16,70,32.05570002319291
warm,,,0.75,16,71,28.31040002638474
warm,,,0.75,16,72,31.455599993932992
warm,,,0.75,16,73,30.568900052458048
warm,,,0.75,16,74,29.96249997522682
warm,,,0.75,16,75,29.402100015431643
warm,,,0.75,16,76,37.086900032591075
warm,,,0.75,16,77,28.721600014250726
warm,,,0.75,16,78,32.93639997718856
warm,,,0.75,16,79,28.33699999609962
warm,,,0.75,16,80,32.16020000400022
warm,,,0.75,16,81,30.34480003407225
warm,,,0.75,16,82,28.460500005166978
warm,,,0.75,16,83,29.891100013628602
warm,,,0.75,16,84,28.85439997771755
warm,,,0.75,16,85,30.7092999573797
warm,,,0.75,16,86,28.363299963530153
warm,,,0.75,16,87,29.955799982417375
warm,,,0.75,16,88,43.16240001935512
warm,,,0.75,16,89,38.525499985553324
warm,,,0.75,16,90,29.18930002488196
warm,,,0.75,16,91,27.697800018358976
warm,,,0.75,16,92,29.99479998834431
warm,,,0.75,16,93,28.305700048804283
warm,,,0.75,16,94,36.719400028232485
warm,,,0.75,16,95,39.01319997385144
warm,,,0.75,16,96,30.4558000061661
warm,,,0.75,16,97,28.484300011768937
warm,,,0.75,16,98,29.269399994518608
warm,,,0.75,16,99,29.242200020235032
warm,,,0.75,16,100,30.699299997650087
warm,,,0.75,16,101,31.966099981218576
warm,,,0.75,16,102,36.34669998427853
warm,,,0.75,16,103,31.729599984828383
warm,,,0.75,16,104,32.615400035865605
warm,,,0.75,16,105,28.543399996124208
warm,,,0.75,16,106,31.34630003478378
warm,,,0.75,16,107,30.466899974271655
warm,,,0.75,16,108,28.753200022038072
warm,,,0.75,16,109,31.116099969949573
warm,,,0.75,16,110,29.489000036846846
warm,,,0.75,16,111,29.98320001643151
warm,,,0.75,16,112,31.14460001233965
warm,,,0.75,16,113,41.893300018273294
warm,,,0.75,16,114,29.025099996943027
warm,,,0.75,16,115,27.9609999852255
warm,,,0.75,16,116,32.63969998806715
warm,,,0.75,16,117,47.271199990063906
warm,,,0.75,16,118,36.14979999838397
warm,,,0.75,16,119,31.69299999717623
warm,,,0.75,16,120,29.56100000301376
warm,,,0.75,16,121,36.67240001959726
warm,,,0.75,16,122,33.18619995843619
warm,,,0.75,16,123,30.59829998528585
warm,,,0.75,16,124,30.206000024918467
warm,,,0.75,16,125,33.400499960407615
warm,,,0.75,16,126,27.4527000146918
warm,,,0.75,16,127,32.05180005170405
warm,,,0.75,16,128,33.77360000740737
warm,,,0.75,16,129,31.302699993830174
warm,,,0.75,16,130,36.79120005108416
warm,,,0.75,16,131,28.915699978824705
warm,,,0.75,16,132,33.17440004320815
warm,,,0.75,16,133,30.592600000090897
warm,,,0.75,16,134,31.041500042192638
warm,,,0.75,16,135,31.11199999693781
warm,,,0.75,16,136,39.50270003406331
warm,,,0.75,16,137,65.78250002348796
warm,,,0.75,16,138,71.62110001081601
warm,,,0.75,16,139,31.483200029470026
warm,,,0.75,16,140,29.257899965159595
warm,,,0.75,16,141,34.855399979278445
warm,,,0.75,16,142,50.341400026809424
warm,,,0.75,16,143,30.895299976691604
warm,,,0.75,16,144,29.02450005058199
warm,,,0.75,16,145,43.672400002833456
warm,,,0.75,16,146,28.701099974568933
warm,,,0.75,16,147,28.834400000050664
warm,,,0.75,16,148,53.65509999683127
warm,,,0.75,16,149,34.12600001320243
warm,,,0.75,16,150,41.65829997509718
warm,,,0.75,16,151,42.580700013786554
warm,,,0.75,16,152,37.64150000642985
warm,,,0.75,16,153,29.82180000981316
warm,,,0.75,16,154,32.133899978362024
warm,,,0.75,16,155,36.19230003096163
warm,,,0.75,16,156,28.093600005377084
warm,,,0.75,16,157,27.799000032246113
warm,,,0.75,16,158,35.92689998913556
warm,,,0.75,16,159,42.51579998526722
warm,,,0.75,16,160,31.022300012409687
warm,,,0.75,16,161,40.59990000678226
warm,,,0.75,16,162,32.990299980156124
warm,,,0.75,16,163,37.86089998902753
warm,,,0.75,16,164,39.53489998821169
warm,,,0.75,16,165,29.336399980820715
warm,,,0.75,16,166,28.235999983735383
warm,,,0.75,16,167,29.460699995979667
warm,,,0.75,16,168,31.660899985581636
warm,,,0.75,16,169,28.53879996109754
warm,,,0.75,16,170,29.878699977416545
warm,,,0.75,16,171,41.567099979147315
warm,,,0.75,16,172,30.79229994909838
warm,,,0.75,16,173,29.360299988184124
warm,,,0.75,16,174,30.225599999539554
warm,,,0.75,16,175,43.844500032719225
warm,,,0.75,16,176,48.37690002750605
warm,,,0.75,16,177,27.721400023438036
warm,,,0.75,16,178,29.047199990600348
warm,,,0.75,16,179,30.159300018567592
warm,,,0.75,16,180,33.79069996299222
warm,,,0.75,16,181,36.45229997346178
warm,,,0.75,16,182,37.78800001600757
warm,,,0.75,16,183,31.688099959865212
warm,,,0.75,16,184,28.884599974844605
warm,,,0.75,16,185,30.905999999959022
warm,,,0.75,16,186,30.930600012652576
warm,,,0.75,16,187,30.127800011541694
warm,,,0.75,16,188,29.84530001413077
warm,,,0.75,16,189,31.384199974127114
warm,,,0.75,16,190,31.792699999641627
warm,,,0.75,16,191,35.80890002194792
warm,,,0.75,16,192,29.40270002000034
warm,,,0.75,16,193,31.535600021015853
warm,,,0.75,16,194,29.10899999551475
warm,,,0.75,16,195,37.55109995836392
warm,,,0.75,16,196,41.65880003711209
warm,,,0.75,16,197,34.259800042491406
warm,,,0.75,16,198,33.107299997936934
warm,,,0.75,16,199,35.73669999605045
warm,,,0.75,32,0,9.682499978225678
warm,,,0.75,32,1,11.906400031875819
warm,,,0.75,32,2,11.571600043680519
warm,,,0.75,32,3,10.085800022352487
warm,,,0.75,32,4,10.199900018051267
warm,,,0.75,32,5,12.780099990777671
warm,,,0.75,32,6,10.149599984288216
warm,,,0.75,32,7,10.22449997253716
warm,,,0.75,32,8,11.162600014358759
warm,,,0.75,32,9,11.537600017618388
warm,,,0.75,32,10,11.42160000745207
warm,,,0.75,32,11,10.165399988181889
warm,,,0.75,32,12,11.52689999435097
warm,,,0.75,32,13,11.204899987205863
warm,,,0.75,32,14,11.280499980784953
warm,,,0.75,32,15,10.845899989362806
warm,,,0.75,32,16,10.616699990350753
warm,,,0.75,32,17,10.863900010008365
warm,,,0.75,32,18,11.142000032123178
warm,,,0.75,32,19,10.32229996053502
warm,,,0.75,32,20,11.411499988753349
warm,,,0.75,32,21,11.647299979813397
warm,,,0.75,32,22,17.06519996514544
warm,,,0.75,32,23,13.260499981697649
warm,,,0.75,32,24,10.158599994610995
warm,,,0.75,32,25,12.440200021956116
warm,,,0.75,32,26,12.564499978907406
warm,,,0.75,32,27,12.282899988349527
warm,,,0.75,32,28,12.27080001262948
warm,,,0.75,32,29,9.891900001093745
warm,,,0.75,32,30,9.893499955069274
warm,,,0.75,32,31,13.141700008418411
warm,,,0.75,32,32,12.510099972132593
warm,,,0.75,32,33,11.194099963176996
warm,,,0.75,32,34,10.978399950545281
warm,,,0.75,32,35,12.189999979455024
warm,,,0.75,32,36,12.47060002060607
warm,,,0.75,32,37,11.88529998762533
warm,,,0.75,32,38,10.828100028447807
warm,,,0.75,32,39,15.62939997529611
warm,,,0.75,32,40,12.34459999250248
warm,,,0.75,32,41,14.471000002231449
warm,,,0.75,32,42,18.17479997407645
warm,,,0.75,32,43,13.921000005211681
warm,,,0.75,32,44,13.883600011467934
warm,,,0.75,32,45,11.157499975524843
warm,,,0.75,32,46,10.062500019557774
warm,,,0.75,32,47,12.970999989192933
warm,,,0.75,32,48,15.725200006272644
warm,,,0.75,32,49,17.504399991594255
warm,,,0.75,32,50,10.967999987769872
warm,,,0.75,32,51,11.828400020021945
warm,,,0.75,32,52,9.444499970413744
warm,,,0.75,32,53,9.810800023842603
warm,,,0.75,32,54,10.35940001020208
warm,,,0.75,32,55,12.889200006611645
warm,,,0.75,32,56,12.634000042453408
warm,,,0.75,32,57,11.533799988683313
warm,,,0.75,32,58,9.910199965815991
warm,,,0.75,32,59,10.512099950574338
warm,,,0.75,32,60,9.818100021220744
warm,,,0.75,32,61,13.378700008615851
warm,,,0.75,32,62,16.298100003041327
warm,,,0.75,32,63,10.153100010938942
warm,,,0.75,32,64,10.460799967404455
warm,,,0.75,32,65,9.713899984490126
warm,,,0.75,32,66,11.971100000664592
warm,,,0.75,32,67,11.055200011469424
warm,,,0.75,32,68,9.79340000776574
warm,,,0.75,32,69,10.720000020228326
warm,,,0.75,32,70,10.588000004645437
warm,,,0.75,32,71,10.914199985563755
warm,,,0.75,32,72,12.150100024882704
warm,,,0.75,32,73,10.412500007078052
warm,,,0.75,32,74,10.494699992705137
warm,,,0.75,32,75,11.674400011543185
warm,,,0.75,32,76,10.454699979163706
warm,,,0.75,32,77,12.113399978261441
warm,,,0.75,32,78,12.991599971428514
warm,,,0.75,32,79,11.632600042503327
warm,,,0.75,32,80,10.763099999167025
warm,,,0.75,32,81,13.233899953775108
warm,,,0.75,32,82,9.870100009720773
warm,,,0.75,32,83,10.154000017791986
warm,,,0.75,32,84,11.318300035782158
warm,,,0.75,32,85,10.788100014906377
warm,,,0.75,32,86,10.579399997368455
warm,,,0.75,32,87,12.360299995634705
warm,,,0.75,32,88,11.744399962481111
warm,,,0.75,32,89,9.472800011280924
warm,,,0.75,32,90,10.812600026838481
warm,,,0.75,32,91,10.053300007712096
warm,,,0.75,32,92,12.401500018313527
warm,,,0.75,32,93,12.727299996186048
warm,,,0.75,32,94,16.31669997004792
warm,,,0.75,32,95,22.19580003293231
warm,,,0.75,32,96,15.457100002095103
warm,,,0.75,32,97,11.369399959221482
warm,,,0.75,32,98,11.616399977356195
warm,,,0.75,32,99,12.43960001738742
warm,,,0.75,32,100,12.545800011139363
warm,,,0.75,32,101,12.41129997652024
warm,,,0.75,32,102,10.614999977406114
warm,,,0.75,32,103,12.006300035864115
warm,,,0.75,32,104,9.647099999710917
warm,,,0.75,32,105,12.63499999186024
warm,,,0.75,32,106,11.378000024706125
warm,,,0.75,32,107,12.027500022668391
warm,,,0.75,32,108,11.115300003439188
warm,,,0.75,32,109,11.501499975565821
warm,,,0.75,32,110,12.617699976544827
warm,,,0.75,32,111,13.378600007854402
warm,,,0.75,32,112,9.984000003896654
warm,,,0.75,32,113,10.952899989206344
warm,,,0.75,32,114,12.902700051199645
warm,,,0.75,32,115,11.134600033983588
warm,,,0.75,32,116,11.935400019865483
warm,,,0.75,32,117,12.991700030397624
warm,,,0.75,32,118,14.606199983973056
warm,,,0.75,32,119,15.319899946916848
warm,,,0.75,32,120,12.179000012110919
warm,,,0.75,32,121,10.465400002431124
warm,,,0.75,32,122,11.073899979237467
warm,,,0.75,32,123,10.327600000891834
warm,,,0.75,32,124,12.573599989991635
warm,,,0.75,32,125,13.363200007006526
warm,,,0.75,32,126,10.295299987774342
warm,,,0.75,32,127,12.334599974565208
warm,,,0.75,32,128,10.994399955961853
warm,,,0.75,32,129,10.183400008827448
warm,,,0.75,32,130,10.392399970442057
warm,,,0.75,32,131,12.324099952820688
warm,,,0.75,32,132,9.633600013330579
warm,,,0.75,32,133,10.598499968182296
warm,,,0.75,32,134,11.912000016309321
warm,,,0.75,32,135,11.534999997820705
warm,,,0.75,32,136,10.529000021051615
warm,,,0.75,32,137,11.671799991745502
warm,,,0.75,32,138,10.079099971335381
warm,,,0.75,32,139,11.609299981500953
warm,,,0.75,32,140,10.807199985720217
warm,,,0.75,32,141,10.89129998581484
warm,,,0.75,32,142,10.033599974121898
warm,,,0.75,32,143,13.36260000243783
warm,,,0.75,32,144,14.010299986694008
warm,,,0.75,32,145,13.360299984924495
warm,,,0.75,32,146,10.709299996960908
warm,,,0.75,32,147,11.059599986765534
warm,,,0.75,32,148,12.021999980788678
warm,,,0.75,32,149,12.002899951767176
warm,,,0.75,32,150,12.273799977265298
warm,,,0.75,32,151,11.765600007493049
warm,,,0.75,32,152,10.36529999691993
warm,,,0.75,32,153,9.832200012169778
warm,,,0.75,32,154,11.789300013333559
warm,,,0.75,32,155,9.705200034659356
warm,,,0.75,32,156,9.83789999736473
warm,,,0.75,32,157,11.256699974182993
warm,,,0.75,32,158,13.174300023820251
warm,,,0.75,32,159,12.254800007212907
warm,,,0.75,32,160,10.99799998337403
warm,,,0.75,32,161,10.370800038799644
warm,,,0.75,32,162,10.133699979633093
warm,,,0.75,32,163,12.527699989732355
warm,,,0.75,32,164,12.359000043943524
warm,,,0.75,32,165,12.900599977001548
warm,,,0.75,32,166,13.237799983471632
warm,,,0.75,32,167,9.592399990651757
warm,,,0.75,32,168,11.198899999726564
warm,,,0.75,32,169,10.383600019849837
warm,,,0.75,32,170,9.660599986091256
warm,,,0.75,32,171,9.950699983164668
warm,,,0.75,32,172,13.146399985998869
warm,,,0.75,32,173,10.250599996652454
warm,,,0.75,32,174,9.37409995822236
warm,,,0.75,32,175,10.113700001966208
warm,,,0.75,32,176,10.728399967774749
warm,,,0.75,32,177,10.055999970063567
warm,,,0.75,32,178,11.712800012901425
warm,,,0.75,32,179,10.110099974554032
warm,,,0.75,32,180,9.541100007481873
warm,,,0.75,32,181,9.834600030444562
warm,,,0.75,32,182,12.141600018367171
warm,,,0.75,32,183,12.471099966205657
warm,,,0.75,32,184,12.846400029957294
warm,,,0.75,32,185,9.880700032226741
warm,,,0.75,32,186,11.711700004525483
warm,,,0.75,32,187,17.366699990816414
warm,,,0.75,32,188,11.423299962189049
warm,,,0.75,32,189,13.105400023050606
warm,,,0.75,32,190,12.509900028817356
warm,,,0.75,32,191,12.369800009764731
warm,,,0.75,32,192,10.632399993482977
warm,,,0.75,32,193,10.791400040034205
warm,,,0.75,32,194,12.01150001725182
warm,,,0.75,32,195,12.603200040757656
warm,,,0.75,32,196,9.630800050217658
warm,,,0.75,32,197,10.247399972286075
warm,,,0.75,32,198,10.815899993758649
warm,,,0.75,32,199,9.635900030843914
warm,,,1.0,4,0,33.80179998930544
warm,,,1.0,4,1,40.2536999899894
warm,,,1.0,4,2,31.092399964109063
warm,,,1.0,4,3,39.2922000028193
warm,,,1.0,4,4,33.314500004053116
warm,,,1.0,4,5,32.83659997396171
warm,,,1.0,4,6,38.17799995886162
warm,,,1.0,4,7,35.54029995575547
warm,,,1.0,4,8,37.186200032010674
warm,,,1.0,4,9,34.07789999619126
warm,,,1.0,4,10,40.61260004527867
warm,,,1.0,4,11,40.14380002627149
warm,,,1.0,4,12,38.80620002746582
warm,,,1.0,4,13,40.96090001985431
warm,,,1.0,4,14,33.028799982275814
warm,,,1.0,4,15,44.60859997197986
warm,,,1.0,4,16,36.37350001372397
warm,,,1.0,4,17,42.334800004027784
warm,,,1.0,4,18,34.96740001719445
warm,,,1.0,4,19,34.45909998845309
warm,,,1.0,4,20,51.66330002248287
warm,,,1.0,4,21,45.0064999749884
warm,,,1.0,4,22,34.1055000317283
warm,,,1.0,4,23,31.66480001527816
warm,,,1.0,4,24,32.114400004502386
warm,,,1.0,4,25,33.667100011371076
warm,,,1.0,4,26,40.63000000314787
warm,,,1.0,4,27,34.818499989341944
warm,,,1.0,4,28,32.010800030548126
warm,,,1.0,4,29,44.094799959566444
warm,,,1.0,4,30,36.00910003297031
warm,,,1.0,4,31,32.04720001667738
warm,,,1.0,4,32,38.937400036957115
warm,,,1.0,4,33,38.27109996927902
warm,,,1.0,4,34,31.66029998101294
warm,,,1.0,4,35,39.66410004068166
warm,,,1.0,4,36,32.83530002227053
warm,,,1.0,4,37,32.72389998892322
warm,,,1.0,4,38,34.72990001318976
warm,,,1.0,4,39,33.585700031835586
warm,,,1.0,4,40,37.18700003810227
warm,,,1.0,4,41,34.37350003514439
warm,,,1.0,4,42,39.88030005712062
warm,,,1.0,4,43,30.95960000064224
warm,,,1.0,4,44,36.62999998778105
warm,,,1.0,4,45,43.54679997777566
warm,,,1.0,4,46,38.1494999746792
warm,,,1.0,4,47,34.10309995524585
warm,,,1.0,4,48,44.40950002754107
warm,,,1.0,4,49,36.7367000435479
warm,,,1.0,4,50,36.083700018934906
warm,,,1.0,4,51,29.90030002547428
warm,,,1.0,4,52,33.11060002306476
warm,,,1.0,4,53,33.3538000122644
warm,,,1.0,4,54,31.16120002232492
warm,,,1.0,4,55,38.47299999324605
warm,,,1.0,4,56,35.890799947082996
warm,,,1.0,4,57,37.67700004391372
warm,,,1.0,4,58,32.63540001353249
warm,,,1.0,4,59,36.26780002377927
warm,,,1.0,4,60,37.27420000359416
warm,,,1.0,4,61,32.384100020863116
warm,,,1.0,4,62,33.18309999303892
warm,,,1.0,4,63,32.1062000002712
warm,,,1.0,4,64,37.27989998878911
warm,,,1.0,4,65,31.060699955560267
warm,,,1.0,4,66,33.081899979151785
warm,,,1.0,4,67,32.1508000488393
warm,,,1.0,4,68,33.78209995571524
warm,,,1.0,4,69,37.62279998045415
warm,,,1.0,4,70,34.12409999873489
warm,,,1.0,4,71,33.21890003280714
warm,,,1.0,4,72,33.00019999733195
warm,,,1.0,4,73,34.7380000166595
warm,,,1.0,4,74,33.77890004776418
warm,,,1.0,4,75,34.5765000092797
warm,,,1.0,4,76,47.46959998738021
warm,,,1.0,4,77,45.53070000838488
warm,,,1.0,4,78,34.000699990428984
warm,,,1.0,4,79,34.883800020907074
warm,,,1.0,4,80,32.708599988836795
warm,,,1.0,4,81,35.48900003079325
warm,,,1.0,4,82,34.11140001844615
warm,,,1.0,4,83,31.88540000701323
warm,,,1.0,4,84,33.09660003287718
warm,,,1.0,4,85,33.0000999965705
warm,,,1.0,4,86,34.18199997395277
warm,,,1.0,4,87,35.53300001658499
warm,,,1.0,4,88,35.95069999573752
warm,,,1.0,4,89,34.701100026723
warm,,,1.0,4,90,37.160800013225526
warm,,,1.0,4,91,35.70270002819598
warm,,,1.0,4,92,33.19109999574721
warm,,,1.0,4,93,36.458600021433085
warm,,,1.0,4,94,35.82779999123886
warm,,,1.0,4,95,35.17220000503585
warm,,,1.0,4,96,53.166500001680106
warm,,,1.0,4,97,46.17310001049191
warm,,,1.0,4,98,38.909299997612834
warm,,,1.0,4,99,38.9747999724932
warm,,,1.0,4,100,46.87049996573478
warm,,,1.0,4,101,33.283299999311566
warm,,,1.0,4,102,34.8793999874033
warm,,,1.0,4,103,37.03000000678003
warm,,,1.0,4,104,31.289100006688386
warm,,,1.0,4,105,37.5427000108175
warm,,,1.0,4,106,40.49179999856278
warm,,,1.0,4,107,32.31959999538958
warm,,,1.0,4,108,36.47310001542792
warm,,,1.0,4,109,39.363999967463315
warm,,,1.0,4,110,31.998799997381866
warm,,,1.0,4,111,37.15119999833405
warm,,,1.0,4,112,32.53609995590523
warm,,,1.0,4,113,33.20970002096146
warm,,,1.0,4,114,34.15840002708137
warm,,,1.0,4,115,31.739799946080893
warm,,,1.0,4,116,35.80159996636212
warm,,,1.0,4,117,30.670299951452762
warm,,,1.0,4,118,32.855500001460314
warm,,,1.0,4,119,35.46500002266839
warm,,,1.0,4,120,33.97620003670454
warm,,,1.0,4,121,39.43860001163557
warm,,,1.0,4,122,38.99010003078729
warm,,,1.0,4,123,32.79049997217953
warm,,,1.0,4,124,36.56939999200404
warm,,,1.0,4,125,35.477700002957135
warm,,,1.0,4,126,37.45679999701679
warm,,,1.0,4,127,46.00049997679889
warm,,,1.0,4,128,45.961500029079616
warm,,,1.0,4,129,34.78849999373779
warm,,,1.0,4,130,33.35270000388846
warm,,,1.0,4,131,33.29810005379841
warm,,,1.0,4,132,36.48579999571666
warm,,,1.0,4,133,34.83429999323562
warm,,,1.0,4,134,49.58459996851161
warm,,,1.0,4,135,37.317699985578656
warm,,,1.0,4,136,44.183699996210635
warm,,,1.0,4,137,37.77490003267303
warm,,,1.0,4,138,36.94550000363961
warm,,,1.0,4,139,43.68779994547367
warm,,,1.0,4,140,33.39810000034049
warm,,,1.0,4,141,32.41489996435121
warm,,,1.0,4,142,36.8091999553144
warm,,,1.0,4,143,47.60960000567138
warm,,,1.0,4,144,33.95730000920594
warm,,,1.0,4,145,31.44290001364425
warm,,,1.0,4,146,33.18369999760762
warm,,,1.0,4,147,32.326399988960475
warm,,,1.0,4,148,33.44140003900975
warm,,,1.0,4,149,33.94549997756258
warm,,,1.0,4,150,36.46519995527342
warm,,,1.0,4,151,30.834199977107346
warm,,,1.0,4,152,36.58089996315539
warm,,,1.0,4,153,36.20749997207895
warm,,,1.0,4,154,33.79220003262162
warm,,,1.0,4,155,36.13309998763725
warm,,,1.0,4,156,31.674899975769222
warm,,,1.0,4,157,32.66369999619201
warm,,,1.0,4,158,43.1518999976106
warm,,,1.0,4,159,35.37469997536391
warm,,,1.0,4,160,33.090899989474565
warm,,,1.0,4,161,39.57949997857213
warm,,,1.0,4,162,31.87539998907596
warm,,,1.0,4,163,39.40000000875443
warm,,,1.0,4,164,33.82789995521307
warm,,,1.0,4,165,34.34610000113025
warm,,,1.0,4,166,35.205100022722036
warm,,,1.0,4,167,35.652399994432926
warm,,,1.0,4,168,34.09480000846088
warm,,,1.0,4,169,35.03720002481714
warm,,,1.0,4,170,32.11850003572181
warm,,,1.0,4,171,35.08709999732673
warm,,,1.0,4,172,38.19250001106411
warm,,,1.0,4,173,36.04340000310913
warm,,,1.0,4,174,36.09200002392754
warm,,,1.0,4,175,32.87539997836575
warm,,,1.0,4,176,33.56369998073205
warm,,,1.0,4,177,39.498700003605336
warm,,,1.0,4,178,32.49210002832115
warm,,,1.0,4,179,31.432899995706975
warm,,,1.0,4,180,35.481599974446
warm,,,1.0,4,181,37.16780000831932
warm,,,1.0,4,182,30.706999998074025
warm,,,1.0,4,183,33.083499991334975
warm,,,1.0,4,184,38.40499999932945
warm,,,1.0,4,185,45.6531000090763
warm,,,1.0,4,186,44.09690003376454
warm,,,1.0,4,187,32.38930000225082
warm,,,1.0,4,188,32.60320000117645
warm,,,1.0,4,189,32.39840001333505
warm,,,1.0,4,190,38.393600028939545
warm,,,1.0,4,191,33.741199993528426
warm,,,1.0,4,192,32.26939996238798
warm,,,1.0,4,193,35.17909999936819
warm,,,1.0,4,194,39.99150003073737
warm,,,1.0,4,195,33.078899956308305
warm,,,1.0,4,196,32.95859997160733
warm,,,1.0,4,197,44.447300024330616
warm,,,1.0,4,198,40.36530002485961
warm,,,1.0,4,199,39.49940000893548
warm,,,1.0,8,0,32.25270000984892
warm,,,1.0,8,1,33.690900017973036
warm,,,1.0,8,2,33.797500014770776
warm,,,1.0,8,3,37.06440003588796
warm,,,1.0,8,4,32.637700031045824
warm,,,1.0,8,5,35.84919997956604
warm,,,1.0,8,6,31.914300052449107
warm,,,1.0,8,7,33.851200016215444
warm,,,1.0,8,8,34.24120001727715
warm,,,1.0,8,9,32.18529996229336
warm,,,1.0,8,10,33.27050001826137
warm,,,1.0,8,11,33.614000014495105
warm,,,1.0,8,12,34.07430002698675
warm,,,1.0,8,13,36.86819999711588
warm,,,1.0,8,14,32.990299980156124
warm,,,1.0,8,15,35.4524000431411
warm,,,1.0,8,16,50.69429997820407
warm,,,1.0,8,17,33.0796999623999
warm,,,1.0,8,18,32.47490001376718
warm,,,1.0,8,19,34.07389996573329
warm,,,1.0,8,20,33.14339998178184
warm,,,1.0,8,21,32.83430001465604
warm,,,1.0,8,22,30.53879999788478
warm,,,1.0,8,23,34.13450001971796
warm,,,1.0,8,24,36.70210001291707
warm,,,1.0,8,25,42.9839999997057
warm,,,1.0,8,26,37.85050002625212
warm,,,1.0,8,27,36.03100002510473
warm,,,1.0,8,28,85.88450000388548
warm,,,1.0,8,29,69.77629999164492
warm,,,1.0,8,30,37.61619998840615
warm,,,1.0,8,31,39.24650000408292
warm,,,1.0,8,32,36.7600999888964
warm,,,1.0,8,33,31.378199986647815
warm,,,1.0,8,34,41.23560001607984
warm,,,1.0,8,35,37.214400013908744
warm,,,1.0,8,36,45.22709996672347
warm,,,1.0,8,37,47.38470003940165
warm,,,1.0,8,38,36.12579999025911
warm,,,1.0,8,39,34.483499999623746
warm,,,1.0,8,40,36.41679999418557
warm,,,1.0,8,41,35.78780003590509
warm,,,1.0,8,42,32.72290003951639
warm,,,1.0,8,43,33.489499997813255
warm,,,1.0,8,44,53.3210999565199
warm,,,1.0,8,45,34.184099989943206
warm,,,1.0,8,46,32.68140001455322
warm,,,1.0,8,47,31.989899987820536
warm,,,1.0,8,48,35.35600000759587
warm,,,1.0,8,49,33.755899989046156
warm,,,1.0,8,50,38.15770003711805
warm,,,1.0,8,51,38.64199999952689
warm,,,1.0,8,52,31.669799995142967
warm,,,1.0,8,53,34.33890000451356
warm,,,1.0,8,54,33.628900011535734
warm,,,1.0,8,55,39.15399999823421
warm,,,1.0,8,56,38.89539994997904
warm,,,1.0,8,57,36.52710001915693
warm,,,1.0,8,58,35.49360000761226
warm,,,1.0,8,59,44.199900003150105
warm,,,1.0,8,60,33.99389999685809
warm,,,1.0,8,61,35.215299983974546
warm,,,1.0,8,62,34.10609997808933
warm,,,1.0,8,63,35.57299997191876
warm,,,1.0,8,64,31.40119998715818
warm,,,1.0,8,65,35.02849995857105
warm,,,1.0,8,66,55.33639999339357
warm,,,1.0,8,67,30.808899959083647
warm,,,1.0,8,68,40.318099956493825
warm,,,1.0,8,69,30.914300004951656
warm,,,1.0,8,70,33.563299977686256
warm,,,1.0,8,71,35.51979997428134
warm,,,1.0,8,72,36.11590003129095
warm,,,1.0,8,73,34.63720000581816
warm,,,1.0,8,74,34.87549995770678
warm,,,1.0,8,75,37.13820001576096
warm,,,1.0,8,76,32.05719997640699
warm,,,1.0,8,77,40.39909999119118
warm,,,1.0,8,78,31.445999979041517
warm,,,1.0,8,79,33.39039999991655
warm,,,1.0,8,80,38.042700034566224
warm,,,1.0,8,81,39.97209999943152
warm,,,1.0,8,82,39.22719997353852
warm,,,1.0,8,83,33.213899994734675
warm,,,1.0,8,84,40.08739994606003
warm,,,1.0,8,85,31.89609997207299
warm,,,1.0,8,86,43.68080000858754
warm,,,1.0,8,87,31.283599964808673
warm,,,1.0,8,88,35.60010000364855
warm,,,1.0,8,89,36.44339996390045
warm,,,1.0,8,90,37.09519997937605
warm,,,1.0,8,91,35.341300012078136
warm,,,1.0,8,92,37.29780000867322
warm,,,1.0,8,93,33.53749995585531
warm,,,1.0,8,94,34.854100027587265
warm,,,1.0,8,95,38.744800025597215
warm,,,1.0,8,96,32.0188999758102
warm,,,1.0,8,97,48.26589999720454
warm,,,1.0,8,98,38.464699988253415
warm,,,1.0,8,99,34.41580000799149
warm,,,1.0,8,100,36.9038000353612
warm,,,1.0,8,101,37.608399987220764
warm,,,1.0,8,102,32.720600022003055
warm,,,1.0,8,103,32.87819999968633
warm,,,1.0,8,104,35.85630003362894
warm,,,1.0,8,105,33.36069994838908
warm,,,1.0,8,106,32.50609996030107
warm,,,1.0,8,107,33.73949998058379
warm,,,1.0,8,108,46.257900015916675
warm,,,1.0,8,109,32.090599997900426
warm,,,1.0,8,110,40.48840003088117
warm,,,1.0,8,111,31.926200026646256
warm,,,1.0,8,112,31.739300000481308
warm,,,1.0,8,113,38.34230004576966
warm,,,1.0,8,114,33.97559997392818
warm,,,1.0,8,115,32.48100000200793
warm,,,1.0,8,116,35.14230001019314
warm,,,1.0,8,117,39.99389999080449
warm,,,1.0,8,118,41.30690003512427
warm,,,1.0,8,119,37.18530002515763
warm,,,1.0,8,120,33.19099999498576
warm,,,1.0,8,121,36.805199983064085
warm,,,1.0,8,122,37.48750005615875
warm,,,1.0,8,123,37.47460001613945
warm,,,1.0,8,124,33.87699997983873
warm,,,1.0,8,125,35.35740001825616
warm,,,1.0,8,126,34.50780001003295
warm,,,1.0,8,127,36.058700003195554
warm,,,1.0,8,128,32.46150002814829
warm,,,1.0,8,129,32.889400026760995
warm,,,1.0,8,130,34.279100014828146
warm,,,1.0,8,131,32.074499991722405
warm,,,1.0,8,132,33.25610002502799
warm,,,1.0,8,133,32.84209995763376
warm,,,1.0,8,134,34.99160002684221
warm,,,1.0,8,135,38.82249997695908
warm,,,1.0,8,136,31.246300030034035
warm,,,1.0,8,137,45.754100021440536
warm,,,1.0,8,138,32.42180001689121
warm,,,1.0,8,139,38.82519999751821
warm,,,1.0,8,140,36.455800000112504
warm,,,1.0,8,141,33.23520004050806
warm,,,1.0,8,142,34.02369999093935
warm,,,1.0,8,143,34.13739998359233
warm,,,1.0,8,144,35.52289999788627
warm,,,1.0,8,145,44.03049999382347
warm,,,1.0,8,146,39.01110001606867
warm,,,1.0,8,147,32.50840003602207
warm,,,1.0,8,148,36.58820001874119
warm,,,1.0,8,149,37.23610000452027
warm,,,1.0,8,150,39.44800002500415
warm,,,1.0,8,151,39.364200027193874
warm,,,1.0,8,152,36.08019999228418
warm,,,1.0,8,153,37.1768000186421
warm,,,1.0,8,154,40.93050002120435
warm,,,1.0,8,155,35.96779995132238
warm,,,1.0,8,156,31.665300019085407
warm,,,1.0,8,157,39.37200002837926
warm,,,1.0,8,158,42.61150001548231
warm,,,1.0,8,159,34.351699985563755
warm,,,1.0,8,160,36.07239999109879
warm,,,1.0,8,161,34.10989994881675
warm,,,1.0,8,162,35.47800000524148
warm,,,1.0,8,163,32.06759999739006
warm,,,1.0,8,164,34.664099977817386
warm,,,1.0,8,165,40.78410001238808
warm,,,1.0,8,166,36.94279998308048
warm,,,1.0,8,167,37.68120001768693
warm,,,1.0,8,168,37.69490000559017
warm,,,1.0,8,169,42.65080002369359
warm,,,1.0,8,170,34.28690001601353
warm,,,1.0,8,171,30.775099992752075
warm,,,1.0,8,172,37.073400046210736
warm,,,1.0,8,173,32.227299991063774
warm,,,1.0,8,174,37.09749999688938
warm,,,1.0,8,175,31.555499997921288
warm,,,1.0,8,176,37.737300037406385
warm,,,1.0,8,177,40.72490002727136
warm,,,1.0,8,178,47.52210003789514
warm,,,1.0,8,179,46.96639999747276
warm,,,1.0,8,180,32.280400046147406
warm,,,1.0,8,181,32.61799999745563
warm,,,1.0,8,182,38.74560003168881
warm,,,1.0,8,183,36.557700019329786
warm,,,1.0,8,184,34.317800018470734
warm,,,1.0,8,185,37.020199990365654
warm,,,1.0,8,186,34.04419997241348
warm,,,1.0,8,187,33.55680004460737
warm,,,1.0,8,188,35.095500003080815
warm,,,1.0,8,189,45.25659995852038
warm,,,1.0,8,190,35.871899977792054
warm,,,1.0,8,191,32.70949999568984
warm,,,1.0,8,192,37.355100037530065
warm,,,1.0,8,193,32.40859997458756
warm,,,1.0,8,194,33.58899999875575
warm,,,1.0,8,195,34.61450000759214
warm,,,1.0,8,196,36.249500000849366
warm,,,1.0,8,197,37.964000017382205
warm,,,1.0,8,198,38.706199964508414
warm,,,1.0,8,199,33.71499996865168
warm,,,1.0,16,0,44.57709996495396
warm,,,1.0,16,1,36.6488000145182
warm,,,1.0,16,2,38.49960002116859
warm,,,1.0,16,3,34.192999999504536
warm,,,1.0,16,4,37.7658000215888
warm,,,1.0,16,5,36.13000002223998
warm,,,1.0,16,6,34.92429998004809
warm,,,1.0,16,7,36.77959996275604
warm,,,1.0,16,8,33.07980002136901
warm,,,1.0,16,9,32.85300004063174
warm,,,1.0,16,10,40.096100012306124
warm,,,1.0,16,11,31.564899953082204
warm,,,1.0,16,12,35.50399997038767
warm,,,1.0,16,13,35.49940005177632
warm,,,1.0,16,14,36.98179998900741
warm,,,1.0,16,15,33.674500009510666
warm,,,1.0,16,16,34.29440001491457
warm,,,1.0,16,17,33.27220003120601
warm,,,1.0,16,18,33.33329997258261
warm,,,1.0,16,19,34.00390001479536
warm,,,1.0,16,20,39.546500018332154
warm,,,1.0,16,21,32.494000042788684
warm,,,1.0,16,22,37.36050002044067
warm,,,1.0,16,23,38.59109996119514
warm,,,1.0,16,24,33.41309999814257
warm,,,1.0,16,25,34.91859999485314
warm,,,1.0,16,26,34.677399962674826
warm,,,1.0,16,27,43.303599988576025
warm,,,1.0,16,28,43.55930001474917
warm,,,1.0,16,29,34.52540002763271
warm,,,1.0,16,30,38.772800005972385
warm,,,1.0,16,31,33.29870000015944
warm,,,1.0,16,32,34.735499997623265
warm,,,1.0,16,33,37.69910003757104
warm,,,1.0,16,34,46.03670001961291
warm,,,1.0,16,35,55.49060000339523
warm,,,1.0,16,36,40.601100015919656
warm,,,1.0,16,37,36.73920000437647
warm,,,1.0,16,38,34.72860000329092
warm,,,1.0,16,39,33.32410001894459
warm,,,1.0,16,40,35.75709997676313
warm,,,1.0,16,41,32.93010004563257
warm,,,1.0,16,42,35.22379999049008
warm,,,1.0,16,43,32.75529999518767
warm,,,1.0,16,44,39.01359997689724
warm,,,1.0,16,45,33.092199999373406
warm,,,1.0,16,46,38.16599998390302
warm,,,1.0,16,47,58.464900008402765
warm,,,1.0,16,48,35.52330000093207
warm,,,1.0,16,49,35.83160002017394
warm,,,1.0,16,50,34.92979996372014
warm,,,1.0,16,51,36.31539997877553
warm,,,1.0,16,52,36.837799998465925
warm,,,1.0,16,53,32.6900000218302
warm,,,1.0,16,54,32.714800036046654
warm,,,1.0,16,55,34.20729999197647
warm,,,1.0,16,56,43.308200023602694
warm,,,1.0,16,57,35.439100000075996
warm,,,1.0,16,58,34.90649996092543
warm,,,1.0,16,59,33.6947999894619
warm,,,1.0,16,60,40.23849999066442
warm,,,1.0,16,61,38.76299998955801
warm,,,1.0,16,62,46.906300005503
warm,,,1.0,16,63,35.255599999800324
warm,,,1.0,16,64,33.81319995969534
warm,,,1.0,16,65,37.07849996862933
warm,,,1.0,16,66,35.500000056345016
warm,,,1.0,16,67,35.024199984036386
warm,,,1.0,16,68,37.12470002938062
warm,,,1.0,16,69,47.597299970220774
warm,,,1.0,16,70,35.257899959106
warm,,,1.0,16,71,40.587700030300766
warm,,,1.0,16,72,36.58329998143017
warm,,,1.0,16,73,32.22330001881346
warm,,,1.0,16,74,36.50039999047294
warm,,,1.0,16,75,36.568500043358654
warm,,,1.0,16,76,39.09470001235604
warm,,,1.0,16,77,39.75619998527691
warm,,,1.0,16,78,39.35169999022037
warm,,,1.0,16,79,39.67020002892241
warm,,,1.0,16,80,42.965599976014346
warm,,,1.0,16,81,32.5035999994725
warm,,,1.0,16,82,34.45600002305582
warm,,,1.0,16,83,32.313000003341585
warm,,,1.0,16,84,37.659899971913546
warm,,,1.0,16,85,35.07969999918714
warm,,,1.0,16,86,37.915099994279444
warm,,,1.0,16,87,35.02919996390119
warm,,,1.0,16,88,31.914599996525794
warm,,,1.0,16,89,35.59749998385087
warm,,,1.0,16,90,32.518799998797476
warm,,,1.0,16,91,33.08599995216355
warm,,,1.0,16,92,39.02820002986118
warm,,,1.0,16,93,33.43890001997352
warm,,,1.0,16,94,32.82219998072833
warm,,,1.0,16,95,39.771199983078986
warm,,,1.0,16,96,33.43970002606511
warm,,,1.0,16,97,36.307499976828694
warm,,,1.0,16,98,31.062700028996915
warm,,,1.0,16,99,46.45319998962805
warm,,,1.0,16,100,48.61150000942871
warm,,,1.0,16,101,38.54270000010729
warm,,,1.0,16,102,39.223400002811104
warm,,,1.0,16,103,32.57619997020811
warm,,,1.0,16,104,39.275100047234446
warm,,,1.0,16,105,35.28249997179955
warm,,,1.0,16,106,36.2633999902755
warm,,,1.0,16,107,49.710099992807955
warm,,,1.0,16,108,41.79490002570674
warm,,,1.0,16,109,40.60179996304214
warm,,,1.0,16,110,39.41049997229129
warm,,,1.0,16,111,33.07940001832321
warm,,,1.0,16,112,46.88290000194684
warm,,,1.0,16,113,41.88400000566617
warm,,,1.0,16,114,42.81860002083704
warm,,,1.0,16,115,31.858600035775453
warm,,,1.0,16,116,45.84980005165562
warm,,,1.0,16,117,32.33179997187108
warm,,,1.0,16,118,34.94070004671812
warm,,,1.0,16,119,51.123600045684725
warm,,,1.0,16,120,36.54110000934452
warm,,,1.0,16,121,39.965500007383525
warm,,,1.0,16,122,33.22009998373687
warm,,,1.0,16,123,35.94670002348721
warm,,,1.0,16,124,48.252100008539855
warm,,,1.0,16,125,41.12680000253022
warm,,,1.0,16,126,33.188600034918636
warm,,,1.0,16,127,43.68850000901148
warm,,,1.0,16,128,30.49150004517287
warm,,,1.0,16,129,34.56589998677373
warm,,,1.0,16,130,36.805199983064085
warm,,,1.0,16,131,37.60009998222813
warm,,,1.0,16,132,40.198200033046305
warm,,,1.0,16,133,44.0824999823235
warm,,,1.0,16,134,34.82909995364025
warm,,,1.0,16,135,32.10789995500818
warm,,,1.0,16,136,33.38239999720827
warm,,,1.0,16,137,36.13160003442317
warm,,,1.0,16,138,33.993299992289394
warm,,,1.0,16,139,31.07229998568073
warm,,,1.0,16,140,33.02249999251217
warm,,,1.0,16,141,45.49220000626519
warm,,,1.0,16,142,37.67519997199997
warm,,,1.0,16,143,38.4607000160031
warm,,,1.0,16,144,40.11880001053214
warm,,,1.0,16,145,38.8894000207074
warm,,,1.0,16,146,44.00110000278801
warm,,,1.0,16,147,34.84140004729852
warm,,,1.0,16,148,33.34640001412481
warm,,,1.0,16,149,34.67219998128712
warm,,,1.0,16,150,34.01659999508411
warm,,,1.0,16,151,34.00159999728203
warm,,,1.0,16,152,33.009500009939075
warm,,,1.0,16,153,34.92180001921952
warm,,,1.0,16,154,34.48699996806681
warm,,,1.0,16,155,38.842300011310726
warm,,,1.0,16,156,31.68569999979809
warm,,,1.0,16,157,32.80019998783246
warm,,,1.0,16,158,31.647499999962747
warm,,,1.0,16,159,32.81920001609251
warm,,,1.0,16,160,38.05049997754395
warm,,,1.0,16,161,39.03539996827021
warm,,,1.0,16,162,33.24959997553378
warm,,,1.0,16,163,47.68530000001192
warm,,,1.0,16,164,50.437500001862645
warm,,,1.0,16,165,50.250899977982044
warm,,,1.0,16,166,49.50790002476424
warm,,,1.0,16,167,36.172699998132885
warm,,,1.0,16,168,45.9135000128299
warm,,,1.0,16,169,44.55759999109432
warm,,,1.0,16,170,39.326699974481016
warm,,,1.0,16,171,34.42769998218864
warm,,,1.0,16,172,34.027500019874424
warm,,,1.0,16,173,34.13859999272972
warm,,,1.0,16,174,34.12010002648458
warm,,,1.0,16,175,31.10610001021996
warm,,,1.0,16,176,47.022500017192215
warm,,,1.0,16,177,35.54800001438707
warm,,,1.0,16,178,38.03270001662895
warm,,,1.0,16,179,36.63410001900047
warm,,,1.0,16,180,35.85330001078546
warm,,,1.0,16,181,41.669400001410395
warm,,,1.0,16,182,34.44479999598116
warm,,,1.0,16,183,32.88760001305491
warm,,,1.0,16,184,44.94769999291748
warm,,,1.0,16,185,31.591700040735304
warm,,,1.0,16,186,35.332500003278255
warm,,,1.0,16,187,34.25169998081401
warm,,,1.0,16,188,34.58490001503378
warm,,,1.0,16,189,34.874600009061396
warm,,,1.0,16,190,33.41199998976663
warm,,,1.0,16,191,33.831599983386695
warm,,,1.0,16,192,39.50559999793768
warm,,,1.0,16,193,31.965400034096092
warm,,,1.0,16,194,37.17899997718632
warm,,,1.0,16,195,39.148999960161746
warm,,,1.0,16,196,36.47009999258444
warm,,,1.0,16,197,33.84589997585863
warm,,,1.0,16,198,38.408400025218725
warm,,,1.0,16,199,46.30170000018552
warm,,,1.0,32,0,13.162299990653992
warm,,,1.0,32,1,12.02749996446073
warm,,,1.0,32,2,14.47080000070855
warm,,,1.0,32,3,10.908800002653152
warm,,,1.0,32,4,9.509900002740324
warm,,,1.0,32,5,9.24680003663525
warm,,,1.0,32,6,10.084399953484535
warm,,,1.0,32,7,10.152300004847348
warm,,,1.0,32,8,10.189499997068197
warm,,,1.0,32,9,12.793099973350763
warm,,,1.0,32,10,9.696100023575127
warm,,,1.0,32,11,9.344099962618202
warm,,,1.0,32,12,11.494599981233478
warm,,,1.0,32,13,11.242699983995408
warm,,,1.0,32,14,12.129599985200912
warm,,,1.0,32,15,12.486599967814982
warm,,,1.0,32,16,11.75499998498708
warm,,,1.0,32,17,9.905699989758432
warm,,,1.0,32,18,11.091899999883026
warm,,,1.0,32,19,10.286399978213012
warm,,,1.0,32,20,11.098099988885224
warm,,,1.0,32,21,10.960499988868833
warm,,,1.0,32,22,11.106999998446554
warm,,,1.0,32,23,12.432900024577975
warm,,,1.0,32,24,11.513400007970631
warm,,,1.0,32,25,12.157399964053184
warm,,,1.0,32,26,11.975099972914904
warm,,,1.0,32,27,11.62319997092709
warm,,,1.0,32,28,9.26289998460561
warm,,,1.0,32,29,9.432400052901357
warm,,,1.0,32,30,10.53570001386106
warm,,,1.0,32,31,10.330600023735315
warm,,,1.0,32,32,11.400500021409243
warm,,,1.0,32,33,10.619800013955683
warm,,,1.0,32,34,10.160400008317083
warm,,,1.0,32,35,10.379799990914762
warm,,,1.0,32,36,13.840600033290684
warm,,,1.0,32,37,10.226399987004697
warm,,,1.0,32,38,9.923500008881092
warm,,,1.0,32,39,12.89589999942109
warm,,,1.0,32,40,9.837299992796034
warm,,,1.0,32,41,9.39940003445372
warm,,,1.0,32,42,10.180199984461069
warm,,,1.0,32,43,10.351000004447997
warm,,,1.0,32,44,10.286100034136325
warm,,,1.0,32,45,10.397000005468726
warm,,,1.0,32,46,11.564699991140515
warm,,,1.0,32,47,12.71499996073544
warm,,,1.0,32,48,13.726200035307556
warm,,,1.0,32,49,10.652300028596073
warm,,,1.0,32,50,13.645400002133101
warm,,,1.0,32,51,15.496400010306388
warm,,,1.0,32,52,11.453799961600453
warm,,,1.0,32,53,12.35230005113408
warm,,,1.0,32,54,13.121799973305315
warm,,,1.0,32,55,11.902899947017431
warm,,,1.0,32,56,9.858899982646108
warm,,,1.0,32,57,11.033100017812103
warm,,,1.0,32,58,12.585600023157895
warm,,,1.0,32,59,12.783499958459288
warm,,,1.0,32,60,11.928000021725893
warm,,,1.0,32,61,10.779600008390844
warm,,,1.0,32,62,12.221100041642785
warm,,,1.0,32,63,11.942099954467267
warm,,,1.0,32,64,9.270800044760108
warm,,,1.0,32,65,11.013599985744804
warm,,,1.0,32,66,14.490499976091087
warm,,,1.0,32,67,15.186699980404228
warm,,,1.0,32,68,10.270300030242652
warm,,,1.0,32,69,10.349199990741909
warm,,,1.0,32,70,12.596399988979101
warm,,,1.0,32,71,10.985300003085285
warm,,,1.0,32,72,10.285100026521832
warm,,,1.0,32,73,11.51059998665005
warm,,,1.0,32,74,11.990300030447543
warm,,,1.0,32,75,12.044999981299043
warm,,,1.0,32,76,12.481999990995973
warm,,,1.0,32,77,9.920199983753264
warm,,,1.0,32,78,9.180399996694177
warm,,,1.0,32,79,11.203100031707436
warm,,,1.0,32,80,12.275499990209937
warm,,,1.0,32,81,11.97880000108853
warm,,,1.0,32,82,12.522300006821752
warm,,,1.0,32,83,11.657499999273568
warm,,,1.0,32,84,10.087699978612363
warm,,,1.0,32,85,11.727900011464953
warm,,,1.0,32,86,9.274200012441725
warm,,,1.0,32,87,9.370199986733496
warm,,,1.0,32,88,9.572000009939075
warm,,,1.0,32,89,12.32410001102835
warm,,,1.0,32,90,34.52719998313114
warm,,,1.0,32,91,18.732699973043054
warm,,,1.0,32,92,36.144199955742806
warm,,,1.0,32,93,11.931799992453307
warm,,,1.0,32,94,15.651799971237779
warm,,,1.0,32,95,17.520299996249378
warm,,,1.0,32,96,13.775500003248453
warm,,,1.0,32,97,15.330900030676275
warm,,,1.0,32,98,13.27820000005886
warm,,,1.0,32,99,14.130600029602647
warm,,,1.0,32,100,10.939500003587455
warm,,,1.0,32,101,11.072599969338626
warm,,,1.0,32,102,12.570099963340908
warm,,,1.0,32,103,11.103999975603074
warm,,,1.0,32,104,11.973400018177927
warm,,,1.0,32,105,12.629800010472536
warm,,,1.0,32,106,12.200400000438094
warm,,,1.0,32,107,9.435999963898212
warm,,,1.0,32,108,10.742599959485233
warm,,,1.0,32,109,9.954400011338294
warm,,,1.0,32,110,9.44809999782592
warm,,,1.0,32,111,12.22909998614341
warm,,,1.0,32,112,12.122299987822771
warm,,,1.0,32,113,11.481900000944734
warm,,,1.0,32,114,12.491100002080202
warm,,,1.0,32,115,12.219199968967587
warm,,,1.0,32,116,11.067100043874234
warm,,,1.0,32,117,12.96560000628233
warm,,,1.0,32,118,11.810500000137836
warm,,,1.0,32,119,13.383899990003556
warm,,,1.0,32,120,11.830200033728033
warm,,,1.0,32,121,12.016399996355176
warm,,,1.0,32,122,12.471600028220564
warm,,,1.0,32,123,10.814599983859807
warm,,,1.0,32,124,9.46299999486655
warm,,,1.0,32,125,11.525499983690679
warm,,,1.0,32,126,10.019000037573278
warm,,,1.0,32,127,12.24100001854822
warm,,,1.0,32,128,12.975000019650906
warm,,,1.0,32,129,10.948400013148785
warm,,,1.0,32,130,11.767700023483485
warm,,,1.0,32,131,12.982700020074844
warm,,,1.0,32,132,11.823000037111342
warm,,,1.0,32,133,9.370199986733496
warm,,,1.0,32,134,10.89000003412366
warm,,,1.0,32,135,10.724499996285886
warm,,,1.0,32,136,9.16369998594746
warm,,,1.0,32,137,15.001000021584332
warm,,,1.0,32,138,14.570300001651049
warm,,,1.0,32,139,12.697700003627688
warm,,,1.0,32,140,9.686000004876405
warm,,,1.0,32,141,14.14619997376576
warm,,,1.0,32,142,18.972799996845424
warm,,,1.0,32,143,15.974999987520278
warm,,,1.0,32,144,13.923100021202117
warm,,,1.0,32,145,12.537100003100932
warm,,,1.0,32,146,11.599900026340038
warm,,,1.0,32,147,9.728699980769306
warm,,,1.0,32,148,9.52240003971383
warm,,,1.0,32,149,10.826499958056957
warm,,,1.0,32,150,13.559999992139637
warm,,,1.0,32,151,10.13559999410063
warm,,,1.0,32,152,12.426900037098676
warm,,,1.0,32,153,12.427499983459711
warm,,,1.0,32,154,10.650600015651435
warm,,,1.0,32,155,10.817500005941838
warm,,,1.0,32,156,10.147100023459643
warm,,,1.0,32,157,9.751699981279671
warm,,,1.0,32,158,15.118799987249076
warm,,,1.0,32,159,14.774199982639402
warm,,,1.0,32,160,17.091099987737834
warm,,,1.0,32,161,10.363700042944402
warm,,,1.0,32,162,9.891800000332296
warm,,,1.0,32,163,9.687400015536696
warm,,,1.0,32,164,10.725900006946176
warm,,,1.0,32,165,11.220699991099536
warm,,,1.0,32,166,9.905099985189736
warm,,,1.0,32,167,11.732700048014522
warm,,,1.0,32,168,9.769099997356534
warm,,,1.0,32,169,10.128800000529736
warm,,,1.0,32,170,15.27550001628697
warm,,,1.0,32,171,12.783100013621151
warm,,,1.0,32,172,13.06339999428019
warm,,,1.0,32,173,10.4379000258632
warm,,,1.0,32,174,9.801999956835061
warm,,,1.0,32,175,13.185499992687255
warm,,,1.0,32,176,12.016499997116625
warm,,,1.0,32,177,11.983299977146089
warm,,,1.0,32,178,13.744600000791252
warm,,,1.0,32,179,11.550099996384233
warm,,,1.0,32,180,11.082699988037348
warm,,,1.0,32,181,11.201000015717
warm,,,1.0,32,182,11.60550001077354
warm,,,1.0,32,183,15.060800011269748
warm,,,1.0,32,184,11.87940000090748
warm,,,1.0,32,185,11.879199999384582
warm,,,1.0,32,186,11.864300002343953
warm,,,1.0,32,187,11.926000006496906
warm,,,1.0,32,188,12.20260001718998
warm,,,1.0,32,189,14.844799996353686
warm,,,1.0,32,190,14.050700003281236
warm,,,1.0,32,191,12.698600010480732
warm,,,1.0,32,192,15.118699986487627
warm,,,1.0,32,193,11.960000032559037
warm,,,1.0,32,194,10.581199952866882
warm,,,1.0,32,195,9.753899998031557
warm,,,1.0,32,196,14.203800004906952
warm,,,1.0,32,197,12.890500016510487
warm,,,1.0,32,198,10.519000003114343
warm,,,1.0,32,199,9.432399994693696
transition_first,0.25,32,1.0,4,0,37.00630000093952
transition_warm,0.25,32,1.0,4,0,37.69149997970089
transition_first,0.25,32,1.0,4,1,43.095999979414046
transition_warm,0.25,32,1.0,4,1,39.30990002118051
transition_first,0.25,32,1.0,4,2,41.38459998648614
transition_warm,0.25,32,1.0,4,2,35.520699981134385
transition_first,0.25,32,1.0,4,3,33.02339999936521
transition_warm,0.25,32,1.0,4,3,32.52130001783371
transition_first,0.25,32,1.0,4,4,35.87289998540655
transition_warm,0.25,32,1.0,4,4,48.883300041779876
transition_first,0.25,32,1.0,4,5,44.88349996972829
transition_warm,0.25,32,1.0,4,5,32.91520004859194
transition_first,0.25,32,1.0,4,6,34.44760001730174
transition_warm,0.25,32,1.0,4,6,34.07080000033602
transition_first,0.25,32,1.0,4,7,37.676399981137365
transition_warm,0.25,32,1.0,4,7,34.085199993569404
transition_first,0.25,32,1.0,4,8,35.52570001920685
transition_warm,0.25,32,1.0,4,8,36.029000009875745
transition_first,0.25,32,1.0,4,9,35.049600002821535
transition_warm,0.25,32,1.0,4,9,32.63560001505539
transition_first,0.75,4,0.25,16,0,32.791699981316924
transition_warm,0.75,4,0.25,16,0,33.690999960526824
transition_first,0.75,4,0.25,16,1,39.00789999170229
transition_warm,0.75,4,0.25,16,1,33.2365000504069
transition_first,0.75,4,0.25,16,2,30.34040000056848
transition_warm,0.75,4,0.25,16,2,37.25310001755133
transition_first,0.75,4,0.25,16,3,32.878900005016476
transition_warm,0.75,4,0.25,16,3,33.07679999852553
transition_first,0.75,4,0.25,16,4,42.17490000883117
transition_warm,0.75,4,0.25,16,4,37.203900050371885
transition_first,0.75,4,0.25,16,5,37.6844999846071
transition_warm,0.75,4,0.25,16,5,29.4692000024952
transition_first,0.75,4,0.25,16,6,30.158500012475997
transition_warm,0.75,4,0.25,16,6,29.946799972094595
transition_first,0.75,4,0.25,16,7,37.57909999694675
transition_warm,0.75,4,0.25,16,7,34.9170999834314
transition_first,0.75,4,0.25,16,8,35.763499967288226
transition_warm,0.75,4,0.25,16,8,44.08820002572611
transition_first,0.75,4,0.25,16,9,31.197300006169826
transition_warm,0.75,4,0.25,16,9,32.2052999981679
transition_first,0.25,16,0.5,16,0,40.93650000868365
transition_warm,0.25,16,0.5,16,0,35.4634000104852
transition_first,0.25,16,0.5,16,1,32.36390004167333
transition_warm,0.25,16,0.5,16,1,33.333799976389855
transition_first,0.25,16,0.5,16,2,36.628899979405105
transition_warm,0.25,16,0.5,16,2,35.348699952010065
transition_first,0.25,16,0.5,16,3,38.54239999782294
transition_warm,0.25,16,0.5,16,3,28.079000010620803
transition_first,0.25,16,0.5,16,4,33.92730001360178
transition_warm,0.25,16,0.5,16,4,30.752499995287508
transition_first,0.25,16,0.5,16,5,31.649200012907386
transition_warm,0.25,16,0.5,16,5,38.510499987751245
transition_first,0.25,16,0.5,16,6,28.061899996828288
transition_warm,0.25,16,0.5,16,6,32.76580001693219
transition_first,0.25,16,0.5,16,7,30.12110001873225
transition_warm,0.25,16,0.5,16,7,29.846300021745265
transition_first,0.25,16,0.5,16,8,35.22239997982979
transition_warm,0.25,16,0.5,16,8,27.83209999324754
transition_first,0.25,16,0.5,16,9,38.58799999579787
transition_warm,0.25,16,0.5,16,9,29.690600000321865
transition_first,0.5,4,0.25,8,0,32.85029996186495
transition_warm,0.5,4,0.25,8,0,36.409899999853224
transition_first,0.5,4,0.25,8,1,35.65869998419657
transition_warm,0.5,4,0.25,8,1,30.095099995378405
transition_first,0.5,4,0.25,8,2,39.654400025028735
transition_warm,0.5,4,0.25,8,2,36.9038000353612
transition_first,0.5,4,0.25,8,3,36.87369998078793
transition_warm,0.5,4,0.25,8,3,31.268599967006594
transition_first,0.5,4,0.25,8,4,30.368200037628412
transition_warm,0.5,4,0.25,8,4,30.137900030240417
transition_first,0.5,4,0.25,8,5,63.626700022723526
transition_warm,0.5,4,0.25,8,5,31.882199982646853
transition_first,0.5,4,0.25,8,6,28.170800011139363
transition_warm,0.5,4,0.25,8,6,33.24249997967854
transition_first,0.5,4,0.25,8,7,32.82850002869964
transition_warm,0.5,4,0.25,8,7,27.209400024730712
transition_first,0.5,4,0.25,8,8,32.822800043504685
transition_warm,0.5,4,0.25,8,8,29.20379996066913
transition_first,0.5,4,0.25,8,9,31.268900027498603
transition_warm,0.5,4,0.25,8,9,25.856100022792816
transition_first,0.25,4,1.0,32,0,12.564400036353618
transition_warm,0.25,4,1.0,32,0,10.363499983213842
transition_first,0.25,4,1.0,32,1,13.61439999891445
transition_warm,0.25,4,1.0,32,1,10.506800026632845
transition_first,0.25,4,1.0,32,2,11.321500001940876
transition_warm,0.25,4,1.0,32,2,10.170099965762347
transition_first,0.25,4,1.0,32,3,9.991500002797693
transition_warm,0.25,4,1.0,32,3,12.004799966234714
transition_first,0.25,4,1.0,32,4,13.037800032179803
transition_warm,0.25,4,1.0,32,4,13.964299985673279
transition_first,0.25,4,1.0,32,5,12.570499966386706
transition_warm,0.25,4,1.0,32,5,11.66760001797229
transition_first,0.25,4,1.0,32,6,11.237800004892051
transition_warm,0.25,4,1.0,32,6,11.357299983501434
transition_first,0.25,4,1.0,32,7,12.60710001224652
transition_warm,0.25,4,1.0,32,7,12.031899997964501
transition_first,0.25,4,1.0,32,8,15.916600008495152
transition_warm,0.25,4,1.0,32,8,16.831299988552928
transition_first,0.25,4,1.0,32,9,11.763499991502613
transition_warm,0.25,4,1.0,32,9,10.380100051406771
transition_first,0.5,8,0.5,16,0,31.50009998353198
transition_warm,0.5,8,0.5,16,0,34.78710004128516
transition_first,0.5,8,0.5,16,1,28.608799970243126
transition_warm,0.5,8,0.5,16,1,27.883100032340735
transition_first,0.5,8,0.5,16,2,35.60910001397133
transition_warm,0.5,8,0.5,16,2,35.18350003287196
transition_first,0.5,8,0.5,16,3,32.7701999922283
transition_warm,0.5,8,0.5,16,3,33.532299974467605
transition_first,0.5,8,0.5,16,4,34.0542999911122
transition_warm,0.5,8,0.5,16,4,32.70810004323721
transition_first,0.5,8,0.5,16,5,34.16159999324009
transition_warm,0.5,8,0.5,16,5,29.73149996250868
transition_first,0.5,8,0.5,16,6,37.35970001434907
transition_warm,0.5,8,0.5,16,6,37.46800002409145
transition_first,0.5,8,0.5,16,7,34.63980002561584
transition_warm,0.5,8,0.5,16,7,49.587099987547845
transition_first,0.5,8,0.5,16,8,32.155899971257895
transition_warm,0.5,8,0.5,16,8,38.374099996872246
transition_first,0.5,8,0.5,16,9,34.813900012522936
transition_warm,0.5,8,0.5,16,9,35.08719999808818
transition_first,0.75,4,0.25,4,0,26.934499968774617
transition_warm,0.75,4,0.25,4,0,28.206199989654124
transition_first,0.75,4,0.25,4,1,32.421300013083965
transition_warm,0.75,4,0.25,4,1,31.38360002776608
transition_first,0.75,4,0.25,4,2,45.67500000121072
transition_warm,0.75,4,0.25,4,2,50.901099981274456
transition_first,0.75,4,0.25,4,3,32.63779997359961
transition_warm,0.75,4,0.25,4,3,29.991300019901246
transition_first,0.75,4,0.25,4,4,31.964499969035387
transition_warm,0.75,4,0.25,4,4,33.951900026295334
transition_first,0.75,4,0.25,4,5,45.87889998219907
transition_warm,0.75,4,0.25,4,5,39.47589994641021
transition_first,0.75,4,0.25,4,6,29.828200000338256
transition_warm,0.75,4,0.25,4,6,36.25370003283024
transition_first,0.75,4,0.25,4,7,31.22649999568239
transition_warm,0.75,4,0.25,4,7,32.50289999414235
transition_first,0.75,4,0.25,4,8,29.645999951753765
transition_warm,0.75,4,0.25,4,8,33.23669999372214
transition_first,0.75,4,0.25,4,9,35.4018000070937
transition_warm,0.75,4,0.25,4,9,30.28989996528253
transition_first,1.0,8,0.25,8,0,32.92079997481778
transition_warm,1.0,8,0.25,8,0,36.48009995231405
transition_first,1.0,8,0.25,8,1,30.04260000307113
transition_warm,1.0,8,0.25,8,1,30.00570001313463
transition_first,1.0,8,0.25,8,2,28.665399993769825
transition_warm,1.0,8,0.25,8,2,37.64610004145652
transition_first,1.0,8,0.25,8,3,33.324799966067076
transition_warm,1.0,8,0.25,8,3,31.17740002926439
transition_first,1.0,8,0.25,8,4,45.10320001281798
transition_warm,1.0,8,0.25,8,4,34.1340999584645
transition_first,1.0,8,0.25,8,5,34.797900007106364
transition_warm,1.0,8,0.25,8,5,30.912799993529916
transition_first,1.0,8,0.25,8,6,29.262099997140467
transition_warm,1.0,8,0.25,8,6,31.45429998403415
transition_first,1.0,8,0.25,8,7,36.89980000490323
transition_warm,1.0,8,0.25,8,7,37.29060001205653
transition_first,1.0,8,0.25,8,8,29.924999980721623
transition_warm,1.0,8,0.25,8,8,32.7701999922283
transition_first,1.0,8,0.25,8,9,32.51679998356849
transition_warm,1.0,8,0.25,8,9,34.224300005007535
transition_first,0.25,4,1.0,16,0,34.892299969214946
transition_warm,0.25,4,1.0,16,0,38.544700015336275
transition_first,0.25,4,1.0,16,1,36.837999999988824
transition_warm,0.25,4,1.0,16,1,36.81879997020587
transition_first,0.25,4,1.0,16,2,31.923700007610023
transition_warm,0.25,4,1.0,16,2,32.45189995504916
transition_first,0.25,4,1.0,16,3,34.5336000318639
transition_warm,0.25,4,1.0,16,3,33.880500006489456
transition_first,0.25,4,1.0,16,4,32.49050001613796
transition_warm,0.25,4,1.0,16,4,35.61830002581701
transition_first,0.25,4,1.0,16,5,32.668800035025924
transition_warm,0.25,4,1.0,16,5,39.06489996006712
transition_first,0.25,4,1.0,16,6,32.874399970751256
transition_warm,0.25,4,1.0,16,6,36.63129999767989
transition_first,0.25,4,1.0,16,7,38.63169997930527
transition_warm,0.25,4,1.0,16,7,33.8078000349924
transition_first,0.25,4,1.0,16,8,38.71890000300482
transition_warm,0.25,4,1.0,16,8,36.84399998746812
transition_first,0.25,4,1.0,16,9,36.15450003417209
transition_warm,0.25,4,1.0,16,9,32.87350002210587
transition_first,0.25,32,0.75,16,0,30.206099967472255
transition_warm,0.25,32,0.75,16,0,31.07510000700131
transition_first,0.25,32,0.75,16,1,35.84000002592802
transition_warm,0.25,32,0.75,16,1,31.09150001546368
transition_first,0.25,32,0.75,16,2,29.22909997869283
transition_warm,0.25,32,0.75,16,2,29.277599998749793
transition_first,0.25,32,0.75,16,3,36.48200002498925
transition_warm,0.25,32,0.75,16,3,36.68309998465702
transition_first,0.25,32,0.75,16,4,27.670699986629188
transition_warm,0.25,32,0.75,16,4,29.518199968151748
transition_first,0.25,32,0.75,16,5,30.102799995802343
transition_warm,0.25,32,0.75,16,5,37.408399977721274
transition_first,0.25,32,0.75,16,6,35.951900004874915
transition_warm,0.25,32,0.75,16,6,40.67489999579266
transition_first,0.25,32,0.75,16,7,46.0185999982059
transition_warm,0.25,32,0.75,16,7,45.92689999844879
transition_first,0.25,32,0.75,16,8,28.91209995141253
transition_warm,0.25,32,0.75,16,8,45.958800008520484
transition_first,0.25,32,0.75,16,9,34.18820002116263
transition_warm,0.25,32,0.75,16,9,31.503599951975048
transition_first,0.5,8,0.25,4,0,41.81520000565797
transition_warm,0.5,8,0.25,4,0,50.5727999843657
transition_first,0.5,8,0.25,4,1,36.54510003980249
transition_warm,0.5,8,0.25,4,1,36.44459997303784
transition_first,0.5,8,0.25,4,2,30.367400031536818
transition_warm,0.5,8,0.25,4,2,28.076099988538772
transition_first,0.5,8,0.25,4,3,45.00240000197664
transition_warm,0.5,8,0.25,4,3,41.19020001962781
transition_first,0.5,8,0.25,4,4,42.53650002647191
transition_warm,0.5,8,0.25,4,4,30.44699999736622
transition_first,0.5,8,0.25,4,5,34.53569998964667
transition_warm,0.5,8,0.25,4,5,32.3733999975957
transition_first,0.5,8,0.25,4,6,32.945600047241896
transition_warm,0.5,8,0.25,4,6,41.78460000548512
transition_first,0.5,8,0.25,4,7,42.04010003013536
transition_warm,0.5,8,0.25,4,7,32.80430001905188
transition_first,0.5,8,0.25,4,8,37.81650000018999
transition_warm,0.5,8,0.25,4,8,32.18219999689609
transition_first,0.5,8,0.25,4,9,47.03469999367371
transition_warm,0.5,8,0.25,4,9,28.55769998859614
transition_first,1.0,32,0.5,32,0,12.414199998602271
transition_warm,1.0,32,0.5,32,0,14.547500002663583
transition_first,1.0,32,0.5,32,1,13.640199962537736
transition_warm,1.0,32,0.5,32,1,10.038100008387119
transition_first,1.0,32,0.5,32,2,11.366599996108562
transition_warm,1.0,32,0.5,32,2,12.223899946548045
transition_first,1.0,32,0.5,32,3,12.931099976412952
transition_warm,1.0,32,0.5,32,3,17.523600021377206
transition_first,1.0,32,0.5,32,4,12.440299964509904
transition_warm,1.0,32,0.5,32,4,11.864000000059605
transition_first,1.0,32,0.5,32,5,12.981100007891655
transition_warm,1.0,32,0.5,32,5,10.064999980386347
transition_first,1.0,32,0.5,32,6,13.137999980244786
transition_warm,1.0,32,0.5,32,6,11.07649999903515
transition_first,1.0,32,0.5,32,7,10.309099976439029
transition_warm,1.0,32,0.5,32,7,9.570099995471537
transition_first,1.0,32,0.5,32,8,9.573099960107356
transition_warm,1.0,32,0.5,32,8,12.066100025549531
transition_first,1.0,32,0.5,32,9,9.538500045891851
transition_warm,1.0,32,0.5,32,9,10.544699965976179
transition_first,0.5,16,1.0,32,0,10.939900006633252
transition_warm,0.5,16,1.0,32,0,11.910300003364682
transition_first,0.5,16,1.0,32,1,9.925599966663867
transition_warm,0.5,16,1.0,32,1,10.15639997785911
transition_first,0.5,16,1.0,32,2,10.506800026632845
transition_warm,0.5,16,1.0,32,2,11.55210001161322
transition_first,0.5,16,1.0,32,3,14.565900026354939
transition_warm,0.5,16,1.0,32,3,12.314499996136874
transition_first,0.5,16,1.0,32,4,9.119700000155717
transition_warm,0.5,16,1.0,32,4,10.048699972685426
transition_first,0.5,16,1.0,32,5,10.901100002229214
transition_warm,0.5,16,1.0,32,5,11.671200045384467
transition_first,0.5,16,1.0,32,6,11.660999967716634
transition_warm,0.5,16,1.0,32,6,12.838199967518449
transition_first,0.5,16,1.0,32,7,15.319300000555813
transition_warm,0.5,16,1.0,32,7,12.357000028714538
transition_first,0.5,16,1.0,32,8,16.661799978464842
transition_warm,0.5,16,1.0,32,8,12.430300004780293
transition_first,0.5,16,1.0,32,9,9.85710002714768
transition_warm,0.5,16,1.0,32,9,11.121099989395589
transition_first,0.25,16,0.25,32,0,11.148900026455522
transition_warm,0.25,16,0.25,32,0,12.004700023680925
transition_first,0.25,16,0.25,32,1,11.546600027941167
transition_warm,0.25,16,0.25,32,1,10.798199975397438
transition_first,0.25,16,0.25,32,2,11.842000007163733
transition_warm,0.25,16,0.25,32,2,12.361399945802987
transition_first,0.25,16,0.25,32,3,14.880899980198592
transition_warm,0.25,16,0.25,32,3,11.121699993964285
transition_first,0.25,16,0.25,32,4,12.39370001712814
transition_warm,0.25,16,0.25,32,4,11.635799950454384
transition_first,0.25,16,0.25,32,5,12.548100028652698
transition_warm,0.25,16,0.25,32,5,13.375800044741482
transition_first,0.25,16,0.25,32,6,10.387199989054352
transition_warm,0.25,16,0.25,32,6,11.140699964016676
transition_first,0.25,16,0.25,32,7,10.048500029370189
transition_warm,0.25,16,0.25,32,7,11.212500045076013
transition_first,0.25,16,0.25,32,8,9.700700000394136
transition_warm,0.25,16,0.25,32,8,9.120000002440065
transition_first,0.25,16,0.25,32,9,12.42019998608157
transition_warm,0.25,16,0.25,32,9,16.4504999993369
transition_first,0.75,32,1.0,8,0,40.32740002730861
transition_warm,0.75,32,1.0,8,0,47.62640001717955
transition_first,0.75,32,1.0,8,1,36.42840002430603
transition_warm,0.75,32,1.0,8,1,42.314100021030754
transition_first,0.75,32,1.0,8,2,32.59859996614978
transition_warm,0.75,32,1.0,8,2,33.62360002938658
transition_first,0.75,32,1.0,8,3,48.914199986029416
transition_warm,0.75,32,1.0,8,3,31.98189998511225
transition_first,0.75,32,1.0,8,4,34.45170004852116
transition_warm,0.75,32,1.0,8,4,36.697099974844605
transition_first,0.75,32,1.0,8,5,46.35039996355772
transition_warm,0.75,32,1.0,8,5,34.40389997558668
transition_first,0.75,32,1.0,8,6,48.84599999058992
transition_warm,0.75,32,1.0,8,6,49.28120004478842
transition_first,0.75,32,1.0,8,7,39.063300006091595
transition_warm,0.75,32,1.0,8,7,37.784799991641194
transition_first,0.75,32,1.0,8,8,37.42479998618364
transition_warm,0.75,32,1.0,8,8,49.754399980884045
transition_first,0.75,32,1.0,8,9,39.716699975542724
transition_warm,0.75,32,1.0,8,9,33.92229997552931
transition_first,0.5,32,0.5,4,0,26.828000030945987
transition_warm,0.5,32,0.5,4,0,30.447600001934916
transition_first,0.5,32,0.5,4,1,29.371000011451542
transition_warm,0.5,32,0.5,4,1,34.92989996448159
transition_first,0.5,32,0.5,4,2,28.24390004388988
transition_warm,0.5,32,0.5,4,2,27.56989997578785
transition_first,0.5,32,0.5,4,3,35.40870000142604
transition_warm,0.5,32,0.5,4,3,33.379699976649135
transition_first,0.5,32,0.5,4,4,30.846200010273606
transition_warm,0.5,32,0.5,4,4,37.43419999955222
transition_first,0.5,32,0.5,4,5,32.707299978937954
transition_warm,0.5,32,0.5,4,5,27.28350000688806
transition_first,0.5,32,0.5,4,6,28.0170000041835
transition_warm,0.5,32,0.5,4,6,30.675399990286678
transition_first,0.5,32,0.5,4,7,34.498599998187274
transition_warm,0.5,32,0.5,4,7,26.603300007991493
transition_first,0.5,32,0.5,4,8,34.13579997140914
transition_warm,0.5,32,0.5,4,8,36.12979996250942
transition_first,0.5,32,0.5,4,9,33.492500020656735
transition_warm,0.5,32,0.5,4,9,47.19509999267757
transition_first,0.5,8,0.5,32,0,10.70609997259453
transition_warm,0.5,8,0.5,32,0,11.382400000002235
transition_first,0.5,8,0.5,32,1,15.494299994315952
transition_warm,0.5,8,0.5,32,1,12.27810001000762
transition_first,0.5,8,0.5,32,2,11.450199992395937
transition_warm,0.5,8,0.5,32,2,11.563599982764572
transition_first,0.5,8,0.5,32,3,14.101399981882423
transition_warm,0.5,8,0.5,32,3,16.014099994208664
transition_first,0.5,8,0.5,32,4,10.20379998954013
transition_warm,0.5,8,0.5,32,4,10.431499977130443
transition_first,0.5,8,0.5,32,5,10.022600006777793
transition_warm,0.5,8,0.5,32,5,13.257100014016032
transition_first,0.5,8,0.5,32,6,9.895900031551719
transition_warm,0.5,8,0.5,32,6,10.296599997673184
transition_first,0.5,8,0.5,32,7,11.523999972268939
transition_warm,0.5,8,0.5,32,7,10.361500026192516
transition_first,0.5,8,0.5,32,8,12.732300034258515
transition_warm,0.5,8,0.5,32,8,10.32240001950413
transition_first,0.5,8,0.5,32,9,12.439899961464107
transition_warm,0.5,8,0.5,32,9,11.113799992017448
transition_first,0.25,4,0.5,16,0,30.782599991653115
transition_warm,0.25,4,0.5,16,0,28.53439998580143
transition_first,0.25,4,0.5,16,1,34.78230000473559
transition_warm,0.25,4,0.5,16,1,31.83679998619482
transition_first,0.25,4,0.5,16,2,28.17860001232475
transition_warm,0.25,4,0.5,16,2,28.60409999266267
transition_first,0.25,4,0.5,16,3,30.573699972592294
transition_warm,0.25,4,0.5,16,3,31.382399960421026
transition_first,0.25,4,0.5,16,4,31.166100001428276
transition_warm,0.25,4,0.5,16,4,33.07269996730611
transition_first,0.25,4,0.5,16,5,27.686099987477064
transition_warm,0.25,4,0.5,16,5,36.15539998281747
transition_first,0.25,4,0.5,16,6,32.193300023209304
transition_warm,0.25,4,0.5,16,6,37.922399991657585
transition_first,0.25,4,0.5,16,7,31.151700008194894
transition_warm,0.25,4,0.5,16,7,40.15900002559647
transition_first,0.25,4,0.5,16,8,43.909700005315244
transition_warm,0.25,4,0.5,16,8,35.62810004223138
transition_first,0.25,4,0.5,16,9,39.71709997858852
transition_warm,0.25,4,0.5,16,9,29.524599958676845
transition_first,0.5,4,1.0,32,0,12.452199996914715
transition_warm,0.5,4,1.0,32,0,11.939799995161593
transition_first,0.5,4,1.0,32,1,11.880600010044873
transition_warm,0.5,4,1.0,32,1,13.58480000635609
transition_first,0.5,4,1.0,32,2,12.019700021483004
transition_warm,0.5,4,1.0,32,2,11.865899956319481
transition_first,0.5,4,1.0,32,3,10.457700002007186
transition_warm,0.5,4,1.0,32,3,12.315300002228469
transition_first,0.5,4,1.0,32,4,11.683299962896854
transition_warm,0.5,4,1.0,32,4,42.9098000167869
transition_first,0.5,4,1.0,32,5,15.983199991751462
transition_warm,0.5,4,1.0,32,5,10.94920001924038
transition_first,0.5,4,1.0,32,6,9.633700014092028
transition_warm,0.5,4,1.0,32,6,10.055299964733422
transition_first,0.5,4,1.0,32,7,13.138399983290583
transition_warm,0.5,4,1.0,32,7,10.796999966260046
transition_first,0.5,4,1.0,32,8,12.915900035295635
transition_warm,0.5,4,1.0,32,8,11.888900015037507
transition_first,0.5,4,1.0,32,9,12.782300007529557
transition_warm,0.5,4,1.0,32,9,11.510399985127151
transition_first,0.75,4,0.5,16,0,38.01020001992583
transition_warm,0.75,4,0.5,16,0,32.76249999180436
transition_first,0.75,4,0.5,16,1,39.09209999255836
transition_warm,0.75,4,0.5,16,1,31.7211999790743
transition_first,0.75,4,0.5,16,2,31.439199985470623
transition_warm,0.75,4,0.5,16,2,34.67530000489205
transition_first,0.75,4,0.5,16,3,40.47119995811954
transition_warm,0.75,4,0.5,16,3,32.716300047468394
transition_first,0.75,4,0.5,16,4,35.49630002817139
transition_warm,0.75,4,0.5,16,4,32.569399976637214
transition_first,0.75,4,0.5,16,5,27.9119000188075
transition_warm,0.75,4,0.5,16,5,36.929599998984486
transition_first,0.75,4,0.5,16,6,35.946000018157065
transition_warm,0.75,4,0.5,16,6,48.98900003172457
transition_first,0.75,4,0.5,16,7,32.33249997720122
transition_warm,0.75,4,0.5,16,7,32.22629998344928
transition_first,0.75,4,0.5,16,8,41.20640002656728
transition_warm,0.75,4,0.5,16,8,35.93959996942431
transition_first,0.75,4,0.5,16,9,35.8919000136666
transition_warm,0.75,4,0.5,16,9,30.087799998000264
transition_first,1.0,32,0.75,4,0,31.099399959202856
transition_warm,1.0,32,0.75,4,0,34.12040002876893
transition_first,1.0,32,0.75,4,1,47.68710001371801
transition_warm,1.0,32,0.75,4,1,35.092299978714436
transition_first,1.0,32,0.75,4,2,30.871800030581653
transition_warm,1.0,32,0.75,4,2,28.645000013057142
transition_first,1.0,32,0.75,4,3,35.97210004227236
transition_warm,1.0,32,0.75,4,3,30.01889999723062
transition_first,1.0,32,0.75,4,4,28.89560000039637
transition_warm,1.0,32,0.75,4,4,35.120399959851056
transition_first,1.0,32,0.75,4,5,32.40589995402843
transition_warm,1.0,32,0.75,4,5,41.22460004873574
transition_first,1.0,32,0.75,4,6,34.66030000708997
transition_warm,1.0,32,0.75,4,6,32.21410000696778
transition_first,1.0,32,0.75,4,7,32.528100011404604
transition_warm,1.0,32,0.75,4,7,30.54210002301261
transition_first,1.0,32,0.75,4,8,33.62090000882745
transition_warm,1.0,32,0.75,4,8,30.366700026206672
transition_first,1.0,32,0.75,4,9,37.81020001042634
transition_warm,1.0,32,0.75,4,9,35.6933000148274
transition_first,1.0,16,0.5,16,0,33.78990001510829
transition_warm,1.0,16,0.5,16,0,28.890299960039556
transition_first,1.0,16,0.5,16,1,28.854800038971007
transition_warm,1.0,16,0.5,16,1,37.72279998520389
transition_first,1.0,16,0.5,16,2,52.04739997861907
transition_warm,1.0,16,0.5,16,2,32.33620000537485
transition_first,1.0,16,0.5,16,3,37.81479998724535
transition_warm,1.0,16,0.5,16,3,43.45960001228377
transition_first,1.0,16,0.5,16,4,30.29720002086833
transition_warm,1.0,16,0.5,16,4,34.57469999557361
transition_first,1.0,16,0.5,16,5,34.96160003123805
transition_warm,1.0,16,0.5,16,5,25.674500036984682
transition_first,1.0,16,0.5,16,6,35.38090002257377
transition_warm,1.0,16,0.5,16,6,29.95080000255257
transition_first,1.0,16,0.5,16,7,29.243500030133873
transition_warm,1.0,16,0.5,16,7,29.13600002648309
transition_first,1.0,16,0.5,16,8,27.646999980788678
transition_warm,1.0,16,0.5,16,8,29.478399956133217
transition_first,1.0,16,0.5,16,9,29.097600025124848
transition_warm,1.0,16,0.5,16,9,31.24140005093068
transition_first,0.75,8,0.25,16,0,38.3191000437364
transition_warm,0.75,8,0.25,16,0,26.683299976866692
transition_first,0.75,8,0.25,16,1,31.438900041393936
transition_warm,0.75,8,0.25,16,1,52.619899972341955
transition_first,0.75,8,0.25,16,2,31.07039997121319
transition_warm,0.75,8,0.25,16,2,31.772599963005632
transition_first,0.75,8,0.25,16,3,29.407500056549907
transition_warm,0.75,8,0.25,16,3,30.25859995977953
transition_first,0.75,8,0.25,16,4,29.520099982619286
transition_warm,0.75,8,0.25,16,4,30.68229998461902
transition_first,0.75,8,0.25,16,5,32.928100030403584
transition_warm,0.75,8,0.25,16,5,35.516400006599724
transition_first,0.75,8,0.25,16,6,33.60040002735332
transition_warm,0.75,8,0.25,16,6,28.61269999993965
transition_first,0.75,8,0.25,16,7,36.63099999539554
transition_warm,0.75,8,0.25,16,7,32.068500004243106
transition_first,0.75,8,0.25,16,8,30.631800007540733
transition_warm,0.75,8,0.25,16,8,37.063000025227666
transition_first,0.75,8,0.25,16,9,37.790399976074696
transition_warm,0.75,8,0.25,16,9,28.855999989900738
transition_first,0.5,4,0.25,4,0,29.699200007598847
transition_warm,0.5,4,0.25,4,0,46.19830002775416
transition_first,0.5,4,0.25,4,1,30.107000027783215
transition_warm,0.5,4,0.25,4,1,33.80269999615848
transition_first,0.5,4,0.25,4,2,35.63810000196099
transition_warm,0.5,4,0.25,4,2,36.86679998645559
transition_first,0.5,4,0.25,4,3,28.247599955648184
transition_warm,0.5,4,0.25,4,3,33.34770002402365
transition_first,0.5,4,0.25,4,4,35.067199962213635
transition_warm,0.5,4,0.25,4,4,27.94599998742342
transition_first,0.5,4,0.25,4,5,39.23739999299869
transition_warm,0.5,4,0.25,4,5,53.7997999927029
transition_first,0.5,4,0.25,4,6,32.37609995994717
transition_warm,0.5,4,0.25,4,6,32.639100041706115
transition_first,0.5,4,0.25,4,7,31.91540000261739
transition_warm,0.5,4,0.25,4,7,25.970199960283935
transition_first,0.5,4,0.25,4,8,37.134299986064434
transition_warm,0.5,4,0.25,4,8,36.52300004614517
transition_first,0.5,4,0.25,4,9,37.55459998501465
transition_warm,0.5,4,0.25,4,9,41.773100034333766
transition_first,0.75,16,1.0,8,0,43.75080001773313
transition_warm,0.75,16,1.0,8,0,39.09259999636561
transition_first,0.75,16,1.0,8,1,37.69389999797568
transition_warm,0.75,16,1.0,8,1,38.09039999032393
transition_first,0.75,16,1.0,8,2,49.302900035399944
transition_warm,0.75,16,1.0,8,2,42.174600006546825
transition_first,0.75,16,1.0,8,3,36.029000009875745
transition_warm,0.75,16,1.0,8,3,41.79029999068007
transition_first,0.75,16,1.0,8,4,41.30430001532659
transition_warm,0.75,16,1.0,8,4,44.66940002748743
transition_first,0.75,16,1.0,8,5,31.418300000950694
transition_warm,0.75,16,1.0,8,5,38.42709999298677
transition_first,0.75,16,1.0,8,6,50.44250003993511
transition_warm,0.75,16,1.0,8,6,46.44200002076104
transition_first,0.75,16,1.0,8,7,32.9877000185661
transition_warm,0.75,16,1.0,8,7,31.530599982943386
transition_first,0.75,16,1.0,8,8,35.02929996466264
transition_warm,0.75,16,1.0,8,8,37.90729999309406
transition_first,0.75,16,1.0,8,9,41.404300020076334
transition_warm,0.75,16,1.0,8,9,34.828899952117354
transition_first,0.5,32,0.75,4,0,28.796200000215322
transition_warm,0.5,32,0.75,4,0,29.312599974218756
transition_first,0.5,32,0.75,4,1,36.10480000497773
transition_warm,0.5,32,0.75,4,1,36.803800030611455
transition_first,0.5,32,0.75,4,2,34.57370004616678
transition_warm,0.5,32,0.75,4,2,41.88609996344894
transition_first,0.5,32,0.75,4,3,38.43610000330955
transition_warm,0.5,32,0.75,4,3,40.986300038639456
transition_first,0.5,32,0.75,4,4,38.128199987113476
transition_warm,0.5,32,0.75,4,4,42.300399974919856
transition_first,0.5,32,0.75,4,5,28.93869997933507
transition_warm,0.5,32,0.75,4,5,36.31109994603321
transition_first,0.5,32,0.75,4,6,28.212300036102533
transition_warm,0.5,32,0.75,4,6,30.834199977107346
transition_first,0.5,32,0.75,4,7,31.673299963586032
transition_warm,0.5,32,0.75,4,7,28.525799978524446
transition_first,0.5,32,0.75,4,8,35.30490002594888
transition_warm,0.5,32,0.75,4,8,34.28180003538728
transition_first,0.5,32,0.75,4,9,32.87980001186952
transition_warm,0.5,32,0.75,4,9,31.391699973028153
transition_first,0.5,32,1.0,16,0,32.816599996294826
transition_warm,0.5,32,1.0,16,0,34.97440001228824
transition_first,0.5,32,1.0,16,1,34.676400013267994
transition_warm,0.5,32,1.0,16,1,36.224599985871464
transition_first,0.5,32,1.0,16,2,44.989399961195886
transition_warm,0.5,32,1.0,16,2,36.6671999800019
transition_first,0.5,32,1.0,16,3,34.37359997769818
transition_warm,0.5,32,1.0,16,3,34.56140001071617
transition_first,0.5,32,1.0,16,4,37.772800016682595
transition_warm,0.5,32,1.0,16,4,32.603100000415
transition_first,0.5,32,1.0,16,5,34.47949996916577
transition_warm,0.5,32,1.0,16,5,35.7551000197418
transition_first,0.5,32,1.0,16,6,35.99849995225668
transition_warm,0.5,32,1.0,16,6,35.51570000126958
transition_first,0.5,32,1.0,16,7,32.744100026320666
transition_warm,0.5,32,1.0,16,7,39.2808000324294
transition_first,0.5,32,1.0,16,8,49.86069997539744
transition_warm,0.5,32,1.0,16,8,39.415700011886656
transition_first,0.5,32,1.0,16,9,33.45170000102371
transition_warm,0.5,32,1.0,16,9,32.59779996005818
transition_first,0.5,16,1.0,16,0,33.89019996393472
transition_warm,0.5,16,1.0,16,0,33.99669995997101
transition_first,0.5,16,1.0,16,1,33.741499995812774
transition_warm,0.5,16,1.0,16,1,37.273299996741116
transition_first,0.5,16,1.0,16,2,33.25499995844439
transition_warm,0.5,16,1.0,16,2,33.19079999346286
transition_first,0.5,16,1.0,16,3,32.12540003005415
transition_warm,0.5,16,1.0,16,3,46.06849997071549
transition_first,0.5,16,1.0,16,4,35.93150002416223
transition_warm,0.5,16,1.0,16,4,33.90760003821924
transition_first,0.5,16,1.0,16,5,31.558500020764768
transition_warm,0.5,16,1.0,16,5,33.41859998181462
transition_first,0.5,16,1.0,16,6,37.729899981059134
transition_warm,0.5,16,1.0,16,6,38.67550002178177
transition_first,0.5,16,1.0,16,7,42.76179999578744
transition_warm,0.5,16,1.0,16,7,36.16150002926588
transition_first,0.5,16,1.0,16,8,33.62350002862513
transition_warm,0.5,16,1.0,16,8,35.68339999765158
transition_first,0.5,16,1.0,16,9,34.68460001749918
transition_warm,0.5,16,1.0,16,9,35.92850000131875
transition_first,0.5,16,1.0,8,0,33.41569995973259
transition_warm,0.5,16,1.0,8,0,38.86249999050051
transition_first,0.5,16,1.0,8,1,39.992300036828965
transition_warm,0.5,16,1.0,8,1,43.63590001594275
transition_first,0.5,16,1.0,8,2,35.28200002619997
transition_warm,0.5,16,1.0,8,2,35.820199991576374
transition_first,0.5,16,1.0,8,3,34.636199998203665
transition_warm,0.5,16,1.0,8,3,34.632000024430454
transition_first,0.5,16,1.0,8,4,37.55319997435436
transition_warm,0.5,16,1.0,8,4,38.1125999847427
transition_first,0.5,16,1.0,8,5,36.6352999699302
transition_warm,0.5,16,1.0,8,5,32.67280000727624
transition_first,0.5,16,1.0,8,6,32.25210000528023
transition_warm,0.5,16,1.0,8,6,34.28740001982078
transition_first,0.5,16,1.0,8,7,32.96750003937632
transition_warm,0.5,16,1.0,8,7,36.17350000422448
transition_first,0.5,16,1.0,8,8,52.942799986340106
transition_warm,0.5,16,1.0,8,8,35.913400002755225
transition_first,0.5,16,1.0,8,9,35.18710000207648
transition_warm,0.5,16,1.0,8,9,39.00960000464693
transition_first,0.5,32,0.25,32,0,9.887800028081983
transition_warm,0.5,32,0.25,32,0,11.586100037675351
transition_first,0.5,32,0.25,32,1,12.30180001584813
transition_warm,0.5,32,0.25,32,1,12.165000021923333
transition_first,0.5,32,0.25,32,2,12.033400009386241
transition_warm,0.5,32,0.25,32,2,9.377599984873086
transition_first,0.5,32,0.25,32,3,9.25559998722747
transition_warm,0.5,32,0.25,32,3,10.379699990153313
transition_first,0.5,32,0.25,32,4,10.470599983818829
transition_warm,0.5,32,0.25,32,4,10.833700012881309
transition_first,0.5,32,0.25,32,5,11.142400035168976
transition_warm,0.5,32,0.25,32,5,11.494799982756376
transition_first,0.5,32,0.25,32,6,12.736100004985929
transition_warm,0.5,32,0.25,32,6,12.918299995362759
transition_first,0.5,32,0.25,32,7,11.92550000268966
transition_warm,0.5,32,0.25,32,7,16.781000012997538
transition_first,0.5,32,0.25,32,8,19.44900001399219
transition_warm,0.5,32,0.25,32,8,13.13879998633638
transition_first,0.5,32,0.25,32,9,9.14289994398132
transition_warm,0.5,32,0.25,32,9,10.969599999953061
transition_first,0.5,16,1.0,4,0,36.58210003050044
transition_warm,0.5,16,1.0,4,0,44.21999998157844
transition_first,0.5,16,1.0,4,1,32.33040001941845
transition_warm,0.5,16,1.0,4,1,35.6568000279367
transition_first,0.5,16,1.0,4,2,32.15949999867007
transition_warm,0.5,16,1.0,4,2,34.34309997828677
transition_first,0.5,16,1.0,4,3,36.875099991448224
transition_warm,0.5,16,1.0,4,3,47.592999995686114
transition_first,0.5,16,1.0,4,4,34.853799967095256
transition_warm,0.5,16,1.0,4,4,39.604099991265684
transition_first,0.5,16,1.0,4,5,38.26649999246001
transition_warm,0.5,16,1.0,4,5,33.62070000730455
transition_first,0.5,16,1.0,4,6,44.717200042214245
transition_warm,0.5,16,1.0,4,6,34.95869995094836
transition_first,0.5,16,1.0,4,7,37.3752000159584
transition_warm,0.5,16,1.0,4,7,35.49149999162182
transition_first,0.5,16,1.0,4,8,38.2198000443168
transition_warm,0.5,16,1.0,4,8,43.32490003434941
transition_first,0.5,16,1.0,4,9,32.44899999117479
transition_warm,0.5,16,1.0,4,9,33.019700029399246
transition_first,1.0,32,0.75,32,0,11.654700036160648
transition_warm,1.0,32,0.75,32,0,11.551400006283075
transition_first,1.0,32,0.75,32,1,13.600300007965416
transition_warm,1.0,32,0.75,32,1,10.755600000265986
transition_first,1.0,32,0.75,32,2,14.403300010599196
transition_warm,1.0,32,0.75,32,2,12.984899978619069
transition_first,1.0,32,0.75,32,3,12.319899979047477
transition_warm,1.0,32,0.75,32,3,13.046799984294921
transition_first,1.0,32,0.75,32,4,10.536800022237003
transition_warm,1.0,32,0.75,32,4,11.269499955233186
transition_first,1.0,32,0.75,32,5,9.911299974191934
transition_warm,1.0,32,0.75,32,5,13.136499968823045
transition_first,1.0,32,0.75,32,6,12.078900006599724
transition_warm,1.0,32,0.75,32,6,10.167900007218122
transition_first,1.0,32,0.75,32,7,10.385299974586815
transition_warm,1.0,32,0.75,32,7,10.70889999391511
transition_first,1.0,32,0.75,32,8,10.291000013239682
transition_warm,1.0,32,0.75,32,8,11.174899991601706
transition_first,1.0,32,0.75,32,9,11.695599998347461
transition_warm,1.0,32,0.75,32,9,10.714499978348613
transition_first,0.25,16,0.75,16,0,33.9065000298433
transition_warm,0.25,16,0.75,16,0,29.1031000087969
transition_first,0.25,16,0.75,16,1,44.92349998326972
transition_warm,0.25,16,0.75,16,1,34.42939999513328
transition_first,0.25,16,0.75,16,2,29.65900005074218
transition_warm,0.25,16,0.75,16,2,34.742699994239956
transition_first,0.25,16,0.75,16,3,29.80270003899932
transition_warm,0.25,16,0.75,16,3,30.90309997787699
transition_first,0.25,16,0.75,16,4,30.845200002659112
transition_warm,0.25,16,0.75,16,4,34.95000000111759
transition_first,0.25,16,0.75,16,5,35.30510002747178
transition_warm,0.25,16,0.75,16,5,33.077600004617125
transition_first,0.25,16,0.75,16,6,35.430399992037565
transition_warm,0.25,16,0.75,16,6,30.731100006960332
transition_first,0.25,16,0.75,16,7,30.666000035125762
transition_warm,0.25,16,0.75,16,7,39.21499999705702
transition_first,0.25,16,0.75,16,8,34.51990004396066
transition_warm,0.25,16,0.75,16,8,29.122200037818402
transition_first,0.25,16,0.75,16,9,32.090699998661876
transition_warm,0.25,16,0.75,16,9,30.581100028939545
transition_first,0.75,16,0.5,4,0,31.84259997215122
transition_warm,0.75,16,0.5,4,0,36.78419999778271
transition_first,0.75,16,0.5,4,1,36.86819999711588
transition_warm,0.75,16,0.5,4,1,42.55720000946894
transition_first,0.75,16,0.5,4,2,34.855299978516996
transition_warm,0.75,16,0.5,4,2,45.325900020543486
transition_first,0.75,16,0.5,4,3,29.472699970938265
transition_warm,0.75,16,0.5,4,3,32.33330004150048
transition_first,0.75,16,0.5,4,4,42.02560003614053
transition_warm,0.75,16,0.5,4,4,28.696499997749925
transition_first,0.75,16,0.5,4,5,32.49900002265349
transition_warm,0.75,16,0.5,4,5,35.19249998498708
transition_first,0.75,16,0.5,4,6,35.84720002254471
transition_warm,0.75,16,0.5,4,6,28.555799974128604
transition_first,0.75,16,0.5,4,7,27.78920001583174
transition_warm,0.75,16,0.5,4,7,31.175100011751056
transition_first,0.75,16,0.5,4,8,33.55440002633259
transition_warm,0.75,16,0.5,4,8,32.98349998658523
transition_first,0.75,16,0.5,4,9,31.976300000678748
transition_warm,0.75,16,0.5,4,9,46.0437000147067
transition_first,0.5,8,1.0,16,0,34.82910001184791
transition_warm,0.5,8,1.0,16,0,32.50079997815192
transition_first,0.5,8,1.0,16,1,32.418199989479035
transition_warm,0.5,8,1.0,16,1,36.874699988402426
transition_first,0.5,8,1.0,16,2,37.97780000604689
transition_warm,0.5,8,1.0,16,2,34.71600002376363
transition_first,0.5,8,1.0,16,3,32.2112999856472
transition_warm,0.5,8,1.0,16,3,36.11230000387877
transition_first,0.5,8,1.0,16,4,35.36610002629459
transition_warm,0.5,8,1.0,16,4,47.90439998032525
transition_first,0.5,8,1.0,16,5,34.320899983868
transition_warm,0.5,8,1.0,16,5,43.253400013782084
transition_first,0.5,8,1.0,16,6,40.589600044768304
transition_warm,0.5,8,1.0,16,6,33.9609999791719
transition_first,0.5,8,1.0,16,7,38.00160001264885
transition_warm,0.5,8,1.0,16,7,41.3027000031434
transition_first,0.5,8,1.0,16,8,35.4384999955073
transition_warm,0.5,8,1.0,16,8,37.51600004034117
transition_first,0.5,8,1.0,16,9,31.102599983569235
transition_warm,0.5,8,1.0,16,9,35.23589996621013
transition_first,0.75,32,0.25,32,0,10.426900000311434
transition_warm,0.75,32,0.25,32,0,12.87809998029843
transition_first,0.75,32,0.25,32,1,12.319099972955883
transition_warm,0.75,32,0.25,32,1,16.523799975402653
transition_first,0.75,32,0.25,32,2,16.151299991179258
transition_warm,0.75,32,0.25,32,2,10.755499999504536
transition_first,0.75,32,0.25,32,3,9.869500005152076
transition_warm,0.75,32,0.25,32,3,9.242700005415827
transition_first,0.75,32,0.25,32,4,10.60519996099174
transition_warm,0.75,32,0.25,32,4,10.335899947676808
transition_first,0.75,32,0.25,32,5,12.43209996027872
transition_warm,0.75,32,0.25,32,5,12.563500029500574
transition_first,0.75,32,0.25,32,6,11.323200014885515
transition_warm,0.75,32,0.25,32,6,12.52250000834465
transition_first,0.75,32,0.25,32,7,10.760300036054105
transition_warm,0.75,32,0.25,32,7,11.311699985526502
transition_first,0.75,32,0.25,32,8,11.453300016000867
transition_warm,0.75,32,0.25,32,8,17.642599996179342
transition_first,0.75,32,0.25,32,9,12.59810000192374
transition_warm,0.75,32,0.25,32,9,10.788399958983064
transition_first,0.5,8,0.5,4,0,29.226600017864257
transition_warm,0.5,8,0.5,4,0,33.73010002542287
transition_first,0.5,8,0.5,4,1,31.35689999908209
transition_warm,0.5,8,0.5,4,1,34.679199976380914
transition_first,0.5,8,0.5,4,2,39.18970003724098
transition_warm,0.5,8,0.5,4,2,29.029899975284934
transition_first,0.5,8,0.5,4,3,30.38189996732399
transition_warm,0.5,8,0.5,4,3,34.73490005126223
transition_first,0.5,8,0.5,4,4,34.20300001744181
transition_warm,0.5,8,0.5,4,4,35.163799999281764
transition_first,0.5,8,0.5,4,5,31.217999989166856
transition_warm,0.5,8,0.5,4,5,36.48119996068999
transition_first,0.5,8,0.5,4,6,27.466900006402284
transition_warm,0.5,8,0.5,4,6,30.16849997220561
transition_first,0.5,8,0.5,4,7,36.037799960467964
transition_warm,0.5,8,0.5,4,7,35.62469995813444
transition_first,0.5,8,0.5,4,8,32.416799978818744
transition_warm,0.5,8,0.5,4,8,131.72710000071675
transition_first,0.5,8,0.5,4,9,30.65559995593503
transition_warm,0.5,8,0.5,4,9,44.175000046379864
transition_first,1.0,4,1.0,8,0,31.804599973838776
transition_warm,1.0,4,1.0,8,0,33.54229999240488
transition_first,1.0,4,1.0,8,1,33.88999996241182
transition_warm,1.0,4,1.0,8,1,36.21289995498955
transition_first,1.0,4,1.0,8,2,34.03140004957095
transition_warm,1.0,4,1.0,8,2,41.239899990614504
transition_first,1.0,4,1.0,8,3,35.70259996922687
transition_warm,1.0,4,1.0,8,3,30.75520001584664
transition_first,1.0,4,1.0,8,4,31.057899992447346
transition_warm,1.0,4,1.0,8,4,32.23860001889989
transition_first,1.0,4,1.0,8,5,31.791299988981336
transition_warm,1.0,4,1.0,8,5,32.95880003133789
transition_first,1.0,4,1.0,8,6,39.28199998335913
transition_warm,1.0,4,1.0,8,6,32.5147999683395
transition_first,1.0,4,1.0,8,7,33.81310001714155
transition_warm,1.0,4,1.0,8,7,32.1684000082314
transition_first,1.0,4,1.0,8,8,37.96190000139177
transition_warm,1.0,4,1.0,8,8,35.92850000131875
transition_first,1.0,4,1.0,8,9,39.89329998148605
transition_warm,1.0,4,1.0,8,9,40.41209997376427
transition_first,0.5,4,0.25,16,0,32.16750000137836
transition_warm,0.5,4,0.25,16,0,31.840100011322647
transition_first,0.5,4,0.25,16,1,34.48330005630851
transition_warm,0.5,4,0.25,16,1,31.097900005988777
transition_first,0.5,4,0.25,16,2,41.7499000323005
transition_warm,0.5,4,0.25,16,2,41.672200022730976
transition_first,0.5,4,0.25,16,3,27.303999988362193
transition_warm,0.5,4,0.25,16,3,37.13670000433922
transition_first,0.5,4,0.25,16,4,54.745999979786575
transition_warm,0.5,4,0.25,16,4,30.97910003270954
transition_first,0.5,4,0.25,16,5,24.70740000717342
transition_warm,0.5,4,0.25,16,5,33.06200000224635
transition_first,0.5,4,0.25,16,6,32.86609996575862
transition_warm,0.5,4,0.25,16,6,28.447300021070987
transition_first,0.5,4,0.25,16,7,30.80249996855855
transition_warm,0.5,4,0.25,16,7,34.75570003502071
transition_first,0.5,4,0.25,16,8,37.99480001907796
transition_warm,0.5,4,0.25,16,8,41.261900041718036
transition_first,0.5,4,0.25,16,9,32.38009999040514
transition_warm,0.5,4,0.25,16,9,35.470500006340444
transition_first,0.25,16,1.0,16,0,38.35980000440031
transition_warm,0.25,16,1.0,16,0,38.601100037340075
transition_first,0.25,16,1.0,16,1,34.12989998469129
transition_warm,0.25,16,1.0,16,1,36.51120001450181
transition_first,0.25,16,1.0,16,2,33.529300009831786
transition_warm,0.25,16,1.0,16,2,34.268899995367974
transition_first,0.25,16,1.0,16,3,33.404999994672835
transition_warm,0.25,16,1.0,16,3,31.759400037117302
transition_first,0.25,16,1.0,16,4,35.71989998454228
transition_warm,0.25,16,1.0,16,4,32.193099963478744
transition_first,0.25,16,1.0,16,5,37.41240000817925
transition_warm,0.25,16,1.0,16,5,39.16129999561235
transition_first,0.25,16,1.0,16,6,37.24650002550334
transition_warm,0.25,16,1.0,16,6,33.01660000579432
transition_first,0.25,16,1.0,16,7,40.73489998700097
transition_warm,0.25,16,1.0,16,7,35.947399970609695
transition_first,0.25,16,1.0,16,8,35.06789996754378
transition_warm,0.25,16,1.0,16,8,38.15129998838529
transition_first,0.25,16,1.0,16,9,33.570999978110194
transition_warm,0.25,16,1.0,16,9,34.79669999796897
transition_first,1.0,16,1.0,4,0,50.19420001190156
transition_warm,1.0,16,1.0,4,0,36.2893000128679
transition_first,1.0,16,1.0,4,1,32.904100022278726
transition_warm,1.0,16,1.0,4,1,39.67679996276274
transition_first,1.0,16,1.0,4,2,39.283799997065216
transition_warm,1.0,16,1.0,4,2,30.871199967805296
transition_first,1.0,16,1.0,4,3,32.73500001523644
transition_warm,1.0,16,1.0,4,3,42.703800019808114
transition_first,1.0,16,1.0,4,4,44.16469996795058
transition_warm,1.0,16,1.0,4,4,45.288800029084086
transition_first,1.0,16,1.0,4,5,35.433399956673384
transition_warm,1.0,16,1.0,4,5,32.826999959070235
transition_first,1.0,16,1.0,4,6,39.32059998624027
transition_warm,1.0,16,1.0,4,6,31.489599961787462
transition_first,1.0,16,1.0,4,7,47.43809998035431
transition_warm,1.0,16,1.0,4,7,36.13770002266392
transition_first,1.0,16,1.0,4,8,35.511800029780716
transition_warm,1.0,16,1.0,4,8,31.912999984342605
transition_first,1.0,16,1.0,4,9,32.97309996560216
transition_warm,1.0,16,1.0,4,9,37.93839999707416
transition_first,0.5,4,0.75,32,0,12.164300016593188
transition_warm,0.5,4,0.75,32,0,9.640400006901473
transition_first,0.5,4,0.75,32,1,10.77709998935461
transition_warm,0.5,4,0.75,32,1,10.134200041648
transition_first,0.5,4,0.75,32,2,10.82010002573952
transition_warm,0.5,4,0.75,32,2,10.38759999210015
transition_first,0.5,4,0.75,32,3,11.432499974034727
transition_warm,0.5,4,0.75,32,3,10.630400036461651
transition_first,0.5,4,0.75,32,4,12.622500013094395
transition_warm,0.5,4,0.75,32,4,11.48240000475198
transition_first,0.5,4,0.75,32,5,9.662199998274446
transition_warm,0.5,4,0.75,32,5,11.463899980299175
transition_first,0.5,4,0.75,32,6,9.513799974229187
transition_warm,0.5,4,0.75,32,6,9.627799969166517
transition_first,0.5,4,0.75,32,7,19.009399984497577
transition_warm,0.5,4,0.75,32,7,21.569799981079996
transition_first,0.5,4,0.75,32,8,9.40380000974983
transition_warm,0.5,4,0.75,32,8,13.129699975252151
transition_first,0.5,4,0.75,32,9,12.54759996663779
transition_warm,0.5,4,0.75,32,9,11.35200000135228
transition_first,0.25,32,1.0,8,0,36.064499989151955
transition_warm,0.25,32,1.0,8,0,39.408500015269965
transition_first,0.25,32,1.0,8,1,34.59529997780919
transition_warm,0.25,32,1.0,8,1,33.849600004032254
transition_first,0.25,32,1.0,8,2,38.50730002159253
transition_warm,0.25,32,1.0,8,2,35.13289999682456
transition_first,0.25,32,1.0,8,3,33.53800001787022
transition_warm,0.25,32,1.0,8,3,43.333100038580596
transition_first,0.25,32,1.0,8,4,34.597499994561076
transition_warm,0.25,32,1.0,8,4,34.84600002411753
transition_first,0.25,32,1.0,8,5,34.957800002302974
transition_warm,0.25,32,1.0,8,5,43.75630000140518
transition_first,0.25,32,1.0,8,6,34.20490003190935
transition_warm,0.25,32,1.0,8,6,36.556500010192394
transition_first,0.25,32,1.0,8,7,37.94800001196563
transition_warm,0.25,32,1.0,8,7,36.99079999933019
transition_first,0.25,32,1.0,8,8,38.17760001402348
transition_warm,0.25,32,1.0,8,8,35.52420000778511
transition_first,0.25,32,1.0,8,9,37.199099955614656
transition_warm,0.25,32,1.0,8,9,49.705700017511845
transition_first,0.25,8,1.0,16,0,35.78019997803494
transition_warm,0.25,8,1.0,16,0,34.0664999675937
transition_first,0.25,8,1.0,16,1,37.66970004653558
transition_warm,0.25,8,1.0,16,1,38.03970001172274
transition_first,0.25,8,1.0,16,2,35.22249998059124
transition_warm,0.25,8,1.0,16,2,35.468899994157255
transition_first,0.25,8,1.0,16,3,34.305899986065924
transition_warm,0.25,8,1.0,16,3,37.58800000650808
transition_first,0.25,8,1.0,16,4,45.85529997712001
transition_warm,0.25,8,1.0,16,4,39.438100007828325
transition_first,0.25,8,1.0,16,5,43.6426000087522
transition_warm,0.25,8,1.0,16,5,35.09650001069531
transition_first,0.25,8,1.0,16,6,38.584399968385696
transition_warm,0.25,8,1.0,16,6,42.97549999319017
transition_first,0.25,8,1.0,16,7,40.307800052687526
transition_warm,0.25,8,1.0,16,7,41.10130004119128
transition_first,0.25,8,1.0,16,8,38.47910003969446
transition_warm,0.25,8,1.0,16,8,31.250499945599586
transition_first,0.25,8,1.0,16,9,33.39210001286119
transition_warm,0.25,8,1.0,16,9,43.8467999920249
transition_first,1.0,32,0.5,4,0,40.90729996096343
transition_warm,1.0,32,0.5,4,0,44.6780999773182
transition_first,1.0,32,0.5,4,1,46.08280002139509
transition_warm,1.0,32,0.5,4,1,34.25189998233691
transition_first,1.0,32,0.5,4,2,28.510999982245266
transition_warm,1.0,32,0.5,4,2,32.8575000166893
transition_first,1.0,32,0.5,4,3,37.83970000222325
transition_warm,1.0,32,0.5,4,3,28.324299957603216
transition_first,1.0,32,0.5,4,4,34.6620999625884
transition_warm,1.0,32,0.5,4,4,25.53679997799918
transition_first,1.0,32,0.5,4,5,39.80750002665445
transition_warm,1.0,32,0.5,4,5,30.061200028285384
transition_first,1.0,32,0.5,4,6,28.63519999664277
transition_warm,1.0,32,0.5,4,6,28.351599990855902
transition_first,1.0,32,0.5,4,7,37.37769997678697
transition_warm,1.0,32,0.5,4,7,34.41319998819381
transition_first,1.0,32,0.5,4,8,40.71040003327653
transition_warm,1.0,32,0.5,4,8,38.79860002780333
transition_first,1.0,32,0.5,4,9,30.063899990636855
transition_warm,1.0,32,0.5,4,9,33.16110000014305
transition_first,1.0,16,0.25,16,0,38.23110001394525
transition_warm,1.0,16,0.25,16,0,36.879300023429096
transition_first,1.0,16,0.25,16,1,37.49359998619184
transition_warm,1.0,16,0.25,16,1,27.102300024125725
transition_first,1.0,16,0.25,16,2,34.052499977406114
transition_warm,1.0,16,0.25,16,2,34.88560003461316
transition_first,1.0,16,0.25,16,3,29.99509999062866
transition_warm,1.0,16,0.25,16,3,33.70219998760149
transition_first,1.0,16,0.25,16,4,46.8492999789305
transition_warm,1.0,16,0.25,16,4,44.516999972984195
transition_first,1.0,16,0.25,16,5,30.566499975975603
transition_warm,1.0,16,0.25,16,5,30.784500006120652
transition_first,1.0,16,0.25,16,6,37.69530000863597
transition_warm,1.0,16,0.25,16,6,36.8597999913618
transition_first,1.0,16,0.25,16,7,31.63949999725446
transition_warm,1.0,16,0.25,16,7,45.59349996270612
transition_first,1.0,16,0.25,16,8,34.31279998039827
transition_warm,1.0,16,0.25,16,8,30.151299957651645
transition_first,1.0,16,0.25,16,9,33.754599979147315
transition_warm,1.0,16,0.25,16,9,26.145600015297532
transition_first,0.5,8,0.25,32,0,9.85999999102205
transition_warm,0.5,8,0.25,32,0,11.542799999006093
transition_first,0.5,8,0.25,32,1,12.708299967925996
transition_warm,0.5,8,0.25,32,1,9.588999964762479
transition_first,0.5,8,0.25,32,2,12.81129999551922
transition_warm,0.5,8,0.25,32,2,12.364999973215163
transition_first,0.5,8,0.25,32,3,13.095700007397681
transition_warm,0.5,8,0.25,32,3,12.441500031854957
transition_first,0.5,8,0.25,32,4,15.888400026597083
transition_warm,0.5,8,0.25,32,4,13.52859998587519
transition_first,0.5,8,0.25,32,5,12.80259998748079
transition_warm,0.5,8,0.25,32,5,14.586699951905757
transition_first,0.5,8,0.25,32,6,10.810999956447631
transition_warm,0.5,8,0.25,32,6,9.948500024620444
transition_first,0.5,8,0.25,32,7,11.74460002221167
transition_warm,0.5,8,0.25,32,7,11.108600010629743
transition_first,0.5,8,0.25,32,8,16.269000014290214
transition_warm,0.5,8,0.25,32,8,23.25110003584996
transition_first,0.5,8,0.25,32,9,10.505200014449656
transition_warm,0.5,8,0.25,32,9,10.01860003452748
transition_first,0.75,8,0.5,8,0,26.642900018487126
transition_warm,0.75,8,0.5,8,0,28.426499979104847
transition_first,0.75,8,0.5,8,1,29.986699984874576
transition_warm,0.75,8,0.5,8,1,34.245099988766015
transition_first,0.75,8,0.5,8,2,34.3150999979116
transition_warm,0.75,8,0.5,8,2,61.22979999054223
transition_first,0.75,8,0.5,8,3,36.9271999807097
transition_warm,0.75,8,0.5,8,3,42.317100043874234
transition_first,0.75,8,0.5,8,4,31.451100017875433
transition_warm,0.75,8,0.5,8,4,32.15400001499802
transition_first,0.75,8,0.5,8,5,29.326299962121993
transition_warm,0.75,8,0.5,8,5,30.92549997381866
transition_first,0.75,8,0.5,8,6,31.785800005309284
transition_warm,0.75,8,0.5,8,6,37.87870000815019
transition_first,0.75,8,0.5,8,7,31.01440001046285
transition_warm,0.75,8,0.5,8,7,34.42929999437183
transition_first,0.75,8,0.5,8,8,35.92290001688525
transition_warm,0.75,8,0.5,8,8,36.02070000488311
transition_first,0.75,8,0.5,8,9,40.50679999636486
transition_warm,0.75,8,0.5,8,9,27.84830000018701
transition_first,0.5,4,1.0,8,0,37.107499956618994
transition_warm,0.5,4,1.0,8,0,38.84880000259727
transition_first,0.5,4,1.0,8,1,41.604099969845265
transition_warm,0.5,4,1.0,8,1,44.48270000284538
transition_first,0.5,4,1.0,8,2,42.59720002301037
transition_warm,0.5,4,1.0,8,2,43.47219999181107
transition_first,0.5,4,1.0,8,3,36.5925999940373
transition_warm,0.5,4,1.0,8,3,39.3173000193201
transition_first,0.5,4,1.0,8,4,34.18500005500391
transition_warm,0.5,4,1.0,8,4,35.28250003000721
transition_first,0.5,4,1.0,8,5,30.54800000973046
transition_warm,0.5,4,1.0,8,5,37.240900041069835
transition_first,0.5,4,1.0,8,6,44.863700051791966
transition_warm,0.5,4,1.0,8,6,37.57679997943342
transition_first,0.5,4,1.0,8,7,46.51820001890883
transition_warm,0.5,4,1.0,8,7,38.95999997621402
transition_first,0.5,4,1.0,8,8,37.499999976716936
transition_warm,0.5,4,1.0,8,8,33.88260002247989
transition_first,0.5,4,1.0,8,9,34.292600001208484
transition_warm,0.5,4,1.0,8,9,33.411000040359795
transition_first,0.25,4,0.75,16,0,43.711100006476045
transition_warm,0.25,4,0.75,16,0,36.87000001082197
transition_first,0.25,4,0.75,16,1,34.84400000888854
transition_warm,0.25,4,0.75,16,1,30.070299981161952
transition_first,0.25,4,0.75,16,2,60.72240002686158
transition_warm,0.25,4,0.75,16,2,33.481999998912215
transition_first,0.25,4,0.75,16,3,34.772599989082664
transition_warm,0.25,4,0.75,16,3,33.760299964342266
transition_first,0.25,4,0.75,16,4,49.30529999546707
transition_warm,0.25,4,0.75,16,4,33.47249998478219
transition_first,0.25,4,0.75,16,5,37.06870001042262
transition_warm,0.25,4,0.75,16,5,33.20910001639277
transition_first,0.25,4,0.75,16,6,28.732399980071932
transition_warm,0.25,4,0.75,16,6,33.216900017578155
transition_first,0.25,4,0.75,16,7,46.81309999432415
transition_warm,0.25,4,0.75,16,7,34.070299996528774
transition_first,0.25,4,0.75,16,8,30.906600004527718
transition_warm,0.25,4,0.75,16,8,34.273400029633194
transition_first,0.25,4,0.75,16,9,30.969500017818063
transition_warm,0.25,4,0.75,16,9,35.119300009682775
transition_first,0.25,4,0.5,8,0,31.283300020731986
transition_warm,0.25,4,0.5,8,0,37.138900021091104
transition_first,0.25,4,0.5,8,1,33.02939998684451
transition_warm,0.25,4,0.5,8,1,34.79060000972822
transition_first,0.25,4,0.5,8,2,38.347800029441714
transition_warm,0.25,4,0.5,8,2,39.99279998242855
transition_first,0.25,4,0.5,8,3,26.751300028990954
transition_warm,0.25,4,0.5,8,3,29.54630000749603
transition_first,0.25,4,0.5,8,4,34.30499997921288
transition_warm,0.25,4,0.5,8,4,31.22790000634268
transition_first,0.25,4,0.5,8,5,29.959900013636798
transition_warm,0.25,4,0.5,8,5,29.949499992653728
transition_first,0.25,4,0.5,8,6,40.11920001357794
transition_warm,0.25,4,0.5,8,6,33.86199998203665
transition_first,0.25,4,0.5,8,7,29.77870003087446
transition_warm,0.25,4,0.5,8,7,31.869699945673347
transition_first,0.25,4,0.5,8,8,49.33770000934601
transition_warm,0.25,4,0.5,8,8,35.15120001975447
transition_first,0.25,4,0.5,8,9,29.229599982500076
transition_warm,0.25,4,0.5,8,9,28.462299960665405
transition_first,1.0,8,0.5,8,0,31.449000001884997
transition_warm,1.0,8,0.5,8,0,28.950899955816567
transition_first,1.0,8,0.5,8,1,33.34530000574887
transition_warm,1.0,8,0.5,8,1,32.9063999815844
transition_first,1.0,8,0.5,8,2,34.15549994679168
transition_warm,1.0,8,0.5,8,2,29.634099977556616
transition_first,1.0,8,0.5,8,3,34.02459999779239
transition_warm,1.0,8,0.5,8,3,35.43549997266382
transition_first,1.0,8,0.5,8,4,55.8920000330545
transition_warm,1.0,8,0.5,8,4,33.99409999838099
transition_first,1.0,8,0.5,8,5,28.27930002240464
transition_warm,1.0,8,0.5,8,5,30.847500020172447
transition_first,1.0,8,0.5,8,6,29.58739997120574
transition_warm,1.0,8,0.5,8,6,28.275199991185218
transition_first,1.0,8,0.5,8,7,30.20389995072037
transition_warm,1.0,8,0.5,8,7,47.32189996866509
transition_first,1.0,8,0.5,8,8,32.97050000401214
transition_warm,1.0,8,0.5,8,8,30.323400045745075
transition_first,1.0,8,0.5,8,9,27.693599986378103
transition_warm,1.0,8,0.5,8,9,33.19570003077388
transition_first,1.0,8,1.0,4,0,35.29740002704784
transition_warm,1.0,8,1.0,4,0,34.01629999279976
transition_first,1.0,8,1.0,4,1,36.92409995710477
transition_warm,1.0,8,1.0,4,1,37.53460000734776
transition_first,1.0,8,1.0,4,2,36.35689994553104
transition_warm,1.0,8,1.0,4,2,36.21980000752956
transition_first,1.0,8,1.0,4,3,33.7256999919191
transition_warm,1.0,8,1.0,4,3,44.59010000573471
transition_first,1.0,8,1.0,4,4,40.59290001168847
transition_warm,1.0,8,1.0,4,4,34.263000008650124
transition_first,1.0,8,1.0,4,5,34.13879999425262
transition_warm,1.0,8,1.0,4,5,36.120900011155754
transition_first,1.0,8,1.0,4,6,35.19730002153665
transition_warm,1.0,8,1.0,4,6,32.99999999580905
transition_first,1.0,8,1.0,4,7,33.32109999610111
transition_warm,1.0,8,1.0,4,7,33.55550003470853
transition_first,1.0,8,1.0,4,8,34.307399997487664
transition_warm,1.0,8,1.0,4,8,33.871899999212474
transition_first,1.0,8,1.0,4,9,56.06150004314259
transition_warm,1.0,8,1.0,4,9,40.62819998944178
transition_first,1.0,4,1.0,32,0,12.39950000308454
transition_warm,1.0,4,1.0,32,0,11.72549999319017
transition_first,1.0,4,1.0,32,1,15.311900002416223
transition_warm,1.0,4,1.0,32,1,12.852500018198043
transition_first,1.0,4,1.0,32,2,19.320499966852367
transition_warm,1.0,4,1.0,32,2,17.53299997653812
transition_first,1.0,4,1.0,32,3,11.856600001920015
transition_warm,1.0,4,1.0,32,3,9.379299997817725
transition_first,1.0,4,1.0,32,4,12.398999999277294
transition_warm,1.0,4,1.0,32,4,11.806299968156964
transition_first,1.0,4,1.0,32,5,10.552099964115769
transition_warm,1.0,4,1.0,32,5,9.749299963004887
transition_first,1.0,4,1.0,32,6,12.404199980664998
transition_warm,1.0,4,1.0,32,6,11.781100009102374
transition_first,1.0,4,1.0,32,7,10.547299985773861
transition_warm,1.0,4,1.0,32,7,9.55919997068122
transition_first,1.0,4,1.0,32,8,11.874800024088472
transition_warm,1.0,4,1.0,32,8,11.879300000146031
transition_first,1.0,4,1.0,32,9,11.432599974796176
transition_warm,1.0,4,1.0,32,9,11.658300005365163
transition_first,0.75,16,1.0,4,0,37.196700053755194
transition_warm,0.75,16,1.0,4,0,30.097699956968427
transition_first,0.75,16,1.0,4,1,48.91549999592826
transition_warm,0.75,16,1.0,4,1,40.088700014166534
transition_first,0.75,16,1.0,4,2,33.40539999771863
transition_warm,0.75,16,1.0,4,2,33.17180002341047
transition_first,0.75,16,1.0,4,3,32.36559999641031
transition_warm,0.75,16,1.0,4,3,33.68170000612736
transition_first,0.75,16,1.0,4,4,43.69700001552701
transition_warm,0.75,16,1.0,4,4,38.70069998083636
transition_first,0.75,16,1.0,4,5,49.28369994740933
transition_warm,0.75,16,1.0,4,5,36.64310002932325
transition_first,0.75,16,1.0,4,6,35.35959997680038
transition_warm,0.75,16,1.0,4,6,32.26209996500984
transition_first,0.75,16,1.0,4,7,35.8295000041835
transition_warm,0.75,16,1.0,4,7,39.84799998579547
transition_first,0.75,16,1.0,4,8,38.09099999489263
transition_warm,0.75,16,1.0,4,8,38.87170000234619
transition_first,0.75,16,1.0,4,9,35.57609999552369
transition_warm,0.75,16,1.0,4,9,36.82079998543486
transition_first,0.25,16,0.5,8,0,27.57580002071336
transition_warm,0.25,16,0.5,8,0,75.41230000788346
transition_first,0.25,16,0.5,8,1,35.485200001858175
transition_warm,0.25,16,0.5,8,1,36.64179996121675
transition_first,0.25,16,0.5,8,2,26.588600012473762
transition_warm,0.25,16,0.5,8,2,31.054100021719933
transition_first,0.25,16,0.5,8,3,36.72780003398657
transition_warm,0.25,16,0.5,8,3,33.70329999597743
transition_first,0.25,16,0.5,8,4,26.358900009654462
transition_warm,0.25,16,0.5,8,4,33.796100004110485
transition_first,0.25,16,0.5,8,5,31.23500000219792
transition_warm,0.25,16,0.5,8,5,35.606599994935095
transition_first,0.25,16,0.5,8,6,32.74649998638779
transition_warm,0.25,16,0.5,8,6,31.337000022176653
transition_first,0.25,16,0.5,8,7,39.72729999804869
transition_warm,0.25,16,0.5,8,7,38.60859997803345
transition_first,0.25,16,0.5,8,8,30.119999952148646
transition_warm,0.25,16,0.5,8,8,31.92550002131611
transition_first,0.25,16,0.5,8,9,34.276400052476674
transition_warm,0.25,16,0.5,8,9,26.065299985930324
transition_first,0.5,16,0.75,4,0,34.47690000757575
transition_warm,0.5,16,0.75,4,0,28.933599998708814
transition_first,0.5,16,0.75,4,1,33.37160003138706
transition_warm,0.5,16,0.75,4,1,35.221199970692396
transition_first,0.5,16,0.75,4,2,29.06319999601692
transition_warm,0.5,16,0.75,4,2,31.207500025629997
transition_first,0.5,16,0.75,4,3,30.391400039661676
transition_warm,0.5,16,0.75,4,3,28.5444000037387
transition_first,0.5,16,0.75,4,4,30.625700019299984
transition_warm,0.5,16,0.75,4,4,30.741000024136156
transition_first,0.5,16,0.75,4,5,31.689000024925917
transition_warm,0.5,16,0.75,4,5,33.42950000660494
transition_first,0.5,16,0.75,4,6,32.852600037585944
transition_warm,0.5,16,0.75,4,6,31.16240003146231
transition_first,0.5,16,0.75,4,7,29.105599969625473
transition_warm,0.5,16,0.75,4,7,30.976500012911856
transition_first,0.5,16,0.75,4,8,30.940800032112747
transition_warm,0.5,16,0.75,4,8,32.05419995356351
transition_first,0.5,16,0.75,4,9,35.452599986456335
transition_warm,0.5,16,0.75,4,9,33.01050001755357
transition_first,1.0,32,0.25,4,0,37.60270000202581
transition_warm,1.0,32,0.25,4,0,32.47219999320805
transition_first,1.0,32,0.25,4,1,30.39649996208027
transition_warm,1.0,32,0.25,4,1,28.19650003220886
transition_first,1.0,32,0.25,4,2,40.95200001029298
transition_warm,1.0,32,0.25,4,2,30.80529998987913
transition_first,1.0,32,0.25,4,3,37.00609999941662
transition_warm,1.0,32,0.25,4,3,37.370000034570694
transition_first,1.0,32,0.25,4,4,32.51699998509139
transition_warm,1.0,32,0.25,4,4,30.410400009714067
transition_first,1.0,32,0.25,4,5,35.96710000419989
transition_warm,1.0,32,0.25,4,5,36.98209999129176
transition_first,1.0,32,0.25,4,6,29.308500001206994
transition_warm,1.0,32,0.25,4,6,30.12399998260662
transition_first,1.0,32,0.25,4,7,29.074000020045787
transition_warm,1.0,32,0.25,4,7,39.499999955296516
transition_first,1.0,32,0.25,4,8,34.49469996849075
transition_warm,1.0,32,0.25,4,8,36.98410000652075
transition_first,1.0,32,0.25,4,9,33.955999999307096
transition_warm,1.0,32,0.25,4,9,31.48389997659251
transition_first,1.0,4,0.25,4,0,29.724799969699234
transition_warm,1.0,4,0.25,4,0,34.938400029204786
transition_first,1.0,4,0.25,4,1,35.307499987538904
transition_warm,1.0,4,0.25,4,1,41.1216999636963
transition_first,1.0,4,0.25,4,2,32.560600026044995
transition_warm,1.0,4,0.25,4,2,32.72899996954948
transition_first,1.0,4,0.25,4,3,35.152000025846064
transition_warm,1.0,4,0.25,4,3,30.849400034639984
transition_first,1.0,4,0.25,4,4,34.52470002230257
transition_warm,1.0,4,0.25,4,4,38.78850000910461
transition_first,1.0,4,0.25,4,5,34.30540004046634
transition_warm,1.0,4,0.25,4,5,37.59989998070523
transition_first,1.0,4,0.25,4,6,39.25770003115758
transition_warm,1.0,4,0.25,4,6,29.828800004906952
transition_first,1.0,4,0.25,4,7,40.127200016286224
transition_warm,1.0,4,0.25,4,7,33.20529998745769
transition_first,1.0,4,0.25,4,8,35.23730003507808
transition_warm,1.0,4,0.25,4,8,33.316700020805
transition_first,1.0,4,0.25,4,9,34.102800011169165
transition_warm,1.0,4,0.25,4,9,36.28130001015961
transition_first,0.75,8,0.5,4,0,28.448599972762167
transition_warm,0.75,8,0.5,4,0,32.33899996848777
transition_first,0.75,8,0.5,4,1,39.304599980823696
transition_warm,0.75,8,0.5,4,1,29.82489997521043
transition_first,0.75,8,0.5,4,2,34.10830005304888
transition_warm,0.75,8,0.5,4,2,30.532200005836785
transition_first,0.75,8,0.5,4,3,32.560500025283545
transition_warm,0.75,8,0.5,4,3,35.769500012975186
transition_first,0.75,8,0.5,4,4,35.477700002957135
transition_warm,0.75,8,0.5,4,4,35.84600001340732
transition_first,0.75,8,0.5,4,5,41.66739998618141
transition_warm,0.75,8,0.5,4,5,28.981200011912733
transition_first,0.75,8,0.5,4,6,33.8564999983646
transition_warm,0.75,8,0.5,4,6,39.24750001169741
transition_first,0.75,8,0.5,4,7,33.47530000610277
transition_warm,0.75,8,0.5,4,7,32.282000000122935
transition_first,0.75,8,0.5,4,8,45.38720002165064
transition_warm,0.75,8,0.5,4,8,32.13480004342273
transition_first,0.75,8,0.5,4,9,27.910100005101413
transition_warm,0.75,8,0.5,4,9,28.445700008887798
transition_first,0.75,32,1.0,32,0,10.960599989630282
transition_warm,0.75,32,1.0,32,0,11.705100012477487
transition_first,0.75,32,1.0,32,1,12.307299999520183
transition_warm,0.75,32,1.0,32,1,9.744799986947328
transition_first,0.75,32,1.0,32,2,12.529600004199892
transition_warm,0.75,32,1.0,32,2,11.90019998466596
transition_first,0.75,32,1.0,32,3,13.748999976087362
transition_warm,0.75,32,1.0,32,3,10.823699994944036
transition_first,0.75,32,1.0,32,4,11.67810003971681
transition_warm,0.75,32,1.0,32,4,9.984400006942451
transition_first,0.75,32,1.0,32,5,11.65880000917241
transition_warm,0.75,32,1.0,32,5,11.297000048216432
transition_first,0.75,32,1.0,32,6,17.94839999638498
transition_warm,0.75,32,1.0,32,6,12.975299963727593
transition_first,0.75,32,1.0,32,7,17.44859997415915
transition_warm,0.75,32,1.0,32,7,8.922399953007698
transition_first,0.75,32,1.0,32,8,11.018300021532923
transition_warm,0.75,32,1.0,32,8,8.941900043282658
transition_first,0.75,32,1.0,32,9,15.928899985738099
transition_warm,0.75,32,1.0,32,9,10.728800029028207
transition_first,1.0,32,0.5,8,0,37.103099981322885
transition_warm,1.0,32,0.5,8,0,35.251099965535104
transition_first,1.0,32,0.5,8,1,33.45570003148168
transition_warm,1.0,32,0.5,8,1,40.918100043199956
transition_first,1.0,32,0.5,8,2,37.69939998164773
transition_warm,1.0,32,0.5,8,2,31.288800004404038
transition_first,1.0,32,0.5,8,3,36.73160000471398
transition_warm,1.0,32,0.5,8,3,29.776600014884025
transition_first,1.0,32,0.5,8,4,37.29960002237931
transition_warm,1.0,32,0.5,8,4,42.63370000990108
transition_first,1.0,32,0.5,8,5,29.182399972341955
transition_warm,1.0,32,0.5,8,5,33.46820001024753
transition_first,1.0,32,0.5,8,6,35.067200020421296
transition_warm,1.0,32,0.5,8,6,27.12530002463609
transition_first,1.0,32,0.5,8,7,34.580000035930425
transition_warm,1.0,32,0.5,8,7,34.426000027451664
transition_first,1.0,32,0.5,8,8,47.570700000505894
transition_warm,1.0,32,0.5,8,8,26.702399947680533
transition_first,1.0,32,0.5,8,9,29.828400001861155
transition_warm,1.0,32,0.5,8,9,29.7668999992311
transition_first,0.75,32,0.75,16,0,33.11369998846203
transition_warm,0.75,32,0.75,16,0,30.33290000166744
transition_first,0.75,32,0.75,16,1,31.04400000302121
transition_warm,0.75,32,0.75,16,1,48.86009998153895
transition_first,0.75,32,0.75,16,2,34.48909998405725
transition_warm,0.75,32,0.75,16,2,41.05960001470521
transition_first,0.75,32,0.75,16,3,41.05649999110028
transition_warm,0.75,32,0.75,16,3,34.482099988963455
transition_first,0.75,32,0.75,16,4,33.38049998274073
transition_warm,0.75,32,0.75,16,4,34.03109998907894
transition_first,0.75,32,0.75,16,5,31.549000006634742
transition_warm,0.75,32,0.75,16,5,33.41570001794025
transition_first,0.75,32,0.75,16,6,29.193099995609373
transition_warm,0.75,32,0.75,16,6,30.093799985479563
transition_first,0.75,32,0.75,16,7,31.114000012166798
transition_warm,0.75,32,0.75,16,7,31.09720000065863
transition_first,0.75,32,0.75,16,8,31.96419996675104
transition_warm,0.75,32,0.75,16,8,34.77319999365136
transition_first,0.75,32,0.75,16,9,50.49429996870458
transition_warm,0.75,32,0.75,16,9,32.81040000729263
transition_first,0.25,4,0.75,4,0,34.87520001363009
transition_warm,0.25,4,0.75,4,0,34.904700005427
transition_first,0.25,4,0.75,4,1,33.22990000015125
transition_warm,0.25,4,0.75,4,1,28.02460000384599
transition_first,0.25,4,0.75,4,2,33.56079995865002
transition_warm,0.25,4,0.75,4,2,33.517499978188425
transition_first,0.25,4,0.75,4,3,33.78900000825524
transition_warm,0.25,4,0.75,4,3,38.449799991212785
transition_first,0.25,4,0.75,4,4,31.276899971999228
transition_warm,0.25,4,0.75,4,4,33.29459996894002
transition_first,0.25,4,0.75,4,5,30.356300005223602
transition_warm,0.25,4,0.75,4,5,57.0385999744758
transition_first,0.25,4,0.75,4,6,30.69739998318255
transition_warm,0.25,4,0.75,4,6,29.832899977918714
transition_first,0.25,4,0.75,4,7,34.35870003886521
transition_warm,0.25,4,0.75,4,7,31.683699984569103
transition_first,0.25,4,0.75,4,8,33.05410000029951
transition_warm,0.25,4,0.75,4,8,35.6311000068672
transition_first,0.25,4,0.75,4,9,31.453999981749803
transition_warm,0.25,4,0.75,4,9,31.462799990549684
transition_first,0.25,8,0.25,16,0,34.61770003195852
transition_warm,0.25,8,0.25,16,0,31.62060002796352
transition_first,0.25,8,0.25,16,1,36.55090002575889
transition_warm,0.25,8,0.25,16,1,31.067000003531575
transition_first,0.25,8,0.25,16,2,32.41709998110309
transition_warm,0.25,8,0.25,16,2,32.88730001077056
transition_first,0.25,8,0.25,16,3,28.13719998812303
transition_warm,0.25,8,0.25,16,3,27.69550000084564
transition_first,0.25,8,0.25,16,4,28.636900009587407
transition_warm,0.25,8,0.25,16,4,26.939400006085634
transition_first,0.25,8,0.25,16,5,47.73600003682077
transition_warm,0.25,8,0.25,16,5,45.69410003023222
transition_first,0.25,8,0.25,16,6,28.17429997958243
transition_warm,0.25,8,0.25,16,6,38.59990002820268
transition_first,0.25,8,0.25,16,7,31.428500020410866
transition_warm,0.25,8,0.25,16,7,43.57960005290806
transition_first,0.25,8,0.25,16,8,29.43220001179725
transition_warm,0.25,8,0.25,16,8,29.501000011805445
transition_first,0.25,8,0.25,16,9,54.6368999639526
transition_warm,0.25,8,0.25,16,9,30.76689998852089
transition_first,1.0,8,0.75,8,0,36.624700005631894
transition_warm,1.0,8,0.75,8,0,33.64529996179044
transition_first,1.0,8,0.75,8,1,31.88099997350946
transition_warm,1.0,8,0.75,8,1,56.07390002114698
transition_first,1.0,8,0.75,8,2,44.112699979450554
transition_warm,1.0,8,0.75,8,2,30.565200024284422
transition_first,1.0,8,0.75,8,3,34.88029999425635
transition_warm,1.0,8,0.75,8,3,32.631599984597415
transition_first,1.0,8,0.75,8,4,38.04359998321161
transition_warm,1.0,8,0.75,8,4,37.10070002125576
transition_first,1.0,8,0.75,8,5,33.2176000229083
transition_warm,1.0,8,0.75,8,5,34.29119999054819
transition_first,1.0,8,0.75,8,6,34.999400028027594
transition_warm,1.0,8,0.75,8,6,35.17070005182177
transition_first,1.0,8,0.75,8,7,32.0069000008516
transition_warm,1.0,8,0.75,8,7,29.692500014789402
transition_first,1.0,8,0.75,8,8,33.390299999155104
transition_warm,1.0,8,0.75,8,8,31.47980000358075
transition_first,1.0,8,0.75,8,9,39.96530000586063
transition_warm,1.0,8,0.75,8,9,36.75250004744157
transition_first,1.0,8,0.25,4,0,25.521300034597516
transition_warm,1.0,8,0.25,4,0,45.78280000714585
transition_first,1.0,8,0.25,4,1,33.34329999051988
transition_warm,1.0,8,0.25,4,1,37.805600033607334
transition_first,1.0,8,0.25,4,2,31.336799962446094
transition_warm,1.0,8,0.25,4,2,31.441500002983958
transition_first,1.0,8,0.25,4,3,41.988099983427674
transition_warm,1.0,8,0.25,4,3,36.076400021556765
transition_first,1.0,8,0.25,4,4,31.335400009993464
transition_warm,1.0,8,0.25,4,4,30.314200033899397
transition_first,1.0,8,0.25,4,5,32.25350001594052
transition_warm,1.0,8,0.25,4,5,30.94939998118207
transition_first,1.0,8,0.25,4,6,29.174499970395118
transition_warm,1.0,8,0.25,4,6,29.48540000943467
transition_first,1.0,8,0.25,4,7,31.57440002541989
transition_warm,1.0,8,0.25,4,7,29.5005000079982
transition_first,1.0,8,0.25,4,8,38.92210003687069
transition_warm,1.0,8,0.25,4,8,45.706600008998066
transition_first,1.0,8,0.25,4,9,33.50510000018403
transition_warm,1.0,8,0.25,4,9,31.22309996979311
transition_first,0.5,32,0.75,32,0,11.667300015687943
transition_warm,0.5,32,0.75,32,0,12.657899991609156
transition_first,0.5,32,0.75,32,1,10.329200013075024
transition_warm,0.5,32,0.75,32,1,9.315900038927794
transition_first,0.5,32,0.75,32,2,10.648800001945347
transition_warm,0.5,32,0.75,32,2,12.178600009065121
transition_first,0.5,32,0.75,32,3,15.813100035302341
transition_warm,0.5,32,0.75,32,3,14.88119998248294
transition_first,0.5,32,0.75,32,4,12.076899991370738
transition_warm,0.5,32,0.75,32,4,10.293799976352602
transition_first,0.5,32,0.75,32,5,16.190599999390543
transition_warm,0.5,32,0.75,32,5,12.380699976347387
transition_first,0.5,32,0.75,32,6,9.905699989758432
transition_warm,0.5,32,0.75,32,6,9.485799993854016
transition_first,0.5,32,0.75,32,7,16.75519999116659
transition_warm,0.5,32,0.75,32,7,10.75370004400611
transition_first,0.5,32,0.75,32,8,9.634599962737411
transition_warm,0.5,32,0.75,32,8,9.501900000032037
transition_first,0.5,32,0.75,32,9,10.139200021512806
transition_warm,0.5,32,0.75,32,9,9.675199980847538
transition_first,0.5,4,0.75,4,0,34.78250000625849
transition_warm,0.5,4,0.75,4,0,52.46110004372895
transition_first,0.5,4,0.75,4,1,38.37239998392761
transition_warm,0.5,4,0.75,4,1,36.48189996602014
transition_first,0.5,4,0.75,4,2,30.493500002194196
transition_warm,0.5,4,0.75,4,2,36.55560000333935
transition_first,0.5,4,0.75,4,3,30.319300014525652
transition_warm,0.5,4,0.75,4,3,48.63480001222342
transition_first,0.5,4,0.75,4,4,29.915500024799258
transition_warm,0.5,4,0.75,4,4,35.230099980253726
transition_first,0.5,4,0.75,4,5,41.87870002351701
transition_warm,0.5,4,0.75,4,5,44.445900013670325
transition_first,0.5,4,0.75,4,6,32.94920001644641
transition_warm,0.5,4,0.75,4,6,28.782700013834983
transition_first,0.5,4,0.75,4,7,34.20290001668036
transition_warm,0.5,4,0.75,4,7,32.60420000879094
transition_first,0.5,4,0.75,4,8,35.317700006999075
transition_warm,0.5,4,0.75,4,8,41.88089998206124
transition_first,0.5,4,0.75,4,9,34.3972000409849
transition_warm,0.5,4,0.75,4,9,32.26820001145825
transition_first,0.25,8,0.25,32,0,9.450200013816357
transition_warm,0.25,8,0.25,32,0,10.435100004542619
transition_first,0.25,8,0.25,32,1,10.091700009070337
transition_warm,0.25,8,0.25,32,1,12.44249998126179
transition_first,0.25,8,0.25,32,2,11.626399995293468
transition_warm,0.25,8,0.25,32,2,11.34610001463443
transition_first,0.25,8,0.25,32,3,13.44109995989129
transition_warm,0.25,8,0.25,32,3,13.766699994448572
transition_first,0.25,8,0.25,32,4,11.341999983415008
transition_warm,0.25,8,0.25,32,4,10.110799979884177
transition_first,0.25,8,0.25,32,5,9.984100004658103
transition_warm,0.25,8,0.25,32,5,11.613100010436028
transition_first,0.25,8,0.25,32,6,12.582199997268617
transition_warm,0.25,8,0.25,32,6,17.181399976834655
transition_first,0.25,8,0.25,32,7,10.766300023533404
transition_warm,0.25,8,0.25,32,7,8.946900023147464
transition_first,0.25,8,0.25,32,8,10.741800011601299
transition_warm,0.25,8,0.25,32,8,10.112199990544468
transition_first,0.25,8,0.25,32,9,14.851200045086443
transition_warm,0.25,8,0.25,32,9,16.64729998447001
transition_first,1.0,4,0.25,16,0,31.919000030029565
transition_warm,1.0,4,0.25,16,0,47.010599984787405
transition_first,1.0,4,0.25,16,1,38.40909997234121
transition_warm,1.0,4,0.25,16,1,32.32160001061857
transition_first,1.0,4,0.25,16,2,28.86910003144294
transition_warm,1.0,4,0.25,16,2,35.05000000586733
transition_first,1.0,4,0.25,16,3,52.52750002546236
transition_warm,1.0,4,0.25,16,3,32.593200041446835
transition_first,1.0,4,0.25,16,4,31.991500000003725
transition_warm,1.0,4,0.25,16,4,34.89880001870915
transition_first,1.0,4,0.25,16,5,31.7640999564901
transition_warm,1.0,4,0.25,16,5,45.46779999509454
transition_first,1.0,4,0.25,16,6,32.843600027263165
transition_warm,1.0,4,0.25,16,6,31.96110000135377
transition_first,1.0,4,0.25,16,7,36.6855000029318
transition_warm,1.0,4,0.25,16,7,26.70009998837486
transition_first,1.0,4,0.25,16,8,44.79230003198609
transition_warm,1.0,4,0.25,16,8,36.31379996659234
transition_first,1.0,4,0.25,16,9,33.62350002862513
transition_warm,1.0,4,0.25,16,9,32.32420003041625
transition_first,0.25,8,0.75,16,0,31.928899988997728
transition_warm,0.25,8,0.75,16,0,33.87829998973757
transition_first,0.25,8,0.75,16,1,31.427200010512024
transition_warm,0.25,8,0.75,16,1,39.451399992685765
transition_first,0.25,8,0.75,16,2,27.324699971359223
transition_warm,0.25,8,0.75,16,2,43.66470000240952
transition_first,0.25,8,0.75,16,3,33.8812000118196
transition_warm,0.25,8,0.75,16,3,29.45729997009039
transition_first,0.25,8,0.75,16,4,35.20330000901595
transition_warm,0.25,8,0.75,16,4,33.793299982789904
transition_first,0.25,8,0.75,16,5,29.056200000923127
transition_warm,0.25,8,0.75,16,5,28.952299966476858
transition_first,0.25,8,0.75,16,6,32.38840005360544
transition_warm,0.25,8,0.75,16,6,31.695100013166666
transition_first,0.25,8,0.75,16,7,39.189400034956634
transition_warm,0.25,8,0.75,16,7,30.62020003562793
transition_first,0.25,8,0.75,16,8,36.64060001028702
transition_warm,0.25,8,0.75,16,8,32.81609999248758
transition_first,0.25,8,0.75,16,9,57.768500002566725
transition_warm,0.25,8,0.75,16,9,42.28319996036589
transition_first,1.0,4,0.25,8,0,52.94909997610375
transition_warm,1.0,4,0.25,8,0,42.37370000919327
transition_first,1.0,4,0.25,8,1,32.618299999739975
transition_warm,1.0,4,0.25,8,1,31.41300001880154
transition_first,1.0,4,0.25,8,2,37.90110000409186
transition_warm,1.0,4,0.25,8,2,43.495999998413026
transition_first,1.0,4,0.25,8,3,42.17140004038811
transition_warm,1.0,4,0.25,8,3,26.070999971125275
transition_first,1.0,4,0.25,8,4,29.326100018806756
transition_warm,1.0,4,0.25,8,4,37.18949999893084
transition_first,1.0,4,0.25,8,5,38.66929997457191
transition_warm,1.0,4,0.25,8,5,30.843299988191575
transition_first,1.0,4,0.25,8,6,42.00970003148541
transition_warm,1.0,4,0.25,8,6,37.05700003774837
transition_first,1.0,4,0.25,8,7,30.28269996866584
transition_warm,1.0,4,0.25,8,7,37.5118000083603
transition_first,1.0,4,0.25,8,8,32.25879999808967
transition_warm,1.0,4,0.25,8,8,31.652099976781756
transition_first,1.0,4,0.25,8,9,33.08130003279075
transition_warm,1.0,4,0.25,8,9,42.02860000077635
transition_first,0.75,16,0.25,8,0,33.302899973932654
transition_warm,0.75,16,0.25,8,0,38.06669998448342
transition_first,0.75,16,0.25,8,1,30.964299978222698
transition_warm,0.75,16,0.25,8,1,33.28249999321997
transition_first,0.75,16,0.25,8,2,30.860900005791336
transition_warm,0.75,16,0.25,8,2,39.19879999011755
transition_first,0.75,16,0.25,8,3,28.245900000911206
transition_warm,0.75,16,0.25,8,3,32.63730002800003
transition_first,0.75,16,0.25,8,4,32.62929996708408
transition_warm,0.75,16,0.25,8,4,46.20870004873723
transition_first,0.75,16,0.25,8,5,84.75680003175512
transition_warm,0.75,16,0.25,8,5,32.283299951814115
transition_first,0.75,16,0.25,8,6,37.325600045733154
transition_warm,0.75,16,0.25,8,6,34.70219997689128
transition_first,0.75,16,0.25,8,7,32.655399991199374
transition_warm,0.75,16,0.25,8,7,27.244900004006922
transition_first,0.75,16,0.25,8,8,35.34850000869483
transition_warm,0.75,16,0.25,8,8,46.40689998632297
transition_first,0.75,16,0.25,8,9,33.44099997775629
transition_warm,0.75,16,0.25,8,9,36.61949996603653
transition_first,0.75,32,0.75,4,0,33.938399981707335
transition_warm,0.75,32,0.75,4,0,33.484699961263686
transition_first,0.75,32,0.75,4,1,43.38009998900816
transition_warm,0.75,32,0.75,4,1,31.789899978321046
transition_first,0.75,32,0.75,4,2,29.135300021152943
transition_warm,0.75,32,0.75,4,2,30.70790000492707
transition_first,0.75,32,0.75,4,3,31.636199972126633
transition_warm,0.75,32,0.75,4,3,29.689399991184473
transition_first,0.75,32,0.75,4,4,32.05569996498525
transition_warm,0.75,32,0.75,4,4,33.092500001657754
transition_first,0.75,32,0.75,4,5,34.6078000147827
transition_warm,0.75,32,0.75,4,5,35.07809998700395
transition_first,0.75,32,0.75,4,6,33.756200049538165
transition_warm,0.75,32,0.75,4,6,32.665600010659546
transition_first,0.75,32,0.75,4,7,30.302600003778934
transition_warm,0.75,32,0.75,4,7,39.918199996463954
transition_first,0.75,32,0.75,4,8,38.11320004751906
transition_warm,0.75,32,0.75,4,8,33.26320002088323
transition_first,0.75,32,0.75,4,9,33.41859998181462
transition_warm,0.75,32,0.75,4,9,32.953100046142936
transition_first,1.0,4,0.5,16,0,32.101400021929294
transition_warm,1.0,4,0.5,16,0,44.56379998009652
transition_first,1.0,4,0.5,16,1,28.01250002812594
transition_warm,1.0,4,0.5,16,1,28.945200028829277
transition_first,1.0,4,0.5,16,2,34.64179998263717
transition_warm,1.0,4,0.5,16,2,31.566000019665807
transition_first,1.0,4,0.5,16,3,59.72479999763891
transition_warm,1.0,4,0.5,16,3,27.3903000052087
transition_first,1.0,4,0.5,16,4,27.85989997209981
transition_warm,1.0,4,0.5,16,4,35.4813999729231
transition_first,1.0,4,0.5,16,5,33.29130000201985
transition_warm,1.0,4,0.5,16,5,44.16560003301129
transition_first,1.0,4,0.5,16,6,38.06099999928847
transition_warm,1.0,4,0.5,16,6,35.28619999997318
transition_first,1.0,4,0.5,16,7,34.41279998514801
transition_warm,1.0,4,0.5,16,7,44.30859995773062
transition_first,1.0,4,0.5,16,8,33.60600001178682
transition_warm,1.0,4,0.5,16,8,36.99659998528659
transition_first,1.0,4,0.5,16,9,29.67929997248575
transition_warm,1.0,4,0.5,16,9,27.33850001823157
transition_first,0.5,16,0.25,16,0,41.87459999229759
transition_warm,0.5,16,0.25,16,0,28.505599999334663
transition_first,0.5,16,0.25,16,1,28.607499960344285
transition_warm,0.5,16,0.25,16,1,28.683500015176833
transition_first,0.5,16,0.25,16,2,36.6857000044547
transition_warm,0.5,16,0.25,16,2,26.369999977760017
transition_first,0.5,16,0.25,16,3,47.87990002660081
transition_warm,0.5,16,0.25,16,3,38.532799982931465
transition_first,0.5,16,0.25,16,4,46.244599972851574
transition_warm,0.5,16,0.25,16,4,38.60419994452968
transition_first,0.5,16,0.25,16,5,33.708799979649484
transition_warm,0.5,16,0.25,16,5,34.887999994680285
transition_first,0.5,16,0.25,16,6,30.111000000033528
transition_warm,0.5,16,0.25,16,6,35.60719999950379
transition_first,0.5,16,0.25,16,7,36.15719999652356
transition_warm,0.5,16,0.25,16,7,27.06459996988997
transition_first,0.5,16,0.25,16,8,28.538099955767393
transition_warm,0.5,16,0.25,16,8,34.01619999203831
transition_first,0.5,16,0.25,16,9,43.67450001882389
transition_warm,0.5,16,0.25,16,9,34.05050002038479
transition_first,0.75,16,1.0,16,0,35.67730000941083
transition_warm,0.75,16,1.0,16,0,46.2857999955304
transition_first,0.75,16,1.0,16,1,36.86740004923195
transition_warm,0.75,16,1.0,16,1,35.67219997057691
transition_first,0.75,16,1.0,16,2,51.548700022976846
transition_warm,0.75,16,1.0,16,2,37.53049997612834
transition_first,0.75,16,1.0,16,3,36.06670000590384
transition_warm,0.75,16,1.0,16,3,36.628899979405105
transition_first,0.75,16,1.0,16,4,39.61199999321252
transition_warm,0.75,16,1.0,16,4,33.31400000024587
transition_first,0.75,16,1.0,16,5,37.809599947649986
transition_warm,0.75,16,1.0,16,5,36.859899992123246
transition_first,0.75,16,1.0,16,6,37.84590004943311
transition_warm,0.75,16,1.0,16,6,46.30109999561682
transition_first,0.75,16,1.0,16,7,33.304200042039156
transition_warm,0.75,16,1.0,16,7,31.393199984449893
transition_first,0.75,16,1.0,16,8,41.07350000413135
transition_warm,0.75,16,1.0,16,8,38.49599999375641
transition_first,0.75,16,1.0,16,9,45.5344999791123
transition_warm,0.75,16,1.0,16,9,39.260300050955266
transition_first,1.0,8,0.75,4,0,28.774100006558
transition_warm,1.0,8,0.75,4,0,30.982800002675503
transition_first,1.0,8,0.75,4,1,28.310200024861842
transition_warm,1.0,8,0.75,4,1,33.17730000708252
transition_first,1.0,8,0.75,4,2,30.06319998530671
transition_warm,1.0,8,0.75,4,2,32.34899998642504
transition_first,1.0,8,0.75,4,3,38.076500000897795
transition_warm,1.0,8,0.75,4,3,41.192399978172034
transition_first,1.0,8,0.75,4,4,29.440300015266985
transition_warm,1.0,8,0.75,4,4,31.072699988726526
transition_first,1.0,8,0.75,4,5,31.985700014047325
transition_warm,1.0,8,0.75,4,5,32.765100011602044
transition_first,1.0,8,0.75,4,6,36.85889998450875
transition_warm,1.0,8,0.75,4,6,35.858399991411716
transition_first,1.0,8,0.75,4,7,33.585800032597035
transition_warm,1.0,8,0.75,4,7,39.353600004687905
transition_first,1.0,8,0.75,4,8,31.65030002128333
transition_warm,1.0,8,0.75,4,8,38.119600038044155
transition_first,1.0,8,0.75,4,9,39.181700034532696
transition_warm,1.0,8,0.75,4,9,34.29799998411909
transition_first,1.0,16,0.5,4,0,33.53419998893514
transition_warm,1.0,16,0.5,4,0,28.115499997511506
transition_first,1.0,16,0.5,4,1,30.472899961750954
transition_warm,1.0,16,0.5,4,1,31.463799998164177
transition_first,1.0,16,0.5,4,2,28.126399964094162
transition_warm,1.0,16,0.5,4,2,36.424699996132404
transition_first,1.0,16,0.5,4,3,30.458099965471774
transition_warm,1.0,16,0.5,4,3,27.25440001813695
transition_first,1.0,16,0.5,4,4,32.22320001805201
transition_warm,1.0,16,0.5,4,4,28.73439999530092
transition_first,1.0,16,0.5,4,5,33.631600032094866
transition_warm,1.0,16,0.5,4,5,45.10009998921305
transition_first,1.0,16,0.5,4,6,34.339700010605156
transition_warm,1.0,16,0.5,4,6,31.17610001936555
transition_first,1.0,16,0.5,4,7,31.264399993233383
transition_warm,1.0,16,0.5,4,7,43.580800003837794
transition_first,1.0,16,0.5,4,8,28.767700016032904
transition_warm,1.0,16,0.5,4,8,28.272400028072298
transition_first,1.0,16,0.5,4,9,27.916100050788373
transition_warm,1.0,16,0.5,4,9,35.8183000353165
transition_first,1.0,8,0.75,32,0,12.440399965271354
transition_warm,1.0,8,0.75,32,0,12.360499997157604
transition_first,1.0,8,0.75,32,1,10.804400022607297
transition_warm,1.0,8,0.75,32,1,12.12840003427118
transition_first,1.0,8,0.75,32,2,12.869899976067245
transition_warm,1.0,8,0.75,32,2,11.66749995900318
transition_first,1.0,8,0.75,32,3,11.979100003372878
transition_warm,1.0,8,0.75,32,3,12.381899985484779
transition_first,1.0,8,0.75,32,4,13.779200031422079
transition_warm,1.0,8,0.75,32,4,12.03499996336177
transition_first,1.0,8,0.75,32,5,16.78950001951307
transition_warm,1.0,8,0.75,32,5,12.47349998448044
transition_first,1.0,8,0.75,32,6,12.704499997198582
transition_warm,1.0,8,0.75,32,6,11.677300033625215
transition_first,1.0,8,0.75,32,7,12.220799981150776
transition_warm,1.0,8,0.75,32,7,14.406899979803711
transition_first,1.0,8,0.75,32,8,15.83980000577867
transition_warm,1.0,8,0.75,32,8,13.290399976540357
transition_first,1.0,8,0.75,32,9,12.592999963089824
transition_warm,1.0,8,0.75,32,9,10.618100001011044
transition_first,1.0,4,0.25,32,0,9.71479999134317
transition_warm,1.0,4,0.25,32,0,10.26010001078248
transition_first,1.0,4,0.25,32,1,12.344999995548278
transition_warm,1.0,4,0.25,32,1,12.268199992831796
transition_first,1.0,4,0.25,32,2,10.762599995359778
transition_warm,1.0,4,0.25,32,2,10.102100030053407
transition_first,1.0,4,0.25,32,3,12.825000041630119
transition_warm,1.0,4,0.25,32,3,13.357099960558116
transition_first,1.0,4,0.25,32,4,13.242800021544099
transition_warm,1.0,4,0.25,32,4,9.470999997574836
transition_first,1.0,4,0.25,32,5,18.201800005044788
transition_warm,1.0,4,0.25,32,5,12.5341999810189
transition_first,1.0,4,0.25,32,6,11.724699987098575
transition_warm,1.0,4,0.25,32,6,9.638899995479733
transition_first,1.0,4,0.25,32,7,12.114799988921732
transition_warm,1.0,4,0.25,32,7,11.019100027624518
transition_first,1.0,4,0.25,32,8,12.22179998876527
transition_warm,1.0,4,0.25,32,8,10.681300016585737
transition_first,1.0,4,0.25,32,9,10.844800039194524
transition_warm,1.0,4,0.25,32,9,13.58929998241365
transition_first,1.0,4,1.0,16,0,37.85540000535548
transition_warm,1.0,4,1.0,16,0,32.64659998239949
transition_first,1.0,4,1.0,16,1,33.000499999616295
transition_warm,1.0,4,1.0,16,1,32.81140001490712
transition_first,1.0,4,1.0,16,2,36.05470003094524
transition_warm,1.0,4,1.0,16,2,34.129499981645495
transition_first,1.0,4,1.0,16,3,36.96329996455461
transition_warm,1.0,4,1.0,16,3,45.12379999505356
transition_first,1.0,4,1.0,16,4,39.81789998942986
transition_warm,1.0,4,1.0,16,4,43.73979999218136
transition_first,1.0,4,1.0,16,5,33.54510001372546
transition_warm,1.0,4,1.0,16,5,35.565099969971925
transition_first,1.0,4,1.0,16,6,37.72130003198981
transition_warm,1.0,4,1.0,16,6,35.28420004295185
transition_first,1.0,4,1.0,16,7,45.820800005458295
transition_warm,1.0,4,1.0,16,7,42.2386999707669
transition_first,1.0,4,1.0,16,8,47.840400016866624
transition_warm,1.0,4,1.0,16,8,32.643499958794564
transition_first,1.0,4,1.0,16,9,37.9839000524953
transition_warm,1.0,4,1.0,16,9,35.3395999991335
transition_first,0.5,8,0.75,32,0,10.235299996566027
transition_warm,0.5,8,0.75,32,0,10.294399980921298
transition_first,0.5,8,0.75,32,1,14.142700005322695
transition_warm,0.5,8,0.75,32,1,12.168899993412197
transition_first,0.5,8,0.75,32,2,10.046399955172092
transition_warm,0.5,8,0.75,32,2,11.21590001275763
transition_first,0.5,8,0.75,32,3,10.741200007032603
transition_warm,0.5,8,0.75,32,3,10.248999984469265
transition_first,0.5,8,0.75,32,4,11.25869998941198
transition_warm,0.5,8,0.75,32,4,10.379899991676211
transition_first,0.5,8,0.75,32,5,10.602499998640269
transition_warm,0.5,8,0.75,32,5,10.466700012329966
transition_first,0.5,8,0.75,32,6,11.297499993816018
transition_warm,0.5,8,0.75,32,6,12.325900024734437
transition_first,0.5,8,0.75,32,7,9.958900045603514
transition_warm,0.5,8,0.75,32,7,10.859700036235154
transition_first,0.5,8,0.75,32,8,10.882799979299307
transition_warm,0.5,8,0.75,32,8,10.5976999620907
transition_first,0.5,8,0.75,32,9,11.427999997977167
transition_warm,0.5,8,0.75,32,9,13.127899961546063
transition_first,0.25,32,0.5,16,0,38.28619996784255
transition_warm,0.25,32,0.5,16,0,26.326099992729723
transition_first,0.25,32,0.5,16,1,31.36409999569878
transition_warm,0.25,32,0.5,16,1,32.47330000158399
transition_first,0.25,32,0.5,16,2,29.96989997336641
transition_warm,0.25,32,0.5,16,2,47.05180000746623
transition_first,0.25,32,0.5,16,3,31.500100041739643
transition_warm,0.25,32,0.5,16,3,32.16689999680966
transition_first,0.25,32,0.5,16,4,38.89039997011423
transition_warm,0.25,32,0.5,16,4,33.48990000085905
transition_first,0.25,32,0.5,16,5,36.067600012756884
transition_warm,0.25,32,0.5,16,5,35.35600000759587
transition_first,0.25,32,0.5,16,6,36.86980000929907
transition_warm,0.25,32,0.5,16,6,40.309200005140156
transition_first,0.25,32,0.5,16,7,36.7231999989599
transition_warm,0.25,32,0.5,16,7,30.982399999629706
transition_first,0.25,32,0.5,16,8,34.3838999979198
transition_warm,0.25,32,0.5,16,8,37.781699968036264
transition_first,0.25,32,0.5,16,9,30.102199991233647
transition_warm,0.25,32,0.5,16,9,27.648699993733317
transition_first,0.25,8,0.75,4,0,34.3583999783732
transition_warm,0.25,8,0.75,4,0,27.594300045166165
transition_first,0.25,8,0.75,4,1,34.43260001949966
transition_warm,0.25,8,0.75,4,1,31.991399999242276
transition_first,0.25,8,0.75,4,2,30.954499961808324
transition_warm,0.25,8,0.75,4,2,32.51960000488907
transition_first,0.25,8,0.75,4,3,34.173800027929246
transition_warm,0.25,8,0.75,4,3,33.907500037457794
transition_first,0.25,8,0.75,4,4,30.93460004311055
transition_warm,0.25,8,0.75,4,4,31.372199999168515
transition_first,0.25,8,0.75,4,5,32.384199963416904
transition_warm,0.25,8,0.75,4,5,31.34480002336204
transition_first,0.25,8,0.75,4,6,29.7726999851875
transition_warm,0.25,8,0.75,4,6,29.60379997966811
transition_first,0.25,8,0.75,4,7,32.689300016500056
transition_warm,0.25,8,0.75,4,7,49.83049997827038
transition_first,0.25,8,0.75,4,8,40.07029999047518
transition_warm,0.25,8,0.75,4,8,32.7448999742046
transition_first,0.25,8,0.75,4,9,36.06369998306036
transition_warm,0.25,8,0.75,4,9,31.1078000231646
transition_first,0.5,32,1.0,4,0,36.12570004770532
transition_warm,0.5,32,1.0,4,0,35.87979997973889
transition_first,0.5,32,1.0,4,1,31.453600036911666
transition_warm,0.5,32,1.0,4,1,46.67070001596585
transition_first,0.5,32,1.0,4,2,35.82250000908971
transition_warm,0.5,32,1.0,4,2,34.08280003350228
transition_first,0.5,32,1.0,4,3,39.51750003034249
transition_warm,0.5,32,1.0,4,3,36.48479998810217
transition_first,0.5,32,1.0,4,4,37.45359997265041
transition_warm,0.5,32,1.0,4,4,35.29149998212233
transition_first,0.5,32,1.0,4,5,34.36620003776625
transition_warm,0.5,32,1.0,4,5,34.00579997105524
transition_first,0.5,32,1.0,4,6,46.79180000675842
transition_warm,0.5,32,1.0,4,6,43.06300001917407
transition_first,0.5,32,1.0,4,7,40.57850001845509
transition_warm,0.5,32,1.0,4,7,39.14419998181984
transition_first,0.5,32,1.0,4,8,36.10810003010556
transition_warm,0.5,32,1.0,4,8,35.65960004925728
transition_first,0.5,32,1.0,4,9,36.705899983644485
transition_warm,0.5,32,1.0,4,9,36.15470003569499
transition_first,0.75,16,1.0,32,0,12.034500017762184
transition_warm,0.75,16,1.0,32,0,9.3324999907054
transition_first,0.75,16,1.0,32,1,9.453899983782321
transition_warm,0.75,16,1.0,32,1,11.822500033304095
transition_first,0.75,16,1.0,32,2,9.776799997780472
transition_warm,0.75,16,1.0,32,2,12.71509996149689
transition_first,0.75,16,1.0,32,3,11.97300001513213
transition_warm,0.75,16,1.0,32,3,11.487699986901134
transition_first,0.75,16,1.0,32,4,12.695699988398701
transition_warm,0.75,16,1.0,32,4,9.841799968853593
transition_first,0.75,16,1.0,32,5,10.846999997738749
transition_warm,0.75,16,1.0,32,5,11.26310002291575
transition_first,0.75,16,1.0,32,6,9.801200008951128
transition_warm,0.75,16,1.0,32,6,9.842899977229536
transition_first,0.75,16,1.0,32,7,11.165499978233129
transition_warm,0.75,16,1.0,32,7,12.759000004734844
transition_first,0.75,16,1.0,32,8,11.339200020302087
transition_warm,0.75,16,1.0,32,8,11.998300033155829
transition_first,0.75,16,1.0,32,9,10.641400003805757
transition_warm,0.75,16,1.0,32,9,12.078200001269579
transition_first,1.0,16,0.75,8,0,36.50200000265613
transition_warm,1.0,16,0.75,8,0,30.087499995715916
transition_first,1.0,16,0.75,8,1,34.19659996870905
transition_warm,1.0,16,0.75,8,1,30.818100029136986
transition_first,1.0,16,0.75,8,2,29.610699974000454
transition_warm,1.0,16,0.75,8,2,31.25439997529611
transition_first,1.0,16,0.75,8,3,30.035500007215887
transition_warm,1.0,16,0.75,8,3,32.56390005117282
transition_first,1.0,16,0.75,8,4,30.864000029396266
transition_warm,1.0,16,0.75,8,4,37.941800022963434
transition_first,1.0,16,0.75,8,5,35.07089999038726
transition_warm,1.0,16,0.75,8,5,37.907599995378405
transition_first,1.0,16,0.75,8,6,28.050400025676936
transition_warm,1.0,16,0.75,8,6,35.311900021042675
transition_first,1.0,16,0.75,8,7,33.80759997526184
transition_warm,1.0,16,0.75,8,7,30.82479996373877
transition_first,1.0,16,0.75,8,8,30.573700030799955
transition_warm,1.0,16,0.75,8,8,32.11510000983253
transition_first,1.0,16,0.75,8,9,35.88560002390295
transition_warm,1.0,16,0.75,8,9,26.6836000373587
transition_first,0.5,16,0.25,8,0,32.592899980954826
transition_warm,0.5,16,0.25,8,0,26.662599993869662
transition_first,0.5,16,0.25,8,1,31.637300038710237
transition_warm,0.5,16,0.25,8,1,35.094100050628185
transition_first,0.5,16,0.25,8,2,40.749299980234355
transition_warm,0.5,16,0.25,8,2,33.359200053382665
transition_first,0.5,16,0.25,8,3,31.63550002500415
transition_warm,0.5,16,0.25,8,3,31.01580002112314
transition_first,0.5,16,0.25,8,4,37.622899981215596
transition_warm,0.5,16,0.25,8,4,33.55629998259246
transition_first,0.5,16,0.25,8,5,40.49580002902076
transition_warm,0.5,16,0.25,8,5,32.89039997616783
transition_first,0.5,16,0.25,8,6,29.1344000142999
transition_warm,0.5,16,0.25,8,6,32.22220001043752
transition_first,0.5,16,0.25,8,7,38.24190003797412
transition_warm,0.5,16,0.25,8,7,38.707799976691604
transition_first,0.5,16,0.25,8,8,59.84800000442192
transition_warm,0.5,16,0.25,8,8,103.95939997397363
transition_first,0.5,16,0.25,8,9,34.483800001908094
transition_warm,0.5,16,0.25,8,9,28.926099999807775
transition_first,1.0,16,0.25,4,0,44.448800035752356
transition_warm,1.0,16,0.25,4,0,28.39059999678284
transition_first,1.0,16,0.25,4,1,27.12939999764785
transition_warm,1.0,16,0.25,4,1,28.632899979129434
transition_first,1.0,16,0.25,4,2,38.227799988817424
transition_warm,1.0,16,0.25,4,2,41.7118999757804
transition_first,1.0,16,0.25,4,3,38.064599968492985
transition_warm,1.0,16,0.25,4,3,36.132699984591454
transition_first,1.0,16,0.25,4,4,37.89069998310879
transition_warm,1.0,16,0.25,4,4,35.25510005420074
transition_first,1.0,16,0.25,4,5,39.45919999387115
transition_warm,1.0,16,0.25,4,5,34.27569998893887
transition_first,1.0,16,0.25,4,6,45.576200005598366
transition_warm,1.0,16,0.25,4,6,29.59220000775531
transition_first,1.0,16,0.25,4,7,35.236199968494475
transition_warm,1.0,16,0.25,4,7,45.296600030269474
transition_first,1.0,16,0.25,4,8,41.84319998603314
transition_warm,1.0,16,0.25,4,8,32.102900033351034
transition_first,1.0,16,0.25,4,9,24.809200025629252
transition_warm,1.0,16,0.25,4,9,35.9156999620609
transition_first,0.5,16,0.75,32,0,12.440100021194667
transition_warm,0.5,16,0.75,32,0,17.270000011194497
transition_first,0.5,16,0.75,32,1,12.50620000064373
transition_warm,0.5,16,0.75,32,1,14.591099985409528
transition_first,0.5,16,0.75,32,2,12.942600005771965
transition_warm,0.5,16,0.75,32,2,12.893800041638315
transition_first,0.5,16,0.75,32,3,10.977400001138449
transition_warm,0.5,16,0.75,32,3,11.526199989020824
transition_first,0.5,16,0.75,32,4,13.272500014863908
transition_warm,0.5,16,0.75,32,4,13.38469999609515
transition_first,0.5,16,0.75,32,5,12.93580001220107
transition_warm,0.5,16,0.75,32,5,12.184700055513531
transition_first,0.5,16,0.75,32,6,9.72520001232624
transition_warm,0.5,16,0.75,32,6,10.63949998933822
transition_first,0.5,16,0.75,32,7,12.520299991592765
transition_warm,0.5,16,0.75,32,7,17.83570001134649
transition_first,0.5,16,0.75,32,8,12.359999993350357
transition_warm,0.5,16,0.75,32,8,10.752099973615259
transition_first,0.5,16,0.75,32,9,12.61889998568222
transition_warm,0.5,16,0.75,32,9,15.864800021518022
transition_first,0.25,32,0.75,8,0,32.45210001477972
transition_warm,0.25,32,0.75,8,0,33.92229997552931
transition_first,0.25,32,0.75,8,1,37.248399981763214
transition_warm,0.25,32,0.75,8,1,31.645999988541007
transition_first,0.25,32,0.75,8,2,41.48690000874922
transition_warm,0.25,32,0.75,8,2,47.04420000780374
transition_first,0.25,32,0.75,8,3,39.28369999630377
transition_warm,0.25,32,0.75,8,3,30.66640003817156
transition_first,0.25,32,0.75,8,4,28.028200031258166
transition_warm,0.25,32,0.75,8,4,27.56670000962913
transition_first,0.25,32,0.75,8,5,31.489400018472224
transition_warm,0.25,32,0.75,8,5,27.31769997626543
transition_first,0.25,32,0.75,8,6,35.86780000478029
transition_warm,0.25,32,0.75,8,6,33.685200032778084
transition_first,0.25,32,0.75,8,7,46.799899952020496
transition_warm,0.25,32,0.75,8,7,38.28269999939948
transition_first,0.25,32,0.75,8,8,28.533600037917495
transition_warm,0.25,32,0.75,8,8,31.82930004550144
transition_first,0.25,32,0.75,8,9,30.093899986241013
transition_warm,0.25,32,0.75,8,9,30.123399978037924
transition_first,0.75,16,0.25,32,0,10.687600006349385
transition_warm,0.75,16,0.25,32,0,10.086600028444082
transition_first,0.75,16,0.25,32,1,10.373400000389665
transition_warm,0.75,16,0.25,32,1,10.99510001949966
transition_first,0.75,16,0.25,32,2,10.793099994771183
transition_warm,0.75,16,0.25,32,2,10.55210002232343
transition_first,0.75,16,0.25,32,3,11.70460000867024
transition_warm,0.75,16,0.25,32,3,9.63340001180768
transition_first,0.75,16,0.25,32,4,13.351099973078817
transition_warm,0.75,16,0.25,32,4,16.048000019509345
transition_first,0.75,16,0.25,32,5,12.933799996972084
transition_warm,0.75,16,0.25,32,5,10.578899993561208
transition_first,0.75,16,0.25,32,6,16.628700017463416
transition_warm,0.75,16,0.25,32,6,15.555999998468906
transition_first,0.75,16,0.25,32,7,12.166800035629421
transition_warm,0.75,16,0.25,32,7,13.527199975214899
transition_first,0.75,16,0.25,32,8,17.94689998496324
transition_warm,0.75,16,0.25,32,8,15.303799998946488
transition_first,0.75,16,0.25,32,9,12.991299969144166
transition_warm,0.75,16,0.25,32,9,12.706100009381771
transition_first,0.25,4,0.75,8,0,30.668099992908537
transition_warm,0.25,4,0.75,8,0,33.53129996685311
transition_first,0.25,4,0.75,8,1,33.83520001079887
transition_warm,0.25,4,0.75,8,1,32.29010000359267
transition_first,0.25,4,0.75,8,2,32.47129998635501
transition_warm,0.25,4,0.75,8,2,35.29369999887422
transition_first,0.25,4,0.75,8,3,34.77129997918382
transition_warm,0.25,4,0.75,8,3,35.97000002628192
transition_first,0.25,4,0.75,8,4,30.656800023280084
transition_warm,0.25,4,0.75,8,4,45.71640002541244
transition_first,0.25,4,0.75,8,5,32.63650002190843
transition_warm,0.25,4,0.75,8,5,29.44990003015846
transition_first,0.25,4,0.75,8,6,33.731100033037364
transition_warm,0.25,4,0.75,8,6,30.687900027260184
transition_first,0.25,4,0.75,8,7,35.774199990555644
transition_warm,0.25,4,0.75,8,7,31.95989999221638
transition_first,0.25,4,0.75,8,8,32.15809998800978
transition_warm,0.25,4,0.75,8,8,35.51859996514395
transition_first,0.25,4,0.75,8,9,36.21970000676811
transition_warm,0.25,4,0.75,8,9,29.858600057195872
transition_first,0.75,4,0.75,8,0,29.753100010566413
transition_warm,0.75,4,0.75,8,0,29.063800000585616
transition_first,0.75,4,0.75,8,1,34.31089996593073
transition_warm,0.75,4,0.75,8,1,33.45590003300458
transition_first,0.75,4,0.75,8,2,32.2798999841325
transition_warm,0.75,4,0.75,8,2,38.045299996156245
transition_first,0.75,4,0.75,8,3,32.47070003999397
transition_warm,0.75,4,0.75,8,3,45.92250002315268
transition_first,0.75,4,0.75,8,4,52.723299944773316
transition_warm,0.75,4,0.75,8,4,42.68929996760562
transition_first,0.75,4,0.75,8,5,55.237699998542666
transition_warm,0.75,4,0.75,8,5,29.893800034187734
transition_first,0.75,4,0.75,8,6,45.20330001832917
transition_warm,0.75,4,0.75,8,6,30.418500013183802
transition_first,0.75,4,0.75,8,7,31.065300048794597
transition_warm,0.75,4,0.75,8,7,37.0328999706544
transition_first,0.75,4,0.75,8,8,38.24329999042675
transition_warm,0.75,4,0.75,8,8,32.245100010186434
transition_first,0.75,4,0.75,8,9,31.133299984503537
transition_warm,0.75,4,0.75,8,9,34.00109999347478
transition_first,0.5,4,0.5,8,0,33.37220003595576
transition_warm,0.5,4,0.5,8,0,30.55219998350367
transition_first,0.5,4,0.5,8,1,37.045100005343556
transition_warm,0.5,4,0.5,8,1,34.77199998451397
transition_first,0.5,4,0.5,8,2,32.583999971393496
transition_warm,0.5,4,0.5,8,2,36.174200009554625
transition_first,0.5,4,0.5,8,3,33.10689999489114
transition_warm,0.5,4,0.5,8,3,33.375400002114475
transition_first,0.5,4,0.5,8,4,54.11880003521219
transition_warm,0.5,4,0.5,8,4,40.491399995516986
transition_first,0.5,4,0.5,8,5,39.106199983507395
transition_warm,0.5,4,0.5,8,5,39.54379999777302
transition_first,0.5,4,0.5,8,6,32.79339999426156
transition_warm,0.5,4,0.5,8,6,34.461300005204976
transition_first,0.5,4,0.5,8,7,34.47429998777807
transition_warm,0.5,4,0.5,8,7,27.560000016819686
transition_first,0.5,4,0.5,8,8,27.32380002271384
transition_warm,0.5,4,0.5,8,8,31.333399994764477
transition_first,0.5,4,0.5,8,9,35.994899983052164
transition_warm,0.5,4,0.5,8,9,36.843800044152886
transition_first,0.75,16,0.75,8,0,31.138300022576004
transition_warm,0.75,16,0.75,8,0,32.052199996542186
transition_first,0.75,16,0.75,8,1,31.908500008285046
transition_warm,0.75,16,0.75,8,1,32.11410000221804
transition_first,0.75,16,0.75,8,2,41.61529999691993
transition_warm,0.75,16,0.75,8,2,33.04090001620352
transition_first,0.75,16,0.75,8,3,32.58970001479611
transition_warm,0.75,16,0.75,8,3,39.04509998392314
transition_first,0.75,16,0.75,8,4,44.4988000090234
transition_warm,0.75,16,0.75,8,4,32.452300016302615
transition_first,0.75,16,0.75,8,5,29.232500004582107
transition_warm,0.75,16,0.75,8,5,29.05750001082197
transition_first,0.75,16,0.75,8,6,31.743899977300316
transition_warm,0.75,16,0.75,8,6,36.98630002327263
transition_first,0.75,16,0.75,8,7,35.13179998844862
transition_warm,0.75,16,0.75,8,7,31.6960999625735
transition_first,0.75,16,0.75,8,8,35.15120001975447
transition_warm,0.75,16,0.75,8,8,32.97489997930825
transition_first,0.75,16,0.75,8,9,34.55209999810904
transition_warm,0.75,16,0.75,8,9,33.325099968351424
transition_first,0.75,8,0.75,32,0,12.568300007842481
transition_warm,0.75,8,0.75,32,0,13.543899985961616
transition_first,0.75,8,0.75,32,1,13.027400011196733
transition_warm,0.75,8,0.75,32,1,11.477900028694421
transition_first,0.75,8,0.75,32,2,12.90779997361824
transition_warm,0.75,8,0.75,32,2,12.008799996692687
transition_first,0.75,8,0.75,32,3,11.963700002525002
transition_warm,0.75,8,0.75,32,3,9.99200000660494
transition_first,0.75,8,0.75,32,4,11.951799970120192
transition_warm,0.75,8,0.75,32,4,10.254000022541732
transition_first,0.75,8,0.75,32,5,11.209200019948184
transition_warm,0.75,8,0.75,32,5,11.067900049965829
transition_first,0.75,8,0.75,32,6,14.453600044362247
transition_warm,0.75,8,0.75,32,6,15.341099991928786
transition_first,0.75,8,0.75,32,7,11.108500009868294
transition_warm,0.75,8,0.75,32,7,11.198699998203665
transition_first,0.75,8,0.75,32,8,13.063899998087436
transition_warm,0.75,8,0.75,32,8,13.72709998395294
transition_first,0.75,8,0.75,32,9,10.588800010737032
transition_warm,0.75,8,0.75,32,9,12.020000023767352
transition_first,1.0,16,0.5,32,0,14.176699973177165
transition_warm,1.0,16,0.5,32,0,13.705499994102865
transition_first,1.0,16,0.5,32,1,11.810700001660734
transition_warm,1.0,16,0.5,32,1,9.755200007930398
transition_first,1.0,16,0.5,32,2,13.280400016810745
transition_warm,1.0,16,0.5,32,2,16.31540001835674
transition_first,1.0,16,0.5,32,3,15.014000004157424
transition_warm,1.0,16,0.5,32,3,14.221800025552511
transition_first,1.0,16,0.5,32,4,12.657799990847707
transition_warm,1.0,16,0.5,32,4,13.12409999081865
transition_first,1.0,16,0.5,32,5,12.561399955302477
transition_warm,1.0,16,0.5,32,5,12.774800008628517
transition_first,1.0,16,0.5,32,6,12.916999985463917
transition_warm,1.0,16,0.5,32,6,13.706600002478808
transition_first,1.0,16,0.5,32,7,13.267600035760552
transition_warm,1.0,16,0.5,32,7,11.808099981863052
transition_first,1.0,16,0.5,32,8,10.078799969051033
transition_warm,1.0,16,0.5,32,8,9.11179999820888
transition_first,1.0,16,0.5,32,9,11.02760003414005
transition_warm,1.0,16,0.5,32,9,10.15640003606677
transition_first,1.0,32,0.75,16,0,41.330400039441884
transition_warm,1.0,32,0.75,16,0,39.061599993146956
transition_first,1.0,32,0.75,16,1,42.659000027924776
transition_warm,1.0,32,0.75,16,1,36.411000008229166
transition_first,1.0,32,0.75,16,2,27.882599970325828
transition_warm,1.0,32,0.75,16,2,33.370900026056916
transition_first,1.0,32,0.75,16,3,32.55089995218441
transition_warm,1.0,32,0.75,16,3,38.121099991258234
transition_first,1.0,32,0.75,16,4,40.44029995566234
transition_warm,1.0,32,0.75,16,4,34.75719998823479
transition_first,1.0,32,0.75,16,5,40.045399975497276
transition_warm,1.0,32,0.75,16,5,33.8616999797523
transition_first,1.0,32,0.75,16,6,46.0746000171639
transition_warm,1.0,32,0.75,16,6,35.70559999207035
transition_first,1.0,32,0.75,16,7,30.00809997320175
transition_warm,1.0,32,0.75,16,7,35.97180003998801
transition_first,1.0,32,0.75,16,8,33.32099999533966
transition_warm,1.0,32,0.75,16,8,35.15089995926246
transition_first,1.0,32,0.75,16,9,36.209699988830835
transition_warm,1.0,32,0.75,16,9,31.286600045859814
transition_first,0.5,32,1.0,32,0,9.581000020261854
transition_warm,0.5,32,1.0,32,0,11.348399973940104
transition_first,0.5,32,1.0,32,1,11.641699995379895
transition_warm,0.5,32,1.0,32,1,8.994000032544136
transition_first,0.5,32,1.0,32,2,10.962000000290573
transition_warm,0.5,32,1.0,32,2,10.362699977122247
transition_first,0.5,32,1.0,32,3,11.076299997512251
transition_warm,0.5,32,1.0,32,3,11.632299982011318
transition_first,0.5,32,1.0,32,4,10.559599963016808
transition_warm,0.5,32,1.0,32,4,9.518500010017306
transition_first,0.5,32,1.0,32,5,12.702599982731044
transition_warm,0.5,32,1.0,32,5,11.85140002053231
transition_first,0.5,32,1.0,32,6,10.656800004653633
transition_warm,0.5,32,1.0,32,6,9.158799948636442
transition_first,0.5,32,1.0,32,7,9.993499959819019
transition_warm,0.5,32,1.0,32,7,9.876700001768768
transition_first,0.5,32,1.0,32,8,12.331700010690838
transition_warm,0.5,32,1.0,32,8,10.919800028204918
transition_first,0.5,32,1.0,32,9,11.275299999397248
transition_warm,0.5,32,1.0,32,9,9.996900043915957
transition_first,0.75,8,0.25,8,0,27.392900025006384
transition_warm,0.75,8,0.25,8,0,31.344100018031895
transition_first,0.75,8,0.25,8,1,29.240600008051842
transition_warm,0.75,8,0.25,8,1,32.44420001283288
transition_first,0.75,8,0.25,8,2,32.77140000136569
transition_warm,0.75,8,0.25,8,2,32.218299980740994
transition_first,0.75,8,0.25,8,3,33.72759994817898
transition_warm,0.75,8,0.25,8,3,33.42809999594465
transition_first,0.75,8,0.25,8,4,36.651199974585325
transition_warm,0.75,8,0.25,8,4,30.647900013718754
transition_first,0.75,8,0.25,8,5,33.92139996867627
transition_warm,0.75,8,0.25,8,5,27.915499988012016
transition_first,0.75,8,0.25,8,6,28.211899974849075
transition_warm,0.75,8,0.25,8,6,49.198799999430776
transition_first,0.75,8,0.25,8,7,39.17459998046979
transition_warm,0.75,8,0.25,8,7,39.68230000464246
transition_first,0.75,8,0.25,8,8,32.5408999924548
transition_warm,0.75,8,0.25,8,8,34.520699991844594
transition_first,0.75,8,0.25,8,9,48.533599998336285
transition_warm,0.75,8,0.25,8,9,27.263600029982626
transition_first,1.0,8,1.0,16,0,39.24949996871874
transition_warm,1.0,8,1.0,16,0,38.41509995982051
transition_first,1.0,8,1.0,16,1,37.443200009875
transition_warm,1.0,8,1.0,16,1,34.37780000967905
transition_first,1.0,8,1.0,16,2,39.1057999804616
transition_warm,1.0,8,1.0,16,2,34.75079999770969
transition_first,1.0,8,1.0,16,3,35.243699967395514
transition_warm,1.0,8,1.0,16,3,38.85349998017773
transition_first,1.0,8,1.0,16,4,47.22030000993982
transition_warm,1.0,8,1.0,16,4,45.17150000901893
transition_first,1.0,8,1.0,16,5,33.25859998585656
transition_warm,1.0,8,1.0,16,5,34.13340001134202
transition_first,1.0,8,1.0,16,6,35.11729999445379
transition_warm,1.0,8,1.0,16,6,35.29219998745248
transition_first,1.0,8,1.0,16,7,37.58789994753897
transition_warm,1.0,8,1.0,16,7,32.14480000315234
transition_first,1.0,8,1.0,16,8,36.32880002260208
transition_warm,1.0,8,1.0,16,8,36.725200014188886
transition_first,1.0,8,1.0,16,9,35.533999965991825
transition_warm,1.0,8,1.0,16,9,33.64860004512593
transition_first,0.25,8,0.5,4,0,37.120900000445545
transition_warm,0.25,8,0.5,4,0,30.690499988850206
transition_first,0.25,8,0.5,4,1,30.961400014348328
transition_warm,0.25,8,0.5,4,1,35.88109998963773
transition_first,0.25,8,0.5,4,2,47.0229999627918
transition_warm,0.25,8,0.5,4,2,29.041200003121048
transition_first,0.25,8,0.5,4,3,32.47129998635501
transition_warm,0.25,8,0.5,4,3,36.680700024589896
transition_first,0.25,8,0.5,4,4,27.855300053488463
transition_warm,0.25,8,0.5,4,4,29.849400045350194
transition_first,0.25,8,0.5,4,5,33.2551000174135
transition_warm,0.25,8,0.5,4,5,34.27589999046177
transition_first,0.25,8,0.5,4,6,34.738700021989644
transition_warm,0.25,8,0.5,4,6,26.05380001477897
transition_first,0.25,8,0.5,4,7,47.50619997503236
transition_warm,0.25,8,0.5,4,7,30.090599961113185
transition_first,0.25,8,0.5,4,8,33.79950002999976
transition_warm,0.25,8,0.5,4,8,27.056400023866445
transition_first,0.25,8,0.5,4,9,31.03240003110841
transition_warm,0.25,8,0.5,4,9,48.132100026123226
transition_first,1.0,4,0.75,8,0,32.75120002217591
transition_warm,1.0,4,0.75,8,0,28.755299979820848
transition_first,1.0,4,0.75,8,1,39.25400000298396
transition_warm,1.0,4,0.75,8,1,36.48399998201057
transition_first,1.0,4,0.75,8,2,34.19229999417439
transition_warm,1.0,4,0.75,8,2,36.13660001428798
transition_first,1.0,4,0.75,8,3,31.401599990203977
transition_warm,1.0,4,0.75,8,3,31.280800001695752
transition_first,1.0,4,0.75,8,4,32.952999987173826
transition_warm,1.0,4,0.75,8,4,42.098999954760075
transition_first,1.0,4,0.75,8,5,33.394800033420324
transition_warm,1.0,4,0.75,8,5,35.988999996334314
transition_first,1.0,4,0.75,8,6,32.26450004149228
transition_warm,1.0,4,0.75,8,6,37.24149998743087
transition_first,1.0,4,0.75,8,7,45.017600001301616
transition_warm,1.0,4,0.75,8,7,38.91900001326576
transition_first,1.0,4,0.75,8,8,35.68169998470694
transition_warm,1.0,4,0.75,8,8,30.12999997008592
transition_first,1.0,4,0.75,8,9,30.587200017180294
transition_warm,1.0,4,0.75,8,9,44.951600022614
transition_first,0.75,4,0.5,4,0,34.72269995836541
transition_warm,0.75,4,0.5,4,0,27.8188000083901
transition_first,0.75,4,0.5,4,1,34.489299985580146
transition_warm,0.75,4,0.5,4,1,48.50129998521879
transition_first,0.75,4,0.5,4,2,37.65010001370683
transition_warm,0.75,4,0.5,4,2,30.27380001731217
transition_first,0.75,4,0.5,4,3,42.264899995643646
transition_warm,0.75,4,0.5,4,3,31.381600012537092
transition_first,0.75,4,0.5,4,4,39.47899997001514
transition_warm,0.75,4,0.5,4,4,48.84559998754412
transition_first,0.75,4,0.5,4,5,48.60689997440204
transition_warm,0.75,4,0.5,4,5,32.5408999924548
transition_first,0.75,4,0.5,4,6,33.92910002730787
transition_warm,0.75,4,0.5,4,6,49.78599998867139
transition_first,0.75,4,0.5,4,7,28.825599991250783
transition_warm,0.75,4,0.5,4,7,28.638699965085834
transition_first,0.75,4,0.5,4,8,28.604999999515712
transition_warm,0.75,4,0.5,4,8,28.77889998489991
transition_first,0.75,4,0.5,4,9,35.147299990057945
transition_warm,0.75,4,0.5,4,9,33.34460000041872
transition_first,1.0,16,0.75,32,0,13.27659998787567
transition_warm,1.0,16,0.75,32,0,12.155500007793307
transition_first,1.0,16,0.75,32,1,16.776499978732318
transition_warm,1.0,16,0.75,32,1,11.322900012601167
transition_first,1.0,16,0.75,32,2,11.537800019141287
transition_warm,1.0,16,0.75,32,2,10.161400015931576
transition_first,1.0,16,0.75,32,3,13.213699974585325
transition_warm,1.0,16,0.75,32,3,11.44700002623722
transition_first,1.0,16,0.75,32,4,11.49429997894913
transition_warm,1.0,16,0.75,32,4,11.340700031723827
transition_first,1.0,16,0.75,32,5,10.740500001702458
transition_warm,1.0,16,0.75,32,5,11.475600011181086
transition_first,1.0,16,0.75,32,6,12.456699972972274
transition_warm,1.0,16,0.75,32,6,17.018300015479326
transition_first,1.0,16,0.75,32,7,12.451900052838027
transition_warm,1.0,16,0.75,32,7,13.38050002232194
transition_first,1.0,16,0.75,32,8,12.567600002512336
transition_warm,1.0,16,0.75,32,8,14.909499965142459
transition_first,1.0,16,0.75,32,9,11.338200012687594
transition_warm,1.0,16,0.75,32,9,11.983999982476234
transition_first,0.25,4,1.0,4,0,35.75889999046922
transition_warm,0.25,4,1.0,4,0,38.688600005116314
transition_first,0.25,4,1.0,4,1,44.35300000477582
transition_warm,0.25,4,1.0,4,1,37.14870003750548
transition_first,0.25,4,1.0,4,2,33.963499998208135
transition_warm,0.25,4,1.0,4,2,33.35969999898225
transition_first,0.25,4,1.0,4,3,33.357399981468916
transition_warm,0.25,4,1.0,4,3,48.88090002350509
transition_first,0.25,4,1.0,4,4,34.37799995299429
transition_warm,0.25,4,1.0,4,4,39.11160002462566
transition_first,0.25,4,1.0,4,5,37.77439997065812
transition_warm,0.25,4,1.0,4,5,32.276100013405085
transition_first,0.25,4,1.0,4,6,35.02090001711622
transition_warm,0.25,4,1.0,4,6,34.31700001237914
transition_first,0.25,4,1.0,4,7,49.3640000349842
transition_warm,0.25,4,1.0,4,7,116.81259999750182
transition_first,0.25,4,1.0,4,8,44.49719999684021
transition_warm,0.25,4,1.0,4,8,41.37280001305044
transition_first,0.25,4,1.0,4,9,36.4442000281997
transition_warm,0.25,4,1.0,4,9,34.3777000089176
transition_first,0.5,4,0.75,8,0,30.603499966673553
transition_warm,0.5,4,0.75,8,0,33.17629999946803
transition_first,0.5,4,0.75,8,1,41.60499997669831
transition_warm,0.5,4,0.75,8,1,37.91079996153712
transition_first,0.5,4,0.75,8,2,36.09489998780191
transition_warm,0.5,4,0.75,8,2,33.117700018920004
transition_first,0.5,4,0.75,8,3,30.44399997452274
transition_warm,0.5,4,0.75,8,3,35.136999969836324
transition_first,0.5,4,0.75,8,4,38.56210003141314
transition_warm,0.5,4,0.75,8,4,30.653399997390807
transition_first,0.5,4,0.75,8,5,34.5958000398241
transition_warm,0.5,4,0.75,8,5,40.452899993397295
transition_first,0.5,4,0.75,8,6,32.633199996780604
transition_warm,0.5,4,0.75,8,6,31.135600002016872
transition_first,0.5,4,0.75,8,7,31.588200014084578
transition_warm,0.5,4,0.75,8,7,33.50379999028519
transition_first,0.5,4,0.75,8,8,32.982700038701296
transition_warm,0.5,4,0.75,8,8,30.730300000868738
transition_first,0.5,4,0.75,8,9,47.07700002472848
transition_warm,0.5,4,0.75,8,9,35.956300038378686
transition_first,0.75,4,0.25,8,0,35.45779996784404
transition_warm,0.75,4,0.25,8,0,34.70229997765273
transition_first,0.75,4,0.25,8,1,53.30830003367737
transition_warm,0.75,4,0.25,8,1,36.10019996995106
transition_first,0.75,4,0.25,8,2,27.69720001379028
transition_warm,0.75,4,0.25,8,2,27.350899996235967
transition_first,0.75,4,0.25,8,3,30.634199967607856
transition_warm,0.75,4,0.25,8,3,39.03729998273775
transition_first,0.75,4,0.25,8,4,34.172499959822744
transition_warm,0.75,4,0.25,8,4,31.689699972048402
transition_first,0.75,4,0.25,8,5,47.92049998650327
transition_warm,0.75,4,0.25,8,5,44.626799994148314
transition_first,0.75,4,0.25,8,6,39.11260003224015
transition_warm,0.75,4,0.25,8,6,36.77439998136833
transition_first,0.75,4,0.25,8,7,31.77609998965636
transition_warm,0.75,4,0.25,8,7,32.455399981699884
transition_first,0.75,4,0.25,8,8,37.203799991402775
transition_warm,0.75,4,0.25,8,8,31.48099995451048
transition_first,0.75,4,0.25,8,9,36.97489999467507
transition_warm,0.75,4,0.25,8,9,30.455400003120303
transition_first,0.25,16,0.5,32,0,12.271900021005422
transition_warm,0.25,16,0.5,32,0,17.411099979653955
transition_first,0.25,16,0.5,32,1,15.353299968410283
transition_warm,0.25,16,0.5,32,1,11.051000037696213
transition_first,0.25,16,0.5,32,2,10.172000038437545
transition_warm,0.25,16,0.5,32,2,10.348000039812177
transition_first,0.25,16,0.5,32,3,11.061900004278868
transition_warm,0.25,16,0.5,32,3,12.779400043655187
transition_first,0.25,16,0.5,32,4,12.577799963764846
transition_warm,0.25,16,0.5,32,4,12.553800013847649
transition_first,0.25,16,0.5,32,5,13.181499962229282
transition_warm,0.25,16,0.5,32,5,12.949600000865757
transition_first,0.25,16,0.5,32,6,13.98769998922944
transition_warm,0.25,16,0.5,32,6,10.94160001957789
transition_first,0.25,16,0.5,32,7,11.555599980056286
transition_warm,0.25,16,0.5,32,7,11.451800004579127
transition_first,0.25,16,0.5,32,8,12.222999997902662
transition_warm,0.25,16,0.5,32,8,12.444199994206429
transition_first,0.25,16,0.5,32,9,9.277399978600442
transition_warm,0.25,16,0.5,32,9,12.029399978928268
transition_first,1.0,16,0.75,16,0,31.290499959141016
transition_warm,1.0,16,0.75,16,0,28.804600005969405
transition_first,1.0,16,0.75,16,1,43.03330002585426
transition_warm,1.0,16,0.75,16,1,33.9984999736771
transition_first,1.0,16,0.75,16,2,33.97639998001978
transition_warm,1.0,16,0.75,16,2,32.61569997994229
transition_first,1.0,16,0.75,16,3,41.52510000858456
transition_warm,1.0,16,0.75,16,3,29.248900013044477
transition_first,1.0,16,0.75,16,4,31.818500021472573
transition_warm,1.0,16,0.75,16,4,33.51979999570176
transition_first,1.0,16,0.75,16,5,31.614099978469312
transition_warm,1.0,16,0.75,16,5,28.61750003648922
transition_first,1.0,16,0.75,16,6,32.32659999048337
transition_warm,1.0,16,0.75,16,6,30.271699943114072
transition_first,1.0,16,0.75,16,7,40.307599992956966
transition_warm,1.0,16,0.75,16,7,31.92590002436191
transition_first,1.0,16,0.75,16,8,34.85460003139451
transition_warm,1.0,16,0.75,16,8,37.157899991143495
transition_first,1.0,16,0.75,16,9,35.89589998591691
transition_warm,1.0,16,0.75,16,9,30.18629999132827
transition_first,0.75,32,0.25,4,0,37.714999984018505
transition_warm,0.75,32,0.25,4,0,32.62949996860698
transition_first,0.75,32,0.25,4,1,30.37880000192672
transition_warm,0.75,32,0.25,4,1,47.07910004071891
transition_first,0.75,32,0.25,4,2,35.29969998635352
transition_warm,0.75,32,0.25,4,2,33.02889998303726
transition_first,0.75,32,0.25,4,3,33.55409996584058
transition_warm,0.75,32,0.25,4,3,30.61590000288561
transition_first,0.75,32,0.25,4,4,32.90979994926602
transition_warm,0.75,32,0.25,4,4,26.844400039408356
transition_first,0.75,32,0.25,4,5,36.40099999029189
transition_warm,0.75,32,0.25,4,5,34.93780002463609
transition_first,0.75,32,0.25,4,6,30.785900016780943
transition_warm,0.75,32,0.25,4,6,43.5433000093326
transition_first,0.75,32,0.25,4,7,41.38439998496324
transition_warm,0.75,32,0.25,4,7,35.385900002438575
transition_first,0.75,32,0.25,4,8,34.880599996540695
transition_warm,0.75,32,0.25,4,8,29.931900033261627
transition_first,0.75,32,0.25,4,9,34.82120000990108
transition_warm,0.75,32,0.25,4,9,25.796699977945536
transition_first,0.25,8,1.0,4,0,39.85810000449419
transition_warm,0.25,8,1.0,4,0,32.427300000563264
transition_first,0.25,8,1.0,4,1,38.704600010532886
transition_warm,0.25,8,1.0,4,1,38.80600002594292
transition_first,0.25,8,1.0,4,2,37.47159999329597
transition_warm,0.25,8,1.0,4,2,38.97510003298521
transition_first,0.25,8,1.0,4,3,38.41899998951703
transition_warm,0.25,8,1.0,4,3,37.063100025989115
transition_first,0.25,8,1.0,4,4,34.59570003906265
transition_warm,0.25,8,1.0,4,4,36.36570001253858
transition_first,0.25,8,1.0,4,5,39.02819997165352
transition_warm,0.25,8,1.0,4,5,37.799499987158924
transition_first,0.25,8,1.0,4,6,35.86960001848638
transition_warm,0.25,8,1.0,4,6,36.03750001639128
transition_first,0.25,8,1.0,4,7,33.974000019952655
transition_warm,0.25,8,1.0,4,7,37.585899990517646
transition_first,0.25,8,1.0,4,8,44.42569997627288
transition_warm,0.25,8,1.0,4,8,34.564999979920685
transition_first,0.25,8,1.0,4,9,37.3692000284791
transition_warm,0.25,8,1.0,4,9,53.26970003079623
transition_first,0.25,8,1.0,32,0,10.388599999714643
transition_warm,0.25,8,1.0,32,0,10.010200028773397
transition_first,0.25,8,1.0,32,1,11.103799974080175
transition_warm,0.25,8,1.0,32,1,11.666399950627238
transition_first,0.25,8,1.0,32,2,10.800299991387874
transition_warm,0.25,8,1.0,32,2,10.62760001514107
transition_first,0.25,8,1.0,32,3,10.706900036893785
transition_warm,0.25,8,1.0,32,3,10.237200011033565
transition_first,0.25,8,1.0,32,4,15.105400001630187
transition_warm,0.25,8,1.0,32,4,12.40549999056384
transition_first,0.25,8,1.0,32,5,11.981400020886213
transition_warm,0.25,8,1.0,32,5,12.535199988633394
transition_first,0.25,8,1.0,32,6,11.457999993581325
transition_warm,0.25,8,1.0,32,6,11.377500020898879
transition_first,0.25,8,1.0,32,7,15.316300035919994
transition_warm,0.25,8,1.0,32,7,10.961199994198978
transition_first,0.25,8,1.0,32,8,15.827599971089512
transition_warm,0.25,8,1.0,32,8,14.92859999416396
transition_first,0.25,8,1.0,32,9,11.997800029348582
transition_warm,0.25,8,1.0,32,9,10.02439996227622
transition_first,0.75,16,0.5,32,0,10.04100003046915
transition_warm,0.75,16,0.5,32,0,10.905900038778782
transition_first,0.75,16,0.5,32,1,10.418299993034452
transition_warm,0.75,16,0.5,32,1,11.278700025286525
transition_first,0.75,16,0.5,32,2,13.42040003510192
transition_warm,0.75,16,0.5,32,2,13.048299995716661
transition_first,0.75,16,0.5,32,3,11.804099951405078
transition_warm,0.75,16,0.5,32,3,9.917999967001379
transition_first,0.75,16,0.5,32,4,12.671800039242953
transition_warm,0.75,16,0.5,32,4,12.626799987629056
transition_first,0.75,16,0.5,32,5,10.985400003846735
transition_warm,0.75,16,0.5,32,5,18.676500010769814
transition_first,0.75,16,0.5,32,6,14.064999995753169
transition_warm,0.75,16,0.5,32,6,11.540900042746216
transition_first,0.75,16,0.5,32,7,12.849699996877462
transition_warm,0.75,16,0.5,32,7,12.88120000390336
transition_first,0.75,16,0.5,32,8,12.709800037555397
transition_warm,0.75,16,0.5,32,8,12.69440003670752
transition_first,0.75,16,0.5,32,9,16.36709994636476
transition_warm,0.75,16,0.5,32,9,15.696000016760081
transition_first,0.5,32,0.75,16,0,33.83740002755076
transition_warm,0.5,32,0.75,16,0,36.29840002395213
transition_first,0.5,32,0.75,16,1,39.39600003650412
transition_warm,0.5,32,0.75,16,1,32.416699978057295
transition_first,0.5,32,0.75,16,2,32.522100023925304
transition_warm,0.5,32,0.75,16,2,35.57520004687831
transition_first,0.5,32,0.75,16,3,33.464399981312454
transition_warm,0.5,32,0.75,16,3,34.36759999021888
transition_first,0.5,32,0.75,16,4,30.259400024078786
transition_warm,0.5,32,0.75,16,4,30.416199995670468
transition_first,0.5,32,0.75,16,5,30.47529998002574
transition_warm,0.5,32,0.75,16,5,32.563299988396466
transition_first,0.5,32,0.75,16,6,31.237800023518503
transition_warm,0.5,32,0.75,16,6,57.06379999173805
transition_first,0.5,32,0.75,16,7,39.98120001051575
transition_warm,0.5,32,0.75,16,7,32.883600040804595
transition_first,0.5,32,0.75,16,8,39.144799986388534
transition_warm,0.5,32,0.75,16,8,30.258400016464293
transition_first,0.5,32,0.75,16,9,30.683199991472065
transition_warm,0.5,32,0.75,16,9,45.33540003467351
transition_first,0.25,8,0.5,32,0,12.571699975524098
transition_warm,0.25,8,0.5,32,0,12.199899996630847
transition_first,0.25,8,0.5,32,1,15.671100001782179
transition_warm,0.25,8,0.5,32,1,13.852000003680587
transition_first,0.25,8,0.5,32,2,11.57279999461025
transition_warm,0.25,8,0.5,32,2,10.52670000353828
transition_first,0.25,8,0.5,32,3,13.575099990703166
transition_warm,0.25,8,0.5,32,3,10.613099962938577
transition_first,0.25,8,0.5,32,4,10.028499993495643
transition_warm,0.25,8,0.5,32,4,12.791000015567988
transition_first,0.25,8,0.5,32,5,12.5790000311099
transition_warm,0.25,8,0.5,32,5,12.771099980454892
transition_first,0.25,8,0.5,32,6,10.829800041392446
transition_warm,0.25,8,0.5,32,6,11.989999969955534
transition_first,0.25,8,0.5,32,7,9.28529998054728
transition_warm,0.25,8,0.5,32,7,12.151199975050986
transition_first,0.25,8,0.5,32,8,13.422699994407594
transition_warm,0.25,8,0.5,32,8,16.183900006581098
transition_first,0.25,8,0.5,32,9,11.591599963139743
transition_warm,0.25,8,0.5,32,9,12.489599990658462
transition_first,0.5,4,0.25,32,0,10.178899974562228
transition_warm,0.5,4,0.25,32,0,9.524599998258054
transition_first,0.5,4,0.25,32,1,15.307299967389554
transition_warm,0.5,4,0.25,32,1,13.375499984249473
transition_first,0.5,4,0.25,32,2,9.673700027633458
transition_warm,0.5,4,0.25,32,2,9.312500013038516
transition_first,0.5,4,0.25,32,3,9.873699978925288
transition_warm,0.5,4,0.25,32,3,11.018999968655407
transition_first,0.5,4,0.25,32,4,10.648099996615201
transition_warm,0.5,4,0.25,32,4,9.72069997806102
transition_first,0.5,4,0.25,32,5,9.85269999364391
transition_warm,0.5,4,0.25,32,5,10.288499994203448
transition_first,0.5,4,0.25,32,6,12.982899963390082
transition_warm,0.5,4,0.25,32,6,14.753299998119473
transition_first,0.5,4,0.25,32,7,12.585000018589199
transition_warm,0.5,4,0.25,32,7,12.626699986867607
transition_first,0.5,4,0.25,32,8,11.11649995436892
transition_warm,0.5,4,0.25,32,8,9.63779998710379
transition_first,0.5,4,0.25,32,9,11.451600003056228
transition_warm,0.5,4,0.25,32,9,11.300000012852252
transition_first,0.75,16,0.75,4,0,34.95830000611022
transition_warm,0.75,16,0.75,4,0,36.713399982545525
transition_first,0.75,16,0.75,4,1,54.276099952403456
transition_warm,0.75,16,0.75,4,1,39.3908999976702
transition_first,0.75,16,0.75,4,2,33.66489999461919
transition_warm,0.75,16,0.75,4,2,28.439900022931397
transition_first,0.75,16,0.75,4,3,32.37199998693541
transition_warm,0.75,16,0.75,4,3,30.359999975189567
transition_first,0.75,16,0.75,4,4,33.18660001968965
transition_warm,0.75,16,0.75,4,4,31.178299977909774
transition_first,0.75,16,0.75,4,5,33.29360001953319
transition_warm,0.75,16,0.75,4,5,32.7528000343591
transition_first,0.75,16,0.75,4,6,34.724999975878745
transition_warm,0.75,16,0.75,4,6,42.1902000089176
transition_first,0.75,16,0.75,4,7,37.24719997262582
transition_warm,0.75,16,0.75,4,7,30.379900010302663
transition_first,0.75,16,0.75,4,8,35.21589998854324
transition_warm,0.75,16,0.75,4,8,38.37079997174442
transition_first,0.75,16,0.75,4,9,33.22219999972731
transition_warm,0.75,16,0.75,4,9,34.67939997790381
transition_first,1.0,8,0.5,16,0,31.422700034454465
transition_warm,1.0,8,0.5,16,0,29.03919998789206
transition_first,1.0,8,0.5,16,1,32.981200027279556
transition_warm,1.0,8,0.5,16,1,34.49599997838959
transition_first,1.0,8,0.5,16,2,29.488799977116287
transition_warm,1.0,8,0.5,16,2,27.30289997998625
transition_first,1.0,8,0.5,16,3,30.310100002679974
transition_warm,1.0,8,0.5,16,3,37.98969998024404
transition_first,1.0,8,0.5,16,4,31.68109996477142
transition_warm,1.0,8,0.5,16,4,43.74469997128472
transition_first,1.0,8,0.5,16,5,42.340499989222735
transition_warm,1.0,8,0.5,16,5,30.610699963290244
transition_first,1.0,8,0.5,16,6,32.929399982094765
transition_warm,1.0,8,0.5,16,6,30.845000001136214
transition_first,1.0,8,0.5,16,7,34.92300002835691
transition_warm,1.0,8,0.5,16,7,34.33320001931861
transition_first,1.0,8,0.5,16,8,39.89549999823794
transition_warm,1.0,8,0.5,16,8,29.46759999031201
transition_first,1.0,8,0.5,16,9,37.037800007965416
transition_warm,1.0,8,0.5,16,9,31.719300022814423
transition_first,0.5,4,1.0,4,0,35.406900045927614
transition_warm,0.5,4,1.0,4,0,33.01879996433854
transition_first,0.5,4,1.0,4,1,36.913199990522116
transition_warm,0.5,4,1.0,4,1,34.73500005202368
transition_first,0.5,4,1.0,4,2,37.995000020600855
transition_warm,0.5,4,1.0,4,2,38.97320001851767
transition_first,0.5,4,1.0,4,3,36.926599976141006
transition_warm,0.5,4,1.0,4,3,36.74249997129664
transition_first,0.5,4,1.0,4,4,32.5408999924548
transition_warm,0.5,4,1.0,4,4,35.78619996551424
transition_first,0.5,4,1.0,4,5,41.52929998235777
transition_warm,0.5,4,1.0,4,5,36.16419999161735
transition_first,0.5,4,1.0,4,6,37.615699984598905
transition_warm,0.5,4,1.0,4,6,34.76020001107827
transition_first,0.5,4,1.0,4,7,39.37190002761781
transition_warm,0.5,4,1.0,4,7,40.06859997753054
transition_first,0.5,4,1.0,4,8,39.33379997033626
transition_warm,0.5,4,1.0,4,8,39.70120003214106
transition_first,0.5,4,1.0,4,9,38.561100023798645
transition_warm,0.5,4,1.0,4,9,35.87320004589856
transition_first,0.75,4,1.0,16,0,35.89240001747385
transition_warm,0.75,4,1.0,16,0,39.4170000217855
transition_first,0.75,4,1.0,16,1,30.733399966266006
transition_warm,0.75,4,1.0,16,1,34.172400017268956
transition_first,0.75,4,1.0,16,2,40.768500010017306
transition_warm,0.75,4,1.0,16,2,38.30079996259883
transition_first,0.75,4,1.0,16,3,37.67689998494461
transition_warm,0.75,4,1.0,16,3,33.02829997846857
transition_first,0.75,4,1.0,16,4,37.034699984360486
transition_warm,0.75,4,1.0,16,4,35.11519997846335
transition_first,0.75,4,1.0,16,5,39.66239996952936
transition_warm,0.75,4,1.0,16,5,36.00269998423755
transition_first,0.75,4,1.0,16,6,33.090999990236014
transition_warm,0.75,4,1.0,16,6,33.60009996686131
transition_first,0.75,4,1.0,16,7,32.96889999182895
transition_warm,0.75,4,1.0,16,7,38.192200008779764
transition_first,0.75,4,1.0,16,8,36.83810000075027
transition_warm,0.75,4,1.0,16,8,34.36400002101436
transition_first,0.75,4,1.0,16,9,37.50380000565201
transition_warm,0.75,4,1.0,16,9,36.242400004994124
transition_first,0.75,32,0.5,32,0,11.642900004517287
transition_warm,0.75,32,0.5,32,0,13.566199981141835
transition_first,0.75,32,0.5,32,1,10.554699983913451
transition_warm,0.75,32,0.5,32,1,11.595999996643513
transition_first,0.75,32,0.5,32,2,13.299999991431832
transition_warm,0.75,32,0.5,32,2,16.955900005996227
transition_first,0.75,32,0.5,32,3,12.176299991551787
transition_warm,0.75,32,0.5,32,3,12.141299957875162
transition_first,0.75,32,0.5,32,4,10.392299969680607
transition_warm,0.75,32,0.5,32,4,11.096700036432594
transition_first,0.75,32,0.5,32,5,12.391399999614805
transition_warm,0.75,32,0.5,32,5,11.419799993745983
transition_first,0.75,32,0.5,32,6,12.754100025631487
transition_warm,0.75,32,0.5,32,6,12.835700006689876
transition_first,0.75,32,0.5,32,7,10.301100031938404
transition_warm,0.75,32,0.5,32,7,13.029799971263856
transition_first,0.75,32,0.5,32,8,14.729499991517514
transition_warm,0.75,32,0.5,32,8,14.381000015418977
transition_first,0.75,32,0.5,32,9,13.548000017181039
transition_warm,0.75,32,0.5,32,9,12.469299952499568
transition_first,0.75,32,0.5,16,0,37.7522999770008
transition_warm,0.75,32,0.5,16,0,38.63040002761409
transition_first,0.75,32,0.5,16,1,46.01089999778196
transition_warm,0.75,32,0.5,16,1,38.29470003256574
transition_first,0.75,32,0.5,16,2,36.45780001534149
transition_warm,0.75,32,0.5,16,2,35.26680002687499
transition_first,0.75,32,0.5,16,3,36.36399999959394
transition_warm,0.75,32,0.5,16,3,40.737300005275756
transition_first,0.75,32,0.5,16,4,29.28529999917373
transition_warm,0.75,32,0.5,16,4,33.836300019174814
transition_first,0.75,32,0.5,16,5,42.95790003379807
transition_warm,0.75,32,0.5,16,5,42.909500014502555
transition_first,0.75,32,0.5,16,6,28.124499949626625
transition_warm,0.75,32,0.5,16,6,28.908299980685115
transition_first,0.75,32,0.5,16,7,29.228000028524548
transition_warm,0.75,32,0.5,16,7,30.080700002145022
transition_first,0.75,32,0.5,16,8,36.10850003315136
transition_warm,0.75,32,0.5,16,8,30.907200009096414
transition_first,0.75,32,0.5,16,9,34.54490000149235
transition_warm,0.75,32,0.5,16,9,28.310200024861842
transition_first,1.0,4,0.5,8,0,47.96789999818429
transition_warm,1.0,4,0.5,8,0,31.49319998919964
transition_first,1.0,4,0.5,8,1,37.69789997022599
transition_warm,1.0,4,0.5,8,1,31.646499992348254
transition_first,1.0,4,0.5,8,2,38.03130000596866
transition_warm,1.0,4,0.5,8,2,32.336499949451536
transition_first,1.0,4,0.5,8,3,29.85719998832792
transition_warm,1.0,4,0.5,8,3,30.456600012257695
transition_first,1.0,4,0.5,8,4,38.63429999910295
transition_warm,1.0,4,0.5,8,4,39.95870001381263
transition_first,1.0,4,0.5,8,5,37.485300039406866
transition_warm,1.0,4,0.5,8,5,34.50899996096268
transition_first,1.0,4,0.5,8,6,32.42930001579225
transition_warm,1.0,4,0.5,8,6,47.97989997314289
transition_first,1.0,4,0.5,8,7,33.568200014997274
transition_warm,1.0,4,0.5,8,7,34.076099982485175
transition_first,1.0,4,0.5,8,8,33.69040001416579
transition_warm,1.0,4,0.5,8,8,36.62210004404187
transition_first,1.0,4,0.5,8,9,30.09259997634217
transition_warm,1.0,4,0.5,8,9,32.96119999140501
transition_first,0.5,16,0.25,32,0,11.764900002162904
transition_warm,0.5,16,0.25,32,0,13.003800006117672
transition_first,0.5,16,0.25,32,1,12.133499956689775
transition_warm,0.5,16,0.25,32,1,10.412799951154739
transition_first,0.5,16,0.25,32,2,11.252299998886883
transition_warm,0.5,16,0.25,32,2,11.160099995322526
transition_first,0.5,16,0.25,32,3,29.1830999776721
transition_warm,0.5,16,0.25,32,3,32.412500004284084
transition_first,0.5,16,0.25,32,4,13.157199951820076
transition_warm,0.5,16,0.25,32,4,12.896400003228337
transition_first,0.5,16,0.25,32,5,9.42320004105568
transition_warm,0.5,16,0.25,32,5,12.27060001110658
transition_first,0.5,16,0.25,32,6,11.024699953850359
transition_warm,0.5,16,0.25,32,6,9.251700015738606
transition_first,0.5,16,0.25,32,7,12.28540000738576
transition_warm,0.5,16,0.25,32,7,12.568000005558133
transition_first,0.5,16,0.25,32,8,11.793799989391118
transition_warm,0.5,16,0.25,32,8,11.133899970445782
transition_first,0.5,16,0.25,32,9,13.010399998165667
transition_warm,0.5,16,0.25,32,9,10.019099980127066
transition_first,0.25,32,0.5,32,0,11.254900018684566
transition_warm,0.25,32,0.5,32,0,11.11640001181513
transition_first,0.25,32,0.5,32,1,12.123599997721612
transition_warm,0.25,32,0.5,32,1,12.344899994786829
transition_first,0.25,32,0.5,32,2,10.01109997741878
transition_warm,0.25,32,0.5,32,2,10.779000003822148
transition_first,0.25,32,0.5,32,3,10.945099988020957
transition_warm,0.25,32,0.5,32,3,11.868799978401512
transition_first,0.25,32,0.5,32,4,14.195399999152869
transition_warm,0.25,32,0.5,32,4,12.532100023236126
transition_first,0.25,32,0.5,32,5,15.387799998279661
transition_warm,0.25,32,0.5,32,5,13.407299993559718
transition_first,0.25,32,0.5,32,6,10.310599987860769
transition_warm,0.25,32,0.5,32,6,8.820899995043874
transition_first,0.25,32,0.5,32,7,11.539899976924062
transition_warm,0.25,32,0.5,32,7,12.573899992275983
transition_first,0.25,32,0.5,32,8,12.155400007031858
transition_warm,0.25,32,0.5,32,8,9.762800007592887
transition_first,0.25,32,0.5,32,9,10.149499983526766
transition_warm,0.25,32,0.5,32,9,13.281199964694679
transition_first,0.5,32,0.25,16,0,34.975600021425635
transition_warm,0.5,32,0.25,16,0,35.45769996708259
transition_first,0.5,32,0.25,16,1,36.472000007051975
transition_warm,0.5,32,0.25,16,1,32.05300000263378
transition_first,0.5,32,0.25,16,2,34.57519999938086
transition_warm,0.5,32,0.25,16,2,35.80330003751442
transition_first,0.5,32,0.25,16,3,31.21620003366843
transition_warm,0.5,32,0.25,16,3,32.40959998220205
transition_first,0.5,32,0.25,16,4,38.1686000037007
transition_warm,0.5,32,0.25,16,4,37.53700002562255
transition_first,0.5,32,0.25,16,5,34.600500017404556
transition_warm,0.5,32,0.25,16,5,34.32050003902987
transition_first,0.5,32,0.25,16,6,42.44229994947091
transition_warm,0.5,32,0.25,16,6,40.94559996156022
transition_first,0.5,32,0.25,16,7,29.535199981182814
transition_warm,0.5,32,0.25,16,7,28.417899971827865
transition_first,0.5,32,0.25,16,8,35.59949999907985
transition_warm,0.5,32,0.25,16,8,51.82240001158789
transition_first,0.5,32,0.25,16,9,34.56589998677373
transition_warm,0.5,32,0.25,16,9,37.82150003826246
transition_first,0.5,8,0.75,8,0,30.71219997946173
transition_warm,0.5,8,0.75,8,0,29.936500010080636
transition_first,0.5,8,0.75,8,1,36.88650002004579
transition_warm,0.5,8,0.75,8,1,31.329700024798512
transition_first,0.5,8,0.75,8,2,43.573300004936755
transition_warm,0.5,8,0.75,8,2,34.75420002359897
transition_first,0.5,8,0.75,8,3,31.629999983124435
transition_warm,0.5,8,0.75,8,3,30.711100029293448
transition_first,0.5,8,0.75,8,4,28.751600009854883
transition_warm,0.5,8,0.75,8,4,30.296499957330525
transition_first,0.5,8,0.75,8,5,32.838799990713596
transition_warm,0.5,8,0.75,8,5,29.969500028528273
transition_first,0.5,8,0.75,8,6,32.135299989022315
transition_warm,0.5,8,0.75,8,6,32.496700005140156
transition_first,0.5,8,0.75,8,7,33.342599985189736
transition_warm,0.5,8,0.75,8,7,33.304300042800605
transition_first,0.5,8,0.75,8,8,34.75220000836998
transition_warm,0.5,8,0.75,8,8,32.24550001323223
transition_first,0.5,8,0.75,8,9,36.80940001504496
transition_warm,0.5,8,0.75,8,9,32.6401999918744
transition_first,0.75,4,0.5,8,0,31.387199996970594
transition_warm,0.75,4,0.5,8,0,29.872899991460145
transition_first,0.75,4,0.5,8,1,31.95669996785
transition_warm,0.75,4,0.5,8,1,31.325100047979504
transition_first,0.75,4,0.5,8,2,29.690299998037517
transition_warm,0.75,4,0.5,8,2,36.354699986986816
transition_first,0.75,4,0.5,8,3,30.48400004627183
transition_warm,0.75,4,0.5,8,3,31.502300000283867
transition_first,0.75,4,0.5,8,4,33.55709998868406
transition_warm,0.75,4,0.5,8,4,34.07059999881312
transition_first,0.75,4,0.5,8,5,36.76650003762916
transition_warm,0.75,4,0.5,8,5,29.92669999366626
transition_first,0.75,4,0.5,8,6,29.83369998401031
transition_warm,0.75,4,0.5,8,6,41.335799964144826
transition_first,0.75,4,0.5,8,7,31.759100034832954
transition_warm,0.75,4,0.5,8,7,30.569099995773286
transition_first,0.75,4,0.5,8,8,45.33539997646585
transition_warm,0.75,4,0.5,8,8,31.82630002265796
transition_first,0.75,4,0.5,8,9,37.82369999680668
transition_warm,0.75,4,0.5,8,9,39.124200004152954
transition_first,0.75,8,1.0,4,0,38.24580000946298
transition_warm,0.75,8,1.0,4,0,34.578300022985786
transition_first,0.75,8,1.0,4,1,38.666400010697544
transition_warm,0.75,8,1.0,4,1,39.13819999434054
transition_first,0.75,8,1.0,4,2,33.959099964704365
transition_warm,0.75,8,1.0,4,2,36.17799998028204
transition_first,0.75,8,1.0,4,3,33.588899997994304
transition_warm,0.75,8,1.0,4,3,30.929400003515184
transition_first,0.75,8,1.0,4,4,37.15719998581335
transition_warm,0.75,8,1.0,4,4,39.74099998595193
transition_first,0.75,8,1.0,4,5,35.83100001560524
transition_warm,0.75,8,1.0,4,5,54.15109999012202
transition_first,0.75,8,1.0,4,6,34.32909998809919
transition_warm,0.75,8,1.0,4,6,36.2213000189513
transition_first,0.75,8,1.0,4,7,61.007600044831634
transition_warm,0.75,8,1.0,4,7,36.0342999920249
transition_first,0.75,8,1.0,4,8,38.374499999918044
transition_warm,0.75,8,1.0,4,8,34.52759998617694
transition_first,0.75,8,1.0,4,9,31.333699997048825
transition_warm,0.75,8,1.0,4,9,40.32659996300936
transition_first,1.0,32,0.25,32,0,11.090599989984185
transition_warm,1.0,32,0.25,32,0,12.601499969605356
transition_first,1.0,32,0.25,32,1,15.621800033841282
transition_warm,1.0,32,0.25,32,1,11.76540000597015
transition_first,1.0,32,0.25,32,2,16.16289996309206
transition_warm,1.0,32,0.25,32,2,12.720499944407493
transition_first,1.0,32,0.25,32,3,12.470399960875511
transition_warm,1.0,32,0.25,32,3,8.916499966289848
transition_first,1.0,32,0.25,32,4,17.27700000628829
transition_warm,1.0,32,0.25,32,4,11.100399948190898
transition_first,1.0,32,0.25,32,5,9.233000047970563
transition_warm,1.0,32,0.25,32,5,12.372300028800964
transition_first,1.0,32,0.25,32,6,18.904399999883026
transition_warm,1.0,32,0.25,32,6,17.365300038363785
transition_first,1.0,32,0.25,32,7,12.834000051952899
transition_warm,1.0,32,0.25,32,7,13.115500041749328
transition_first,1.0,32,0.25,32,8,11.673000000882894
transition_warm,1.0,32,0.25,32,8,13.830500014591962
transition_first,1.0,32,0.25,32,9,9.110599989071488
transition_warm,1.0,32,0.25,32,9,12.689299997873604
transition_first,0.75,4,0.25,32,0,10.317499982193112
transition_warm,0.75,4,0.25,32,0,9.964300028514117
transition_first,0.75,4,0.25,32,1,11.849600006826222
transition_warm,0.75,4,0.25,32,1,12.563299969770014
transition_first,0.75,4,0.25,32,2,18.448500020895153
transition_warm,0.75,4,0.25,32,2,10.481900011654943
transition_first,0.75,4,0.25,32,3,11.637500021606684
transition_warm,0.75,4,0.25,32,3,12.310900026932359
transition_first,0.75,4,0.25,32,4,12.476300005801022
transition_warm,0.75,4,0.25,32,4,9.977800014894456
transition_first,0.75,4,0.25,32,5,14.131199975963682
transition_warm,0.75,4,0.25,32,5,15.862300002481788
transition_first,0.75,4,0.25,32,6,13.415499997790903
transition_warm,0.75,4,0.25,32,6,22.098599991295487
transition_first,0.75,4,0.25,32,7,11.89419999718666
transition_warm,0.75,4,0.25,32,7,12.324400013312697
transition_first,0.75,4,0.25,32,8,11.327499989420176
transition_warm,0.75,4,0.25,32,8,15.618300007190555
transition_first,0.75,4,0.25,32,9,12.549399980343878
transition_warm,0.75,4,0.25,32,9,10.13860001694411
transition_first,1.0,16,1.0,32,0,15.53019997663796
transition_warm,1.0,16,1.0,32,0,10.967600042931736
transition_first,1.0,16,1.0,32,1,12.196699972264469
transition_warm,1.0,16,1.0,32,1,11.992899992037565
transition_first,1.0,16,1.0,32,2,11.559100006707013
transition_warm,1.0,16,1.0,32,2,11.86040003085509
transition_first,1.0,16,1.0,32,3,11.881500016897917
transition_warm,1.0,16,1.0,32,3,12.052499980200082
transition_first,1.0,16,1.0,32,4,9.626599960029125
transition_warm,1.0,16,1.0,32,4,10.257499990984797
transition_first,1.0,16,1.0,32,5,10.81279997015372
transition_warm,1.0,16,1.0,32,5,13.173199957236648
transition_first,1.0,16,1.0,32,6,14.553600049111992
transition_warm,1.0,16,1.0,32,6,15.08119999198243
transition_first,1.0,16,1.0,32,7,11.817699996754527
transition_warm,1.0,16,1.0,32,7,9.396999957971275
transition_first,1.0,16,1.0,32,8,11.95820001885295
transition_warm,1.0,16,1.0,32,8,9.925000020302832
transition_first,1.0,16,1.0,32,9,12.823799974285066
transition_warm,1.0,16,1.0,32,9,11.628400010522455
transition_first,0.75,4,1.0,4,0,36.44120000535622
transition_warm,0.75,4,1.0,4,0,40.40230001555756
transition_first,0.75,4,1.0,4,1,33.21710001910105
transition_warm,0.75,4,1.0,4,1,34.283499990124255
transition_first,0.75,4,1.0,4,2,39.07980001531541
transition_warm,0.75,4,1.0,4,2,37.78489999240264
transition_first,0.75,4,1.0,4,3,37.11760003352538
transition_warm,0.75,4,1.0,4,3,30.919899989385158
transition_first,0.75,4,1.0,4,4,35.75260000070557
transition_warm,0.75,4,1.0,4,4,43.62679994665086
transition_first,0.75,4,1.0,4,5,39.201100007630885
transition_warm,0.75,4,1.0,4,5,35.78049998031929
transition_first,0.75,4,1.0,4,6,35.21960001671687
transition_warm,0.75,4,1.0,4,6,31.329599965829402
transition_first,0.75,4,1.0,4,7,34.131099993828684
transition_warm,0.75,4,1.0,4,7,34.151699976064265
transition_first,0.75,4,1.0,4,8,37.52479999093339
transition_warm,0.75,4,1.0,4,8,35.81199998734519
transition_first,0.75,4,1.0,4,9,30.136400018818676
transition_warm,0.75,4,1.0,4,9,45.468099997378886
transition_first,0.75,32,0.25,8,0,34.22370000043884
transition_warm,0.75,32,0.25,8,0,30.2689999807626
transition_first,0.75,32,0.25,8,1,30.711499974131584
transition_warm,0.75,32,0.25,8,1,30.763800023123622
transition_first,0.75,32,0.25,8,2,30.07199999410659
transition_warm,0.75,32,0.25,8,2,37.808199995197356
transition_first,0.75,32,0.25,8,3,38.12019998440519
transition_warm,0.75,32,0.25,8,3,45.97989999456331
transition_first,0.75,32,0.25,8,4,51.43099999986589
transition_warm,0.75,32,0.25,8,4,35.12309998041019
transition_first,0.75,32,0.25,8,5,37.97169995959848
transition_warm,0.75,32,0.25,8,5,30.10609996272251
transition_first,0.75,32,0.25,8,6,36.34649998275563
transition_warm,0.75,32,0.25,8,6,36.709200008772314
transition_first,0.75,32,0.25,8,7,30.091900029219687
transition_warm,0.75,32,0.25,8,7,27.397500001825392
transition_first,0.75,32,0.25,8,8,29.58909998415038
transition_warm,0.75,32,0.25,8,8,31.46339999511838
transition_first,0.75,32,0.25,8,9,34.755999979097396
transition_warm,0.75,32,0.25,8,9,31.610999954864383
transition_first,1.0,32,0.5,16,0,30.100799980573356
transition_warm,1.0,32,0.5,16,0,30.542800028342754
transition_first,1.0,32,0.5,16,1,31.550000014249235
transition_warm,1.0,32,0.5,16,1,28.572999988682568
transition_first,1.0,32,0.5,16,2,32.82810002565384
transition_warm,1.0,32,0.5,16,2,38.790600025095046
transition_first,1.0,32,0.5,16,3,34.299699997063726
transition_warm,1.0,32,0.5,16,3,56.960999965667725
transition_first,1.0,32,0.5,16,4,30.701400013640523
transition_warm,1.0,32,0.5,16,4,46.38050001813099
transition_first,1.0,32,0.5,16,5,30.181400012224913
transition_warm,1.0,32,0.5,16,5,29.70169996842742
transition_first,1.0,32,0.5,16,6,29.724599968176335
transition_warm,1.0,32,0.5,16,6,35.57659999933094
transition_first,1.0,32,0.5,16,7,33.16000004997477
transition_warm,1.0,32,0.5,16,7,29.75210000295192
transition_first,1.0,32,0.5,16,8,33.64899998996407
transition_warm,1.0,32,0.5,16,8,32.98169997287914
transition_first,1.0,32,0.5,16,9,34.89350003656
transition_warm,1.0,32,0.5,16,9,27.364299981854856
transition_first,0.75,16,0.5,8,0,31.900999951176345
transition_warm,0.75,16,0.5,8,0,40.11589998845011
transition_first,0.75,16,0.5,8,1,36.80910001276061
transition_warm,0.75,16,0.5,8,1,33.70739996898919
transition_first,0.75,16,0.5,8,2,29.623900016304106
transition_warm,0.75,16,0.5,8,2,26.752099976874888
transition_first,0.75,16,0.5,8,3,29.48259998811409
transition_warm,0.75,16,0.5,8,3,30.201799992937595
transition_first,0.75,16,0.5,8,4,37.66490000998601
transition_warm,0.75,16,0.5,8,4,34.40990002127364
transition_first,0.75,16,0.5,8,5,35.418399958871305
transition_warm,0.75,16,0.5,8,5,29.065100010484457
transition_first,0.75,16,0.5,8,6,30.366600025445223
transition_warm,0.75,16,0.5,8,6,33.5095000336878
transition_first,0.75,16,0.5,8,7,31.157199991866946
transition_warm,0.75,16,0.5,8,7,31.24260000186041
transition_first,0.75,16,0.5,8,8,31.360600027255714
transition_warm,0.75,16,0.5,8,8,33.24449999490753
transition_first,0.75,16,0.5,8,9,38.152199995238334
transition_warm,0.75,16,0.5,8,9,30.515399994328618
transition_first,1.0,8,0.5,32,0,9.09549999050796
transition_warm,1.0,8,0.5,32,0,10.709700000006706
transition_first,1.0,8,0.5,32,1,17.73640001192689
transition_warm,1.0,8,0.5,32,1,12.173199967946857
transition_first,1.0,8,0.5,32,2,11.697600013576448
transition_warm,1.0,8,0.5,32,2,11.08379999641329
transition_first,1.0,8,0.5,32,3,16.276400012429804
transition_warm,1.0,8,0.5,32,3,14.828799990937114
transition_first,1.0,8,0.5,32,4,12.920100009068847
transition_warm,1.0,8,0.5,32,4,11.702799994964153
transition_first,1.0,8,0.5,32,5,12.905400013551116
transition_warm,1.0,8,0.5,32,5,10.505100013688207
transition_first,1.0,8,0.5,32,6,13.253999990411103
transition_warm,1.0,8,0.5,32,6,11.753799975849688
transition_first,1.0,8,0.5,32,7,9.748400014359504
transition_warm,1.0,8,0.5,32,7,11.165000032633543
transition_first,1.0,8,0.5,32,8,17.2076000017114
transition_warm,1.0,8,0.5,32,8,14.341200003400445
transition_first,1.0,8,0.5,32,9,12.570799968671054
transition_warm,1.0,8,0.5,32,9,12.692400021478534
transition_first,0.5,16,0.75,16,0,28.477099956944585
transition_warm,0.5,16,0.75,16,0,34.18949997285381
transition_first,0.5,16,0.75,16,1,30.965799989644438
transition_warm,0.5,16,0.75,16,1,29.77409999584779
transition_first,0.5,16,0.75,16,2,40.12170003261417
transition_warm,0.5,16,0.75,16,2,35.66469997167587
transition_first,0.5,16,0.75,16,3,37.47600002679974
transition_warm,0.5,16,0.75,16,3,36.50670003844425
transition_first,0.5,16,0.75,16,4,29.48229998582974
transition_warm,0.5,16,0.75,16,4,30.01129999756813
transition_first,0.5,16,0.75,16,5,41.96239996235818
transition_warm,0.5,16,0.75,16,5,39.507699955720454
transition_first,0.5,16,0.75,16,6,31.744499981869012
transition_warm,0.5,16,0.75,16,6,29.71360000083223
transition_first,0.5,16,0.75,16,7,35.2034000097774
transition_warm,0.5,16,0.75,16,7,46.16069997427985
transition_first,0.5,16,0.75,16,8,36.49209998548031
transition_warm,0.5,16,0.75,16,8,35.49959999509156
transition_first,0.5,16,0.75,16,9,34.42369995173067
transition_warm,0.5,16,0.75,16,9,34.25139997852966
transition_first,0.25,8,0.5,16,0,37.4487999943085
transition_warm,0.25,8,0.5,16,0,30.037000018637627
transition_first,0.25,8,0.5,16,1,32.132200023625046
transition_warm,0.25,8,0.5,16,1,38.27239997917786
transition_first,0.25,8,0.5,16,2,30.136300018057227
transition_warm,0.25,8,0.5,16,2,34.94400001363829
transition_first,0.25,8,0.5,16,3,37.66809997614473
transition_warm,0.25,8,0.5,16,3,49.56870002206415
transition_first,0.25,8,0.5,16,4,36.7794000194408
transition_warm,0.25,8,0.5,16,4,45.199899992439896
transition_first,0.25,8,0.5,16,5,30.938200012315065
transition_warm,0.25,8,0.5,16,5,26.28189994720742
transition_first,0.25,8,0.5,16,6,31.13900002790615
transition_warm,0.25,8,0.5,16,6,29.754299961496145
transition_first,0.25,8,0.5,16,7,27.668199967592955
transition_warm,0.25,8,0.5,16,7,39.73260003840551
transition_first,0.25,8,0.5,16,8,29.912900005001575
transition_warm,0.25,8,0.5,16,8,34.27360003115609
transition_first,0.25,8,0.5,16,9,25.983200001064688
transition_warm,0.25,8,0.5,16,9,41.9862000271678
transition_first,0.5,32,0.75,8,0,44.78140000719577
transition_warm,0.5,32,0.75,8,0,35.83359997719526
transition_first,0.5,32,0.75,8,1,36.479200003668666
transition_warm,0.5,32,0.75,8,1,30.381199961993843
transition_first,0.5,32,0.75,8,2,33.690800017211586
transition_warm,0.5,32,0.75,8,2,35.12479999335483
transition_first,0.5,32,0.75,8,3,42.01810003723949
transition_warm,0.5,32,0.75,8,3,45.53970001870766
transition_first,0.5,32,0.75,8,4,39.72909995354712
transition_warm,0.5,32,0.75,8,4,32.25859999656677
transition_first,0.5,32,0.75,8,5,31.076999963261187
transition_warm,0.5,32,0.75,8,5,28.403199976310134
transition_first,0.5,32,0.75,8,6,29.108700051438063
transition_warm,0.5,32,0.75,8,6,28.05439999792725
transition_first,0.5,32,0.75,8,7,30.36119998432696
transition_warm,0.5,32,0.75,8,7,35.9090999700129
transition_first,0.5,32,0.75,8,8,36.88420000253245
transition_warm,0.5,32,0.75,8,8,36.75000002840534
transition_first,0.5,32,0.75,8,9,31.476000032853335
transition_warm,0.5,32,0.75,8,9,35.50930001074448
transition_first,0.25,8,0.25,4,0,34.83659995254129
transition_warm,0.25,8,0.25,4,0,28.047800005879253
transition_first,0.25,8,0.25,4,1,35.42480000760406
transition_warm,0.25,8,0.25,4,1,36.48010001052171
transition_first,0.25,8,0.25,4,2,31.059800006914884
transition_warm,0.25,8,0.25,4,2,32.782799971755594
transition_first,0.25,8,0.25,4,3,37.56470000371337
transition_warm,0.25,8,0.25,4,3,35.47260002233088
transition_first,0.25,8,0.25,4,4,52.75590001838282
transition_warm,0.25,8,0.25,4,4,37.910400016698986
transition_first,0.25,8,0.25,4,5,33.27580000041053
transition_warm,0.25,8,0.25,4,5,28.145399992354214
transition_first,0.25,8,0.25,4,6,29.969099967274815
transition_warm,0.25,8,0.25,4,6,32.53769996808842
transition_first,0.25,8,0.25,4,7,41.290199966169894
transition_warm,0.25,8,0.25,4,7,29.434699972625822
transition_first,0.25,8,0.25,4,8,25.633800018113106
transition_warm,0.25,8,0.25,4,8,33.950300014112145
transition_first,0.25,8,0.25,4,9,28.243400040082633
transition_warm,0.25,8,0.25,4,9,31.742300023324788
transition_first,0.25,4,1.0,8,0,50.521800003480166
transition_warm,0.25,4,1.0,8,0,40.104700019583106
transition_first,0.25,4,1.0,8,1,35.50850000465289
transition_warm,0.25,4,1.0,8,1,33.016900008078665
transition_first,0.25,4,1.0,8,2,32.43039996596053
transition_warm,0.25,4,1.0,8,2,39.418599975761026
transition_first,0.25,4,1.0,8,3,38.62519998801872
transition_warm,0.25,4,1.0,8,3,36.117999989073724
transition_first,0.25,4,1.0,8,4,38.694099988788366
transition_warm,0.25,4,1.0,8,4,38.73099997872487
transition_first,0.25,4,1.0,8,5,31.753999995999038
transition_warm,0.25,4,1.0,8,5,38.470499974209815
transition_first,0.25,4,1.0,8,6,41.25549999298528
transition_warm,0.25,4,1.0,8,6,30.159300018567592
transition_first,0.25,4,1.0,8,7,36.52790002524853
transition_warm,0.25,4,1.0,8,7,34.90969998529181
transition_first,0.25,4,1.0,8,8,42.74839995196089
transition_warm,0.25,4,1.0,8,8,31.05609997874126
transition_first,0.25,4,1.0,8,9,36.562199995387346
transition_warm,0.25,4,1.0,8,9,47.280300001148134
transition_first,0.25,4,0.5,4,0,31.975399993825704
transition_warm,0.25,4,0.5,4,0,33.477700024377555
transition_first,0.25,4,0.5,4,1,35.07510002236813
transition_warm,0.25,4,0.5,4,1,27.21989998826757
transition_first,0.25,4,0.5,4,2,31.137900019530207
transition_warm,0.25,4,0.5,4,2,31.78749996004626
transition_first,0.25,4,0.5,4,3,27.369999967049807
transition_warm,0.25,4,0.5,4,3,42.13269997853786
transition_first,0.25,4,0.5,4,4,37.3066000174731
transition_warm,0.25,4,0.5,4,4,33.74550002627075
transition_first,0.25,4,0.5,4,5,32.50619996106252
transition_warm,0.25,4,0.5,4,5,32.83740003826097
transition_first,0.25,4,0.5,4,6,32.92260004673153
transition_warm,0.25,4,0.5,4,6,35.529499989934266
transition_first,0.25,4,0.5,4,7,36.47599997930229
transition_warm,0.25,4,0.5,4,7,40.64049996668473
transition_first,0.25,4,0.5,4,8,62.51790001988411
transition_warm,0.25,4,0.5,4,8,76.00669999374077
transition_first,0.25,4,0.5,4,9,33.05449994513765
transition_warm,0.25,4,0.5,4,9,38.79139997297898
transition_first,1.0,8,0.25,32,0,9.348199993837625
transition_warm,1.0,8,0.25,32,0,11.223899957258254
transition_first,1.0,8,0.25,32,1,12.416800018399954
transition_warm,1.0,8,0.25,32,1,10.813799977768213
transition_first,1.0,8,0.25,32,2,11.510099982842803
transition_warm,1.0,8,0.25,32,2,10.848599951714277
transition_first,1.0,8,0.25,32,3,10.631499986629933
transition_warm,1.0,8,0.25,32,3,10.351999953854829
transition_first,1.0,8,0.25,32,4,12.593300023581833
transition_warm,1.0,8,0.25,32,4,9.938200004398823
transition_first,1.0,8,0.25,32,5,11.613800015766174
transition_warm,1.0,8,0.25,32,5,9.736799984239042
transition_first,1.0,8,0.25,32,6,12.808999978005886
transition_warm,1.0,8,0.25,32,6,10.197299998253584
transition_first,1.0,8,0.25,32,7,12.607600016053766
transition_warm,1.0,8,0.25,32,7,12.937100022099912
transition_first,1.0,8,0.25,32,8,9.738799999468029
transition_warm,1.0,8,0.25,32,8,12.177800002973527
transition_first,1.0,8,0.25,32,9,12.511799985077232
transition_warm,1.0,8,0.25,32,9,13.50469997851178
transition_first,0.5,16,0.75,8,0,32.4918000260368
transition_warm,0.5,16,0.75,8,0,29.565100034233183
transition_first,0.5,16,0.75,8,1,44.5536999613978
transition_warm,0.5,16,0.75,8,1,32.89319999748841
transition_first,0.5,16,0.75,8,2,27.90920005645603
transition_warm,0.5,16,0.75,8,2,30.473400023765862
transition_first,0.5,16,0.75,8,3,34.689599997363985
transition_warm,0.5,16,0.75,8,3,32.03120001126081
transition_first,0.5,16,0.75,8,4,31.58489998895675
transition_warm,0.5,16,0.75,8,4,34.96259998064488
transition_first,0.5,16,0.75,8,5,29.90610001143068
transition_warm,0.5,16,0.75,8,5,34.120699972845614
transition_first,0.5,16,0.75,8,6,29.676900012418628
transition_warm,0.5,16,0.75,8,6,31.572700012475252
transition_first,0.5,16,0.75,8,7,31.74779994878918
transition_warm,0.5,16,0.75,8,7,43.3195999939926
transition_first,0.5,16,0.75,8,8,41.01649997755885
transition_warm,0.5,16,0.75,8,8,46.67820001486689
transition_first,0.5,16,0.75,8,9,28.43509998638183
transition_warm,0.5,16,0.75,8,9,30.556200013961643
transition_first,0.25,16,0.75,32,0,12.026999960653484
transition_warm,0.25,16,0.75,32,0,13.727599987760186
transition_first,0.25,16,0.75,32,1,11.563699983526021
transition_warm,0.25,16,0.75,32,1,15.441700001247227
transition_first,0.25,16,0.75,32,2,12.407700007315725
transition_warm,0.25,16,0.75,32,2,13.2603999809362
transition_first,0.25,16,0.75,32,3,11.471299978438765
transition_warm,0.25,16,0.75,32,3,12.434700038284063
transition_first,0.25,16,0.75,32,4,9.963299962691963
transition_warm,0.25,16,0.75,32,4,10.970800009090453
transition_first,0.25,16,0.75,32,5,14.655800012405962
transition_warm,0.25,16,0.75,32,5,10.965000023134053
transition_first,0.25,16,0.75,32,6,13.83529999293387
transition_warm,0.25,16,0.75,32,6,12.103999964892864
transition_first,0.25,16,0.75,32,7,11.622099962551147
transition_warm,0.25,16,0.75,32,7,14.08280001487583
transition_first,0.25,16,0.75,32,8,18.996700004208833
transition_warm,0.25,16,0.75,32,8,16.67099999031052
transition_first,0.25,16,0.75,32,9,11.797600018326193
transition_warm,0.25,16,0.75,32,9,11.965200013946742
transition_first,1.0,8,0.5,4,0,34.39659997820854
transition_warm,1.0,8,0.5,4,0,33.76400005072355
transition_first,1.0,8,0.5,4,1,31.92549996310845
transition_warm,1.0,8,0.5,4,1,39.99389999080449
transition_first,1.0,8,0.5,4,2,48.89399994863197
transition_warm,1.0,8,0.5,4,2,31.154800031799823
transition_first,1.0,8,0.5,4,3,37.907699996139854
transition_warm,1.0,8,0.5,4,3,30.011099996045232
transition_first,1.0,8,0.5,4,4,45.57529999874532
transition_warm,1.0,8,0.5,4,4,29.266799974720925
transition_first,1.0,8,0.5,4,5,32.01999998418614
transition_warm,1.0,8,0.5,4,5,29.963300039526075
transition_first,1.0,8,0.5,4,6,37.57589997258037
transition_warm,1.0,8,0.5,4,6,38.05589996045455
transition_first,1.0,8,0.5,4,7,42.01689996989444
transition_warm,1.0,8,0.5,4,7,39.86270003952086
transition_first,1.0,8,0.5,4,8,36.150500003714114
transition_warm,1.0,8,0.5,4,8,31.450600014068186
transition_first,1.0,8,0.5,4,9,29.934799997135997
transition_warm,1.0,8,0.5,4,9,29.854900029022247
transition_first,0.75,8,0.25,32,0,11.137800000142306
transition_warm,0.75,8,0.25,32,0,12.01569999102503
transition_first,0.75,8,0.25,32,1,11.696700006723404
transition_warm,0.75,8,0.25,32,1,9.295800002291799
transition_first,0.75,8,0.25,32,2,12.499099946580827
transition_warm,0.75,8,0.25,32,2,10.877299995627254
transition_first,0.75,8,0.25,32,3,9.560099977534264
transition_warm,0.75,8,0.25,32,3,10.392599971964955
transition_first,0.75,8,0.25,32,4,12.925099988933653
transition_warm,0.75,8,0.25,32,4,12.416199955623597
transition_first,0.75,8,0.25,32,5,12.188400025479496
transition_warm,0.75,8,0.25,32,5,12.426700035575777
transition_first,0.75,8,0.25,32,6,13.200399989727885
transition_warm,0.75,8,0.25,32,6,12.437700002919883
transition_first,0.75,8,0.25,32,7,10.400800034403801
transition_warm,0.75,8,0.25,32,7,11.142899980768561
transition_first,0.75,8,0.25,32,8,10.49699995201081
transition_warm,0.75,8,0.25,32,8,9.351600019726902
transition_first,0.75,8,0.25,32,9,15.584799984935671
transition_warm,0.75,8,0.25,32,9,12.888299999758601
transition_first,0.5,8,1.0,32,0,8.986199973151088
transition_warm,0.5,8,1.0,32,0,12.773099995683879
transition_first,0.5,8,1.0,32,1,11.895999952685088
transition_warm,0.5,8,1.0,32,1,12.842199997976422
transition_first,0.5,8,1.0,32,2,11.750900011975318
transition_warm,0.5,8,1.0,32,2,11.652100016362965
transition_first,0.5,8,1.0,32,3,13.144199969246984
transition_warm,0.5,8,1.0,32,3,10.014700004830956
transition_first,0.5,8,1.0,32,4,15.046500018797815
transition_warm,0.5,8,1.0,32,4,11.502199980895966
transition_first,0.5,8,1.0,32,5,11.549999995622784
transition_warm,0.5,8,1.0,32,5,11.751900019589812
transition_first,0.5,8,1.0,32,6,11.519799998495728
transition_warm,0.5,8,1.0,32,6,11.607599968556315
transition_first,0.5,8,1.0,32,7,12.374699988868088
transition_warm,0.5,8,1.0,32,7,11.906599975191057
transition_first,0.5,8,1.0,32,8,12.310500023886561
transition_warm,0.5,8,1.0,32,8,11.683499964419752
transition_first,0.5,8,1.0,32,9,11.488799995277077
transition_warm,0.5,8,1.0,32,9,12.035300023853779
transition_first,0.25,32,1.0,16,0,38.99860003730282
transition_warm,0.25,32,1.0,16,0,38.81720005301759
transition_first,0.25,32,1.0,16,1,39.2303999979049
transition_warm,0.25,32,1.0,16,1,43.173100042622536
transition_first,0.25,32,1.0,16,2,35.33230000175536
transition_warm,0.25,32,1.0,16,2,35.77330004191026
transition_first,0.25,32,1.0,16,3,35.399199987296015
transition_warm,0.25,32,1.0,16,3,40.35740002291277
transition_first,0.25,32,1.0,16,4,39.02000002563
transition_warm,0.25,32,1.0,16,4,32.9197000246495
transition_first,0.25,32,1.0,16,5,32.24739996949211
transition_warm,0.25,32,1.0,16,5,32.19639998860657
transition_first,0.25,32,1.0,16,6,36.236200015991926
transition_warm,0.25,32,1.0,16,6,38.65040000528097
transition_first,0.25,32,1.0,16,7,34.60469999117777
transition_warm,0.25,32,1.0,16,7,39.11000001244247
transition_first,0.25,32,1.0,16,8,31.42360004130751
transition_warm,0.25,32,1.0,16,8,38.37480000220239
transition_first,0.25,32,1.0,16,9,32.5719999964349
transition_warm,0.25,32,1.0,16,9,33.90249999938533
transition_first,0.25,16,0.75,8,0,32.46740001486614
transition_warm,0.25,16,0.75,8,0,36.365199950523674
transition_first,0.25,16,0.75,8,1,50.47970003215596
transition_warm,0.25,16,0.75,8,1,34.3093000119552
transition_first,0.25,16,0.75,8,2,30.579799960833043
transition_warm,0.25,16,0.75,8,2,35.19860003143549
transition_first,0.25,16,0.75,8,3,41.81969998171553
transition_warm,0.25,16,0.75,8,3,35.5377999949269
transition_first,0.25,16,0.75,8,4,30.802300025243312
transition_warm,0.25,16,0.75,8,4,31.2131000100635
transition_first,0.25,16,0.75,8,5,33.88390003237873
transition_warm,0.25,16,0.75,8,5,35.401200002525
transition_first,0.25,16,0.75,8,6,32.04669995466247
transition_warm,0.25,16,0.75,8,6,36.25579999061301
transition_first,0.25,16,0.75,8,7,42.497500020544976
transition_warm,0.25,16,0.75,8,7,36.60339995985851
transition_first,0.25,16,0.75,8,8,34.76329997647554
transition_warm,0.25,16,0.75,8,8,41.20629996759817
transition_first,0.25,16,0.75,8,9,30.00850003445521
transition_warm,0.25,16,0.75,8,9,33.82770001189783
transition_first,1.0,32,1.0,4,0,41.11350001767278
transition_warm,1.0,32,1.0,4,0,33.6764000239782
transition_first,1.0,32,1.0,4,1,32.013799995183945
transition_warm,1.0,32,1.0,4,1,32.58969995658845
transition_first,1.0,32,1.0,4,2,39.24169996753335
transition_warm,1.0,32,1.0,4,2,34.54779996536672
transition_first,1.0,32,1.0,4,3,37.321000010706484
transition_warm,1.0,32,1.0,4,3,33.5019999765791
transition_first,1.0,32,1.0,4,4,34.51110003516078
transition_warm,1.0,32,1.0,4,4,32.8575000166893
transition_first,1.0,32,1.0,4,5,33.06330001214519
transition_warm,1.0,32,1.0,4,5,38.87170000234619
transition_first,1.0,32,1.0,4,6,38.162499957252294
transition_warm,1.0,32,1.0,4,6,30.75500001432374
transition_first,1.0,32,1.0,4,7,37.22689999267459
transition_warm,1.0,32,1.0,4,7,30.82639997592196
transition_first,1.0,32,1.0,4,8,37.082499999087304
transition_warm,1.0,32,1.0,4,8,38.968399981968105
transition_first,1.0,32,1.0,4,9,40.223499992862344
transition_warm,1.0,32,1.0,4,9,35.4386999970302
transition_first,0.5,8,0.25,16,0,49.692099972162396
transition_warm,0.5,8,0.25,16,0,42.09200001787394
transition_first,0.5,8,0.25,16,1,33.25579996453598
transition_warm,0.5,8,0.25,16,1,28.263600019272417
transition_first,0.5,8,0.25,16,2,34.56620004726574
transition_warm,0.5,8,0.25,16,2,31.140799983404577
transition_first,0.5,8,0.25,16,3,44.176099996548146
transition_warm,0.5,8,0.25,16,3,47.675599984358996
transition_first,0.5,8,0.25,16,4,38.61210000468418
transition_warm,0.5,8,0.25,16,4,39.4479000242427
transition_first,0.5,8,0.25,16,5,42.20929997973144
transition_warm,0.5,8,0.25,16,5,34.08190002664924
transition_first,0.5,8,0.25,16,6,41.56819998752326
transition_warm,0.5,8,0.25,16,6,38.45190000720322
transition_first,0.5,8,0.25,16,7,36.1393999774009
transition_warm,0.5,8,0.25,16,7,40.54840002208948
transition_first,0.5,8,0.25,16,8,41.777700011152774
transition_warm,0.5,8,0.25,16,8,41.5017000050284
transition_first,0.5,8,0.25,16,9,45.367499988060445
transition_warm,0.5,8,0.25,16,9,57.361000042874366
transition_first,1.0,32,0.75,8,0,56.11429997952655
transition_warm,1.0,32,0.75,8,0,46.03260004660115
transition_first,1.0,32,0.75,8,1,41.20889998739585
transition_warm,1.0,32,0.75,8,1,43.675700027961284
transition_first,1.0,32,0.75,8,2,46.468200045637786
transition_warm,1.0,32,0.75,8,2,52.4098000023514
transition_first,1.0,32,0.75,8,3,35.726599977351725
transition_warm,1.0,32,0.75,8,3,37.903400021605194
transition_first,1.0,32,0.75,8,4,39.10210001049563
transition_warm,1.0,32,0.75,8,4,32.453699968755245
transition_first,1.0,32,0.75,8,5,41.65179998381063
transition_warm,1.0,32,0.75,8,5,44.48480001883581
transition_first,1.0,32,0.75,8,6,34.886500041466206
transition_warm,1.0,32,0.75,8,6,36.04729997459799
transition_first,1.0,32,0.75,8,7,33.58160000061616
transition_warm,1.0,32,0.75,8,7,34.53279996756464
transition_first,1.0,32,0.75,8,8,39.70869997283444
transition_warm,1.0,32,0.75,8,8,37.04570000991225
transition_first,1.0,32,0.75,8,9,32.926499960012734
transition_warm,1.0,32,0.75,8,9,32.82980003859848
transition_first,0.75,32,0.5,8,0,34.095600014552474
transition_warm,0.75,32,0.5,8,0,41.90150002250448
transition_first,0.75,32,0.5,8,1,38.461700023617595
transition_warm,0.75,32,0.5,8,1,38.53210003580898
transition_first,0.75,32,0.5,8,2,51.05020001064986
transition_warm,0.75,32,0.5,8,2,41.937500005587935
transition_first,0.75,32,0.5,8,3,45.37740000523627
transition_warm,0.75,32,0.5,8,3,42.327100003603846
transition_first,0.75,32,0.5,8,4,34.3021999578923
transition_warm,0.75,32,0.5,8,4,40.76499998336658
transition_first,0.75,32,0.5,8,5,43.838500045239925
transition_warm,0.75,32,0.5,8,5,42.707899992819875
transition_first,0.75,32,0.5,8,6,52.588799968361855
transition_warm,0.75,32,0.5,8,6,42.14289999799803
transition_first,0.75,32,0.5,8,7,40.8993000164628
transition_warm,0.75,32,0.5,8,7,44.28019997430965
transition_first,0.75,32,0.5,8,8,42.196700000204146
transition_warm,0.75,32,0.5,8,8,36.861700005829334
transition_first,0.75,32,0.5,8,9,33.400599961169064
transition_warm,0.75,32,0.5,8,9,35.18350003287196
transition_first,0.25,16,0.5,4,0,30.54770000744611
transition_warm,0.25,16,0.5,4,0,35.72550002718344
transition_first,0.25,16,0.5,4,1,28.066600032616407
transition_warm,0.25,16,0.5,4,1,29.531499953009188
transition_first,0.25,16,0.5,4,2,33.89590000733733
transition_warm,0.25,16,0.5,4,2,46.35540000163019
transition_first,0.25,16,0.5,4,3,45.57989997556433
transition_warm,0.25,16,0.5,4,3,42.51629998907447
transition_first,0.25,16,0.5,4,4,41.4697999949567
transition_warm,0.25,16,0.5,4,4,46.21980001684278
transition_first,0.25,16,0.5,4,5,36.049600050318986
transition_warm,0.25,16,0.5,4,5,49.43349998211488
transition_first,0.25,16,0.5,4,6,32.883399981074035
transition_warm,0.25,16,0.5,4,6,47.35760000767186
transition_first,0.25,16,0.5,4,7,36.08140000142157
transition_warm,0.25,16,0.5,4,7,32.644899969454855
transition_first,0.25,16,0.5,4,8,32.37999998964369
transition_warm,0.25,16,0.5,4,8,46.223699988331646
transition_first,0.25,16,0.5,4,9,31.967699993401766
transition_warm,0.25,16,0.5,4,9,37.795000011101365
transition_first,0.75,4,1.0,8,0,40.35159997874871
transition_warm,0.75,4,1.0,8,0,47.08380001829937
transition_first,0.75,4,1.0,8,1,36.043700005393475
transition_warm,0.75,4,1.0,8,1,34.30469997692853
transition_first,0.75,4,1.0,8,2,35.65440000966191
transition_warm,0.75,4,1.0,8,2,32.981500029563904
transition_first,0.75,4,1.0,8,3,33.11349998693913
transition_warm,0.75,4,1.0,8,3,37.46379999211058
transition_first,0.75,4,1.0,8,4,42.98719996586442
transition_warm,0.75,4,1.0,8,4,39.19580002548173
transition_first,0.75,4,1.0,8,5,37.45489998254925
transition_warm,0.75,4,1.0,8,5,33.821299963165075
transition_first,0.75,4,1.0,8,6,41.152199963107705
transition_warm,0.75,4,1.0,8,6,36.23699996387586
transition_first,0.75,4,1.0,8,7,36.16479999618605
transition_warm,0.75,4,1.0,8,7,37.59580000769347
transition_first,0.75,4,1.0,8,8,33.410600037314
transition_warm,0.75,4,1.0,8,8,36.20560001581907
transition_first,0.75,4,1.0,8,9,35.553299996536225
transition_warm,0.75,4,1.0,8,9,31.409400049597025
transition_first,1.0,32,0.25,16,0,33.18629995919764
transition_warm,1.0,32,0.25,16,0,32.66169998096302
transition_first,1.0,32,0.25,16,1,43.08680002577603
transition_warm,1.0,32,0.25,16,1,31.9018000154756
transition_first,1.0,32,0.25,16,2,37.49260003678501
transition_warm,1.0,32,0.25,16,2,33.26990001369268
transition_first,1.0,32,0.25,16,3,41.005800012499094
transition_warm,1.0,32,0.25,16,3,50.7853000308387
transition_first,1.0,32,0.25,16,4,42.60400001658127
transition_warm,1.0,32,0.25,16,4,36.35559999383986
transition_first,1.0,32,0.25,16,5,37.389000004623085
transition_warm,1.0,32,0.25,16,5,33.206700056325644
transition_first,1.0,32,0.25,16,6,37.23020001780242
transition_warm,1.0,32,0.25,16,6,31.405200017616153
transition_first,1.0,32,0.25,16,7,30.50180000718683
transition_warm,1.0,32,0.25,16,7,33.688099996652454
transition_first,1.0,32,0.25,16,8,30.257699952926487
transition_warm,1.0,32,0.25,16,8,31.254000030457973
transition_first,1.0,32,0.25,16,9,38.731299981009215
transition_warm,1.0,32,0.25,16,9,41.49640002287924
transition_first,0.75,16,0.25,4,0,32.070300017949194
transition_warm,0.75,16,0.25,4,0,30.817799968644977
transition_first,0.75,16,0.25,4,1,83.12330004991964
transition_warm,0.75,16,0.25,4,1,37.71860001143068
transition_first,0.75,16,0.25,4,2,28.964400000404567
transition_warm,0.75,16,0.25,4,2,31.92399995168671
transition_first,0.75,16,0.25,4,3,31.17269999347627
transition_warm,0.75,16,0.25,4,3,33.91419997205958
transition_first,0.75,16,0.25,4,4,33.186900021974
transition_warm,0.75,16,0.25,4,4,35.145899979397655
transition_first,0.75,16,0.25,4,5,34.56429997459054
transition_warm,0.75,16,0.25,4,5,37.34790004091337
transition_first,0.75,16,0.25,4,6,26.347100036218762
transition_warm,0.75,16,0.25,4,6,33.000499999616295
transition_first,0.75,16,0.25,4,7,31.870100006926805
transition_warm,0.75,16,0.25,4,7,30.613599985372275
transition_first,0.75,16,0.25,4,8,28.719099995214492
transition_warm,0.75,16,0.25,4,8,32.049299974460155
transition_first,0.75,16,0.25,4,9,33.42619998147711
transition_warm,0.75,16,0.25,4,9,29.605099989566952
transition_first,0.5,4,0.5,16,0,40.15120002441108
transition_warm,0.5,4,0.5,16,0,34.10089999670163
transition_first,0.5,4,0.5,16,1,32.75479999138042
transition_warm,0.5,4,0.5,16,1,33.60309998970479
transition_first,0.5,4,0.5,16,2,29.67790002003312
transition_warm,0.5,4,0.5,16,2,44.274199986830354
transition_first,0.5,4,0.5,16,3,34.40679999766871
transition_warm,0.5,4,0.5,16,3,36.98269999586046
transition_first,0.5,4,0.5,16,4,30.69600003072992
transition_warm,0.5,4,0.5,16,4,43.265199987217784
transition_first,0.5,4,0.5,16,5,29.74309999262914
transition_warm,0.5,4,0.5,16,5,32.190199999604374
transition_first,0.5,4,0.5,16,6,37.704600021243095
transition_warm,0.5,4,0.5,16,6,41.78150004008785
transition_first,0.5,4,0.5,16,7,28.681199997663498
transition_warm,0.5,4,0.5,16,7,33.350099984090775
transition_first,0.5,4,0.5,16,8,29.253899992909282
transition_warm,0.5,4,0.5,16,8,33.44920004019514
transition_first,0.5,4,0.5,16,9,35.63400002894923
transition_warm,0.5,4,0.5,16,9,37.562399986200035
transition_first,1.0,16,0.5,8,0,32.53650001715869
transition_warm,1.0,16,0.5,8,0,36.35089995805174
transition_first,1.0,16,0.5,8,1,34.03239999897778
transition_warm,1.0,16,0.5,8,1,35.14709998853505
transition_first,1.0,16,0.5,8,2,33.54099998250604
transition_warm,1.0,16,0.5,8,2,35.78919998835772
transition_first,1.0,16,0.5,8,3,28.244099987205118
transition_warm,1.0,16,0.5,8,3,31.030100013595074
transition_first,1.0,16,0.5,8,4,34.784200019203126
transition_warm,1.0,16,0.5,8,4,31.43520001322031
transition_first,1.0,16,0.5,8,5,28.41989998705685
transition_warm,1.0,16,0.5,8,5,30.550999974366277
transition_first,1.0,16,0.5,8,6,30.458300025202334
transition_warm,1.0,16,0.5,8,6,29.85739998985082
transition_first,1.0,16,0.5,8,7,34.80470000067726
transition_warm,1.0,16,0.5,8,7,28.6243999726139
transition_first,1.0,16,0.5,8,8,34.851000003982335
transition_warm,1.0,16,0.5,8,8,32.275699952151626
transition_first,1.0,16,0.5,8,9,40.41800001868978
transition_warm,1.0,16,0.5,8,9,31.12280002096668
transition_first,0.75,8,0.5,32,0,9.514300036244094
transition_warm,0.75,8,0.5,32,0,12.050199962686747
transition_first,0.75,8,0.5,32,1,10.724199994001538
transition_warm,0.75,8,0.5,32,1,15.99250000435859
transition_first,0.75,8,0.5,32,2,12.997200014069676
transition_warm,0.75,8,0.5,32,2,11.40399998985231
transition_first,0.75,8,0.5,32,3,12.073500023689121
transition_warm,0.75,8,0.5,32,3,9.491999982856214
transition_first,0.75,8,0.5,32,4,12.086300004739314
transition_warm,0.75,8,0.5,32,4,11.52689999435097
transition_first,0.75,8,0.5,32,5,10.61409997055307
transition_warm,0.75,8,0.5,32,5,10.251899948343635
transition_first,0.75,8,0.5,32,6,13.86629999615252
transition_warm,0.75,8,0.5,32,6,11.039200006052852
transition_first,0.75,8,0.5,32,7,12.748599983751774
transition_warm,0.75,8,0.5,32,7,11.091599997598678
transition_first,0.75,8,0.5,32,8,9.24230000237003
transition_warm,0.75,8,0.5,32,8,10.893800004851073
transition_first,0.75,8,0.5,32,9,12.574799999129027
transition_warm,0.75,8,0.5,32,9,11.915299983229488
transition_first,0.25,32,0.75,32,0,11.271800030954182
transition_warm,0.25,32,0.75,32,0,10.908700001891702
transition_first,0.25,32,0.75,32,1,20.79310000408441
transition_warm,0.25,32,0.75,32,1,11.947299994062632
transition_first,0.25,32,0.75,32,2,14.245699974708259
transition_warm,0.25,32,0.75,32,2,10.016899963375181
transition_first,0.25,32,0.75,32,3,17.676200019195676
transition_warm,0.25,32,0.75,32,3,16.64020004682243
transition_first,0.25,32,0.75,32,4,12.493600021116436
transition_warm,0.25,32,0.75,32,4,14.337699976749718
transition_first,0.25,32,0.75,32,5,14.194699993822724
transition_warm,0.25,32,0.75,32,5,12.934700003825128
transition_first,0.25,32,0.75,32,6,10.955400008242577
transition_warm,0.25,32,0.75,32,6,12.065500020980835
transition_first,0.25,32,0.75,32,7,12.542499986011535
transition_warm,0.25,32,0.75,32,7,11.85730000725016
transition_first,0.25,32,0.75,32,8,14.011699997354299
transition_warm,0.25,32,0.75,32,8,14.308499987237155
transition_first,0.25,32,0.75,32,9,12.036199972499162
transition_warm,0.25,32,0.75,32,9,13.805400056298822
transition_first,0.75,4,0.5,32,0,12.527699989732355
transition_warm,0.75,4,0.5,32,0,12.249999970663339
transition_first,0.75,4,0.5,32,1,12.544900004286319
transition_warm,0.75,4,0.5,32,1,10.948700015433133
transition_first,0.75,4,0.5,32,2,10.740400000941008
transition_warm,0.75,4,0.5,32,2,9.87930002156645
transition_first,0.75,4,0.5,32,3,13.869500020518899
transition_warm,0.75,4,0.5,32,3,12.27059995289892
transition_first,0.75,4,0.5,32,4,15.730999992229044
transition_warm,0.75,4,0.5,32,4,9.477399988099933
transition_first,0.75,4,0.5,32,5,12.907399970572442
transition_warm,0.75,4,0.5,32,5,13.21740000275895
transition_first,0.75,4,0.5,32,6,9.43780003581196
transition_warm,0.75,4,0.5,32,6,9.00069996714592
transition_first,0.75,4,0.5,32,7,15.464399999473244
transition_warm,0.75,4,0.5,32,7,14.063999988138676
transition_first,0.75,4,0.5,32,8,12.361500004772097
transition_warm,0.75,4,0.5,32,8,12.924599985126406
transition_first,0.75,4,0.5,32,9,9.442500013392419
transition_warm,0.75,4,0.5,32,9,10.119699989445508
transition_first,0.25,16,0.25,4,0,35.02120001940057
transition_warm,0.25,16,0.25,4,0,36.92720003891736
transition_first,0.25,16,0.25,4,1,34.240500011947006
transition_warm,0.25,16,0.25,4,1,36.276399972848594
transition_first,0.25,16,0.25,4,2,41.89390002284199
transition_warm,0.25,16,0.25,4,2,42.80689998995513
transition_first,0.25,16,0.25,4,3,40.37570004584268
transition_warm,0.25,16,0.25,4,3,52.93649999657646
transition_first,0.25,16,0.25,4,4,46.7892000451684
transition_warm,0.25,16,0.25,4,4,43.19290001876652
transition_first,0.25,16,0.25,4,5,40.844300005119294
transition_warm,0.25,16,0.25,4,5,35.83690000232309
transition_first,0.25,16,0.25,4,6,40.6562999705784
transition_warm,0.25,16,0.25,4,6,41.41190001973882
transition_first,0.25,16,0.25,4,7,44.146800006274134
transition_warm,0.25,16,0.25,4,7,48.1030999799259
transition_first,0.25,16,0.25,4,8,39.71610002918169
transition_warm,0.25,16,0.25,4,8,43.87460002908483
transition_first,0.25,16,0.25,4,9,38.62639999715611
transition_warm,0.25,16,0.25,4,9,44.876999978441745
transition_first,0.75,32,1.0,16,0,36.05779999634251
transition_warm,0.75,32,1.0,16,0,46.90490005305037
transition_first,0.75,32,1.0,16,1,35.53659998578951
transition_warm,0.75,32,1.0,16,1,38.85390004143119
transition_first,0.75,32,1.0,16,2,39.79299997445196
transition_warm,0.75,32,1.0,16,2,38.02809998160228
transition_first,0.75,32,1.0,16,3,36.74860001774505
transition_warm,0.75,32,1.0,16,3,32.52000000793487
transition_first,0.75,32,1.0,16,4,34.044899977743626
transition_warm,0.75,32,1.0,16,4,33.79710001172498
transition_first,0.75,32,1.0,16,5,34.27199996076524
transition_warm,0.75,32,1.0,16,5,36.7600999888964
transition_first,0.75,32,1.0,16,6,36.196400003973395
transition_warm,0.75,32,1.0,16,6,39.810000045690686
transition_first,0.75,32,1.0,16,7,39.55309995217249
transition_warm,0.75,32,1.0,16,7,42.07200004020706
transition_first,0.75,32,1.0,16,8,36.35609999764711
transition_warm,0.75,32,1.0,16,8,36.33100003935397
transition_first,0.75,32,1.0,16,9,38.98280003340915
transition_warm,0.75,32,1.0,16,9,36.086799984332174
transition_first,0.25,4,0.75,32,0,16.636199958156794
transition_warm,0.25,4,0.75,32,0,12.621100002434105
transition_first,0.25,4,0.75,32,1,12.70930003374815
transition_warm,0.25,4,0.75,32,1,12.149600021075457
transition_first,0.25,4,0.75,32,2,10.01999998698011
transition_warm,0.25,4,0.75,32,2,11.837799975182861
transition_first,0.25,4,0.75,32,3,10.24390000384301
transition_warm,0.25,4,0.75,32,3,10.463699989486486
transition_first,0.25,4,0.75,32,4,22.34239998506382
transition_warm,0.25,4,0.75,32,4,17.129699990618974
transition_first,0.25,4,0.75,32,5,15.1966999983415
transition_warm,0.25,4,0.75,32,5,13.028700021095574
transition_first,0.25,4,0.75,32,6,12.99369998741895
transition_warm,0.25,4,0.75,32,6,11.813900026027113
transition_first,0.25,4,0.75,32,7,11.55049999943003
transition_warm,0.25,4,0.75,32,7,10.324800037778914
transition_first,0.25,4,0.75,32,8,12.817499984521419
transition_warm,0.25,4,0.75,32,8,9.546699991915375
transition_first,0.25,4,0.75,32,9,15.611499955412
transition_warm,0.25,4,0.75,32,9,17.221199988853186
transition_first,0.5,8,0.75,16,0,31.194400042295456
transition_warm,0.5,8,0.75,16,0,35.076500033028424
transition_first,0.5,8,0.75,16,1,30.88239999487996
transition_warm,0.5,8,0.75,16,1,31.604399962816387
transition_first,0.5,8,0.75,16,2,33.363499969709665
transition_warm,0.5,8,0.75,16,2,43.07479999260977
transition_first,0.5,8,0.75,16,3,42.17839997727424
transition_warm,0.5,8,0.75,16,3,32.91650000028312
transition_first,0.5,8,0.75,16,4,40.12240003794432
transition_warm,0.5,8,0.75,16,4,42.608799994923174
transition_first,0.5,8,0.75,16,5,35.058600013144314
transition_warm,0.5,8,0.75,16,5,31.510300002992153
transition_first,0.5,8,0.75,16,6,39.39910000190139
transition_warm,0.5,8,0.75,16,6,36.66969999903813
transition_first,0.5,8,0.75,16,7,35.279400006402284
transition_warm,0.5,8,0.75,16,7,31.662499997764826
transition_first,0.5,8,0.75,16,8,33.059899986255914
transition_warm,0.5,8,0.75,16,8,36.335299955680966
transition_first,0.5,8,0.75,16,9,35.550500033423305
transition_warm,0.5,8,0.75,16,9,33.21460000006482
transition_first,0.75,16,0.25,16,0,36.560800042934716
transition_warm,0.75,16,0.25,16,0,43.89699996681884
transition_first,0.75,16,0.25,16,1,30.56700003799051
transition_warm,0.75,16,0.25,16,1,33.33710000151768
transition_first,0.75,16,0.25,16,2,39.73929997300729
transition_warm,0.75,16,0.25,16,2,42.64350002631545
transition_first,0.75,16,0.25,16,3,35.0419000023976
transition_warm,0.75,16,0.25,16,3,31.432000047061592
transition_first,0.75,16,0.25,16,4,36.322300031315535
transition_warm,0.75,16,0.25,16,4,31.363299989607185
transition_first,0.75,16,0.25,16,5,35.72029998758808
transition_warm,0.75,16,0.25,16,5,29.951200005598366
transition_first,0.75,16,0.25,16,6,32.05779998097569
transition_warm,0.75,16,0.25,16,6,31.41459997277707
transition_first,0.75,16,0.25,16,7,35.14950000680983
transition_warm,0.75,16,0.25,16,7,31.239999982062727
transition_first,0.75,16,0.25,16,8,32.432999985758215
transition_warm,0.75,16,0.25,16,8,30.037199961952865
transition_first,0.75,16,0.25,16,9,28.490600001532584
transition_warm,0.75,16,0.25,16,9,33.928000018931925
transition_first,0.75,4,1.0,32,0,12.007899989839643
transition_warm,0.75,4,1.0,32,0,11.707999976351857
transition_first,0.75,4,1.0,32,1,10.173399990890175
transition_warm,0.75,4,1.0,32,1,9.39189997734502
transition_first,0.75,4,1.0,32,2,11.086100013926625
transition_warm,0.75,4,1.0,32,2,12.734199990518391
transition_first,0.75,4,1.0,32,3,11.223900015465915
transition_warm,0.75,4,1.0,32,3,12.74919998832047
transition_first,0.75,4,1.0,32,4,16.719100007321686
transition_warm,0.75,4,1.0,32,4,15.865699970163405
transition_first,0.75,4,1.0,32,5,11.759700020775199
transition_warm,0.75,4,1.0,32,5,10.656900005415082
transition_first,0.75,4,1.0,32,6,10.314200015272945
transition_warm,0.75,4,1.0,32,6,9.976000001188368
transition_first,0.75,4,1.0,32,7,10.94460004242137
transition_warm,0.75,4,1.0,32,7,10.24219999089837
transition_first,0.75,4,1.0,32,8,12.039099994581193
transition_warm,0.75,4,1.0,32,8,10.644300025887787
transition_first,0.75,4,1.0,32,9,17.822699970565736
transition_warm,0.75,4,1.0,32,9,11.930300039239228
transition_first,0.25,32,1.0,32,0,12.382799992337823
transition_warm,0.25,32,1.0,32,0,11.660000018309802
transition_first,0.25,32,1.0,32,1,9.031500027049333
transition_warm,0.25,32,1.0,32,1,11.406400008127093
transition_first,0.25,32,1.0,32,2,12.933799996972084
transition_warm,0.25,32,1.0,32,2,11.698500020429492
transition_first,0.25,32,1.0,32,3,9.237600024789572
transition_warm,0.25,32,1.0,32,3,11.507400020491332
transition_first,0.25,32,1.0,32,4,14.377099985722452
transition_warm,0.25,32,1.0,32,4,12.760400015395135
transition_first,0.25,32,1.0,32,5,10.965899971779436
transition_warm,0.25,32,1.0,32,5,11.525200039613992
transition_first,0.25,32,1.0,32,6,13.333300012163818
transition_warm,0.25,32,1.0,32,6,11.491100012790412
transition_first,0.25,32,1.0,32,7,11.46320003317669
transition_warm,0.25,32,1.0,32,7,11.356400034856051
transition_first,0.25,32,1.0,32,8,12.71059998543933
transition_warm,0.25,32,1.0,32,8,11.702599993441254
transition_first,0.25,32,1.0,32,9,9.287099994253367
transition_warm,0.25,32,1.0,32,9,10.989600035827607
transition_first,0.5,16,0.5,32,0,13.270499999634922
transition_warm,0.5,16,0.5,32,0,13.942499994300306
transition_first,0.5,16,0.5,32,1,11.161300004459918
transition_warm,0.5,16,0.5,32,1,13.06190004106611
transition_first,0.5,16,0.5,32,2,10.724399995524436
transition_warm,0.5,16,0.5,32,2,12.879899994004518
transition_first,0.5,16,0.5,32,3,13.969100022222847
transition_warm,0.5,16,0.5,32,3,12.930499971844256
transition_first,0.5,16,0.5,32,4,11.46459998562932
transition_warm,0.5,16,0.5,32,4,12.790500011760741
transition_first,0.5,16,0.5,32,5,10.641699947882444
transition_warm,0.5,16,0.5,32,5,13.244800036773086
transition_first,0.5,16,0.5,32,6,16.370599973015487
transition_warm,0.5,16,0.5,32,6,12.953999976161867
transition_first,0.5,16,0.5,32,7,13.046099978964776
transition_warm,0.5,16,0.5,32,7,13.102099997922778
transition_first,0.5,16,0.5,32,8,12.727199995424598
transition_warm,0.5,16,0.5,32,8,11.017600016202778
transition_first,0.5,16,0.5,32,9,10.05260000238195
transition_warm,0.5,16,0.5,32,9,11.595199990551919
transition_first,0.25,32,0.25,8,0,40.746199956629425
transition_warm,0.25,32,0.25,8,0,38.74979994725436
transition_first,0.25,32,0.25,8,1,27.4451999575831
transition_warm,0.25,32,0.25,8,1,30.182099959347397
transition_first,0.25,32,0.25,8,2,57.23929998930544
transition_warm,0.25,32,0.25,8,2,28.161399997770786
transition_first,0.25,32,0.25,8,3,31.717300007585436
transition_warm,0.25,32,0.25,8,3,29.54780001891777
transition_first,0.25,32,0.25,8,4,32.86779997870326
transition_warm,0.25,32,0.25,8,4,35.17319995444268
transition_first,0.25,32,0.25,8,5,30.170299985911697
transition_warm,0.25,32,0.25,8,5,34.880799998063594
transition_first,0.25,32,0.25,8,6,29.318799963220954
transition_warm,0.25,32,0.25,8,6,32.491000019945204
transition_first,0.25,32,0.25,8,7,33.54530001524836
transition_warm,0.25,32,0.25,8,7,29.681999993044883
transition_first,0.25,32,0.25,8,8,31.40849998453632
transition_warm,0.25,32,0.25,8,8,26.097299996763468
transition_first,0.25,32,0.25,8,9,30.31240002019331
transition_warm,0.25,32,0.25,8,9,27.8184000053443
transition_first,0.75,8,1.0,8,0,35.01479997066781
transition_warm,0.75,8,1.0,8,0,38.242399983573705
transition_first,0.75,8,1.0,8,1,35.220100020524114
transition_warm,0.75,8,1.0,8,1,37.434800004120916
transition_first,0.75,8,1.0,8,2,31.972200027666986
transition_warm,0.75,8,1.0,8,2,37.30860003270209
transition_first,0.75,8,1.0,8,3,33.287999976892024
transition_warm,0.75,8,1.0,8,3,37.920899980235845
transition_first,0.75,8,1.0,8,4,37.29930002009496
transition_warm,0.75,8,1.0,8,4,37.73800004273653
transition_first,0.75,8,1.0,8,5,42.584799986798316
transition_warm,0.75,8,1.0,8,5,36.924000014550984
transition_first,0.75,8,1.0,8,6,35.40269995573908
transition_warm,0.75,8,1.0,8,6,40.457499970216304
transition_first,0.75,8,1.0,8,7,33.4838000126183
transition_warm,0.75,8,1.0,8,7,32.05129998968914
transition_first,0.75,8,1.0,8,8,39.331600011792034
transition_warm,0.75,8,1.0,8,8,37.77310001896694
transition_first,0.75,8,1.0,8,9,40.992299967911094
transition_warm,0.75,8,1.0,8,9,36.948999972082675
transition_first,0.75,32,0.75,8,0,29.44079996086657
transition_warm,0.75,32,0.75,8,0,28.567699948325753
transition_first,0.75,32,0.75,8,1,33.65349996602163
transition_warm,0.75,32,0.75,8,1,31.903800030704588
transition_first,0.75,32,0.75,8,2,30.380600015632808
transition_warm,0.75,32,0.75,8,2,33.01660000579432
transition_first,0.75,32,0.75,8,3,34.72569998120889
transition_warm,0.75,32,0.75,8,3,32.89009997388348
transition_first,0.75,32,0.75,8,4,33.9671999681741
transition_warm,0.75,32,0.75,8,4,32.455300039146096
transition_first,0.75,32,0.75,8,5,39.09069998189807
transition_warm,0.75,32,0.75,8,5,30.09910002583638
transition_first,0.75,32,0.75,8,6,33.80129998549819
transition_warm,0.75,32,0.75,8,6,35.32299998914823
transition_first,0.75,32,0.75,8,7,33.73720002127811
transition_warm,0.75,32,0.75,8,7,27.498100011143833
transition_first,0.75,32,0.75,8,8,45.123000047169626
transition_warm,0.75,32,0.75,8,8,33.90790004050359
transition_first,0.75,32,0.75,8,9,28.06310000596568
transition_warm,0.75,32,0.75,8,9,30.933400033973157
transition_first,0.25,8,1.0,8,0,42.088600050192326
transition_warm,0.25,8,1.0,8,0,45.699300011619925
transition_first,0.25,8,1.0,8,1,48.26929996488616
transition_warm,0.25,8,1.0,8,1,48.79649996291846
transition_first,0.25,8,1.0,8,2,38.03250001510605
transition_warm,0.25,8,1.0,8,2,35.11689999140799
transition_first,0.25,8,1.0,8,3,33.460000006016344
transition_warm,0.25,8,1.0,8,3,36.03130002738908
transition_first,0.25,8,1.0,8,4,32.398699957411736
transition_warm,0.25,8,1.0,8,4,38.61350001534447
transition_first,0.25,8,1.0,8,5,38.649699999950826
transition_warm,0.25,8,1.0,8,5,35.07829998852685
transition_first,0.25,8,1.0,8,6,32.21139998640865
transition_warm,0.25,8,1.0,8,6,33.50620000855997
transition_first,0.25,8,1.0,8,7,34.31639994960278
transition_warm,0.25,8,1.0,8,7,43.859400029759854
transition_first,0.25,8,1.0,8,8,35.220100020524114
transition_warm,0.25,8,1.0,8,8,33.421800006181
transition_first,0.25,8,1.0,8,9,35.7864000252448
transition_warm,0.25,8,1.0,8,9,34.62210000725463
transition_first,1.0,4,0.75,32,0,9.921699995175004
transition_warm,1.0,4,0.75,32,0,10.337199957575649
transition_first,1.0,4,0.75,32,1,12.892299972008914
transition_warm,1.0,4,0.75,32,1,12.76399998459965
transition_first,1.0,4,0.75,32,2,12.675000005401671
transition_warm,1.0,4,0.75,32,2,12.720400001853704
transition_first,1.0,4,0.75,32,3,15.679600008297712
transition_warm,1.0,4,0.75,32,3,12.795999995432794
transition_first,1.0,4,0.75,32,4,12.785100028850138
transition_warm,1.0,4,0.75,32,4,12.050199962686747
transition_first,1.0,4,0.75,32,5,12.2306999983266
transition_warm,1.0,4,0.75,32,5,11.586399981752038
transition_first,1.0,4,0.75,32,6,11.293300020042807
transition_warm,1.0,4,0.75,32,6,11.292899958789349
transition_first,1.0,4,0.75,32,7,12.922899972181767
transition_warm,1.0,4,0.75,32,7,12.580099981278181
transition_first,1.0,4,0.75,32,8,13.030299975071102
transition_warm,1.0,4,0.75,32,8,11.078900017309934
transition_first,1.0,4,0.75,32,9,16.206199943553656
transition_warm,1.0,4,0.75,32,9,12.35349994385615
transition_first,0.75,32,0.25,16,0,35.485100001096725
transition_warm,0.75,32,0.25,16,0,28.053499991074204
transition_first,0.75,32,0.25,16,1,34.2973000369966
transition_warm,0.75,32,0.25,16,1,26.928499981295317
transition_first,0.75,32,0.25,16,2,39.2926000058651
transition_warm,0.75,32,0.25,16,2,33.413700002711266
transition_first,0.75,32,0.25,16,3,28.909799992106855
transition_warm,0.75,32,0.25,16,3,30.663700017612427
transition_first,0.75,32,0.25,16,4,33.82930002408102
transition_warm,0.75,32,0.25,16,4,33.01160002592951
transition_first,0.75,32,0.25,16,5,31.62460000021383
transition_warm,0.75,32,0.25,16,5,29.341100016608834
transition_first,0.75,32,0.25,16,6,31.84130002046004
transition_warm,0.75,32,0.25,16,6,33.92439999151975
transition_first,0.75,32,0.25,16,7,35.0161999813281
transition_warm,0.75,32,0.25,16,7,34.424099954776466
transition_first,0.75,32,0.25,16,8,32.85939997294918
transition_warm,0.75,32,0.25,16,8,28.12059997813776
transition_first,0.75,32,0.25,16,9,39.424499962478876
transition_warm,0.75,32,0.25,16,9,30.745700001716614
transition_first,0.25,8,0.75,32,0,9.911100030876696
transition_warm,0.25,8,0.75,32,0,11.098399991169572
transition_first,0.25,8,0.75,32,1,12.783900019712746
transition_warm,0.25,8,0.75,32,1,12.376200000289828
transition_first,0.25,8,0.75,32,2,12.49880000250414
transition_warm,0.25,8,0.75,32,2,12.332100013736635
transition_first,0.25,8,0.75,32,3,12.574099993798882
transition_warm,0.25,8,0.75,32,3,12.843200005590916
transition_first,0.25,8,0.75,32,4,12.602100032381713
transition_warm,0.25,8,0.75,32,4,13.426500023342669
transition_first,0.25,8,0.75,32,5,12.524800025857985
transition_warm,0.25,8,0.75,32,5,11.028299981262535
transition_first,0.25,8,0.75,32,6,12.687799986451864
transition_warm,0.25,8,0.75,32,6,12.656199978664517
transition_first,0.25,8,0.75,32,7,13.489300035871565
transition_warm,0.25,8,0.75,32,7,11.348500032909214
transition_first,0.25,8,0.75,32,8,12.455200019758195
transition_warm,0.25,8,0.75,32,8,11.516099970322102
transition_first,0.25,8,0.75,32,9,10.082900000270456
transition_warm,0.25,8,0.75,32,9,10.561900038737804
transition_first,0.5,4,1.0,16,0,40.107799984980375
transition_warm,0.5,4,1.0,16,0,35.726600035559386
transition_first,0.5,4,1.0,16,1,38.236299995332956
transition_warm,0.5,4,1.0,16,1,32.41179999895394
transition_first,0.5,4,1.0,16,2,33.11710001435131
transition_warm,0.5,4,1.0,16,2,36.596600024495274
transition_first,0.5,4,1.0,16,3,45.25720002129674
transition_warm,0.5,4,1.0,16,3,49.67629996826872
transition_first,0.5,4,1.0,16,4,32.36549999564886
transition_warm,0.5,4,1.0,16,4,32.79399999883026
transition_first,0.5,4,1.0,16,5,36.53929999563843
transition_warm,0.5,4,1.0,16,5,31.81459999177605
transition_first,0.5,4,1.0,16,6,38.86560001410544
transition_warm,0.5,4,1.0,16,6,39.073399966582656
transition_first,0.5,4,1.0,16,7,38.019999978132546
transition_warm,0.5,4,1.0,16,7,33.61639997456223
transition_first,0.5,4,1.0,16,8,36.65630001341924
transition_warm,0.5,4,1.0,16,8,36.98929998790845
transition_first,0.5,4,1.0,16,9,35.88929999386892
transition_warm,0.5,4,1.0,16,9,35.535600036382675
transition_first,0.25,32,0.25,4,0,36.437799979466945
transition_warm,0.25,32,0.25,4,0,29.87369999755174
transition_first,0.25,32,0.25,4,1,31.173600000329316
transition_warm,0.25,32,0.25,4,1,27.100700011942536
transition_first,0.25,32,0.25,4,2,36.608299997169524
transition_warm,0.25,32,0.25,4,2,33.268800005316734
transition_first,0.25,32,0.25,4,3,29.765899991616607
transition_warm,0.25,32,0.25,4,3,27.086000016424805
transition_first,0.25,32,0.25,4,4,28.3711000229232
transition_warm,0.25,32,0.25,4,4,41.419000015594065
transition_first,0.25,32,0.25,4,5,27.552500017918646
transition_warm,0.25,32,0.25,4,5,37.72359999129549
transition_first,0.25,32,0.25,4,6,33.17710000555962
transition_warm,0.25,32,0.25,4,6,37.99719997914508
transition_first,0.25,32,0.25,4,7,34.3779000104405
transition_warm,0.25,32,0.25,4,7,36.45670000696555
transition_first,0.25,32,0.25,4,8,32.60390000650659
transition_warm,0.25,32,0.25,4,8,38.20750000886619
transition_first,0.25,32,0.25,4,9,28.14320003380999
transition_warm,0.25,32,0.25,4,9,31.923700007610023
transition_first,0.75,8,1.0,16,0,35.139799991156906
transition_warm,0.75,8,1.0,16,0,40.49949999898672
transition_first,0.75,8,1.0,16,1,38.11320004751906
transition_warm,0.75,8,1.0,16,1,31.12679999321699
transition_first,0.75,8,1.0,16,2,33.17640000022948
transition_warm,0.75,8,1.0,16,2,33.47379999468103
transition_first,0.75,8,1.0,16,3,43.98930002935231
transition_warm,0.75,8,1.0,16,3,41.174500016495585
transition_first,0.75,8,1.0,16,4,35.77529999893159
transition_warm,0.75,8,1.0,16,4,42.06160001922399
transition_first,0.75,8,1.0,16,5,38.793500047177076
transition_warm,0.75,8,1.0,16,5,35.76639998937026
transition_first,0.75,8,1.0,16,6,40.879799984395504
transition_warm,0.75,8,1.0,16,6,38.3676000055857
transition_first,0.75,8,1.0,16,7,56.16859998553991
transition_warm,0.75,8,1.0,16,7,39.534299983642995
transition_first,0.75,8,1.0,16,8,35.67100001964718
transition_warm,0.75,8,1.0,16,8,30.6292999885045
transition_first,0.75,8,1.0,16,9,39.38959998777136
transition_warm,0.75,8,1.0,16,9,37.97050000866875
transition_first,1.0,32,0.25,8,0,33.050899975933135
transition_warm,1.0,32,0.25,8,0,30.299400037620217
transition_first,1.0,32,0.25,8,1,33.8363999617286
transition_warm,1.0,32,0.25,8,1,30.954699963331223
transition_first,1.0,32,0.25,8,2,35.194800002500415
transition_warm,1.0,32,0.25,8,2,36.507499986328185
transition_first,1.0,32,0.25,8,3,35.6115999747999
transition_warm,1.0,32,0.25,8,3,27.29560004081577
transition_first,1.0,32,0.25,8,4,32.5963000068441
transition_warm,1.0,32,0.25,8,4,32.63370000058785
transition_first,1.0,32,0.25,8,5,34.295499965082854
transition_warm,1.0,32,0.25,8,5,28.4823999973014
transition_first,1.0,32,0.25,8,6,29.054499987978488
transition_warm,1.0,32,0.25,8,6,41.33520001778379
transition_first,1.0,32,0.25,8,7,43.828200025018305
transition_warm,1.0,32,0.25,8,7,27.98320003785193
transition_first,1.0,32,0.25,8,8,30.3256000042893
transition_warm,1.0,32,0.25,8,8,29.85559997614473
transition_first,1.0,32,0.25,8,9,27.700599981471896
transition_warm,1.0,32,0.25,8,9,29.51800002483651
transition_first,0.75,32,0.5,4,0,33.160699997097254
transition_warm,0.75,32,0.5,4,0,46.17849999340251
transition_first,0.75,32,0.5,4,1,37.612799962516874
transition_warm,0.75,32,0.5,4,1,47.86150000290945
transition_first,0.75,32,0.5,4,2,35.88930005207658
transition_warm,0.75,32,0.5,4,2,36.606499983463436
transition_first,0.75,32,0.5,4,3,27.62749994872138
transition_warm,0.75,32,0.5,4,3,39.55159999895841
transition_first,0.75,32,0.5,4,4,46.50039999978617
transition_warm,0.75,32,0.5,4,4,33.574000000953674
transition_first,0.75,32,0.5,4,5,31.100800028070807
transition_warm,0.75,32,0.5,4,5,37.50060003949329
transition_first,0.75,32,0.5,4,6,33.55789999477565
transition_warm,0.75,32,0.5,4,6,35.3589000296779
transition_first,0.75,32,0.5,4,7,32.298300007823855
transition_warm,0.75,32,0.5,4,7,37.24890004377812
transition_first,0.75,32,0.5,4,8,31.222199962940067
transition_warm,0.75,32,0.5,4,8,34.753100015223026
transition_first,0.75,32,0.5,4,9,31.526100006885827
transition_warm,0.75,32,0.5,4,9,35.08689999580383
transition_first,0.25,4,0.25,16,0,31.016900029499084
transition_warm,0.25,4,0.25,16,0,29.98029999434948
transition_first,0.25,4,0.25,16,1,35.225700004957616
transition_warm,0.25,4,0.25,16,1,58.61500004539266
transition_first,0.25,4,0.25,16,2,29.10340001108125
transition_warm,0.25,4,0.25,16,2,29.177699994761497
transition_first,0.25,4,0.25,16,3,37.488200003281236
transition_warm,0.25,4,0.25,16,3,30.27509996900335
transition_first,0.25,4,0.25,16,4,37.501799990423024
transition_warm,0.25,4,0.25,16,4,40.89980002027005
transition_first,0.25,4,0.25,16,5,27.63929998036474
transition_warm,0.25,4,0.25,16,5,34.180100017692894
transition_first,0.25,4,0.25,16,6,32.780999958049506
transition_warm,0.25,4,0.25,16,6,41.14669997943565
transition_first,0.25,4,0.25,16,7,46.49669997161254
transition_warm,0.25,4,0.25,16,7,32.84679999342188
transition_first,0.25,4,0.25,16,8,40.60350003419444
transition_warm,0.25,4,0.25,16,8,32.04820002429187
transition_first,0.25,4,0.25,16,9,30.19959997618571
transition_warm,0.25,4,0.25,16,9,33.62840000772849
transition_first,0.25,4,0.25,8,0,32.62940002605319
transition_warm,0.25,4,0.25,8,0,48.99219999788329
transition_first,0.25,4,0.25,8,1,31.740100006572902
transition_warm,0.25,4,0.25,8,1,28.516899968963116
transition_first,0.25,4,0.25,8,2,29.889500001445413
transition_warm,0.25,4,0.25,8,2,33.72290002880618
transition_first,0.25,4,0.25,8,3,36.03219997603446
transition_warm,0.25,4,0.25,8,3,37.00989997014403
transition_first,0.25,4,0.25,8,4,45.4907999956049
transition_warm,0.25,4,0.25,8,4,30.194799997843802
transition_first,0.25,4,0.25,8,5,34.000699990428984
transition_warm,0.25,4,0.25,8,5,38.353600015398115
transition_first,0.25,4,0.25,8,6,38.636700017377734
transition_warm,0.25,4,0.25,8,6,37.33359999023378
transition_first,0.25,4,0.25,8,7,34.3775000073947
transition_warm,0.25,4,0.25,8,7,36.66939999675378
transition_first,0.25,4,0.25,8,8,34.187200013548136
transition_warm,0.25,4,0.25,8,8,33.976799983065575
transition_first,0.25,4,0.25,8,9,33.82399998372421
transition_warm,0.25,4,0.25,8,9,40.08310002973303
transition_first,1.0,32,1.0,16,0,38.412800000514835
transition_warm,1.0,32,1.0,16,0,37.43319999193773
transition_first,1.0,32,1.0,16,1,39.84630003105849
transition_warm,1.0,32,1.0,16,1,38.35160000016913
transition_first,1.0,32,1.0,16,2,36.09519999008626
transition_warm,1.0,32,1.0,16,2,36.409699998330325
transition_first,1.0,32,1.0,16,3,39.9246999877505
transition_warm,1.0,32,1.0,16,3,37.6158999861218
transition_first,1.0,32,1.0,16,4,36.865999980363995
transition_warm,1.0,32,1.0,16,4,37.52370004076511
transition_first,1.0,32,1.0,16,5,35.35859996918589
transition_warm,1.0,32,1.0,16,5,37.99919999437407
transition_first,1.0,32,1.0,16,6,36.98069998063147
transition_warm,1.0,32,1.0,16,6,35.8039999846369
transition_first,1.0,32,1.0,16,7,32.87809999892488
transition_warm,1.0,32,1.0,16,7,34.51979998499155
transition_first,1.0,32,1.0,16,8,32.74599998258054
transition_warm,1.0,32,1.0,16,8,36.51890001492575
transition_first,1.0,32,1.0,16,9,35.83409998100251
transition_warm,1.0,32,1.0,16,9,36.93800000473857
transition_first,1.0,4,0.75,16,0,37.523899984080344
transition_warm,1.0,4,0.75,16,0,36.29740001633763
transition_first,1.0,4,0.75,16,1,27.598499960731715
transition_warm,1.0,4,0.75,16,1,37.729700037743896
transition_first,1.0,4,0.75,16,2,37.03310003038496
transition_warm,1.0,4,0.75,16,2,36.38629999477416
transition_first,1.0,4,0.75,16,3,38.385999971069396
transition_warm,1.0,4,0.75,16,3,45.706799952313304
transition_first,1.0,4,0.75,16,4,27.135199983604252
transition_warm,1.0,4,0.75,16,4,40.67920002853498
transition_first,1.0,4,0.75,16,5,36.03529999963939
transition_warm,1.0,4,0.75,16,5,33.713300013914704
transition_first,1.0,4,0.75,16,6,35.69429996423423
transition_warm,1.0,4,0.75,16,6,27.79209997970611
transition_first,1.0,4,0.75,16,7,33.06220000376925
transition_warm,1.0,4,0.75,16,7,31.973299977835268
transition_first,1.0,4,0.75,16,8,45.25159997865558
transition_warm,1.0,4,0.75,16,8,39.261900004930794
transition_first,1.0,4,0.75,16,9,31.762200000230223
transition_warm,1.0,4,0.75,16,9,31.587300007231534
transition_first,0.75,32,1.0,4,0,40.180099953431636
transition_warm,0.75,32,1.0,4,0,34.27270002430305
transition_first,0.75,32,1.0,4,1,37.66969998832792
transition_warm,0.75,32,1.0,4,1,33.9436000213027
transition_first,0.75,32,1.0,4,2,36.58409998752177
transition_warm,0.75,32,1.0,4,2,34.88009999273345
transition_first,0.75,32,1.0,4,3,34.71539996098727
transition_warm,0.75,32,1.0,4,3,33.797600015532225
transition_first,0.75,32,1.0,4,4,52.344200026709586
transition_warm,0.75,32,1.0,4,4,35.1463999832049
transition_first,0.75,32,1.0,4,5,37.45930001605302
transition_warm,0.75,32,1.0,4,5,40.0552999926731
transition_first,0.75,32,1.0,4,6,35.76340002473444
transition_warm,0.75,32,1.0,4,6,33.47490000305697
transition_first,0.75,32,1.0,4,7,36.55429999344051
transition_warm,0.75,32,1.0,4,7,35.45060002943501
transition_first,0.75,32,1.0,4,8,52.09190002642572
transition_warm,0.75,32,1.0,4,8,33.31570001319051
transition_first,0.75,32,1.0,4,9,37.43959998246282
transition_warm,0.75,32,1.0,4,9,40.37529998458922
transition_first,0.75,4,0.75,32,0,12.825099984183908
transition_warm,0.75,4,0.75,32,0,11.89279998652637
transition_first,0.75,4,0.75,32,1,13.013900024816394
transition_warm,0.75,4,0.75,32,1,11.388699989765882
transition_first,0.75,4,0.75,32,2,10.566600016318262
transition_warm,0.75,4,0.75,32,2,10.976299992762506
transition_first,0.75,4,0.75,32,3,12.814300018362701
transition_warm,0.75,4,0.75,32,3,13.301500002853572
transition_first,0.75,4,0.75,32,4,12.717199977487326
transition_warm,0.75,4,0.75,32,4,11.377000017091632
transition_first,0.75,4,0.75,32,5,12.77149998350069
transition_warm,0.75,4,0.75,32,5,9.49550000950694
transition_first,0.75,4,0.75,32,6,9.75339999422431
transition_warm,0.75,4,0.75,32,6,15.635600022505969
transition_first,0.75,4,0.75,32,7,13.153099978808314
transition_warm,0.75,4,0.75,32,7,12.860900023952127
transition_first,0.75,4,0.75,32,8,10.39650000166148
transition_warm,0.75,4,0.75,32,8,12.60989997535944
transition_first,0.75,4,0.75,32,9,13.489099976141006
transition_warm,0.75,4,0.75,32,9,12.384999950882047
transition_first,1.0,8,0.25,16,0,31.936899991706014
transition_warm,1.0,8,0.25,16,0,34.053799987304956
transition_first,1.0,8,0.25,16,1,32.3925000266172
transition_warm,1.0,8,0.25,16,1,32.28519996628165
transition_first,1.0,8,0.25,16,2,33.04720000596717
transition_warm,1.0,8,0.25,16,2,28.35189999314025
transition_first,1.0,8,0.25,16,3,32.3851999710314
transition_warm,1.0,8,0.25,16,3,27.342499990481883
transition_first,1.0,8,0.25,16,4,33.30499998992309
transition_warm,1.0,8,0.25,16,4,31.42939996905625
transition_first,1.0,8,0.25,16,5,39.80819997377694
transition_warm,1.0,8,0.25,16,5,48.32300002453849
transition_first,1.0,8,0.25,16,6,44.2742999875918
transition_warm,1.0,8,0.25,16,6,47.38790000556037
transition_first,1.0,8,0.25,16,7,28.0174000072293
transition_warm,1.0,8,0.25,16,7,33.53259997675195
transition_first,1.0,8,0.25,16,8,37.787400011438876
transition_warm,1.0,8,0.25,16,8,33.21750002214685
transition_first,1.0,8,0.25,16,9,32.196000043768436
transition_warm,1.0,8,0.25,16,9,36.50480002397671
transition_first,0.5,8,1.0,4,0,31.546700047329068
transition_warm,0.5,8,1.0,4,0,38.06560003431514
transition_first,0.5,8,1.0,4,1,37.59889997309074
transition_warm,0.5,8,1.0,4,1,37.20480005722493
transition_first,0.5,8,1.0,4,2,40.976000018417835
transition_warm,0.5,8,1.0,4,2,34.7499999916181
transition_first,0.5,8,1.0,4,3,34.59440002916381
transition_warm,0.5,8,1.0,4,3,34.72689999034628
transition_first,0.5,8,1.0,4,4,37.33029996510595
transition_warm,0.5,8,1.0,4,4,48.357300052884966
transition_first,0.5,8,1.0,4,5,36.51369997533038
transition_warm,0.5,8,1.0,4,5,37.17239998513833
transition_first,0.5,8,1.0,4,6,33.65070000290871
transition_warm,0.5,8,1.0,4,6,38.30549999838695
transition_first,0.5,8,1.0,4,7,40.310500015039
transition_warm,0.5,8,1.0,4,7,34.117500006686896
transition_first,0.5,8,1.0,4,8,34.5571999787353
transition_warm,0.5,8,1.0,4,8,41.69129999354482
transition_first,0.5,8,1.0,4,9,44.33160001644865
transition_warm,0.5,8,1.0,4,9,42.91720001492649
transition_first,0.5,32,1.0,8,0,31.443199957720935
transition_warm,0.5,32,1.0,8,0,32.50190004473552
transition_first,0.5,32,1.0,8,1,34.289499977603555
transition_warm,0.5,32,1.0,8,1,32.32170001138002
transition_first,0.5,32,1.0,8,2,33.939999993890524
transition_warm,0.5,32,1.0,8,2,38.633699994534254
transition_first,0.5,32,1.0,8,3,30.896199983544648
transition_warm,0.5,32,1.0,8,3,36.13040002528578
transition_first,0.5,32,1.0,8,4,30.82490002270788
transition_warm,0.5,32,1.0,8,4,37.07819996634498
transition_first,0.5,32,1.0,8,5,37.706200033426285
transition_warm,0.5,32,1.0,8,5,32.16159995645285
transition_first,0.5,32,1.0,8,6,35.10770003776997
transition_warm,0.5,32,1.0,8,6,36.54250002000481
transition_first,0.5,32,1.0,8,7,44.94150000391528
transition_warm,0.5,32,1.0,8,7,48.22280001826584
transition_first,0.5,32,1.0,8,8,32.32739999657497
transition_warm,0.5,32,1.0,8,8,35.20569996908307
transition_first,0.5,32,1.0,8,9,34.38099997583777
transition_warm,0.5,32,1.0,8,9,40.36619997350499
transition_first,0.25,4,0.5,32,0,15.65319998189807
transition_warm,0.25,4,0.5,32,0,12.552900006994605
transition_first,0.25,4,0.5,32,1,11.87350001418963
transition_warm,0.25,4,0.5,32,1,12.800600030459464
transition_first,0.25,4,0.5,32,2,13.291199982631952
transition_warm,0.25,4,0.5,32,2,12.718999991193414
transition_first,0.25,4,0.5,32,3,9.024100028909743
transition_warm,0.25,4,0.5,32,3,10.638600040692836
transition_first,0.25,4,0.5,32,4,10.184199956711382
transition_warm,0.25,4,0.5,32,4,10.694800002966076
transition_first,0.25,4,0.5,32,5,10.181799996644258
transition_warm,0.25,4,0.5,32,5,14.03520000167191
transition_first,0.25,4,0.5,32,6,16.431999974884093
transition_warm,0.25,4,0.5,32,6,9.910099965054542
transition_first,0.25,4,0.5,32,7,12.946899980306625
transition_warm,0.25,4,0.5,32,7,12.536599999293685
transition_first,0.25,4,0.5,32,8,16.294299974106252
transition_warm,0.25,4,0.5,32,8,13.762699963990599
transition_first,0.25,4,0.5,32,9,13.034700008574873
transition_warm,0.25,4,0.5,32,9,12.304100033361465
transition_first,0.5,8,0.75,4,0,30.159999965690076
transition_warm,0.5,8,0.75,4,0,30.414599983487278
transition_first,0.5,8,0.75,4,1,33.89479999896139
transition_warm,0.5,8,0.75,4,1,32.56670001428574
transition_first,0.5,8,0.75,4,2,35.67820001626387
transition_warm,0.5,8,0.75,4,2,30.108100036159158
transition_first,0.5,8,0.75,4,3,40.82369996467605
transition_warm,0.5,8,0.75,4,3,35.95579997636378
transition_first,0.5,8,0.75,4,4,31.013799947686493
transition_warm,0.5,8,0.75,4,4,35.72450001956895
transition_first,0.5,8,0.75,4,5,28.475700004491955
transition_warm,0.5,8,0.75,4,5,30.618400021921843
transition_first,0.5,8,0.75,4,6,31.73440002137795
transition_warm,0.5,8,0.75,4,6,30.24400002323091
transition_first,0.5,8,0.75,4,7,50.46950001269579
transition_warm,0.5,8,0.75,4,7,32.41410001646727
transition_first,0.5,8,0.75,4,8,30.46009998070076
transition_warm,0.5,8,0.75,4,8,36.01749998051673
transition_first,0.5,8,0.75,4,9,29.921500012278557
transition_warm,0.5,8,0.75,4,9,31.686100002843887
transition_first,0.5,8,1.0,8,0,33.81270001409575
transition_warm,0.5,8,1.0,8,0,33.73329999158159
transition_first,0.5,8,1.0,8,1,39.20440003275871
transition_warm,0.5,8,1.0,8,1,43.26020000735298
transition_first,0.5,8,1.0,8,2,38.84649998508394
transition_warm,0.5,8,1.0,8,2,36.833600024692714
transition_first,0.5,8,1.0,8,3,36.93920001387596
transition_warm,0.5,8,1.0,8,3,35.30990000581369
transition_first,0.5,8,1.0,8,4,34.32099998462945
transition_warm,0.5,8,1.0,8,4,36.17949999170378
transition_first,0.5,8,1.0,8,5,38.49810000974685
transition_warm,0.5,8,1.0,8,5,35.21509998245165
transition_first,0.5,8,1.0,8,6,31.460900034289807
transition_warm,0.5,8,1.0,8,6,38.476600020658225
transition_first,0.5,8,1.0,8,7,30.457100016064942
transition_warm,0.5,8,1.0,8,7,46.5904000448063
transition_first,0.5,8,1.0,8,8,37.48739999718964
transition_warm,0.5,8,1.0,8,8,40.92429997399449
transition_first,0.5,8,1.0,8,9,45.77580001205206
transition_warm,0.5,8,1.0,8,9,39.84059998765588
transition_first,0.25,32,0.5,4,0,39.92760000983253
transition_warm,0.25,32,0.5,4,0,44.88860000856221
transition_first,0.25,32,0.5,4,1,46.22330004349351
transition_warm,0.25,32,0.5,4,1,41.59049998270348
transition_first,0.25,32,0.5,4,2,33.531100023537874
transition_warm,0.25,32,0.5,4,2,30.42940003797412
transition_first,0.25,32,0.5,4,3,42.54539997782558
transition_warm,0.25,32,0.5,4,3,27.856700005941093
transition_first,0.25,32,0.5,4,4,35.26169998804107
transition_warm,0.25,32,0.5,4,4,33.679300046060234
transition_first,0.25,32,0.5,4,5,32.324899977538735
transition_warm,0.25,32,0.5,4,5,33.36069994838908
transition_first,0.25,32,0.5,4,6,28.395999979693443
transition_warm,0.25,32,0.5,4,6,34.51090003363788
transition_first,0.25,32,0.5,4,7,30.58920003240928
transition_warm,0.25,32,0.5,4,7,34.38070003176108
transition_first,0.25,32,0.5,4,8,42.213000007905066
transition_warm,0.25,32,0.5,4,8,30.604899977333844
transition_first,0.25,32,0.5,4,9,33.37570000439882
transition_warm,0.25,32,0.5,4,9,32.9821000341326
transition_first,0.25,8,0.5,8,0,37.309100036509335
transition_warm,0.25,8,0.5,8,0,30.09449999080971
transition_first,0.25,8,0.5,8,1,34.504499984905124
transition_warm,0.25,8,0.5,8,1,34.62550003314391
transition_first,0.25,8,0.5,8,2,34.69770000083372
transition_warm,0.25,8,0.5,8,2,39.446900016628206
transition_first,0.25,8,0.5,8,3,33.1302999984473
transition_warm,0.25,8,0.5,8,3,33.579999988432974
transition_first,0.25,8,0.5,8,4,33.44699996523559
transition_warm,0.25,8,0.5,8,4,41.47779999766499
transition_first,0.25,8,0.5,8,5,42.31300001265481
transition_warm,0.25,8,0.5,8,5,36.83019999880344
transition_first,0.25,8,0.5,8,6,32.03469997970387
transition_warm,0.25,8,0.5,8,6,37.830699991900474
transition_first,0.25,8,0.5,8,7,27.73440000601113
transition_warm,0.25,8,0.5,8,7,41.250100010074675
transition_first,0.25,8,0.5,8,8,44.3002000101842
transition_warm,0.25,8,0.5,8,8,37.85959997912869
transition_first,0.25,8,0.5,8,9,29.729400004725903
transition_warm,0.25,8,0.5,8,9,28.64099998259917
transition_first,1.0,4,0.5,4,0,34.699999960139394
transition_warm,1.0,4,0.5,4,0,35.85360001306981
transition_first,1.0,4,0.5,4,1,27.369999967049807
transition_warm,1.0,4,0.5,4,1,30.892300012055784
transition_first,1.0,4,0.5,4,2,27.256100031081587
transition_warm,1.0,4,0.5,4,2,32.007700006943196
transition_first,1.0,4,0.5,4,3,32.68449997995049
transition_warm,1.0,4,0.5,4,3,34.153099986724555
transition_first,1.0,4,0.5,4,4,39.8200000054203
transition_warm,1.0,4,0.5,4,4,33.15189998829737
transition_first,1.0,4,0.5,4,5,38.07250002864748
transition_warm,1.0,4,0.5,4,5,31.310099991969764
transition_first,1.0,4,0.5,4,6,36.01799998432398
transition_warm,1.0,4,0.5,4,6,30.53429996361956
transition_first,1.0,4,0.5,4,7,55.762600037269294
transition_warm,1.0,4,0.5,4,7,29.391699994448572
transition_first,1.0,4,0.5,4,8,31.683200038969517
transition_warm,1.0,4,0.5,4,8,38.02049998193979
transition_first,1.0,4,0.5,4,9,30.72869998868555
transition_warm,1.0,4,0.5,4,9,27.990899980068207
transition_first,0.25,32,0.75,4,0,46.35920003056526
transition_warm,0.25,32,0.75,4,0,37.58790000574663
transition_first,0.25,32,0.75,4,1,30.61450005043298
transition_warm,0.25,32,0.75,4,1,27.179600030649453
transition_first,0.25,32,0.75,4,2,33.555899979546666
transition_warm,0.25,32,0.75,4,2,43.62170002423227
transition_first,0.25,32,0.75,4,3,27.637400024104863
transition_warm,0.25,32,0.75,4,3,33.751600014511496
transition_first,0.25,32,0.75,4,4,32.965200021862984
transition_warm,0.25,32,0.75,4,4,32.221000001300126
transition_first,0.25,32,0.75,4,5,31.795499962754548
transition_warm,0.25,32,0.75,4,5,32.00850001303479
transition_first,0.25,32,0.75,4,6,34.55669997492805
transition_warm,0.25,32,0.75,4,6,33.22650003246963
transition_first,0.25,32,0.75,4,7,73.01039999583736
transition_warm,0.25,32,0.75,4,7,83.15650001168251
transition_first,0.25,32,0.75,4,8,39.77060003671795
transition_warm,0.25,32,0.75,4,8,38.41360000660643
transition_first,0.25,32,0.75,4,9,37.023099954240024
transition_warm,0.25,32,0.75,4,9,29.76839995244518
transition_first,0.25,16,0.75,4,0,34.97450001304969
transition_warm,0.25,16,0.75,4,0,27.73279999382794
transition_first,0.25,16,0.75,4,1,27.472299989312887
transition_warm,0.25,16,0.75,4,1,50.032900006044656
transition_first,0.25,16,0.75,4,2,33.033200015779585
transition_warm,0.25,16,0.75,4,2,33.50320004392415
transition_first,0.25,16,0.75,4,3,46.51780001586303
transition_warm,0.25,16,0.75,4,3,32.145700010005385
transition_first,0.25,16,0.75,4,4,31.61449998151511
transition_warm,0.25,16,0.75,4,4,30.775499995797873
transition_first,0.25,16,0.75,4,5,32.5973000144586
transition_warm,0.25,16,0.75,4,5,33.135600038804114
transition_first,0.25,16,0.75,4,6,34.298499987926334
transition_warm,0.25,16,0.75,4,6,33.76300004310906
transition_first,0.25,16,0.75,4,7,30.89300001738593
transition_warm,0.25,16,0.75,4,7,30.114600027445704
transition_first,0.25,16,0.75,4,8,33.63109997007996
transition_warm,0.25,16,0.75,4,8,31.181300000753254
transition_first,0.25,16,0.75,4,9,32.05879998859018
transition_warm,0.25,16,0.75,4,9,34.41789996577427
transition_first,0.25,16,1.0,8,0,35.80139996483922
transition_warm,0.25,16,1.0,8,0,39.96279998682439
transition_first,0.25,16,1.0,8,1,31.72859997721389
transition_warm,0.25,16,1.0,8,1,41.06850002426654
transition_first,0.25,16,1.0,8,2,33.168099995236844
transition_warm,0.25,16,1.0,8,2,31.686400005128235
transition_first,0.25,16,1.0,8,3,35.98659997805953
transition_warm,0.25,16,1.0,8,3,40.55559996049851
transition_first,0.25,16,1.0,8,4,34.14940001675859
transition_warm,0.25,16,1.0,8,4,33.54490001220256
transition_first,0.25,16,1.0,8,5,33.83929998381063
transition_warm,0.25,16,1.0,8,5,34.97820004122332
transition_first,0.25,16,1.0,8,6,42.0165000250563
transition_warm,0.25,16,1.0,8,6,35.4269000235945
transition_first,0.25,16,1.0,8,7,34.88290001405403
transition_warm,0.25,16,1.0,8,7,34.03809998417273
transition_first,0.25,16,1.0,8,8,34.35730002820492
transition_warm,0.25,16,1.0,8,8,35.95399996265769
transition_first,0.25,16,1.0,8,9,41.49980004876852
transition_warm,0.25,16,1.0,8,9,38.76369999488816
transition_first,0.75,4,0.75,16,0,40.247900004033
transition_warm,0.75,4,0.75,16,0,42.755100002978
transition_first,0.75,4,0.75,16,1,35.62340000644326
transition_warm,0.75,4,0.75,16,1,33.85760000674054
transition_first,0.75,4,0.75,16,2,32.99510001670569
transition_warm,0.75,4,0.75,16,2,33.18550001131371
transition_first,0.75,4,0.75,16,3,33.607899968046695
transition_warm,0.75,4,0.75,16,3,28.89109996613115
transition_first,0.75,4,0.75,16,4,29.35960004106164
transition_warm,0.75,4,0.75,16,4,38.383000006433576
transition_first,0.75,4,0.75,16,5,31.882200040854514
transition_warm,0.75,4,0.75,16,5,37.548899999819696
transition_first,0.75,4,0.75,16,6,29.61289999075234
transition_warm,0.75,4,0.75,16,6,29.60380003787577
transition_first,0.75,4,0.75,16,7,33.32709998358041
transition_warm,0.75,4,0.75,16,7,37.782899977173656
transition_first,0.75,4,0.75,16,8,36.16289998171851
transition_warm,0.75,4,0.75,16,8,34.14349997183308
transition_first,0.75,4,0.75,16,9,33.465699991211295
transition_warm,0.75,4,0.75,16,9,34.1850999975577
transition_first,0.75,8,1.0,32,0,9.206500020809472
transition_warm,0.75,8,1.0,32,0,9.052200010046363
transition_first,0.75,8,1.0,32,1,11.115700006484985
transition_warm,0.75,8,1.0,32,1,9.861400001682341
transition_first,0.75,8,1.0,32,2,10.031300014816225
transition_warm,0.75,8,1.0,32,2,10.84700005594641
transition_first,0.75,8,1.0,32,3,10.484899976290762
transition_warm,0.75,8,1.0,32,3,10.061300010420382
transition_first,0.75,8,1.0,32,4,10.723800049163401
transition_warm,0.75,8,1.0,32,4,11.239000014029443
transition_first,0.75,8,1.0,32,5,12.90189998690039
transition_warm,0.75,8,1.0,32,5,11.511799995787442
transition_first,0.75,8,1.0,32,6,11.670299980323762
transition_warm,0.75,8,1.0,32,6,12.76850001886487
transition_first,0.75,8,1.0,32,7,14.207999978680164
transition_warm,0.75,8,1.0,32,7,11.36379997478798
transition_first,0.75,8,1.0,32,8,9.434200008399785
transition_warm,0.75,8,1.0,32,8,10.424699983559549
transition_first,0.75,8,1.0,32,9,10.124199965503067
transition_warm,0.75,8,1.0,32,9,10.704400017857552
transition_first,0.5,32,0.25,4,0,33.554600027855486
transition_warm,0.5,32,0.25,4,0,30.468299984931946
transition_first,0.5,32,0.25,4,1,50.31510000117123
transition_warm,0.5,32,0.25,4,1,28.440299967769533
transition_first,0.5,32,0.25,4,2,32.5779999839142
transition_warm,0.5,32,0.25,4,2,27.4409000412561
transition_first,0.5,32,0.25,4,3,31.59789997152984
transition_warm,0.5,32,0.25,4,3,27.594400045927614
transition_first,0.5,32,0.25,4,4,55.21329998737201
transition_warm,0.5,32,0.25,4,4,30.161599977873266
transition_first,0.5,32,0.25,4,5,37.088299985043705
transition_warm,0.5,32,0.25,4,5,40.730200009420514
transition_first,0.5,32,0.25,4,6,35.634900035802275
transition_warm,0.5,32,0.25,4,6,26.344800018705428
transition_first,0.5,32,0.25,4,7,33.99860003264621
transition_warm,0.5,32,0.25,4,7,33.268600003793836
transition_first,0.5,32,0.25,4,8,36.41050000442192
transition_warm,0.5,32,0.25,4,8,30.004700005520135
transition_first,0.5,32,0.25,4,9,30.816100013908
transition_warm,0.5,32,0.25,4,9,30.699700000695884
transition_first,1.0,16,0.25,32,0,10.056800034362823
transition_warm,1.0,16,0.25,32,0,9.704000025521964
transition_first,1.0,16,0.25,32,1,12.019900023005903
transition_warm,1.0,16,0.25,32,1,12.620900000911206
transition_first,1.0,16,0.25,32,2,11.308800021652132
transition_warm,1.0,16,0.25,32,2,9.096499998122454
transition_first,1.0,16,0.25,32,3,11.793300043791533
transition_warm,1.0,16,0.25,32,3,12.635799997951835
transition_first,1.0,16,0.25,32,4,12.77129998197779
transition_warm,1.0,16,0.25,32,4,13.274499971885234
transition_first,1.0,16,0.25,32,5,13.23499996215105
transition_warm,1.0,16,0.25,32,5,12.974799959920347
transition_first,1.0,16,0.25,32,6,12.931699980981648
transition_warm,1.0,16,0.25,32,6,11.907500040251762
transition_first,1.0,16,0.25,32,7,10.42449998203665
transition_warm,1.0,16,0.25,32,7,8.901799970772117
transition_first,1.0,16,0.25,32,8,14.173900010064244
transition_warm,1.0,16,0.25,32,8,10.180699988268316
transition_first,1.0,16,0.25,32,9,10.879799956455827
transition_warm,1.0,16,0.25,32,9,11.481099994853139
transition_first,0.75,8,0.25,4,0,33.75940001569688
transition_warm,0.75,8,0.25,4,0,27.480100048705935
transition_first,0.75,8,0.25,4,1,31.630399986170232
transition_warm,0.75,8,0.25,4,1,30.063699989113957
transition_first,0.75,8,0.25,4,2,34.01419997680932
transition_warm,0.75,8,0.25,4,2,27.19780005281791
transition_first,0.75,8,0.25,4,3,32.615200034342706
transition_warm,0.75,8,0.25,4,3,27.60520001174882
transition_first,0.75,8,0.25,4,4,48.06519998237491
transition_warm,0.75,8,0.25,4,4,40.88899999624118
transition_first,0.75,8,0.25,4,5,31.287999998312443
transition_warm,0.75,8,0.25,4,5,41.54310002923012
transition_first,0.75,8,0.25,4,6,30.30919999582693
transition_warm,0.75,8,0.25,4,6,26.226699992548674
transition_first,0.75,8,0.25,4,7,31.978200015146285
transition_warm,0.75,8,0.25,4,7,29.82779999729246
transition_first,0.75,8,0.25,4,8,28.050100023392588
transition_warm,0.75,8,0.25,4,8,29.918499989435077
transition_first,0.75,8,0.25,4,9,31.283700023777783
transition_warm,0.75,8,0.25,4,9,28.293900017160922
transition_first,0.25,8,0.75,8,0,30.800499953329563
transition_warm,0.25,8,0.75,8,0,29.618000029586256
transition_first,0.25,8,0.75,8,1,33.796300005633384
transition_warm,0.25,8,0.75,8,1,31.68559999903664
transition_first,0.25,8,0.75,8,2,34.70499999821186
transition_warm,0.25,8,0.75,8,2,43.04079996654764
transition_first,0.25,8,0.75,8,3,32.68290002597496
transition_warm,0.25,8,0.75,8,3,29.263700009323657
transition_first,0.25,8,0.75,8,4,32.96840004622936
transition_warm,0.25,8,0.75,8,4,28.01269997144118
transition_first,0.25,8,0.75,8,5,31.676299986429513
transition_warm,0.25,8,0.75,8,5,29.04700004728511
transition_first,0.25,8,0.75,8,6,28.115799999795854
transition_warm,0.25,8,0.75,8,6,35.42540001217276
transition_first,0.25,8,0.75,8,7,42.60240000439808
transition_warm,0.25,8,0.75,8,7,31.675899983383715
transition_first,0.25,8,0.75,8,8,32.89950004545972
transition_warm,0.25,8,0.75,8,8,31.115800025872886
transition_first,0.25,8,0.75,8,9,32.2856999700889
transition_warm,0.25,8,0.75,8,9,32.11850003572181
transition_first,1.0,32,1.0,8,0,35.645099997054785
transition_warm,1.0,32,1.0,8,0,34.17050000280142
transition_first,1.0,32,1.0,8,1,38.85819995775819
transition_warm,1.0,32,1.0,8,1,37.864500016439706
transition_first,1.0,32,1.0,8,2,53.3601000206545
transition_warm,1.0,32,1.0,8,2,35.51139996852726
transition_first,1.0,32,1.0,8,3,34.515899955295026
transition_warm,1.0,32,1.0,8,3,36.692800000309944
transition_first,1.0,32,1.0,8,4,33.96819997578859
transition_warm,1.0,32,1.0,8,4,44.91579998284578
transition_first,1.0,32,1.0,8,5,36.431899992749095
transition_warm,1.0,32,1.0,8,5,33.35689997766167
transition_first,1.0,32,1.0,8,6,34.12700002081692
transition_warm,1.0,32,1.0,8,6,37.27149998303503
transition_first,1.0,32,1.0,8,7,47.07169998437166
transition_warm,1.0,32,1.0,8,7,48.29900001641363
transition_first,1.0,32,1.0,8,8,38.06660004192963
transition_warm,1.0,32,1.0,8,8,39.632400032132864
transition_first,1.0,32,1.0,8,9,38.72780001256615
transition_warm,1.0,32,1.0,8,9,34.843600005842745
transition_first,1.0,4,0.75,4,0,30.665799975395203
transition_warm,1.0,4,0.75,4,0,28.947199985850602
transition_first,1.0,4,0.75,4,1,31.970500014722347
transition_warm,1.0,4,0.75,4,1,33.476300013717264
transition_first,1.0,4,0.75,4,2,28.991700033657253
transition_warm,1.0,4,0.75,4,2,32.51069999532774
transition_first,1.0,4,0.75,4,3,36.91669995896518
transition_warm,1.0,4,0.75,4,3,35.94849997898564
transition_first,1.0,4,0.75,4,4,29.922200017608702
transition_warm,1.0,4,0.75,4,4,29.010899947024882
transition_first,1.0,4,0.75,4,5,34.51540000969544
transition_warm,1.0,4,0.75,4,5,31.90630004974082
transition_first,1.0,4,0.75,4,6,37.44179999921471
transition_warm,1.0,4,0.75,4,6,32.33150002779439
transition_first,1.0,4,0.75,4,7,33.49419997539371
transition_warm,1.0,4,0.75,4,7,32.1059999987483
transition_first,1.0,4,0.75,4,8,34.662900026887655
transition_warm,1.0,4,0.75,4,8,28.8678000215441
transition_first,1.0,4,0.75,4,9,28.08680001180619
transition_warm,1.0,4,0.75,4,9,30.13269999064505
transition_first,0.5,16,0.25,4,0,34.999300027266145
transition_warm,0.5,16,0.25,4,0,34.28100002929568
transition_first,0.5,16,0.25,4,1,33.379899978172034
transition_warm,0.5,16,0.25,4,1,35.86220002034679
transition_first,0.5,16,0.25,4,2,30.837800004519522
transition_warm,0.5,16,0.25,4,2,28.10759999556467
transition_first,0.5,16,0.25,4,3,34.24559999257326
transition_warm,0.5,16,0.25,4,3,43.9085999969393
transition_first,0.5,16,0.25,4,4,43.31929999170825
transition_warm,0.5,16,0.25,4,4,32.958999974653125
transition_first,0.5,16,0.25,4,5,30.855300021357834
transition_warm,0.5,16,0.25,4,5,31.53450001263991
transition_first,0.5,16,0.25,4,6,35.63819994451478
transition_warm,0.5,16,0.25,4,6,30.222499975934625
transition_first,0.5,16,0.25,4,7,30.902799975592643
transition_warm,0.5,16,0.25,4,7,32.20129996770993
transition_first,0.5,16,0.25,4,8,56.831899972166866
transition_warm,0.5,16,0.25,4,8,50.179700017906725
transition_first,0.5,16,0.25,4,9,25.88939998531714
transition_warm,0.5,16,0.25,4,9,34.910300048068166
transition_first,0.25,32,0.25,16,0,32.185499963816255
transition_warm,0.25,32,0.25,16,0,29.312900034710765
transition_first,0.25,32,0.25,16,1,29.56549997907132
transition_warm,0.25,32,0.25,16,1,30.198399967048317
transition_first,0.25,32,0.25,16,2,30.551399977412075
transition_warm,0.25,32,0.25,16,2,32.469999976456165
transition_first,0.25,32,0.25,16,3,34.93140003411099
transition_warm,0.25,32,0.25,16,3,31.784099992364645
transition_first,0.25,32,0.25,16,4,41.05210001580417
transition_warm,0.25,32,0.25,16,4,37.51970001030713
transition_first,0.25,32,0.25,16,5,31.427999958395958
transition_warm,0.25,32,0.25,16,5,30.24100000038743
transition_first,0.25,32,0.25,16,6,38.328499998897314
transition_warm,0.25,32,0.25,16,6,45.08080001687631
transition_first,0.25,32,0.25,16,7,40.464699966832995
transition_warm,0.25,32,0.25,16,7,38.762399984989315
transition_first,0.25,32,0.25,16,8,39.35310000088066
transition_warm,0.25,32,0.25,16,8,37.41089999675751
transition_first,0.25,32,0.25,16,9,32.01689996058121
transition_warm,0.25,32,0.25,16,9,28.346400009468198
transition_first,0.75,8,0.5,16,0,31.712900032289326
transition_warm,0.75,8,0.5,16,0,31.086299975868315
transition_first,0.75,8,0.5,16,1,39.387499971780926
transition_warm,0.75,8,0.5,16,1,35.13229999225587
transition_first,0.75,8,0.5,16,2,46.34599998826161
transition_warm,0.75,8,0.5,16,2,36.00449999794364
transition_first,0.75,8,0.5,16,3,31.52719995705411
transition_warm,0.75,8,0.5,16,3,35.291200038045645
transition_first,0.75,8,0.5,16,4,32.62309997808188
transition_warm,0.75,8,0.5,16,4,38.581699947826564
transition_first,0.75,8,0.5,16,5,37.28910000063479
transition_warm,0.75,8,0.5,16,5,34.37479998683557
transition_first,0.75,8,0.5,16,6,34.496899985242635
transition_warm,0.75,8,0.5,16,6,28.85549998609349
transition_first,0.75,8,0.5,16,7,34.35289999470115
transition_warm,0.75,8,0.5,16,7,30.886299966368824
transition_first,0.75,8,0.5,16,8,29.825399979017675
transition_warm,0.75,8,0.5,16,8,35.43530002934858
transition_first,0.75,8,0.5,16,9,38.86120003880933
transition_warm,0.75,8,0.5,16,9,31.092000019270927
transition_first,0.75,16,0.5,16,0,33.11420005047694
transition_warm,0.75,16,0.5,16,0,33.058099972549826
transition_first,0.75,16,0.5,16,1,55.48490001820028
transition_warm,0.75,16,0.5,16,1,62.21709999954328
transition_first,0.75,16,0.5,16,2,36.52150003472343
transition_warm,0.75,16,0.5,16,2,26.9057999830693
transition_first,0.75,16,0.5,16,3,42.510900006163865
transition_warm,0.75,16,0.5,16,3,29.725899978075176
transition_first,0.75,16,0.5,16,4,46.9180999789387
transition_warm,0.75,16,0.5,16,4,49.89449999993667
transition_first,0.75,16,0.5,16,5,35.03000002820045
transition_warm,0.75,16,0.5,16,5,32.27630001492798
transition_first,0.75,16,0.5,16,6,33.36840000702068
transition_warm,0.75,16,0.5,16,6,30.466000025626272
transition_first,0.75,16,0.5,16,7,38.077799952588975
transition_warm,0.75,16,0.5,16,7,34.65439996216446
transition_first,0.75,16,0.5,16,8,33.011000021360815
transition_warm,0.75,16,0.5,16,8,35.24229995673522
transition_first,0.75,16,0.5,16,9,39.747499977238476
transition_warm,0.75,16,0.5,16,9,38.294299971312284
transition_first,0.25,16,1.0,32,0,9.644300036597997
transition_warm,0.25,16,1.0,32,0,11.304000043310225
transition_first,0.25,16,1.0,32,1,12.303600029554218
transition_warm,0.25,16,1.0,32,1,11.936599970795214
transition_first,0.25,16,1.0,32,2,11.16689998889342
transition_warm,0.25,16,1.0,32,2,11.151599988806993
transition_first,0.25,16,1.0,32,3,11.86309999320656
transition_warm,0.25,16,1.0,32,3,14.952900004573166
transition_first,0.25,16,1.0,32,4,11.19649998145178
transition_warm,0.25,16,1.0,32,4,12.638600019272417
transition_first,0.25,16,1.0,32,5,10.31039998633787
transition_warm,0.25,16,1.0,32,5,11.53720001457259
transition_first,0.25,16,1.0,32,6,12.404400040395558
transition_warm,0.25,16,1.0,32,6,12.149400019552559
transition_first,0.25,16,1.0,32,7,11.74170000012964
transition_warm,0.25,16,1.0,32,7,11.301500024273992
transition_first,0.25,16,1.0,32,8,12.016599997878075
transition_warm,0.25,16,1.0,32,8,13.531000004149973
transition_first,0.25,16,1.0,32,9,11.736799962818623
transition_warm,0.25,16,1.0,32,9,12.153999996371567
transition_first,0.75,16,0.75,32,0,11.763399990741163
transition_warm,0.75,16,0.75,32,0,10.175899951718748
transition_first,0.75,16,0.75,32,1,12.894000043161213
transition_warm,0.75,16,0.75,32,1,17.621100007090718
transition_first,0.75,16,0.75,32,2,12.319799978286028
transition_warm,0.75,16,0.75,32,2,11.654799978714436
transition_first,0.75,16,0.75,32,3,11.818400002084672
transition_warm,0.75,16,0.75,32,3,11.8781000492163
transition_first,0.75,16,0.75,32,4,13.008599984459579
transition_warm,0.75,16,0.75,32,4,12.440799968317151
transition_first,0.75,16,0.75,32,5,16.24450000235811
transition_warm,0.75,16,0.75,32,5,14.148499991279095
transition_first,0.75,16,0.75,32,6,11.757300002500415
transition_warm,0.75,16,0.75,32,6,11.287099972832948
transition_first,0.75,16,0.75,32,7,13.092399982269853
transition_warm,0.75,16,0.75,32,7,11.916199990082532
transition_first,0.75,16,0.75,32,8,12.430100003257394
transition_warm,0.75,16,0.75,32,8,12.121399980969727
transition_first,0.75,16,0.75,32,9,12.01730000320822
transition_warm,0.75,16,0.75,32,9,11.620600009337068
transition_first,0.75,8,0.75,4,0,30.72420001262799
transition_warm,0.75,8,0.75,4,0,31.044500006828457
transition_first,0.75,8,0.75,4,1,30.129299964755774
transition_warm,0.75,8,0.75,4,1,32.45860000606626
transition_first,0.75,8,0.75,4,2,33.23649999219924
transition_warm,0.75,8,0.75,4,2,40.472200023941696
transition_first,0.75,8,0.75,4,3,38.94260001834482
transition_warm,0.75,8,0.75,4,3,38.41710003325716
transition_first,0.75,8,0.75,4,4,36.785900010727346
transition_warm,0.75,8,0.75,4,4,35.69029999198392
transition_first,0.75,8,0.75,4,5,32.54679997917265
transition_warm,0.75,8,0.75,4,5,33.741099992766976
transition_first,0.75,8,0.75,4,6,115.37429998861626
transition_warm,0.75,8,0.75,4,6,51.43530003260821
transition_first,0.75,8,0.75,4,7,32.918799959588796
transition_warm,0.75,8,0.75,4,7,29.529199993703514
transition_first,0.75,8,0.75,4,8,30.43350001098588
transition_warm,0.75,8,0.75,4,8,30.71540000382811
transition_first,0.75,8,0.75,4,9,30.548600014299154
transition_warm,0.75,8,0.75,4,9,34.53619999345392
transition_first,0.5,4,0.5,32,0,10.38309995783493
transition_warm,0.5,4,0.5,32,0,9.724600007757545
transition_first,0.5,4,0.5,32,1,9.302799997385591
transition_warm,0.5,4,0.5,32,1,9.847400011494756
transition_first,0.5,4,0.5,32,2,13.699600007385015
transition_warm,0.5,4,0.5,32,2,12.679999985266477
transition_first,0.5,4,0.5,32,3,10.742000013124198
transition_warm,0.5,4,0.5,32,3,9.427899960428476
transition_first,0.5,4,0.5,32,4,9.395000000949949
transition_warm,0.5,4,0.5,32,4,11.146699951495975
transition_first,0.5,4,0.5,32,5,12.465899984817952
transition_warm,0.5,4,0.5,32,5,11.446800024714321
transition_first,0.5,4,0.5,32,6,12.15049996972084
transition_warm,0.5,4,0.5,32,6,10.13259997125715
transition_first,0.5,4,0.5,32,7,9.295399999246001
transition_warm,0.5,4,0.5,32,7,12.126300018280745
transition_first,0.5,4,0.5,32,8,13.468899996951222
transition_warm,0.5,4,0.5,32,8,16.243199992459267
transition_first,0.5,4,0.5,32,9,16.805299965199083
transition_warm,0.5,4,0.5,32,9,13.539900013711303
transition_first,0.5,32,0.5,8,0,37.32910001417622
transition_warm,0.5,32,0.5,8,0,30.21599998464808
transition_first,0.5,32,0.5,8,1,34.56229995936155
transition_warm,0.5,32,0.5,8,1,35.66359996329993
transition_first,0.5,32,0.5,8,2,37.09760005585849
transition_warm,0.5,32,0.5,8,2,36.725299956742674
transition_first,0.5,32,0.5,8,3,32.80760004417971
transition_warm,0.5,32,0.5,8,3,28.472899983171374
transition_first,0.5,32,0.5,8,4,33.33290002774447
transition_warm,0.5,32,0.5,8,4,25.977299956139177
transition_first,0.5,32,0.5,8,5,30.03530000569299
transition_warm,0.5,32,0.5,8,5,30.692100001033396
transition_first,0.5,32,0.5,8,6,37.356399989221245
transition_warm,0.5,32,0.5,8,6,35.73460003826767
transition_first,0.5,32,0.5,8,7,40.84299999522045
transition_warm,0.5,32,0.5,8,7,40.05270003108308
transition_first,0.5,32,0.5,8,8,35.3643000125885
transition_warm,0.5,32,0.5,8,8,30.57450003689155
transition_first,0.5,32,0.5,8,9,30.135200009681284
transition_warm,0.5,32,0.5,8,9,29.836200003046542
transition_first,1.0,16,1.0,8,0,40.92749999836087
transition_warm,1.0,16,1.0,8,0,47.537799982819706
transition_first,1.0,16,1.0,8,1,42.50909999245778
transition_warm,1.0,16,1.0,8,1,35.54680000524968
transition_first,1.0,16,1.0,8,2,37.962300004437566
transition_warm,1.0,16,1.0,8,2,38.117900025099516
transition_first,1.0,16,1.0,8,3,36.94350004661828
transition_warm,1.0,16,1.0,8,3,33.47429999848828
transition_first,1.0,16,1.0,8,4,35.562100005336106
transition_warm,1.0,16,1.0,8,4,32.96569996746257
transition_first,1.0,16,1.0,8,5,34.70179997384548
transition_warm,1.0,16,1.0,8,5,35.62650003004819
transition_first,1.0,16,1.0,8,6,41.39760002726689
transition_warm,1.0,16,1.0,8,6,37.09009999874979
transition_first,1.0,16,1.0,8,7,41.51180002372712
transition_warm,1.0,16,1.0,8,7,38.11090003000572
transition_first,1.0,16,1.0,8,8,34.618600038811564
transition_warm,1.0,16,1.0,8,8,33.67890004301444
transition_first,1.0,16,1.0,8,9,41.44310002448037
transition_warm,1.0,16,1.0,8,9,45.77239998616278
transition_first,0.25,16,0.25,8,0,28.490900003816932
transition_warm,0.25,16,0.25,8,0,30.509600008372217
transition_first,0.25,16,0.25,8,1,33.3845000131987
transition_warm,0.25,16,0.25,8,1,25.803300028201193
transition_first,0.25,16,0.25,8,2,32.797800027765334
transition_warm,0.25,16,0.25,8,2,33.98749994812533
transition_first,0.25,16,0.25,8,3,29.172299953643233
transition_warm,0.25,16,0.25,8,3,30.228400020860136
transition_first,0.25,16,0.25,8,4,29.071700002532452
transition_warm,0.25,16,0.25,8,4,31.245199963450432
transition_first,0.25,16,0.25,8,5,33.678899984806776
transition_warm,0.25,16,0.25,8,5,32.16829994926229
transition_first,0.25,16,0.25,8,6,34.70359998755157
transition_warm,0.25,16,0.25,8,6,28.50630000466481
transition_first,0.25,16,0.25,8,7,28.218899969942868
transition_warm,0.25,16,0.25,8,7,29.4574000290595
transition_first,0.25,16,0.25,8,8,43.56779996305704
transition_warm,0.25,16,0.25,8,8,35.42959998594597
transition_first,0.25,16,0.25,8,9,30.016199976671487
transition_warm,0.25,16,0.25,8,9,32.18239999841899
transition_first,0.5,16,0.5,8,0,29.64120003161952
transition_warm,0.5,16,0.5,8,0,29.287400015164167
transition_first,0.5,16,0.5,8,1,32.59269997943193
transition_warm,0.5,16,0.5,8,1,30.672599968966097
transition_first,0.5,16,0.5,8,2,30.028500012122095
transition_warm,0.5,16,0.5,8,2,31.43239999189973
transition_first,0.5,16,0.5,8,3,33.06159999920055
transition_warm,0.5,16,0.5,8,3,40.33769998932257
transition_first,0.5,16,0.5,8,4,31.418300000950694
transition_warm,0.5,16,0.5,8,4,27.57390000624582
transition_first,0.5,16,0.5,8,5,35.00160004477948
transition_warm,0.5,16,0.5,8,5,39.983199967537075
transition_first,0.5,16,0.5,8,6,36.92919999593869
transition_warm,0.5,16,0.5,8,6,36.46249999292195
transition_first,0.5,16,0.5,8,7,41.83639999246225
transition_warm,0.5,16,0.5,8,7,41.52179998345673
transition_first,0.5,16,0.5,8,8,35.39510001428425
transition_warm,0.5,16,0.5,8,8,29.329500044696033
transition_first,0.5,16,0.5,8,9,40.74709996348247
transition_warm,0.5,16,0.5,8,9,35.88599996874109
transition_first,0.25,16,1.0,4,0,48.8850999972783
transition_warm,0.25,16,1.0,4,0,49.76659995736554
transition_first,0.25,16,1.0,4,1,35.649499972350895
transition_warm,0.25,16,1.0,4,1,34.2357000336051
transition_first,0.25,16,1.0,4,2,38.81979995639995
transition_warm,0.25,16,1.0,4,2,37.198000005446374
transition_first,0.25,16,1.0,4,3,46.35390004841611
transition_warm,0.25,16,1.0,4,3,40.35149997798726
transition_first,0.25,16,1.0,4,4,38.3305000141263
transition_warm,0.25,16,1.0,4,4,31.29770001396537
transition_first,0.25,16,1.0,4,5,38.13689999515191
transition_warm,0.25,16,1.0,4,5,38.328299997374415
transition_first,0.25,16,1.0,4,6,35.63719999510795
transition_warm,0.25,16,1.0,4,6,39.109300007112324
transition_first,0.25,16,1.0,4,7,31.00389998871833
transition_warm,0.25,16,1.0,4,7,49.61159999947995
transition_first,0.25,16,1.0,4,8,39.45500002009794
transition_warm,0.25,16,1.0,4,8,36.66809998685494
transition_first,0.25,16,1.0,4,9,38.77330000977963
transition_warm,0.25,16,1.0,4,9,37.27400000207126
transition_first,0.5,32,0.5,16,0,36.72060003736988
transition_warm,0.5,32,0.5,16,0,40.141899953596294
transition_first,0.5,32,0.5,16,1,29.167599976062775
transition_warm,0.5,32,0.5,16,1,32.497000007424504
transition_first,0.5,32,0.5,16,2,44.299200002569705
transition_warm,0.5,32,0.5,16,2,32.30780002195388
transition_first,0.5,32,0.5,16,3,32.04559994628653
transition_warm,0.5,32,0.5,16,3,37.31970000080764
transition_first,0.5,32,0.5,16,4,36.02669999236241
transition_warm,0.5,32,0.5,16,4,35.82859999733046
transition_first,0.5,32,0.5,16,5,35.45349999330938
transition_warm,0.5,32,0.5,16,5,45.63449998386204
transition_first,0.5,32,0.5,16,6,38.433399982750416
transition_warm,0.5,32,0.5,16,6,33.45180000178516
transition_first,0.5,32,0.5,16,7,32.00140001717955
transition_warm,0.5,32,0.5,16,7,30.004599946551025
transition_first,0.5,32,0.5,16,8,32.44289994472638
transition_warm,0.5,32,0.5,16,8,26.94140002131462
transition_first,0.5,32,0.5,16,9,32.82939997734502
transition_warm,0.5,32,0.5,16,9,30.87809996213764
transition_first,0.75,8,0.75,16,0,35.13490001205355
transition_warm,0.75,8,0.75,16,0,31.12979995785281
transition_first,0.75,8,0.75,16,1,43.99530001683161
transition_warm,0.75,8,0.75,16,1,32.02690003672615
transition_first,0.75,8,0.75,16,2,31.215100025292486
transition_warm,0.75,8,0.75,16,2,35.904299991670996
transition_first,0.75,8,0.75,16,3,29.67660001013428
transition_warm,0.75,8,0.75,16,3,32.10010001203045
transition_first,0.75,8,0.75,16,4,37.01940004248172
transition_warm,0.75,8,0.75,16,4,33.754699979908764
transition_first,0.75,8,0.75,16,5,36.30219999467954
transition_warm,0.75,8,0.75,16,5,30.812399985734373
transition_first,0.75,8,0.75,16,6,39.29659997811541
transition_warm,0.75,8,0.75,16,6,34.78940000059083
transition_first,0.75,8,0.75,16,7,36.5499000181444
transition_warm,0.75,8,0.75,16,7,30.197499960195273
transition_first,0.75,8,0.75,16,8,38.77370001282543
transition_warm,0.75,8,0.75,16,8,36.535500024911016
transition_first,0.75,8,0.75,16,9,36.674699978902936
transition_warm,0.75,8,0.75,16,9,42.977700009942055
transition_first,0.5,4,0.75,16,0,33.39860000414774
transition_warm,0.5,4,0.75,16,0,34.17440003249794
transition_first,0.5,4,0.75,16,1,44.928699964657426
transition_warm,0.5,4,0.75,16,1,28.139500005636364
transition_first,0.5,4,0.75,16,2,42.59430000092834
transition_warm,0.5,4,0.75,16,2,28.990000020712614
transition_first,0.5,4,0.75,16,3,28.729000012390316
transition_warm,0.5,4,0.75,16,3,28.868300025351346
transition_first,0.5,4,0.75,16,4,29.28550000069663
transition_warm,0.5,4,0.75,16,4,31.596899963915348
transition_first,0.5,4,0.75,16,5,34.471499966457486
transition_warm,0.5,4,0.75,16,5,35.54830001667142
transition_first,0.5,4,0.75,16,6,37.69389999797568
transition_warm,0.5,4,0.75,16,6,33.48020004341379
transition_first,0.5,4,0.75,16,7,38.10390003491193
transition_warm,0.5,4,0.75,16,7,43.98000001674518
transition_first,0.5,4,0.75,16,8,30.058199947234243
transition_warm,0.5,4,0.75,16,8,35.433500015642494
transition_first,0.5,4,0.75,16,9,35.087999945972115
transition_warm,0.5,4,0.75,16,9,33.48609997192398
transition_first,0.25,32,0.5,8,0,29.89460004027933
transition_warm,0.25,32,0.5,8,0,37.29149996070191
transition_first,0.25,32,0.5,8,1,31.11229999922216
transition_warm,0.25,32,0.5,8,1,27.46739995200187
transition_first,0.25,32,0.5,8,2,30.46899999026209
transition_warm,0.25,32,0.5,8,2,35.99599999142811
transition_first,0.25,32,0.5,8,3,28.526099980808794
transition_warm,0.25,32,0.5,8,3,36.470600054599345
transition_first,0.25,32,0.5,8,4,30.011099996045232
transition_warm,0.25,32,0.5,8,4,48.440299986395985
transition_first,0.25,32,0.5,8,5,48.8346999627538
transition_warm,0.25,32,0.5,8,5,35.92569997999817
transition_first,0.25,32,0.5,8,6,35.94049997627735
transition_warm,0.25,32,0.5,8,6,34.01930001564324
transition_first,0.25,32,0.5,8,7,25.210299994796515
transition_warm,0.25,32,0.5,8,7,38.528500008396804
transition_first,0.25,32,0.5,8,8,34.38840003218502
transition_warm,0.25,32,0.5,8,8,26.881299971137196
transition_first,0.25,32,0.5,8,9,30.569099995773286
transition_warm,0.25,32,0.5,8,9,31.622300040908158
transition_first,0.5,16,0.5,4,0,28.947300044819713
transition_warm,0.5,16,0.5,4,0,32.370800036005676
transition_first,0.5,16,0.5,4,1,35.28389998245984
transition_warm,0.5,16,0.5,4,1,28.84240000275895
transition_first,0.5,16,0.5,4,2,42.04749997006729
transition_warm,0.5,16,0.5,4,2,46.53150000376627
transition_first,0.5,16,0.5,4,3,33.35039998637512
transition_warm,0.5,16,0.5,4,3,33.12249999726191
transition_first,0.5,16,0.5,4,4,34.28729996085167
transition_warm,0.5,16,0.5,4,4,35.44129995862022
transition_first,0.5,16,0.5,4,5,31.261600030120462
transition_warm,0.5,16,0.5,4,5,33.220100041944534
transition_first,0.5,16,0.5,4,6,35.867600003257394
transition_warm,0.5,16,0.5,4,6,44.287299970164895
transition_first,0.5,16,0.5,4,7,34.8801999934949
transition_warm,0.5,16,0.5,4,7,28.243100037798285
transition_first,0.5,16,0.5,4,8,37.205300002824515
transition_warm,0.5,16,0.5,4,8,31.704300025012344
transition_first,0.5,16,0.5,4,9,32.97649999149144
transition_warm,0.5,16,0.5,4,9,36.48869995959103
transition_first,1.0,16,0.75,4,0,35.87510000215843
transition_warm,1.0,16,0.75,4,0,48.810900014359504
transition_first,1.0,16,0.75,4,1,30.56380001362413
transition_warm,1.0,16,0.75,4,1,31.158500001765788
transition_first,1.0,16,0.75,4,2,35.05629999563098
transition_warm,1.0,16,0.75,4,2,39.83309998875484
transition_first,1.0,16,0.75,4,3,28.702499985229224
transition_warm,1.0,16,0.75,4,3,28.524800029117614
transition_first,1.0,16,0.75,4,4,27.503699995577335
transition_warm,1.0,16,0.75,4,4,28.92549999523908
transition_first,1.0,16,0.75,4,5,30.850499984808266
transition_warm,1.0,16,0.75,4,5,35.2454999811016
transition_first,1.0,16,0.75,4,6,39.50650000479072
transition_warm,1.0,16,0.75,4,6,32.318899990059435
transition_first,1.0,16,0.75,4,7,32.36429998651147
transition_warm,1.0,16,0.75,4,7,28.773800004273653
transition_first,1.0,16,0.75,4,8,35.488000023178756
transition_warm,1.0,16,0.75,4,8,36.642300023231655
transition_first,1.0,16,0.75,4,9,31.548900005873293
transition_warm,1.0,16,0.75,4,9,40.51630001049489
transition_first,0.5,8,0.25,8,0,28.15470000496134
transition_warm,0.5,8,0.25,8,0,31.944500049576163
transition_first,0.5,8,0.25,8,1,37.19089995138347
transition_warm,0.5,8,0.25,8,1,26.095999986864626
transition_first,0.5,8,0.25,8,2,37.55920002004132
transition_warm,0.5,8,0.25,8,2,52.73469997337088
transition_first,0.5,8,0.25,8,3,41.89360002055764
transition_warm,0.5,8,0.25,8,3,28.615100018214434
transition_first,0.5,8,0.25,8,4,38.36489998502657
transition_warm,0.5,8,0.25,8,4,38.921100029256195
transition_first,0.5,8,0.25,8,5,31.3666999572888
transition_warm,0.5,8,0.25,8,5,42.299100023228675
transition_first,0.5,8,0.25,8,6,32.02149999560788
transition_warm,0.5,8,0.25,8,6,28.186600015033036
transition_first,0.5,8,0.25,8,7,31.65030002128333
transition_warm,0.5,8,0.25,8,7,26.996699976734817
transition_first,0.5,8,0.25,8,8,30.846000008750707
transition_warm,0.5,8,0.25,8,8,38.21219998644665
transition_first,0.5,8,0.25,8,9,36.310399998910725
transition_warm,0.5,8,0.25,8,9,29.911799996625632
transition_first,1.0,8,0.75,16,0,31.19660000083968
transition_warm,1.0,8,0.75,16,0,31.615300045814365
transition_first,1.0,8,0.75,16,1,33.495399984531105
transition_warm,1.0,8,0.75,16,1,34.78839999297634
transition_first,1.0,8,0.75,16,2,34.06650002580136
transition_warm,1.0,8,0.75,16,2,32.76989998994395
transition_first,1.0,8,0.75,16,3,40.99120001774281
transition_warm,1.0,8,0.75,16,3,37.786200002301484
transition_first,1.0,8,0.75,16,4,34.14699999848381
transition_warm,1.0,8,0.75,16,4,29.494599963072687
transition_first,1.0,8,0.75,16,5,31.227400002535433
transition_warm,1.0,8,0.75,16,5,33.482099999673665
transition_first,1.0,8,0.75,16,6,33.51290000136942
transition_warm,1.0,8,0.75,16,6,29.556900030001998
transition_first,1.0,8,0.75,16,7,27.11789996828884
transition_warm,1.0,8,0.75,16,7,32.61589998146519
transition_first,1.0,8,0.75,16,8,31.961900007445365
transition_warm,1.0,8,0.75,16,8,30.72079998673871
transition_first,1.0,8,0.75,16,9,35.093899990897626
transition_warm,1.0,8,0.75,16,9,27.750800014473498
transition_first,1.0,16,0.25,8,0,33.320399990770966
transition_warm,1.0,16,0.25,8,0,36.27069998765364
transition_first,1.0,16,0.25,8,1,37.17500000493601
transition_warm,1.0,16,0.25,8,1,46.46129999309778
transition_first,1.0,16,0.25,8,2,29.282799980137497
transition_warm,1.0,16,0.25,8,2,25.93669999623671
transition_first,1.0,16,0.25,8,3,34.48289999505505
transition_warm,1.0,16,0.25,8,3,35.71460000239313
transition_first,1.0,16,0.25,8,4,29.692600015550852
transition_warm,1.0,16,0.25,8,4,27.79649995500222
transition_first,1.0,16,0.25,8,5,38.686999992933124
transition_warm,1.0,16,0.25,8,5,37.98709996044636
transition_first,1.0,16,0.25,8,6,28.437000000849366
transition_warm,1.0,16,0.25,8,6,26.37849998427555
transition_first,1.0,16,0.25,8,7,29.2024000082165
transition_warm,1.0,16,0.25,8,7,31.260599964298308
transition_first,1.0,16,0.25,8,8,33.39290001895279
transition_warm,1.0,16,0.25,8,8,30.62019997742027
transition_first,1.0,16,0.25,8,9,29.46480002719909
transition_warm,1.0,16,0.25,8,9,35.61660001287237
transition_first,1.0,8,1.0,32,0,12.021099973935634
transition_warm,1.0,8,1.0,32,0,10.346500028390437
transition_first,1.0,8,1.0,32,1,11.336700001265854
transition_warm,1.0,8,1.0,32,1,9.995699976570904
transition_first,1.0,8,1.0,32,2,9.552899980917573
transition_warm,1.0,8,1.0,32,2,9.60069999564439
transition_first,1.0,8,1.0,32,3,14.391999982763082
transition_warm,1.0,8,1.0,32,3,11.726400000043213
transition_first,1.0,8,1.0,32,4,13.479300017934293
transition_warm,1.0,8,1.0,32,4,12.222900055348873
transition_first,1.0,8,1.0,32,5,12.477200012654066
transition_warm,1.0,8,1.0,32,5,11.845599976368248
transition_first,1.0,8,1.0,32,6,11.309000023175031
transition_warm,1.0,8,1.0,32,6,9.234099998138845
transition_first,1.0,8,1.0,32,7,10.96369995502755
transition_warm,1.0,8,1.0,32,7,11.495599988847971
transition_first,1.0,8,1.0,32,8,9.85539995599538
transition_warm,1.0,8,1.0,32,8,10.601800051517785
transition_first,1.0,8,1.0,32,9,12.021399976219982
transition_warm,1.0,8,1.0,32,9,12.28679995983839
transition_first,0.25,4,0.25,32,0,12.370300013571978
transition_warm,0.25,4,0.25,32,0,12.211900029797107
transition_first,0.25,4,0.25,32,1,12.057200015988201
transition_warm,0.25,4,0.25,32,1,12.90480000898242
transition_first,0.25,4,0.25,32,2,12.93010002700612
transition_warm,0.25,4,0.25,32,2,10.41420002002269
transition_first,0.25,4,0.25,32,3,13.853899959940463
transition_warm,0.25,4,0.25,32,3,18.562200013548136
transition_first,0.25,4,0.25,32,4,16.711400006897748
transition_warm,0.25,4,0.25,32,4,14.043100003618747
transition_first,0.25,4,0.25,32,5,9.96679998934269
transition_warm,0.25,4,0.25,32,5,9.268300025723875
transition_first,0.25,4,0.25,32,6,12.685400026384741
transition_warm,0.25,4,0.25,32,6,13.091800035908818
transition_first,0.25,4,0.25,32,7,10.35510003566742
transition_warm,0.25,4,0.25,32,7,13.013299962040037
transition_first,0.25,4,0.25,32,8,11.18030003271997
transition_warm,0.25,4,0.25,32,8,8.975400007329881
transition_first,0.25,4,0.25,32,9,11.918200005311519
transition_warm,0.25,4,0.25,32,9,12.659500003792346
transition_first,1.0,4,0.5,32,0,9.734500024933368
transition_warm,1.0,4,0.5,32,0,11.131800012663007
transition_first,1.0,4,0.5,32,1,12.902399990707636
transition_warm,1.0,4,0.5,32,1,13.015000033192337
transition_first,1.0,4,0.5,32,2,13.257900020107627
transition_warm,1.0,4,0.5,32,2,12.8885000012815
transition_first,1.0,4,0.5,32,3,11.76819996908307
transition_warm,1.0,4,0.5,32,3,11.333800037391484
transition_first,1.0,4,0.5,32,4,12.197200034279376
transition_warm,1.0,4,0.5,32,4,10.504699952434748
transition_first,1.0,4,0.5,32,5,9.556799952406436
transition_warm,1.0,4,0.5,32,5,12.479200027883053
transition_first,1.0,4,0.5,32,6,12.151899980381131
transition_warm,1.0,4,0.5,32,6,13.053299975581467
transition_first,1.0,4,0.5,32,7,18.803599989041686
transition_warm,1.0,4,0.5,32,7,12.938900035806
transition_first,1.0,4,0.5,32,8,11.976599984336644
transition_warm,1.0,4,0.5,32,8,13.133999949786812
transition_first,1.0,4,0.5,32,9,11.013799987267703
transition_warm,1.0,4,0.5,32,9,10.655999998562038
transition_first,0.5,32,0.25,8,0,42.666600027587265
transition_warm,0.5,32,0.25,8,0,47.83809999935329
transition_first,0.5,32,0.25,8,1,29.491699999198318
transition_warm,0.5,32,0.25,8,1,31.3492999994196
transition_first,0.5,32,0.25,8,2,34.53740000259131
transition_warm,0.5,32,0.25,8,2,32.250699994619936
transition_first,0.5,32,0.25,8,3,33.1725999712944
transition_warm,0.5,32,0.25,8,3,27.62589999474585
transition_first,0.5,32,0.25,8,4,30.258500017225742
transition_warm,0.5,32,0.25,8,4,26.029400003608316
transition_first,0.5,32,0.25,8,5,37.06669999519363
transition_warm,0.5,32,0.25,8,5,31.031500024255365
transition_first,0.5,32,0.25,8,6,42.02749999240041
transition_warm,0.5,32,0.25,8,6,29.8173000337556
transition_first,0.5,32,0.25,8,7,30.775299994274974
transition_warm,0.5,32,0.25,8,7,39.07629998866469
transition_first,0.5,32,0.25,8,8,35.89310002280399
transition_warm,0.5,32,0.25,8,8,36.891299998387694
transition_first,0.5,32,0.25,8,9,32.412400003522635
transition_warm,0.5,32,0.25,8,9,30.473100021481514
