record_type,from_width_mult,from_bit_width,width_mult,bit_width,sample_index,latency_ms
warm,,,0.25,4,0,28.906699968501925
warm,,,0.25,4,1,29.181999969296157
warm,,,0.25,4,2,32.08279999671504
warm,,,0.25,4,3,32.89269999368116
warm,,,0.25,4,4,27.469899971038103
warm,,,0.25,4,5,25.39490000344813
warm,,,0.25,4,6,31.12679999321699
warm,,,0.25,4,7,27.031400008127093
warm,,,0.25,4,8,29.732300026807934
warm,,,0.25,4,9,28.83810002822429
warm,,,0.25,4,10,25.98149998812005
warm,,,0.25,4,11,34.44930003024638
warm,,,0.25,4,12,31.540700001642108
warm,,,0.25,4,13,37.66989998985082
warm,,,0.25,4,14,25.33560001756996
warm,,,0.25,4,15,23.928799957502633
warm,,,0.25,4,16,25.777600007131696
warm,,,0.25,4,17,31.605999974999577
warm,,,0.25,4,18,26.13270003348589
warm,,,0.25,4,19,25.36639996105805
warm,,,0.25,4,20,24.253400042653084
warm,,,0.25,4,21,41.544899984728545
warm,,,0.25,4,22,25.282900023739785
warm,,,0.25,4,23,25.8896000450477
warm,,,0.25,4,24,26.18310000980273
warm,,,0.25,4,25,30.93730000546202
warm,,,0.25,4,26,25.884199945721775
warm,,,0.25,4,27,24.79150000726804
warm,,,0.25,4,28,41.417400003410876
warm,,,0.25,4,29,30.834800039883703
warm,,,0.25,4,30,24.337199982255697
warm,,,0.25,4,31,30.82350001204759
warm,,,0.25,4,32,26.382399955764413
warm,,,0.25,4,33,26.2613000231795
warm,,,0.25,4,34,25.24659998016432
warm,,,0.25,4,35,27.088999981060624
warm,,,0.25,4,36,25.001299974974245
warm,,,0.25,4,37,25.840000016614795
warm,,,0.25,4,38,25.546799995936453
warm,,,0.25,4,39,25.08919994579628
warm,,,0.25,4,40,28.831299976445735
warm,,,0.25,4,41,37.24600002169609
warm,,,0.25,4,42,30.641399964224547
warm,,,0.25,4,43,30.404199962504208
warm,,,0.25,4,44,34.25209998385981
warm,,,0.25,4,45,29.47800001129508
warm,,,0.25,4,46,30.665900034364313
warm,,,0.25,4,47,30.13430000282824
warm,,,0.25,4,48,38.25469996081665
warm,,,0.25,4,49,39.14379997877404
warm,,,0.25,4,50,44.83160004019737
warm,,,0.25,4,51,30.770700017455965
warm,,,0.25,4,52,26.170200027991086
warm,,,0.25,4,53,31.050299992784858
warm,,,0.25,4,54,30.42939997976646
warm,,,0.25,4,55,27.011899976059794
warm,,,0.25,4,56,39.59459997713566
warm,,,0.25,4,57,30.71800002362579
warm,,,0.25,4,58,29.903599992394447
warm,,,0.25,4,59,28.841199993621558
warm,,,0.25,4,60,34.12179998122156
warm,,,0.25,4,61,30.141199997160584
warm,,,0.25,4,62,32.831499993335456
warm,,,0.25,4,63,30.231700045987964
warm,,,0.25,4,64,29.082200024276972
warm,,,0.25,4,65,28.437200002372265
warm,,,0.25,4,66,27.849200007040054
warm,,,0.25,4,67,27.026300027500838
warm,,,0.25,4,68,26.303799997549504
warm,,,0.25,4,69,25.26450000004843
warm,,,0.25,4,70,24.368999991565943
warm,,,0.25,4,71,25.05530003691092
warm,,,0.25,4,72,26.597399963065982
warm,,,0.25,4,73,27.1919000078924
warm,,,0.25,4,74,25.012800004333258
warm,,,0.25,4,75,31.112700002267957
warm,,,0.25,4,76,29.802900040522218
warm,,,0.25,4,77,30.359799973666668
warm,,,0.25,4,78,31.498400028795004
warm,,,0.25,4,79,28.710199985653162
warm,,,0.25,4,80,26.111499988473952
warm,,,0.25,4,81,25.539599999319762
warm,,,0.25,4,82,24.62880004895851
warm,,,0.25,4,83,26.410099992062896
warm,,,0.25,4,84,34.15199997834861
warm,,,0.25,4,85,24.985999974887818
warm,,,0.25,4,86,25.754400005098432
warm,,,0.25,4,87,24.070999992545694
warm,,,0.25,4,88,26.340499985963106
warm,,,0.25,4,89,35.659899993333966
warm,,,0.25,4,90,27.105600049253553
warm,,,0.25,4,91,27.02439995482564
warm,,,0.25,4,92,26.043199992273003
warm,,,0.25,4,93,25.027900002896786
warm,,,0.25,4,94,27.58589998120442
warm,,,0.25,4,95,25.73669998673722
warm,,,0.25,4,96,41.86320002190769
warm,,,0.25,4,97,25.678699952550232
warm,,,0.25,4,98,25.902500026859343
warm,,,0.25,4,99,25.414299976546317
warm,,,0.25,4,100,24.322599987499416
warm,,,0.25,4,101,29.335400031413883
warm,,,0.25,4,102,40.74279998894781
warm,,,0.25,4,103,26.17850003298372
warm,,,0.25,4,104,26.37989999493584
warm,,,0.25,4,105,25.924700021278113
warm,,,0.25,4,106,25.57970001362264
warm,,,0.25,4,107,25.15890001086518
warm,,,0.25,4,108,25.35479998914525
warm,,,0.25,4,109,25.20619996357709
warm,,,0.25,4,110,25.644700042903423
warm,,,0.25,4,111,26.42010001000017
warm,,,0.25,4,112,25.36379999946803
warm,,,0.25,4,113,26.580599951557815
warm,,,0.25,4,114,25.587900017853826
warm,,,0.25,4,115,24.472300021443516
warm,,,0.25,4,116,24.83319997554645
warm,,,0.25,4,117,29.350300028454512
warm,,,0.25,4,118,28.875499963760376
warm,,,0.25,4,119,25.978200021199882
warm,,,0.25,4,120,25.722899998072535
warm,,,0.25,4,121,25.55009996285662
warm,,,0.25,4,122,25.235700013581663
warm,,,0.25,4,123,25.81249998183921
warm,,,0.25,4,124,25.16329998616129
warm,,,0.25,4,125,24.37270001973957
warm,,,0.25,4,126,25.027700001373887
warm,,,0.25,4,127,25.152100017294288
warm,,,0.25,4,128,35.39109998382628
warm,,,0.25,4,129,46.55679996358231
warm,,,0.25,4,130,25.751199980732054
warm,,,0.25,4,131,25.587800017092377
warm,,,0.25,4,132,25.7461000001058
warm,,,0.25,4,133,25.76779999071732
warm,,,0.25,4,134,40.85539997322485
warm,,,0.25,4,135,31.591399980243295
warm,,,0.25,4,136,25.015000021085143
warm,,,0.25,4,137,26.656200003344566
warm,,,0.25,4,138,25.761199998669326
warm,,,0.25,4,139,26.383300020825118
warm,,,0.25,4,140,26.060899952426553
warm,,,0.25,4,141,28.697800007648766
warm,,,0.25,4,142,25.45860002283007
warm,,,0.25,4,143,25.934399978723377
warm,,,0.25,4,144,25.92350001214072
warm,,,0.25,4,145,24.020200013183057
warm,,,0.25,4,146,25.613500038161874
warm,,,0.25,4,147,25.28790000360459
warm,,,0.25,4,148,25.884100003167987
warm,,,0.25,4,149,24.42249999148771
warm,,,0.25,4,150,25.953900010790676
warm,,,0.25,4,151,25.733399961609393
warm,,,0.25,4,152,24.961700022686273
warm,,,0.25,4,153,24.60340003017336
warm,,,0.25,4,154,24.78879998670891
warm,,,0.25,4,155,30.800800013821572
warm,,,0.25,4,156,38.488199992571026
warm,,,0.25,4,157,29.23960000043735
warm,,,0.25,4,158,27.193100017029792
warm,,,0.25,4,159,26.780800020787865
warm,,,0.25,4,160,35.838000010699034
warm,,,0.25,4,161,30.15669999876991
warm,,,0.25,4,162,27.919100015424192
warm,,,0.25,4,163,24.4376000482589
warm,,,0.25,4,164,25.09680000366643
warm,,,0.25,4,165,24.891599954571575
warm,,,0.25,4,166,32.62670000549406
warm,,,0.25,4,167,25.390899972990155
warm,,,0.25,4,168,27.93400001246482
warm,,,0.25,4,169,46.868500008713454
warm,,,0.25,4,170,31.293399981223047
warm,,,0.25,4,171,27.0868000225164
warm,,,0.25,4,172,24.833599978592247
warm,,,0.25,4,173,28.325100021902472
warm,,,0.25,4,174,36.38939996017143
warm,,,0.25,4,175,26.131800026632845
warm,,,0.25,4,176,25.635599973611534
warm,,,0.25,4,177,27.9430000227876
warm,,,0.25,4,178,24.980600050184876
warm,,,0.25,4,179,26.121200004126877
warm,,,0.25,4,180,25.47769999364391
warm,,,0.25,4,181,25.84509999724105
warm,,,0.25,4,182,24.907600018195808
warm,,,0.25,4,183,26.223399967420846
warm,,,0.25,4,184,25.727100030053407
warm,,,0.25,4,185,28.152400045655668
warm,,,0.25,4,186,26.121700007934123
warm,,,0.25,4,187,32.785699993837625
warm,,,0.25,4,188,30.41720000328496
warm,,,0.25,4,189,24.50729999691248
warm,,,0.25,4,190,25.154899980407208
warm,,,0.25,4,191,24.647200014442205
warm,,,0.25,4,192,24.937900016084313
warm,,,0.25,4,193,25.36929998314008
warm,,,0.25,4,194,25.087099988013506
warm,,,0.25,4,195,25.639800005592406
warm,,,0.25,4,196,25.717299955431372
warm,,,0.25,4,197,28.502199973445386
warm,,,0.25,4,198,25.14149999478832
warm,,,0.25,4,199,25.77860001474619
warm,,,0.25,8,0,26.728600030764937
warm,,,0.25,8,1,25.635300029534847
warm,,,0.25,8,2,25.093299977015704
warm,,,0.25,8,3,25.549100013449788
warm,,,0.25,8,4,25.602599955163896
warm,,,0.25,8,5,27.22579997498542
warm,,,0.25,8,6,27.12049998808652
warm,,,0.25,8,7,24.32179998140782
warm,,,0.25,8,8,24.90419999230653
warm,,,0.25,8,9,24.815799959469587
warm,,,0.25,8,10,30.69899999536574
warm,,,0.25,8,11,26.275799958966672
warm,,,0.25,8,12,24.04350001597777
warm,,,0.25,8,13,24.824599968269467
warm,,,0.25,8,14,25.87160002440214
warm,,,0.25,8,15,26.615799986757338
warm,,,0.25,8,16,26.236800011247396
warm,,,0.25,8,17,25.590599980205297
warm,,,0.25,8,18,25.318100000731647
warm,,,0.25,8,19,26.647499995306134
warm,,,0.25,8,20,26.706500037107617
warm,,,0.25,8,21,30.36380000412464
warm,,,0.25,8,22,44.49110000859946
warm,,,0.25,8,23,27.063300018198788
warm,,,0.25,8,24,24.38880002591759
warm,,,0.25,8,25,34.27279996685684
warm,,,0.25,8,26,26.327700004912913
warm,,,0.25,8,27,26.370199979282916
warm,,,0.25,8,28,25.95340000698343
warm,,,0.25,8,29,25.48820001538843
warm,,,0.25,8,30,25.08950000628829
warm,,,0.25,8,31,26.195399987045676
warm,,,0.25,8,32,25.70150000974536
warm,,,0.25,8,33,29.324600007385015
warm,,,0.25,8,34,41.77430004347116
warm,,,0.25,8,35,25.674399978015572
warm,,,0.25,8,36,25.629900046624243
warm,,,0.25,8,37,25.136500014923513
warm,,,0.25,8,38,25.906199996825308
warm,,,0.25,8,39,25.37359995767474
warm,,,0.25,8,40,26.781200023833662
warm,,,0.25,8,41,24.44050001213327
warm,,,0.25,8,42,25.687700021080673
warm,,,0.25,8,43,25.334199948702008
warm,,,0.25,8,44,25.075200013816357
warm,,,0.25,8,45,24.229199974797666
warm,,,0.25,8,46,25.867000047583133
warm,,,0.25,8,47,25.71190003072843
warm,,,0.25,8,48,30.536499980371445
warm,,,0.25,8,49,32.83869998995215
warm,,,0.25,8,50,56.22379999840632
warm,,,0.25,8,51,58.64910001400858
warm,,,0.25,8,52,41.488399961963296
warm,,,0.25,8,53,25.247299985494465
warm,,,0.25,8,54,25.75950004393235
warm,,,0.25,8,55,26.127800054382533
warm,,,0.25,8,56,25.23620001738891
warm,,,0.25,8,57,24.18710000347346
warm,,,0.25,8,58,27.094800025224686
warm,,,0.25,8,59,26.12829999998212
warm,,,0.25,8,60,25.00490000238642
warm,,,0.25,8,61,26.44970000255853
warm,,,0.25,8,62,24.629299994558096
warm,,,0.25,8,63,24.75779998349026
warm,,,0.25,8,64,25.29259998118505
warm,,,0.25,8,65,24.211400013882667
warm,,,0.25,8,66,25.589199969545007
warm,,,0.25,8,67,25.53380001336336
warm,,,0.25,8,68,30.573399970307946
warm,,,0.25,8,69,25.625999958720058
warm,,,0.25,8,70,24.589500040747225
warm,,,0.25,8,71,34.98609998496249
warm,,,0.25,8,72,24.86730000237003
warm,,,0.25,8,73,25.85559996077791
warm,,,0.25,8,74,25.833000021521002
warm,,,0.25,8,75,26.005699997767806
warm,,,0.25,8,76,24.487400020007044
warm,,,0.25,8,77,25.624900008551776
warm,,,0.25,8,78,25.039600033778697
warm,,,0.25,8,79,25.00080002937466
warm,,,0.25,8,80,24.50709999538958
warm,,,0.25,8,81,24.61240004049614
warm,,,0.25,8,82,26.0433999937959
warm,,,0.25,8,83,25.414700037799776
warm,,,0.25,8,84,24.622099997941405
warm,,,0.25,8,85,30.909700028132647
warm,,,0.25,8,86,36.0964999999851
warm,,,0.25,8,87,30.29320004861802
warm,,,0.25,8,88,32.905800035223365
warm,,,0.25,8,89,26.835199969355017
warm,,,0.25,8,90,30.572100018616766
warm,,,0.25,8,91,25.232399988453835
warm,,,0.25,8,92,24.162499990779907
warm,,,0.25,8,93,24.79629998560995
warm,,,0.25,8,94,25.473700021393597
warm,,,0.25,8,95,25.681499973870814
warm,,,0.25,8,96,25.669199996627867
warm,,,0.25,8,97,25.076800025999546
warm,,,0.25,8,98,25.023299967870116
warm,,,0.25,8,99,27.540799987036735
warm,,,0.25,8,100,32.38480002619326
warm,,,0.25,8,101,34.17060000356287
warm,,,0.25,8,102,29.757199983578175
warm,,,0.25,8,103,25.614999991375953
warm,,,0.25,8,104,25.586200004909188
warm,,,0.25,8,105,25.30280000064522
warm,,,0.25,8,106,27.01990003697574
warm,,,0.25,8,107,30.63969995127991
warm,,,0.25,8,108,29.901500034611672
warm,,,0.25,8,109,24.33669997844845
warm,,,0.25,8,110,25.385399989318103
warm,,,0.25,8,111,25.34440002636984
warm,,,0.25,8,112,25.275399966631085
warm,,,0.25,8,113,24.763999972492456
warm,,,0.25,8,114,25.710999965667725
warm,,,0.25,8,115,25.69420001236722
warm,,,0.25,8,116,25.17809998244047
warm,,,0.25,8,117,25.062299973797053
warm,,,0.25,8,118,25.406799977645278
warm,,,0.25,8,119,25.13720002025366
warm,,,0.25,8,120,26.22910001082346
warm,,,0.25,8,121,25.289899960625917
warm,,,0.25,8,122,25.093000032939017
warm,,,0.25,8,123,26.04969998355955
warm,,,0.25,8,124,25.23460000520572
warm,,,0.25,8,125,25.196500006131828
warm,,,0.25,8,126,24.43170000333339
warm,,,0.25,8,127,30.59690003283322
warm,,,0.25,8,128,26.56239998759702
warm,,,0.25,8,129,25.84960003150627
warm,,,0.25,8,130,25.9385000099428
warm,,,0.25,8,131,25.657700025476515
warm,,,0.25,8,132,29.182099970057607
warm,,,0.25,8,133,26.56960004242137
warm,,,0.25,8,134,26.690199971199036
warm,,,0.25,8,135,31.761599995661527
warm,,,0.25,8,136,30.143900017719716
warm,,,0.25,8,137,25.666499976068735
warm,,,0.25,8,138,31.12679999321699
warm,,,0.25,8,139,30.338199983816594
warm,,,0.25,8,140,34.1601999825798
warm,,,0.25,8,141,32.38200000487268
warm,,,0.25,8,142,27.15649997116998
warm,,,0.25,8,143,27.684599976055324
warm,,,0.25,8,144,29.56689998973161
warm,,,0.25,8,145,41.67130001587793
warm,,,0.25,8,146,28.20540004177019
warm,,,0.25,8,147,51.390299980994314
warm,,,0.25,8,148,26.345300022512674
warm,,,0.25,8,149,27.166400046553463
warm,,,0.25,8,150,27.19340001931414
warm,,,0.25,8,151,25.807700003497303
warm,,,0.25,8,152,26.07739996165037
warm,,,0.25,8,153,25.88339999783784
warm,,,0.25,8,154,41.69660003390163
warm,,,0.25,8,155,30.018000048585236
warm,,,0.25,8,156,29.732500028330833
warm,,,0.25,8,157,26.73689997754991
warm,,,0.25,8,158,26.13860002020374
warm,,,0.25,8,159,26.023700018413365
warm,,,0.25,8,160,26.072499982547015
warm,,,0.25,8,161,28.730699967127293
warm,,,0.25,8,162,27.17120002489537
warm,,,0.25,8,163,27.874299965333194
warm,,,0.25,8,164,25.984000007156283
warm,,,0.25,8,165,25.4599999752827
warm,,,0.25,8,166,29.05419998569414
warm,,,0.25,8,167,41.860700002871454
warm,,,0.25,8,168,25.999799952842295
warm,,,0.25,8,169,26.08219999819994
warm,,,0.25,8,170,25.346699985675514
warm,,,0.25,8,171,26.384200027678162
warm,,,0.25,8,172,26.187900046352297
warm,,,0.25,8,173,24.95019999332726
warm,,,0.25,8,174,25.473600020632148
warm,,,0.25,8,175,26.291400019545108
warm,,,0.25,8,176,40.39590002503246
warm,,,0.25,8,177,30.490900040604174
warm,,,0.25,8,178,32.4104999890551
warm,,,0.25,8,179,34.449499973561615
warm,,,0.25,8,180,29.15050002047792
warm,,,0.25,8,181,25.759999989531934
warm,,,0.25,8,182,24.30739998817444
warm,,,0.25,8,183,29.864199983421713
warm,,,0.25,8,184,31.882999988738447
warm,,,0.25,8,185,31.026900047436357
warm,,,0.25,8,186,25.736000039614737
warm,,,0.25,8,187,26.018899981863797
warm,,,0.25,8,188,25.082500011194497
warm,,,0.25,8,189,25.979499972891062
warm,,,0.25,8,190,34.93659995729104
warm,,,0.25,8,191,26.625200000125915
warm,,,0.25,8,192,26.149999990593642
warm,,,0.25,8,193,25.93390003312379
warm,,,0.25,8,194,24.282900034449995
warm,,,0.25,8,195,26.589700020849705
warm,,,0.25,8,196,41.29709996050224
warm,,,0.25,8,197,30.407399986870587
warm,,,0.25,8,198,25.267799966968596
warm,,,0.25,8,199,24.91600002394989
warm,,,0.25,16,0,24.076799978502095
warm,,,0.25,16,1,30.946000013500452
warm,,,0.25,16,2,31.344300019554794
warm,,,0.25,16,3,25.030000018887222
warm,,,0.25,16,4,25.39319999050349
warm,,,0.25,16,5,25.3606999758631
warm,,,0.25,16,6,24.77560000261292
warm,,,0.25,16,7,24.98739998554811
warm,,,0.25,16,8,25.109299982432276
warm,,,0.25,16,9,26.214800018351525
warm,,,0.25,16,10,25.5841999896802
warm,,,0.25,16,11,25.346799986436963
warm,,,0.25,16,12,26.730399986263365
warm,,,0.25,16,13,24.899600015487522
warm,,,0.25,16,14,24.506199988536537
warm,,,0.25,16,15,24.807100009638816
warm,,,0.25,16,16,25.32940002856776
warm,,,0.25,16,17,24.502400017809123
warm,,,0.25,16,18,27.086899965070188
warm,,,0.25,16,19,25.34860000014305
warm,,,0.25,16,20,25.373700016643852
warm,,,0.25,16,21,33.4537000162527
warm,,,0.25,16,22,25.743199978023767
warm,,,0.25,16,23,24.662099953275174
warm,,,0.25,16,24,26.22709999559447
warm,,,0.25,16,25,28.42909999890253
warm,,,0.25,16,26,25.292799982707947
warm,,,0.25,16,27,25.771500018890947
warm,,,0.25,16,28,26.626300008501858
warm,,,0.25,16,29,26.175000006332994
warm,,,0.25,16,30,25.673000025562942
warm,,,0.25,16,31,25.447199994232506
warm,,,0.25,16,32,24.99190001981333
warm,,,0.25,16,33,39.893200038932264
warm,,,0.25,16,34,24.31180002167821
warm,,,0.25,16,35,29.218100011348724
warm,,,0.25,16,36,27.303299983032048
warm,,,0.25,16,37,34.64169998187572
warm,,,0.25,16,38,39.50310003710911
warm,,,0.25,16,39,43.61440002685413
warm,,,0.25,16,40,26.038400013931096
warm,,,0.25,16,41,32.49339998001233
warm,,,0.25,16,42,25.920999993104488
warm,,,0.25,16,43,38.45960000762716
warm,,,0.25,16,44,27.974799973890185
warm,,,0.25,16,45,25.375699973665178
warm,,,0.25,16,46,26.414600026328117
warm,,,0.25,16,47,24.27900000475347
warm,,,0.25,16,48,25.352900032885373
warm,,,0.25,16,49,37.63989999424666
warm,,,0.25,16,50,25.94459999818355
warm,,,0.25,16,51,25.16660001128912
warm,,,0.25,16,52,25.079899991396815
warm,,,0.25,16,53,24.921000003814697
warm,,,0.25,16,54,26.24949999153614
warm,,,0.25,16,55,26.051499997265637
warm,,,0.25,16,56,26.11789997899905
warm,,,0.25,16,57,25.065499998163432
warm,,,0.25,16,58,35.62680003233254
warm,,,0.25,16,59,24.727999989409
warm,,,0.25,16,60,47.56529995938763
warm,,,0.25,16,61,36.06989997206256
warm,,,0.25,16,62,24.88199999788776
warm,,,0.25,16,63,34.95260002091527
warm,,,0.25,16,64,24.342000018805265
warm,,,0.25,16,65,24.961200018879026
warm,,,0.25,16,66,31.828199978917837
warm,,,0.25,16,67,41.64149996358901
warm,,,0.25,16,68,29.370300006121397
warm,,,0.25,16,69,25.211900006979704
warm,,,0.25,16,70,25.91360005317256
warm,,,0.25,16,71,24.540200014598668
warm,,,0.25,16,72,24.862299964297563
warm,,,0.25,16,73,25.813600048422813
warm,,,0.25,16,74,25.515100045595318
warm,,,0.25,16,75,36.027499998454005
warm,,,0.25,16,76,25.007700023707002
warm,,,0.25,16,77,25.369199982378632
warm,,,0.25,16,78,26.44390001660213
warm,,,0.25,16,79,25.697299977764487
warm,,,0.25,16,80,25.668399990536273
warm,,,0.25,16,81,24.908500025048852
warm,,,0.25,16,82,24.939300026744604
warm,,,0.25,16,83,25.18119994783774
warm,,,0.25,16,84,26.127799996174872
warm,,,0.25,16,85,26.385300036054105
warm,,,0.25,16,86,24.872100038919598
warm,,,0.25,16,87,30.545699992217124
warm,,,0.25,16,88,28.214899997692555
warm,,,0.25,16,89,40.8686000155285
warm,,,0.25,16,90,28.24529999634251
warm,,,0.25,16,91,24.896000046283007
warm,,,0.25,16,92,24.66549997916445
warm,,,0.25,16,93,24.39190004952252
warm,,,0.25,16,94,24.72639997722581
warm,,,0.25,16,95,24.96509999036789
warm,,,0.25,16,96,25.029700016602874
warm,,,0.25,16,97,33.82640000199899
warm,,,0.25,16,98,37.52479999093339
warm,,,0.25,16,99,26.358199946116656
warm,,,0.25,16,100,25.340299995150417
warm,,,0.25,16,101,37.74440003326163
warm,,,0.25,16,102,26.09260001918301
warm,,,0.25,16,103,24.91019997978583
warm,,,0.25,16,104,27.647499984595925
warm,,,0.25,16,105,26.506500027608126
warm,,,0.25,16,106,24.66739999363199
warm,,,0.25,16,107,24.705000047106296
warm,,,0.25,16,108,30.100700038019568
warm,,,0.25,16,109,25.503900018520653
warm,,,0.25,16,110,24.50419997330755
warm,,,0.25,16,111,25.363099994137883
warm,,,0.25,16,112,24.960100010503083
warm,,,0.25,16,113,26.320200006011873
warm,,,0.25,16,114,25.811599974986166
warm,,,0.25,16,115,26.415300031658262
warm,,,0.25,16,116,44.01219997089356
warm,,,0.25,16,117,28.83769996697083
warm,,,0.25,16,118,25.687100016511977
warm,,,0.25,16,119,25.649000017438084
warm,,,0.25,16,120,25.087700050789863
warm,,,0.25,16,121,27.118699974380434
warm,,,0.25,16,122,34.43360002711415
warm,,,0.25,16,123,26.00790001451969
warm,,,0.25,16,124,27.035999984946102
warm,,,0.25,16,125,25.650099967606366
warm,,,0.25,16,126,25.511400017421693
warm,,,0.25,16,127,24.826299981214106
warm,,,0.25,16,128,25.341000000480562
warm,,,0.25,16,129,25.65830003004521
warm,,,0.25,16,130,26.04369999608025
warm,,,0.25,16,131,25.339700048789382
warm,,,0.25,16,132,24.155299994163215
warm,,,0.25,16,133,25.442599959205836
warm,,,0.25,16,134,25.45989997452125
warm,,,0.25,16,135,42.70430002361536
warm,,,0.25,16,136,26.03350003482774
warm,,,0.25,16,137,26.22160001192242
warm,,,0.25,16,138,24.405799980740994
warm,,,0.25,16,139,40.02869996475056
warm,,,0.25,16,140,27.336800005286932
warm,,,0.25,16,141,25.35619999980554
warm,,,0.25,16,142,26.367500016931444
warm,,,0.25,16,143,25.1869999920018
warm,,,0.25,16,144,28.05549994809553
warm,,,0.25,16,145,27.135099982842803
warm,,,0.25,16,146,82.71399996010587
warm,,,0.25,16,147,42.774799978360534
warm,,,0.25,16,148,27.022399997804314
warm,,,0.25,16,149,25.81990003818646
warm,,,0.25,16,150,26.778900006320328
warm,,,0.25,16,151,28.620600001886487
warm,,,0.25,16,152,33.67809997871518
warm,,,0.25,16,153,36.6368000395596
warm,,,0.25,16,154,33.31740002613515
warm,,,0.25,16,155,28.795499994885176
warm,,,0.25,16,156,29.684999957680702
warm,,,0.25,16,157,29.297799977939576
warm,,,0.25,16,158,32.49499999219552
warm,,,0.25,16,159,25.66559996921569
warm,,,0.25,16,160,25.0019000377506
warm,,,0.25,16,161,24.694699968677014
warm,,,0.25,16,162,36.44459997303784
warm,,,0.25,16,163,46.83340003248304
warm,,,0.25,16,164,53.186100034508854
warm,,,0.25,16,165,37.89979999419302
warm,,,0.25,16,166,26.15470002638176
warm,,,0.25,16,167,26.308000029530376
warm,,,0.25,16,168,35.42649996234104
warm,,,0.25,16,169,38.88759994879365
warm,,,0.25,16,170,26.168500015046448
warm,,,0.25,16,171,26.50589996483177
warm,,,0.25,16,172,25.37549997214228
warm,,,0.25,16,173,25.177899980917573
warm,,,0.25,16,174,31.406200025230646
warm,,,0.25,16,175,24.918099981732666
warm,,,0.25,16,176,25.153800030238926
warm,,,0.25,16,177,25.594200007617474
warm,,,0.25,16,178,26.62750001763925
warm,,,0.25,16,179,25.0627999776043
warm,,,0.25,16,180,25.015800027176738
warm,,,0.25,16,181,25.817699963226914
warm,,,0.25,16,182,25.609000003896654
warm,,,0.25,16,183,25.11759998742491
warm,,,0.25,16,184,26.405699958559126
warm,,,0.25,16,185,26.081299991346896
warm,,,0.25,16,186,25.2862999914214
warm,,,0.25,16,187,27.83769997768104
warm,,,0.25,16,188,34.59080000175163
warm,,,0.25,16,189,32.62310003628954
warm,,,0.25,16,190,34.9108999944292
warm,,,0.25,16,191,41.95440001785755
warm,,,0.25,16,192,28.137499990407377
warm,,,0.25,16,193,31.66340000461787
warm,,,0.25,16,194,24.544999992940575
warm,,,0.25,16,195,27.108000009320676
warm,,,0.25,16,196,25.869899953249842
warm,,,0.25,16,197,25.876600004266948
warm,,,0.25,16,198,25.9383000084199
warm,,,0.25,16,199,24.970500031486154
warm,,,0.25,32,0,8.893299964256585
warm,,,0.25,32,1,11.829499970190227
warm,,,0.25,32,2,11.569100024644285
warm,,,0.25,32,3,9.100799972657114
warm,,,0.25,32,4,9.869200002867728
warm,,,0.25,32,5,9.019399993121624
warm,,,0.25,32,6,8.94289999268949
warm,,,0.25,32,7,8.837600005790591
warm,,,0.25,32,8,9.40369995078072
warm,,,0.25,32,9,8.977900026366115
warm,,,0.25,32,10,8.707100001629442
warm,,,0.25,32,11,12.493500020354986
warm,,,0.25,32,12,10.9830999863334
warm,,,0.25,32,13,8.949500042945147
warm,,,0.25,32,14,9.078200033400208
warm,,,0.25,32,15,9.485599992331117
warm,,,0.25,32,16,8.909200027119368
warm,,,0.25,32,17,9.589300025254488
warm,,,0.25,32,18,11.670200037769973
warm,,,0.25,32,19,14.634399965871125
warm,,,0.25,32,20,10.52840001648292
warm,,,0.25,32,21,10.088000039104372
warm,,,0.25,32,22,10.04830002784729
warm,,,0.25,32,23,10.288999998010695
warm,,,0.25,32,24,10.778099996969104
warm,,,0.25,32,25,9.069999970961362
warm,,,0.25,32,26,9.852499992121011
warm,,,0.25,32,27,11.350699991453439
warm,,,0.25,32,28,10.04959997953847
warm,,,0.25,32,29,10.959799983538687
warm,,,0.25,32,30,12.933299993164837
warm,,,0.25,32,31,9.804799978155643
warm,,,0.25,32,32,9.407900040969253
warm,,,0.25,32,33,8.953099953942
warm,,,0.25,32,34,9.995799977332354
warm,,,0.25,32,35,9.688500023912638
warm,,,0.25,32,36,17.073199967853725
warm,,,0.25,32,37,16.1039000377059
warm,,,0.25,32,38,11.444700008723885
warm,,,0.25,32,39,11.019700032193214
warm,,,0.25,32,40,11.410400038585067
warm,,,0.25,32,41,10.936399979982525
warm,,,0.25,32,42,17.950400011613965
warm,,,0.25,32,43,13.930900022387505
warm,,,0.25,32,44,11.84829999692738
warm,,,0.25,32,45,9.662700002081692
warm,,,0.25,32,46,11.473099992144853
warm,,,0.25,32,47,17.53920002374798
warm,,,0.25,32,48,13.520399981644005
warm,,,0.25,32,49,11.755199986509979
warm,,,0.25,32,50,9.281700011342764
warm,,,0.25,32,51,9.276000026147813
warm,,,0.25,32,52,9.680300019681454
warm,,,0.25,32,53,13.041300000622869
warm,,,0.25,32,54,11.775400023907423
warm,,,0.25,32,55,11.613499955274165
warm,,,0.25,32,56,10.160500009078532
warm,,,0.25,32,57,9.80810000328347
warm,,,0.25,32,58,9.27769998088479
warm,,,0.25,32,59,10.292899969499558
warm,,,0.25,32,60,9.306499967351556
warm,,,0.25,32,61,9.158500004559755
warm,,,0.25,32,62,11.032699956558645
warm,,,0.25,32,63,9.424099989701062
warm,,,0.25,32,64,9.637999988626689
warm,,,0.25,32,65,11.051200039219111
warm,,,0.25,32,66,12.600399961229414
warm,,,0.25,32,67,10.11339999968186
warm,,,0.25,32,68,10.38609998067841
warm,,,0.25,32,69,9.567999979481101
warm,,,0.25,32,70,9.983600000850856
warm,,,0.25,32,71,11.219299980439246
warm,,,0.25,32,72,11.60229998640716
warm,,,0.25,32,73,17.684200021903962
warm,,,0.25,32,74,16.115000005811453
warm,,,0.25,32,75,10.913199977949262
warm,,,0.25,32,76,10.315599967725575
warm,,,0.25,32,77,10.973299969919026
warm,,,0.25,32,78,10.345100017730147
warm,,,0.25,32,79,10.250899998936802
warm,,,0.25,32,80,10.520100011490285
warm,,,0.25,32,81,10.367500013671815
warm,,,0.25,32,82,10.637300030793995
warm,,,0.25,32,83,10.712800023611635
warm,,,0.25,32,84,9.551999974064529
warm,,,0.25,32,85,10.312700003851205
warm,,,0.25,32,86,11.392700020223856
warm,,,0.25,32,87,11.23060000827536
warm,,,0.25,32,88,10.413700016215444
warm,,,0.25,32,89,11.107900005299598
warm,,,0.25,32,90,10.848900012206286
warm,,,0.25,32,91,11.143899988383055
warm,,,0.25,32,92,10.114100005012006
warm,,,0.25,32,93,9.829199989326298
warm,,,0.25,32,94,9.793000004719943
warm,,,0.25,32,95,9.948100021574646
warm,,,0.25,32,96,11.901199992280453
warm,,,0.25,32,97,9.776499995496124
warm,,,0.25,32,98,9.5057999715209
warm,,,0.25,32,99,11.450099991634488
warm,,,0.25,32,100,10.556699999142438
warm,,,0.25,32,101,10.096299985889345
warm,,,0.25,32,102,11.119200033135712
warm,,,0.25,32,103,9.78439999744296
warm,,,0.25,32,104,9.811100026126951
warm,,,0.25,32,105,12.90779997361824
warm,,,0.25,32,106,12.80860003316775
warm,,,0.25,32,107,11.158499983139336
warm,,,0.25,32,108,13.67809996008873
warm,,,0.25,32,109,9.466599964071065
warm,,,0.25,32,110,10.91640000231564
warm,,,0.25,32,111,13.603900035377592
warm,,,0.25,32,112,10.08680002996698
warm,,,0.25,32,113,9.003899991512299
warm,,,0.25,32,114,10.384100023657084
warm,,,0.25,32,115,9.12820000667125
warm,,,0.25,32,116,8.927899994887412
warm,,,0.25,32,117,9.245399967767298
warm,,,0.25,32,118,9.21099999686703
warm,,,0.25,32,119,8.879999979399145
warm,,,0.25,32,120,9.56509995739907
warm,,,0.25,32,121,9.81560000218451
warm,,,0.25,32,122,9.17120004305616
warm,,,0.25,32,123,9.032199974171817
warm,,,0.25,32,124,9.007900021970272
warm,,,0.25,32,125,9.392699983436614
warm,,,0.25,32,126,8.844700001645833
warm,,,0.25,32,127,9.334900008980185
warm,,,0.25,32,128,10.096000041812658
warm,,,0.25,32,129,9.430199977941811
warm,,,0.25,32,130,9.198100015055388
warm,,,0.25,32,131,8.774199988692999
warm,,,0.25,32,132,11.125600023660809
warm,,,0.25,32,133,9.028700005728751
warm,,,0.25,32,134,8.838000008836389
warm,,,0.25,32,135,10.738799988757819
warm,,,0.25,32,136,8.969300019089133
warm,,,0.25,32,137,9.118099987972528
warm,,,0.25,32,138,8.906500006560236
warm,,,0.25,32,139,10.365599999204278
warm,,,0.25,32,140,8.775399997830391
warm,,,0.25,32,141,8.752099995035678
warm,,,0.25,32,142,9.472400008235127
warm,,,0.25,32,143,9.352599969133735
warm,,,0.25,32,144,9.352100023534149
warm,,,0.25,32,145,9.305000014137477
warm,,,0.25,32,146,9.773199970368296
warm,,,0.25,32,147,10.265099990647286
warm,,,0.25,32,148,9.078699978999794
warm,,,0.25,32,149,9.947999962605536
warm,,,0.25,32,150,9.441400005016476
warm,,,0.25,32,151,8.910099975764751
warm,,,0.25,32,152,8.987899986095726
warm,,,0.25,32,153,10.014800005592406
warm,,,0.25,32,154,9.321599965915084
warm,,,0.25,32,155,8.923500019591302
warm,,,0.25,32,156,9.733100014273077
warm,,,0.25,32,157,9.710900019854307
warm,,,0.25,32,158,9.447699994780123
warm,,,0.25,32,159,9.579700010363013
warm,,,0.25,32,160,11.82040001731366
warm,,,0.25,32,161,11.460399953648448
warm,,,0.25,32,162,11.05740002822131
warm,,,0.25,32,163,11.723699979484081
warm,,,0.25,32,164,10.230200015939772
warm,,,0.25,32,165,10.482999961823225
warm,,,0.25,32,166,9.83640004415065
warm,,,0.25,32,167,8.980600046925247
warm,,,0.25,32,168,11.804100009612739
warm,,,0.25,32,169,11.756000050809234
warm,,,0.25,32,170,9.037400013767183
warm,,,0.25,32,171,9.125800046604127
warm,,,0.25,32,172,10.468699969351292
warm,,,0.25,32,173,9.4511000206694
warm,,,0.25,32,174,10.02149999840185
warm,,,0.25,32,175,11.161900009028614
warm,,,0.25,32,176,9.860599995590746
warm,,,0.25,32,177,9.037400013767183
warm,,,0.25,32,178,8.775700000114739
warm,,,0.25,32,179,16.006399993784726
warm,,,0.25,32,180,9.884099999908358
warm,,,0.25,32,181,9.403500007465482
warm,,,0.25,32,182,13.422299991361797
warm,,,0.25,32,183,12.652300007175654
warm,,,0.25,32,184,12.115499994251877
warm,,,0.25,32,185,9.698500041849911
warm,,,0.25,32,186,8.898000000044703
warm,,,0.25,32,187,10.466999956406653
warm,,,0.25,32,188,12.948100047651678
warm,,,0.25,32,189,9.031400026287884
warm,,,0.25,32,190,8.85260000359267
warm,,,0.25,32,191,9.552499977871776
warm,,,0.25,32,192,9.136700013186783
warm,,,0.25,32,193,9.861400001682341
warm,,,0.25,32,194,12.84109998960048
warm,,,0.25,32,195,12.53880001604557
warm,,,0.25,32,196,11.604200000874698
warm,,,0.25,32,197,10.281599999871105
warm,,,0.25,32,198,9.057899995241314
warm,,,0.25,32,199,9.011599991936237
warm,,,0.5,4,0,42.07570001017302
warm,,,0.5,4,1,26.309400040190667
warm,,,0.5,4,2,25.523899996187538
warm,,,0.5,4,3,26.509199989959598
warm,,,0.5,4,4,33.46599999349564
warm,,,0.5,4,5,24.921400006860495
warm,,,0.5,4,6,26.13559999736026
warm,,,0.5,4,7,26.15490002790466
warm,,,0.5,4,8,27.2036999813281
warm,,,0.5,4,9,26.469199976418167
warm,,,0.5,4,10,24.515500001143664
warm,,,0.5,4,11,25.074000004678965
warm,,,0.5,4,12,30.94909997889772
warm,,,0.5,4,13,26.00339998025447
warm,,,0.5,4,14,25.755800015758723
warm,,,0.5,4,15,24.55460000783205
warm,,,0.5,4,16,28.001900005619973
warm,,,0.5,4,17,26.938199996948242
warm,,,0.5,4,18,25.611600023694336
warm,,,0.5,4,19,25.60789999552071
warm,,,0.5,4,20,26.71210002154112
warm,,,0.5,4,21,25.436699972487986
warm,,,0.5,4,22,25.364200002513826
warm,,,0.5,4,23,25.446999992709607
warm,,,0.5,4,24,24.46399995824322
warm,,,0.5,4,25,25.07620002143085
warm,,,0.5,4,26,26.424099982250482
warm,,,0.5,4,27,25.5163999972865
warm,,,0.5,4,28,35.65299999900162
warm,,,0.5,4,29,24.401400005444884
warm,,,0.5,4,30,25.282499962486327
warm,,,0.5,4,31,25.35760001046583
warm,,,0.5,4,32,26.091400010045618
warm,,,0.5,4,33,24.61839996976778
warm,,,0.5,4,34,25.082800013478845
warm,,,0.5,4,35,26.992600003723055
warm,,,0.5,4,36,33.65160000976175
warm,,,0.5,4,37,26.081799995154142
warm,,,0.5,4,38,26.22429997427389
warm,,,0.5,4,39,24.453199992422014
warm,,,0.5,4,40,25.266200012993068
warm,,,0.5,4,41,25.29069996671751
warm,,,0.5,4,42,30.73890000814572
warm,,,0.5,4,43,25.90890001738444
warm,,,0.5,4,44,26.33419999619946
warm,,,0.5,4,45,33.709999988786876
warm,,,0.5,4,46,30.052200017962605
warm,,,0.5,4,47,29.341000015847385
warm,,,0.5,4,48,25.789599982090294
warm,,,0.5,4,49,25.33390000462532
warm,,,0.5,4,50,27.00669999467209
warm,,,0.5,4,51,27.506400016136467
warm,,,0.5,4,52,26.342299999669194
warm,,,0.5,4,53,25.78419999917969
warm,,,0.5,4,54,25.91770002618432
warm,,,0.5,4,55,24.50549998320639
warm,,,0.5,4,56,25.841000024229288
warm,,,0.5,4,57,25.98429995123297
warm,,,0.5,4,58,26.785099995322526
warm,,,0.5,4,59,24.97999998740852
warm,,,0.5,4,60,25.1309999730438
warm,,,0.5,4,61,39.90439994959161
warm,,,0.5,4,62,42.2388999722898
warm,,,0.5,4,63,27.961499989032745
warm,,,0.5,4,64,25.50129999872297
warm,,,0.5,4,65,26.635500020347536
warm,,,0.5,4,66,25.946700014173985
warm,,,0.5,4,67,26.112199993804097
warm,,,0.5,4,68,25.733100017532706
warm,,,0.5,4,69,25.509099999908358
warm,,,0.5,4,70,25.268200028222054
warm,,,0.5,4,71,26.43749996786937
warm,,,0.5,4,72,25.11769998818636
warm,,,0.5,4,73,25.49859997816384
warm,,,0.5,4,74,27.186500024981797
warm,,,0.5,4,75,26.10290003940463
warm,,,0.5,4,76,25.206700025592
warm,,,0.5,4,77,24.531900009606034
warm,,,0.5,4,78,25.73860000120476
warm,,,0.5,4,79,25.018900050781667
warm,,,0.5,4,80,25.438400043640286
warm,,,0.5,4,81,24.635699985083193
warm,,,0.5,4,82,25.52070003002882
warm,,,0.5,4,83,25.383699976373464
warm,,,0.5,4,84,25.31639998778701
warm,,,0.5,4,85,35.74189997743815
warm,,,0.5,4,86,31.813699984923005
warm,,,0.5,4,87,39.94990000501275
warm,,,0.5,4,88,26.902000012341887
warm,,,0.5,4,89,25.169100030325353
warm,,,0.5,4,90,24.435499974060804
warm,,,0.5,4,91,25.167099956888705
warm,,,0.5,4,92,25.324199988972396
warm,,,0.5,4,93,25.554500054568052
warm,,,0.5,4,94,25.70569998351857
warm,,,0.5,4,95,26.941699965391308
warm,,,0.5,4,96,25.201699987519532
warm,,,0.5,4,97,26.169899967499077
warm,,,0.5,4,98,24.614599999040365
warm,,,0.5,4,99,25.333400000818074
warm,,,0.5,4,100,25.85859998362139
warm,,,0.5,4,101,25.96540004014969
warm,,,0.5,4,102,32.036300050094724
warm,,,0.5,4,103,24.460500048007816
warm,,,0.5,4,104,25.970800023060292
warm,,,0.5,4,105,25.8138999924995
warm,,,0.5,4,106,26.425399992149323
warm,,,0.5,4,107,26.903699967078865
warm,,,0.5,4,108,24.309400003403425
warm,,,0.5,4,109,37.39140002289787
warm,,,0.5,4,110,30.181100009940565
warm,,,0.5,4,111,25.944900000467896
warm,,,0.5,4,112,26.497999962884933
warm,,,0.5,4,113,25.45260003535077
warm,,,0.5,4,114,24.589099979493767
warm,,,0.5,4,115,25.788000028114766
warm,,,0.5,4,116,26.009100023657084
warm,,,0.5,4,117,27.76690002065152
warm,,,0.5,4,118,24.856499978341162
warm,,,0.5,4,119,33.80829998059198
warm,,,0.5,4,120,33.28380000311881
warm,,,0.5,4,121,28.272199968341738
warm,,,0.5,4,122,38.27899997122586
warm,,,0.5,4,123,31.954299949575216
warm,,,0.5,4,124,27.75070001371205
warm,,,0.5,4,125,34.285100002307445
warm,,,0.5,4,126,33.18680002121255
warm,,,0.5,4,127,33.01270003430545
warm,,,0.5,4,128,27.15340000577271
warm,,,0.5,4,129,30.600199999753386
warm,,,0.5,4,130,25.530499988235533
warm,,,0.5,4,131,28.130799997597933
warm,,,0.5,4,132,24.406899989116937
warm,,,0.5,4,133,26.82269999058917
warm,,,0.5,4,134,28.383900003973395
warm,,,0.5,4,135,25.795499968808144
warm,,,0.5,4,136,26.532099989708513
warm,,,0.5,4,137,25.891600002069026
warm,,,0.5,4,138,30.56819998892024
warm,,,0.5,4,139,33.68110000155866
warm,,,0.5,4,140,32.862699998077005
warm,,,0.5,4,141,25.70160001050681
warm,,,0.5,4,142,28.0229999916628
warm,,,0.5,4,143,25.6037000217475
warm,,,0.5,4,144,25.09680000366643
warm,,,0.5,4,145,24.76960001513362
warm,,,0.5,4,146,26.547900051809847
warm,,,0.5,4,147,37.81990002607927
warm,,,0.5,4,148,34.18769995914772
warm,,,0.5,4,149,32.667400024365634
warm,,,0.5,4,150,29.99529999215156
warm,,,0.5,4,151,28.232600016053766
warm,,,0.5,4,152,42.23770002136007
warm,,,0.5,4,153,29.992899973876774
warm,,,0.5,4,154,38.52780000306666
warm,,,0.5,4,155,26.179500040598214
warm,,,0.5,4,156,25.45519999694079
warm,,,0.5,4,157,32.563399989157915
warm,,,0.5,4,158,25.558699970133603
warm,,,0.5,4,159,25.13860003091395
warm,,,0.5,4,160,26.451400015503168
warm,,,0.5,4,161,26.314200018532574
warm,,,0.5,4,162,32.97649999149144
warm,,,0.5,4,163,27.087400027085096
warm,,,0.5,4,164,24.928400001954287
warm,,,0.5,4,165,25.786599959246814
warm,,,0.5,4,166,25.346299982629716
warm,,,0.5,4,167,25.842999981250614
warm,,,0.5,4,168,27.214400004595518
warm,,,0.5,4,169,37.0771000161767
warm,,,0.5,4,170,25.008199969306588
warm,,,0.5,4,171,25.202499993611127
warm,,,0.5,4,172,25.509900005999953
warm,,,0.5,4,173,25.24059999268502
warm,,,0.5,4,174,24.125600000843406
warm,,,0.5,4,175,25.098899961449206
warm,,,0.5,4,176,26.137600012589246
warm,,,0.5,4,177,25.996699987445027
warm,,,0.5,4,178,24.8468000208959
warm,,,0.5,4,179,25.74740001000464
warm,,,0.5,4,180,25.778599956538528
warm,,,0.5,4,181,27.76070003164932
warm,,,0.5,4,182,27.103500033263117
warm,,,0.5,4,183,24.660299997776747
warm,,,0.5,4,184,25.817800022196025
warm,,,0.5,4,185,25.72530001634732
warm,,,0.5,4,186,26.262299972586334
warm,,,0.5,4,187,32.96659997431561
warm,,,0.5,4,188,26.142399990931153
warm,,,0.5,4,189,24.383399984799325
warm,,,0.5,4,190,26.79760003229603
warm,,,0.5,4,191,26.700799993705004
warm,,,0.5,4,192,25.957400037441403
warm,,,0.5,4,193,33.4710999741219
warm,,,0.5,4,194,25.069199968129396
warm,,,0.5,4,195,25.445999985095114
warm,,,0.5,4,196,25.432700000237674
warm,,,0.5,4,197,28.06429995689541
warm,,,0.5,4,198,25.711500027682632
warm,,,0.5,4,199,24.263400002382696
warm,,,0.5,8,0,33.54519995627925
warm,,,0.5,8,1,26.253700023517013
warm,,,0.5,8,2,28.634599992074072
warm,,,0.5,8,3,26.589400018565357
warm,,,0.5,8,4,25.5415000137873
warm,,,0.5,8,5,26.49249997921288
warm,,,0.5,8,6,26.296199997887015
warm,,,0.5,8,7,31.648100004531443
warm,,,0.5,8,8,26.62750001763925
warm,,,0.5,8,9,26.221999956760556
warm,,,0.5,8,10,24.538900004699826
warm,,,0.5,8,11,25.19439999014139
warm,,,0.5,8,12,25.45559999998659
warm,,,0.5,8,13,26.11770003568381
warm,,,0.5,8,14,29.584000003524125
warm,,,0.5,8,15,26.910699962172657
warm,,,0.5,8,16,27.04509999603033
warm,,,0.5,8,17,25.544100033584982
warm,,,0.5,8,18,31.186000036541373
warm,,,0.5,8,19,26.10130002722144
warm,,,0.5,8,20,25.988499983213842
warm,,,0.5,8,21,26.017799973487854
warm,,,0.5,8,22,27.137800003401935
warm,,,0.5,8,23,27.437099954113364
warm,,,0.5,8,24,26.32669999729842
warm,,,0.5,8,25,37.22669999115169
warm,,,0.5,8,26,34.631799964699894
warm,,,0.5,8,27,25.694400013890117
warm,,,0.5,8,28,26.938200055155903
warm,,,0.5,8,29,29.610999976284802
warm,,,0.5,8,30,25.878900021780282
warm,,,0.5,8,31,25.51010000752285
warm,,,0.5,8,32,25.967399997171015
warm,,,0.5,8,33,24.829200003296137
warm,,,0.5,8,34,26.17859997553751
warm,,,0.5,8,35,26.57280000858009
warm,,,0.5,8,36,26.928699982818216
warm,,,0.5,8,37,33.81310001714155
warm,,,0.5,8,38,33.88429997721687
warm,,,0.5,8,39,26.927199971396476
warm,,,0.5,8,40,24.67919996706769
warm,,,0.5,8,41,26.06900001410395
warm,,,0.5,8,42,25.854600011371076
warm,,,0.5,8,43,26.987899967934936
warm,,,0.5,8,44,25.252899969927967
warm,,,0.5,8,45,25.577399996109307
warm,,,0.5,8,46,26.00499999243766
warm,,,0.5,8,47,26.49969997582957
warm,,,0.5,8,48,31.02779999608174
warm,,,0.5,8,49,28.92059995792806
warm,,,0.5,8,50,24.690599995665252
warm,,,0.5,8,51,32.84759999951348
warm,,,0.5,8,52,25.362599990330637
warm,,,0.5,8,53,26.00980002898723
warm,,,0.5,8,54,26.504000008571893
warm,,,0.5,8,55,27.71220001159236
warm,,,0.5,8,56,25.71170002920553
warm,,,0.5,8,57,25.506399979349226
warm,,,0.5,8,58,26.610400003846735
warm,,,0.5,8,59,27.506700018420815
warm,,,0.5,8,60,25.76210000552237
warm,,,0.5,8,61,30.506699986290187
warm,,,0.5,8,62,41.19439999340102
warm,,,0.5,8,63,31.197800009977072
warm,,,0.5,8,64,25.821699993684888
warm,,,0.5,8,65,34.12419999949634
warm,,,0.5,8,66,32.576599973253906
warm,,,0.5,8,67,27.810400002636015
warm,,,0.5,8,68,26.17389999795705
warm,,,0.5,8,69,28.379200026392937
warm,,,0.5,8,70,27.47489995090291
warm,,,0.5,8,71,24.470900010783225
warm,,,0.5,8,72,26.788000017404556
warm,,,0.5,8,73,26.02150000166148
warm,,,0.5,8,74,25.20799997728318
warm,,,0.5,8,75,25.091600022278726
warm,,,0.5,8,76,27.672600001096725
warm,,,0.5,8,77,29.446500004269183
warm,,,0.5,8,78,27.059599990025163
warm,,,0.5,8,79,26.96690004086122
warm,,,0.5,8,80,27.16380002675578
warm,,,0.5,8,81,24.407299992162734
warm,,,0.5,8,82,25.55620000930503
warm,,,0.5,8,83,31.807899998966604
warm,,,0.5,8,84,25.7010999484919
warm,,,0.5,8,85,25.512300024274737
warm,,,0.5,8,86,24.60810000775382
warm,,,0.5,8,87,25.18569998210296
warm,,,0.5,8,88,26.48669999325648
warm,,,0.5,8,89,25.5161999957636
warm,,,0.5,8,90,24.306199979037046
warm,,,0.5,8,91,33.54059997946024
warm,,,0.5,8,92,26.328800013288856
warm,,,0.5,8,93,25.414899981115013
warm,,,0.5,8,94,25.0938999815844
warm,,,0.5,8,95,26.100800023414195
warm,,,0.5,8,96,25.693700008559972
warm,,,0.5,8,97,24.94279999518767
warm,,,0.5,8,98,31.70309995766729
warm,,,0.5,8,99,27.352700009942055
warm,,,0.5,8,100,24.69389996258542
warm,,,0.5,8,101,26.274999952875078
warm,,,0.5,8,102,30.843699991237372
warm,,,0.5,8,103,46.57529998803511
warm,,,0.5,8,104,31.386799993924797
warm,,,0.5,8,105,24.763900029938668
warm,,,0.5,8,106,26.414500025566667
warm,,,0.5,8,107,25.451699970290065
warm,,,0.5,8,108,25.336600025184453
warm,,,0.5,8,109,29.293100000359118
warm,,,0.5,8,110,35.82679998362437
warm,,,0.5,8,111,39.381699985824525
warm,,,0.5,8,112,33.652300015091896
warm,,,0.5,8,113,24.91909998934716
warm,,,0.5,8,114,24.92959995288402
warm,,,0.5,8,115,26.11770003568381
warm,,,0.5,8,116,25.375799974426627
warm,,,0.5,8,117,25.953800010029227
warm,,,0.5,8,118,24.10429995507002
warm,,,0.5,8,119,29.87949998350814
warm,,,0.5,8,120,43.37300005136058
warm,,,0.5,8,121,51.94919998757541
warm,,,0.5,8,122,41.322699980810285
warm,,,0.5,8,123,43.25509996851906
warm,,,0.5,8,124,39.598300005309284
warm,,,0.5,8,125,29.962899978272617
warm,,,0.5,8,126,32.589999958872795
warm,,,0.5,8,127,37.169799965340644
warm,,,0.5,8,128,26.786600006744266
warm,,,0.5,8,129,24.683200055733323
warm,,,0.5,8,130,43.45050000119954
warm,,,0.5,8,131,30.719199974555522
warm,,,0.5,8,132,30.993299966212362
warm,,,0.5,8,133,45.8263999898918
warm,,,0.5,8,134,25.86749999318272
warm,,,0.5,8,135,26.87180001521483
warm,,,0.5,8,136,34.08429998671636
warm,,,0.5,8,137,36.96260001743212
warm,,,0.5,8,138,30.50619998248294
warm,,,0.5,8,139,24.5918000000529
warm,,,0.5,8,140,32.107099948916584
warm,,,0.5,8,141,37.88030002033338
warm,,,0.5,8,142,25.98760003456846
warm,,,0.5,8,143,28.074200032278895
warm,,,0.5,8,144,29.131599992979318
warm,,,0.5,8,145,26.44799998961389
warm,,,0.5,8,146,25.827899982687086
warm,,,0.5,8,147,25.146200030576438
warm,,,0.5,8,148,28.71199999935925
warm,,,0.5,8,149,32.189899997320026
warm,,,0.5,8,150,25.824900018051267
warm,,,0.5,8,151,26.52529999613762
warm,,,0.5,8,152,24.490399984642863
warm,,,0.5,8,153,27.28059998480603
warm,,,0.5,8,154,32.86589996423572
warm,,,0.5,8,155,37.191800016444176
warm,,,0.5,8,156,31.161299964878708
warm,,,0.5,8,157,25.806999998167157
warm,,,0.5,8,158,25.884500006213784
warm,,,0.5,8,159,33.47530000610277
warm,,,0.5,8,160,26.00660000462085
warm,,,0.5,8,161,24.2510000243783
warm,,,0.5,8,162,24.980400048661977
warm,,,0.5,8,163,33.966700022574514
warm,,,0.5,8,164,29.035900020971894
warm,,,0.5,8,165,25.86009999504313
warm,,,0.5,8,166,26.13870002096519
warm,,,0.5,8,167,29.351499979384243
warm,,,0.5,8,168,42.09970001829788
warm,,,0.5,8,169,26.01969998795539
warm,,,0.5,8,170,25.947700021788478
warm,,,0.5,8,171,27.416499971877784
warm,,,0.5,8,172,33.461500017438084
warm,,,0.5,8,173,28.46609998960048
warm,,,0.5,8,174,25.9072000044398
warm,,,0.5,8,175,24.657700036186725
warm,,,0.5,8,176,25.37689998280257
warm,,,0.5,8,177,26.36530000017956
warm,,,0.5,8,178,26.15179994609207
warm,,,0.5,8,179,42.2091000364162
warm,,,0.5,8,180,34.4455000013113
warm,,,0.5,8,181,33.622899965848774
warm,,,0.5,8,182,25.360000028740615
warm,,,0.5,8,183,26.035199989564717
warm,,,0.5,8,184,24.371800012886524
warm,,,0.5,8,185,27.485800033900887
warm,,,0.5,8,186,26.321099954657257
warm,,,0.5,8,187,25.69420001236722
warm,,,0.5,8,188,26.87459997832775
warm,,,0.5,8,189,25.48510004999116
warm,,,0.5,8,190,25.345500034745783
warm,,,0.5,8,191,25.346599984914064
warm,,,0.5,8,192,27.385599969420582
warm,,,0.5,8,193,24.417200009338558
warm,,,0.5,8,194,25.309899996500462
warm,,,0.5,8,195,33.96400000201538
warm,,,0.5,8,196,39.34730001492426
warm,,,0.5,8,197,44.812000007368624
warm,,,0.5,8,198,24.835799995344132
warm,,,0.5,8,199,25.455800001509488
warm,,,0.5,16,0,24.67319997958839
warm,,,0.5,16,1,27.514000015798956
warm,,,0.5,16,2,25.303200003691018
warm,,,0.5,16,3,27.768699976149946
warm,,,0.5,16,4,25.85710003040731
warm,,,0.5,16,5,25.253599975258112
warm,,,0.5,16,6,26.174900005571544
warm,,,0.5,16,7,25.95939999446273
warm,,,0.5,16,8,32.63239999068901
warm,,,0.5,16,9,40.13390000909567
warm,,,0.5,16,10,40.749199979472905
warm,,,0.5,16,11,32.69070002716035
warm,,,0.5,16,12,28.624199971091002
warm,,,0.5,16,13,26.457300002221018
warm,,,0.5,16,14,27.146699954755604
warm,,,0.5,16,15,24.619300034828484
warm,,,0.5,16,16,25.589299970306456
warm,,,0.5,16,17,25.492799992207438
warm,,,0.5,16,18,26.399600028526038
warm,,,0.5,16,19,25.670800008811057
warm,,,0.5,16,20,24.87139997538179
warm,,,0.5,16,21,25.637000042479485
warm,,,0.5,16,22,26.521200023125857
warm,,,0.5,16,23,26.368799968622625
warm,,,0.5,16,24,24.632000015117228
warm,,,0.5,16,25,25.78599995467812
warm,,,0.5,16,26,25.943999993614852
warm,,,0.5,16,27,26.216700032819062
warm,,,0.5,16,28,24.867600004654378
warm,,,0.5,16,29,25.800200004596263
warm,,,0.5,16,30,30.438699992373586
warm,,,0.5,16,31,42.36069996841252
warm,,,0.5,16,32,26.879000011831522
warm,,,0.5,16,33,53.40249999426305
warm,,,0.5,16,34,32.66090003307909
warm,,,0.5,16,35,27.057399973273277
warm,,,0.5,16,36,24.40940000815317
warm,,,0.5,16,37,25.72340000187978
warm,,,0.5,16,38,25.00219998182729
warm,,,0.5,16,39,26.6645000083372
warm,,,0.5,16,40,24.67630000319332
warm,,,0.5,16,41,31.43219999037683
warm,,,0.5,16,42,25.675400043837726
warm,,,0.5,16,43,25.103300053160638
warm,,,0.5,16,44,26.145500014536083
warm,,,0.5,16,45,26.006000000052154
warm,,,0.5,16,46,25.909900024998933
warm,,,0.5,16,47,30.004699947312474
warm,,,0.5,16,48,42.52310004085302
warm,,,0.5,16,49,25.86439996957779
warm,,,0.5,16,50,26.05859999312088
warm,,,0.5,16,51,33.72720000334084
warm,,,0.5,16,52,36.57019999809563
warm,,,0.5,16,53,33.645200019236654
warm,,,0.5,16,54,31.550400017295033
warm,,,0.5,16,55,25.73710004799068
warm,,,0.5,16,56,25.634000019636005
warm,,,0.5,16,57,24.69370001927018
warm,,,0.5,16,58,25.333099998533726
warm,,,0.5,16,59,25.18900000723079
warm,,,0.5,16,60,25.45670000836253
warm,,,0.5,16,61,25.564600015059114
warm,,,0.5,16,62,26.54880000045523
warm,,,0.5,16,63,25.8081000065431
warm,,,0.5,16,64,26.42869995906949
warm,,,0.5,16,65,25.717099953908473
warm,,,0.5,16,66,25.3798000048846
warm,,,0.5,16,67,34.071600006427616
warm,,,0.5,16,68,27.491699962411076
warm,,,0.5,16,69,27.105599991045892
warm,,,0.5,16,70,35.622900002636015
warm,,,0.5,16,71,33.50510000018403
warm,,,0.5,16,72,40.9250000375323
warm,,,0.5,16,73,27.1978999953717
warm,,,0.5,16,74,27.15320000424981
warm,,,0.5,16,75,25.811399973463267
warm,,,0.5,16,76,29.333200014661998
warm,,,0.5,16,77,28.38879998307675
warm,,,0.5,16,78,25.751100038178265
warm,,,0.5,16,79,25.20209999056533
warm,,,0.5,16,80,25.201299984473735
warm,,,0.5,16,81,25.155699986498803
warm,,,0.5,16,82,25.18709999276325
warm,,,0.5,16,83,27.218099974561483
warm,,,0.5,16,84,25.666600035037845
warm,,,0.5,16,85,39.13370001828298
warm,,,0.5,16,86,27.060499996878207
warm,,,0.5,16,87,25.893399957567453
warm,,,0.5,16,88,26.704699965193868
warm,,,0.5,16,89,27.231600019149482
warm,,,0.5,16,90,26.103499985765666
warm,,,0.5,16,91,26.12819999922067
warm,,,0.5,16,92,26.193499972578138
warm,,,0.5,16,93,25.116799981333315
warm,,,0.5,16,94,25.382300023920834
warm,,,0.5,16,95,25.432900001760572
warm,,,0.5,16,96,26.043199992273003
warm,,,0.5,16,97,25.059500010684133
warm,,,0.5,16,98,26.200200023595244
warm,,,0.5,16,99,28.618200041819364
warm,,,0.5,16,100,28.315500007010996
warm,,,0.5,16,101,25.551199971232563
warm,,,0.5,16,102,32.71070000482723
warm,,,0.5,16,103,25.109699985478073
warm,,,0.5,16,104,26.621799974236637
warm,,,0.5,16,105,25.8705000160262
warm,,,0.5,16,106,27.082699991296977
warm,,,0.5,16,107,26.75930003169924
warm,,,0.5,16,108,25.949399976525456
warm,,,0.5,16,109,25.681199971586466
warm,,,0.5,16,110,26.15930000320077
warm,,,0.5,16,111,25.565700023435056
warm,,,0.5,16,112,40.02260003471747
warm,,,0.5,16,113,26.335699949413538
warm,,,0.5,16,114,40.972999995574355
warm,,,0.5,16,115,43.37440000381321
warm,,,0.5,16,116,26.24479995574802
warm,,,0.5,16,117,26.238200021907687
warm,,,0.5,16,118,26.946500001940876
warm,,,0.5,16,119,24.688900040928274
warm,,,0.5,16,120,26.588399952743202
warm,,,0.5,16,121,25.913999998010695
warm,,,0.5,16,122,25.7088000071235
warm,,,0.5,16,123,25.588500022422522
warm,,,0.5,16,124,36.02960001444444
warm,,,0.5,16,125,31.77770000183955
warm,,,0.5,16,126,25.998400000389665
warm,,,0.5,16,127,25.985499960370362
warm,,,0.5,16,128,27.58459997130558
warm,,,0.5,16,129,27.49249996850267
warm,,,0.5,16,130,24.84799997182563
warm,,,0.5,16,131,27.48210000572726
warm,,,0.5,16,132,32.453700026962906
warm,,,0.5,16,133,26.109099970199168
warm,,,0.5,16,134,25.299500033725053
warm,,,0.5,16,135,33.99950003949925
warm,,,0.5,16,136,25.795299967285246
warm,,,0.5,16,137,26.11019997857511
warm,,,0.5,16,138,25.43910004897043
warm,,,0.5,16,139,25.45219997409731
warm,,,0.5,16,140,25.345500034745783
warm,,,0.5,16,141,25.202599994372576
warm,,,0.5,16,142,33.56569999596104
warm,,,0.5,16,143,40.74580001179129
warm,,,0.5,16,144,25.31319996342063
warm,,,0.5,16,145,25.51459998358041
warm,,,0.5,16,146,30.697499983944
warm,,,0.5,16,147,26.263199979439378
warm,,,0.5,16,148,28.662200027611107
warm,,,0.5,16,149,33.66160002769902
warm,,,0.5,16,150,35.64159997040406
warm,,,0.5,16,151,37.437999970279634
warm,,,0.5,16,152,26.38880000449717
warm,,,0.5,16,153,24.55889998236671
warm,,,0.5,16,154,32.62829995946959
warm,,,0.5,16,155,28.795899997930974
warm,,,0.5,16,156,33.06819999124855
warm,,,0.5,16,157,28.442000038921833
warm,,,0.5,16,158,25.307899981271476
warm,,,0.5,16,159,25.95749997999519
warm,,,0.5,16,160,24.677200010046363
warm,,,0.5,16,161,25.94600000884384
warm,,,0.5,16,162,25.88519995333627
warm,,,0.5,16,163,25.840200018137693
warm,,,0.5,16,164,26.065399986691773
warm,,,0.5,16,165,31.41900000628084
warm,,,0.5,16,166,32.330300018657
warm,,,0.5,16,167,27.9236999922432
warm,,,0.5,16,168,27.549899998120964
warm,,,0.5,16,169,27.681300009135157
warm,,,0.5,16,170,26.001900027040392
warm,,,0.5,16,171,29.417499958071858
warm,,,0.5,16,172,27.35629997914657
warm,,,0.5,16,173,26.47660003276542
warm,,,0.5,16,174,25.40489996317774
warm,,,0.5,16,175,30.46039998298511
warm,,,0.5,16,176,29.336799983866513
warm,,,0.5,16,177,25.222000025678426
warm,,,0.5,16,178,25.99009999539703
warm,,,0.5,16,179,39.111599966418
warm,,,0.5,16,180,40.21529998863116
warm,,,0.5,16,181,25.505100027658045
warm,,,0.5,16,182,25.51030000904575
warm,,,0.5,16,183,26.462299982085824
warm,,,0.5,16,184,28.688599995803088
warm,,,0.5,16,185,25.710699963383377
warm,,,0.5,16,186,25.242900010198355
warm,,,0.5,16,187,27.849199948832393
warm,,,0.5,16,188,26.18430001894012
warm,,,0.5,16,189,33.101100008934736
warm,,,0.5,16,190,30.96720000030473
warm,,,0.5,16,191,33.91120000742376
warm,,,0.5,16,192,35.105900024063885
warm,,,0.5,16,193,42.31429996434599
warm,,,0.5,16,194,40.55400000652298
warm,,,0.5,16,195,45.88380001951009
warm,,,0.5,16,196,50.41870003333315
warm,,,0.5,16,197,60.159999993629754
warm,,,0.5,16,198,41.128699958790094
warm,,,0.5,16,199,58.76049998914823
warm,,,0.5,32,0,10.850499966181815
warm,,,0.5,32,1,10.19510003970936
warm,,,0.5,32,2,13.455500011332333
warm,,,0.5,32,3,9.485599992331117
warm,,,0.5,32,4,8.782299992162734
warm,,,0.5,32,5,10.318799992091954
warm,,,0.5,32,6,9.523499989882112
warm,,,0.5,32,7,9.038700023666024
warm,,,0.5,32,8,10.614599974360317
warm,,,0.5,32,9,9.135200001765043
warm,,,0.5,32,10,9.31469997158274
warm,,,0.5,32,11,9.062800032552332
warm,,,0.5,32,12,10.278400033712387
warm,,,0.5,32,13,9.001700032968074
warm,,,0.5,32,14,8.785000012721866
warm,,,0.5,32,15,9.7354999743402
warm,,,0.5,32,16,9.385499986819923
warm,,,0.5,32,17,9.124699980020523
warm,,,0.5,32,18,8.963999978732318
warm,,,0.5,32,19,9.612799971364439
warm,,,0.5,32,20,9.385199984535575
warm,,,0.5,32,21,8.964600041508675
warm,,,0.5,32,22,9.291700029280037
warm,,,0.5,32,23,10.126899986062199
warm,,,0.5,32,24,9.057599992956966
warm,,,0.5,32,25,10.112699994351715
warm,,,0.5,32,26,13.723300013225526
warm,,,0.5,32,27,12.004900025203824
warm,,,0.5,32,28,9.988400037400424
warm,,,0.5,32,29,11.7461999761872
warm,,,0.5,32,30,10.728799970820546
warm,,,0.5,32,31,10.556799999903888
warm,,,0.5,32,32,11.475600011181086
warm,,,0.5,32,33,9.852000046521425
warm,,,0.5,32,34,9.000999969430268
warm,,,0.5,32,35,9.710100013762712
warm,,,0.5,32,36,8.96359997568652
warm,,,0.5,32,37,9.01409995276481
warm,,,0.5,32,38,9.765499969944358
warm,,,0.5,32,39,19.05649999389425
warm,,,0.5,32,40,20.498599973507226
warm,,,0.5,32,41,12.149700021836907
warm,,,0.5,32,42,12.525700032711029
warm,,,0.5,32,43,15.213700011372566
warm,,,0.5,32,44,14.56260000122711
warm,,,0.5,32,45,12.730500020552427
warm,,,0.5,32,46,10.812200023792684
warm,,,0.5,32,47,12.155400007031858
warm,,,0.5,32,48,11.18470000801608
warm,,,0.5,32,49,9.673300024587661
warm,,,0.5,32,50,10.694600001443177
warm,,,0.5,32,51,10.80819999333471
warm,,,0.5,32,52,11.141099967062473
warm,,,0.5,32,53,9.964299970306456
warm,,,0.5,32,54,10.193200025241822
warm,,,0.5,32,55,10.478999989572912
warm,,,0.5,32,56,9.655900008510798
warm,,,0.5,32,57,8.97570000961423
warm,,,0.5,32,58,10.223300021607429
warm,,,0.5,32,59,9.00959997670725
warm,,,0.5,32,60,9.062699973583221
warm,,,0.5,32,61,9.64830000884831
warm,,,0.5,32,62,9.094299981370568
warm,,,0.5,32,63,9.27490001777187
warm,,,0.5,32,64,8.973299991339445
warm,,,0.5,32,65,9.94600000558421
warm,,,0.5,32,66,9.771900018677115
warm,,,0.5,32,67,12.063000001944602
warm,,,0.5,32,68,11.251499992795289
warm,,,0.5,32,69,9.333699999842793
warm,,,0.5,32,70,8.974700001999736
warm,,,0.5,32,71,9.878600016236305
warm,,,0.5,32,72,9.10600001225248
warm,,,0.5,32,73,8.86610004818067
warm,,,0.5,32,74,8.727399981580675
warm,,,0.5,32,75,9.546700050123036
warm,,,0.5,32,76,9.154099971055984
warm,,,0.5,32,77,8.965899993199855
warm,,,0.5,32,78,9.63029998820275
warm,,,0.5,32,79,10.125699976924807
warm,,,0.5,32,80,9.797600039746612
warm,,,0.5,32,81,9.080300049390644
warm,,,0.5,32,82,10.14149998081848
warm,,,0.5,32,83,9.231100033503026
warm,,,0.5,32,84,8.816000015940517
warm,,,0.5,32,85,10.696400015149266
warm,,,0.5,32,86,11.632599984295666
warm,,,0.5,32,87,8.87620000867173
warm,,,0.5,32,88,9.053000016137958
warm,,,0.5,32,89,9.854700008872896
warm,,,0.5,32,90,8.950099989306182
warm,,,0.5,32,91,9.862499951850623
warm,,,0.5,32,92,9.650099964346737
warm,,,0.5,32,93,9.722999995574355
warm,,,0.5,32,94,9.11340001039207
warm,,,0.5,32,95,8.9237000211142
warm,,,0.5,32,96,10.368900024332106
warm,,,0.5,32,97,8.884200011380017
warm,,,0.5,32,98,10.291100014001131
warm,,,0.5,32,99,10.102699976414442
warm,,,0.5,32,100,9.208400035277009
warm,,,0.5,32,101,9.333099995274097
warm,,,0.5,32,102,9.68219997594133
warm,,,0.5,32,103,10.996999975759536
warm,,,0.5,32,104,9.43939998978749
warm,,,0.5,32,105,8.908000017981976
warm,,,0.5,32,106,66.40920002246276
warm,,,0.5,32,107,23.345199995674193
warm,,,0.5,32,108,29.374599980656058
warm,,,0.5,32,109,10.481300007086247
warm,,,0.5,32,110,10.188699990976602
warm,,,0.5,32,111,9.999800007790327
warm,,,0.5,32,112,9.027099993545562
warm,,,0.5,32,113,9.049300046171993
warm,,,0.5,32,114,10.214599955361336
warm,,,0.5,32,115,9.436100022867322
warm,,,0.5,32,116,8.922600012738258
warm,,,0.5,32,117,9.74879995919764
warm,,,0.5,32,118,9.922899946104735
warm,,,0.5,32,119,9.030700020957738
warm,,,0.5,32,120,8.828299993183464
warm,,,0.5,32,121,9.896299976389855
warm,,,0.5,32,122,9.050799999386072
warm,,,0.5,32,123,9.004699997603893
warm,,,0.5,32,124,9.121700015384704
warm,,,0.5,32,125,10.012600047048181
warm,,,0.5,32,126,11.632899986580014
warm,,,0.5,32,127,16.76299999235198
warm,,,0.5,32,128,10.712599963881075
warm,,,0.5,32,129,8.83180001983419
warm,,,0.5,32,130,9.457300009671599
warm,,,0.5,32,131,9.64369997382164
warm,,,0.5,32,132,9.340299991890788
warm,,,0.5,32,133,9.233499993570149
warm,,,0.5,32,134,9.755200007930398
warm,,,0.5,32,135,9.405399963725358
warm,,,0.5,32,136,9.097500005736947
warm,,,0.5,32,137,9.166900010313839
warm,,,0.5,32,138,9.993900021072477
warm,,,0.5,32,139,9.107499965466559
warm,,,0.5,32,140,9.214999969117343
warm,,,0.5,32,141,9.694400010630488
warm,,,0.5,32,142,9.279099991545081
warm,,,0.5,32,143,8.880000037606806
warm,,,0.5,32,144,9.299699973780662
warm,,,0.5,32,145,10.317999986000359
warm,,,0.5,32,146,8.975800010375679
warm,,,0.5,32,147,8.87640001019463
warm,,,0.5,32,148,9.755900013260543
warm,,,0.5,32,149,9.080899995751679
warm,,,0.5,32,150,9.187599993310869
warm,,,0.5,32,151,8.94299999345094
warm,,,0.5,32,152,10.386799986008555
warm,,,0.5,32,153,8.95629997830838
warm,,,0.5,32,154,9.178699983749539
warm,,,0.5,32,155,10.05410001380369
warm,,,0.5,32,156,9.598400036338717
warm,,,0.5,32,157,10.097999998833984
warm,,,0.5,32,158,9.05860000057146
warm,,,0.5,32,159,10.443600011058152
warm,,,0.5,32,160,9.288600005675107
warm,,,0.5,32,161,8.929300005547702
warm,,,0.5,32,162,10.257099987939
warm,,,0.5,32,163,9.124499978497624
warm,,,0.5,32,164,9.1905000153929
warm,,,0.5,32,165,9.358399955090135
warm,,,0.5,32,166,10.844700038433075
warm,,,0.5,32,167,9.183499962091446
warm,,,0.5,32,168,8.886899973731488
warm,,,0.5,32,169,12.673399993218482
warm,,,0.5,32,170,10.720100020989776
warm,,,0.5,32,171,8.905099995899945
warm,,,0.5,32,172,10.167200001887977
warm,,,0.5,32,173,11.307300010230392
warm,,,0.5,32,174,14.357900014147162
warm,,,0.5,32,175,10.29270002618432
warm,,,0.5,32,176,9.100999974180013
warm,,,0.5,32,177,8.994600037112832
warm,,,0.5,32,178,9.58299997728318
warm,,,0.5,32,179,10.024900024291128
warm,,,0.5,32,180,9.013200004119426
warm,,,0.5,32,181,9.579700010363013
warm,,,0.5,32,182,9.991800005082041
warm,,,0.5,32,183,15.661799989175051
warm,,,0.5,32,184,13.107099977787584
warm,,,0.5,32,185,14.690599986352026
warm,,,0.5,32,186,11.126400029752403
warm,,,0.5,32,187,11.156899970956147
warm,,,0.5,32,188,8.892300014849752
warm,,,0.5,32,189,10.630000033415854
warm,,,0.5,32,190,12.924499984364957
warm,,,0.5,32,191,9.547900001052767
warm,,,0.5,32,192,11.437000008299947
warm,,,0.5,32,193,13.590199989266694
warm,,,0.5,32,194,14.077200030442327
warm,,,0.5,32,195,12.312299979384989
warm,,,0.5,32,196,10.421400016639382
warm,,,0.5,32,197,9.305300016421825
warm,,,0.5,32,198,8.775800000876188
warm,,,0.5,32,199,10.097499995026737
warm,,,0.75,4,0,27.250799990724772
warm,,,0.75,4,1,28.86299998499453
warm,,,0.75,4,2,33.71119999792427
warm,,,0.75,4,3,28.227799979504198
warm,,,0.75,4,4,26.92660002503544
warm,,,0.75,4,5,26.8377999891527
warm,,,0.75,4,6,27.91940001770854
warm,,,0.75,4,7,27.37239998532459
warm,,,0.75,4,8,27.588199998717755
warm,,,0.75,4,9,28.047200001310557
warm,,,0.75,4,10,26.672200008761138
warm,,,0.75,4,11,33.85799995157868
warm,,,0.75,4,12,28.375199995934963
warm,,,0.75,4,13,26.482899964321405
warm,,,0.75,4,14,31.486399995628744
warm,,,0.75,4,15,28.23499997612089
warm,,,0.75,4,16,27.562799979932606
warm,,,0.75,4,17,28.897999960463494
warm,,,0.75,4,18,28.027100022882223
warm,,,0.75,4,19,26.841900020372123
warm,,,0.75,4,20,27.142499980982393
warm,,,0.75,4,21,27.64400001615286
warm,,,0.75,4,22,27.13579998817295
warm,,,0.75,4,23,27.698899968527257
warm,,,0.75,4,24,27.597000007517636
warm,,,0.75,4,25,26.125699980184436
warm,,,0.75,4,26,27.799699979368597
warm,,,0.75,4,27,27.351299999281764
warm,,,0.75,4,28,28.767299954779446
warm,,,0.75,4,29,29.828400001861155
warm,,,0.75,4,30,42.43490000953898
warm,,,0.75,4,31,35.68260004976764
warm,,,0.75,4,32,30.025099986232817
warm,,,0.75,4,33,38.828999968245625
warm,,,0.75,4,34,27.301100024487823
warm,,,0.75,4,35,27.76979998452589
warm,,,0.75,4,36,26.996800035703927
warm,,,0.75,4,37,26.606300030834973
warm,,,0.75,4,38,27.001300011761487
warm,,,0.75,4,39,26.85540000675246
warm,,,0.75,4,40,26.932300010230392
warm,,,0.75,4,41,26.91620000405237
warm,,,0.75,4,42,26.86409995658323
warm,,,0.75,4,43,27.10330003174022
warm,,,0.75,4,44,27.972100011538714
warm,,,0.75,4,45,27.309299970511347
warm,,,0.75,4,46,30.785399954766035
warm,,,0.75,4,47,26.8122999696061
warm,,,0.75,4,48,26.879799959715456
warm,,,0.75,4,49,27.275700005702674
warm,,,0.75,4,50,27.551200008019805
warm,,,0.75,4,51,27.59190002689138
warm,,,0.75,4,52,27.10890001617372
warm,,,0.75,4,53,28.385500016156584
warm,,,0.75,4,54,26.710900012403727
warm,,,0.75,4,55,28.294700023252517
warm,,,0.75,4,56,27.129199996124953
warm,,,0.75,4,57,27.451500005554408
warm,,,0.75,4,58,26.87929995590821
warm,,,0.75,4,59,27.518999995663762
warm,,,0.75,4,60,27.0983999944292
warm,,,0.75,4,61,27.715499978512526
warm,,,0.75,4,62,27.294600033201277
warm,,,0.75,4,63,27.43610000470653
warm,,,0.75,4,64,27.46760001173243
warm,,,0.75,4,65,30.353099980857223
warm,,,0.75,4,66,41.3471000501886
warm,,,0.75,4,67,26.805499976035208
warm,,,0.75,4,68,37.786000000778586
warm,,,0.75,4,69,29.08089995617047
warm,,,0.75,4,70,26.872900023590773
warm,,,0.75,4,71,26.585099985823035
warm,,,0.75,4,72,47.23299999022856
warm,,,0.75,4,73,42.35299996798858
warm,,,0.75,4,74,28.51049997843802
warm,,,0.75,4,75,31.60839999327436
warm,,,0.75,4,76,30.391600041184574
warm,,,0.75,4,77,28.878599987365305
warm,,,0.75,4,78,40.05099995993078
warm,,,0.75,4,79,27.98770001390949
warm,,,0.75,4,80,26.974800042808056
warm,,,0.75,4,81,33.726399997249246
warm,,,0.75,4,82,28.755899984389544
warm,,,0.75,4,83,27.743700018618256
warm,,,0.75,4,84,33.911600010469556
warm,,,0.75,4,85,27.96390000730753
warm,,,0.75,4,86,27.94890000950545
warm,,,0.75,4,87,27.054400008637458
warm,,,0.75,4,88,26.23499999754131
warm,,,0.75,4,89,28.05000002263114
warm,,,0.75,4,90,28.52690004510805
warm,,,0.75,4,91,26.75050002289936
warm,,,0.75,4,92,27.604300004895777
warm,,,0.75,4,93,44.24660000950098
warm,,,0.75,4,94,41.52220004471019
warm,,,0.75,4,95,32.357499992940575
warm,,,0.75,4,96,31.03369998279959
warm,,,0.75,4,97,27.85249997396022
warm,,,0.75,4,98,27.703199943061918
warm,,,0.75,4,99,27.48199994675815
warm,,,0.75,4,100,29.62589997332543
warm,,,0.75,4,101,33.252399996854365
warm,,,0.75,4,102,37.61220001615584
warm,,,0.75,4,103,29.320600035134703
warm,,,0.75,4,104,28.07180001400411
warm,,,0.75,4,105,28.394400025717914
warm,,,0.75,4,106,27.772000001277775
warm,,,0.75,4,107,32.35340001992881
warm,,,0.75,4,108,27.491900022141635
warm,,,0.75,4,109,28.628200001548976
warm,,,0.75,4,110,27.404899999964982
warm,,,0.75,4,111,27.36529998946935
warm,,,0.75,4,112,34.631800022907555
warm,,,0.75,4,113,26.78160002687946
warm,,,0.75,4,114,31.25290002208203
warm,,,0.75,4,115,28.006099979393184
warm,,,0.75,4,116,27.189499989617616
warm,,,0.75,4,117,27.536700014024973
warm,,,0.75,4,118,27.66580000752583
warm,,,0.75,4,119,26.923299999907613
warm,,,0.75,4,120,29.774599999655038
warm,,,0.75,4,121,27.357099985238165
warm,,,0.75,4,122,30.317800003103912
warm,,,0.75,4,123,30.022399965673685
warm,,,0.75,4,124,27.439800032880157
warm,,,0.75,4,125,27.06609998131171
warm,,,0.75,4,126,26.74599998863414
warm,,,0.75,4,127,33.9129000203684
warm,,,0.75,4,128,27.16090000467375
warm,,,0.75,4,129,26.72970003914088
warm,,,0.75,4,130,43.20920002646744
warm,,,0.75,4,131,27.245599951129407
warm,,,0.75,4,132,36.46640002261847
warm,,,0.75,4,133,29.90630001295358
warm,,,0.75,4,134,27.26000000257045
warm,,,0.75,4,135,27.339500025846064
warm,,,0.75,4,136,27.247699967119843
warm,,,0.75,4,137,26.87780000269413
warm,,,0.75,4,138,27.58610004093498
warm,,,0.75,4,139,26.74910001223907
warm,,,0.75,4,140,27.913999976590276
warm,,,0.75,4,141,27.174999995622784
warm,,,0.75,4,142,25.994299969170243
warm,,,0.75,4,143,27.07779995398596
warm,,,0.75,4,144,27.97699999064207
warm,,,0.75,4,145,32.047700020484626
warm,,,0.75,4,146,36.205299955327064
warm,,,0.75,4,147,36.3997999811545
warm,,,0.75,4,148,28.077199996914715
warm,,,0.75,4,149,27.5093000382185
warm,,,0.75,4,150,27.673900010995567
warm,,,0.75,4,151,30.494900012854487
warm,,,0.75,4,152,26.77689999109134
warm,,,0.75,4,153,26.956800022162497
warm,,,0.75,4,154,28.22310000192374
warm,,,0.75,4,155,27.85430004587397
warm,,,0.75,4,156,29.77010002359748
warm,,,0.75,4,157,28.142199967987835
warm,,,0.75,4,158,40.07589997490868
warm,,,0.75,4,159,30.02639999613166
warm,,,0.75,4,160,28.077399998437613
warm,,,0.75,4,161,26.336200011428446
warm,,,0.75,4,162,27.454600029159337
warm,,,0.75,4,163,34.64979998534545
warm,,,0.75,4,164,33.93949999008328
warm,,,0.75,4,165,33.85920001892373
warm,,,0.75,4,166,30.82470002118498
warm,,,0.75,4,167,32.91379997972399
warm,,,0.75,4,168,29.150000016670674
warm,,,0.75,4,169,28.235399979166687
warm,,,0.75,4,170,28.004099964164197
warm,,,0.75,4,171,27.65569998882711
warm,,,0.75,4,172,26.238700025714934
warm,,,0.75,4,173,27.72980002919212
warm,,,0.75,4,174,27.37700002035126
warm,,,0.75,4,175,27.159100049175322
warm,,,0.75,4,176,35.58960004011169
warm,,,0.75,4,177,27.62899996014312
warm,,,0.75,4,178,37.03260002657771
warm,,,0.75,4,179,37.27460000663996
warm,,,0.75,4,180,28.765700000803918
warm,,,0.75,4,181,27.665700006764382
warm,,,0.75,4,182,27.164200029801577
warm,,,0.75,4,183,39.09490001387894
warm,,,0.75,4,184,39.9866999941878
warm,,,0.75,4,185,28.669399966020137
warm,,,0.75,4,186,28.385400015395135
warm,,,0.75,4,187,26.182100002188236
warm,,,0.75,4,188,27.29440003167838
warm,,,0.75,4,189,27.314100007060915
warm,,,0.75,4,190,27.331600023899227
warm,,,0.75,4,191,29.447700013406575
warm,,,0.75,4,192,27.80979999806732
warm,,,0.75,4,193,26.303499995265156
warm,,,0.75,4,194,27.71210001083091
warm,,,0.75,4,195,38.55850000400096
warm,,,0.75,4,196,29.396999976597726
warm,,,0.75,4,197,52.510500012431294
warm,,,0.75,4,198,34.29010004037991
warm,,,0.75,4,199,39.74510001717135
warm,,,0.75,8,0,30.545099987648427
warm,,,0.75,8,1,28.7934000371024
warm,,,0.75,8,2,27.64089999254793
warm,,,0.75,8,3,29.548000020440668
warm,,,0.75,8,4,26.410699996631593
warm,,,0.75,8,5,27.4467000272125
warm,,,0.75,8,6,27.68830000422895
warm,,,0.75,8,7,30.466699972748756
warm,,,0.75,8,8,28.414000000339
warm,,,0.75,8,9,27.3342999862507
warm,,,0.75,8,10,28.987199999392033
warm,,,0.75,8,11,28.207499999552965
warm,,,0.75,8,12,28.136399982031435
warm,,,0.75,8,13,27.668399969115853
warm,,,0.75,8,14,27.98040001653135
warm,,,0.75,8,15,29.0720000048168
warm,,,0.75,8,16,28.46190001582727
warm,,,0.75,8,17,38.0072999978438
warm,,,0.75,8,18,27.588400000240654
warm,,,0.75,8,19,27.55469997646287
warm,,,0.75,8,20,36.005000001750886
warm,,,0.75,8,21,38.559500011615455
warm,,,0.75,8,22,26.88789996318519
warm,,,0.75,8,23,29.10609997343272
warm,,,0.75,8,24,28.611599991563708
warm,,,0.75,8,25,26.98149997740984
warm,,,0.75,8,26,29.942399996798486
warm,,,0.75,8,27,29.790200002025813
warm,,,0.75,8,28,27.595999999903142
warm,,,0.75,8,29,27.52380003221333
warm,,,0.75,8,30,27.941200009081513
warm,,,0.75,8,31,30.327800021041185
warm,,,0.75,8,32,27.52079995116219
warm,,,0.75,8,33,27.95199997490272
warm,,,0.75,8,34,27.75810001185164
warm,,,0.75,8,35,30.86360002635047
warm,,,0.75,8,36,42.97720000613481
warm,,,0.75,8,37,29.096500016748905
warm,,,0.75,8,38,27.17700001085177
warm,,,0.75,8,39,26.299300021491945
warm,,,0.75,8,40,35.658599983435124
warm,,,0.75,8,41,40.39400001056492
warm,,,0.75,8,42,27.49410003889352
warm,,,0.75,8,43,27.79810002539307
warm,,,0.75,8,44,27.81279996270314
warm,,,0.75,8,45,27.674300014041364
warm,,,0.75,8,46,26.933499961160123
warm,,,0.75,8,47,27.68210001522675
warm,,,0.75,8,48,26.469700038433075
warm,,,0.75,8,49,27.399800019338727
warm,,,0.75,8,50,27.4158000247553
warm,,,0.75,8,51,29.034700011834502
warm,,,0.75,8,52,41.30019998410717
warm,,,0.75,8,53,32.609399990178645
warm,,,0.75,8,54,26.640199997927994
warm,,,0.75,8,55,26.988099969457835
warm,,,0.75,8,56,34.68149999389425
warm,,,0.75,8,57,38.07749995030463
warm,,,0.75,8,58,27.020999987144023
warm,,,0.75,8,59,27.984199987258762
warm,,,0.75,8,60,27.197499992325902
warm,,,0.75,8,61,27.727800013963133
warm,,,0.75,8,62,27.96670002862811
warm,,,0.75,8,63,27.036599989514798
warm,,,0.75,8,64,28.339600015897304
warm,,,0.75,8,65,27.310100034810603
warm,,,0.75,8,66,41.85869998764247
warm,,,0.75,8,67,40.25340004591271
warm,,,0.75,8,68,29.192999994847924
warm,,,0.75,8,69,28.308300010394305
warm,,,0.75,8,70,35.41640000184998
warm,,,0.75,8,71,38.77199999988079
warm,,,0.75,8,72,34.26990000298247
warm,,,0.75,8,73,46.17859999416396
warm,,,0.75,8,74,30.741600028704852
warm,,,0.75,8,75,32.22220001043752
warm,,,0.75,8,76,27.548499987460673
warm,,,0.75,8,77,26.455899991560727
warm,,,0.75,8,78,27.325900038704276
warm,,,0.75,8,79,27.591200021561235
warm,,,0.75,8,80,28.273699979763478
warm,,,0.75,8,81,39.84640003181994
warm,,,0.75,8,82,27.956100006122142
warm,,,0.75,8,83,27.81699999468401
warm,,,0.75,8,84,27.73119998164475
warm,,,0.75,8,85,27.517399983480573
warm,,,0.75,8,86,28.09430001070723
warm,,,0.75,8,87,27.767799969296902
warm,,,0.75,8,88,31.874499982222915
warm,,,0.75,8,89,26.648600003682077
warm,,,0.75,8,90,26.924400008283556
warm,,,0.75,8,91,27.278300025500357
warm,,,0.75,8,92,27.09549997234717
warm,,,0.75,8,93,27.105499990284443
warm,,,0.75,8,94,26.641499949619174
warm,,,0.75,8,95,28.77860004082322
warm,,,0.75,8,96,27.706999971996993
warm,,,0.75,8,97,27.186700026504695
warm,,,0.75,8,98,28.232300013769418
warm,,,0.75,8,99,28.00069999648258
warm,,,0.75,8,100,26.525900000706315
warm,,,0.75,8,101,27.647899987641722
warm,,,0.75,8,102,27.890600031241775
warm,,,0.75,8,103,34.14100001100451
warm,,,0.75,8,104,28.924600046593696
warm,,,0.75,8,105,27.929099975153804
warm,,,0.75,8,106,30.61010001692921
warm,,,0.75,8,107,31.041799986269325
warm,,,0.75,8,108,26.44950000103563
warm,,,0.75,8,109,27.20820001559332
warm,,,0.75,8,110,33.7878999998793
warm,,,0.75,8,111,32.735500019043684
warm,,,0.75,8,112,30.863899970427155
warm,,,0.75,8,113,27.67949999542907
warm,,,0.75,8,114,27.847799996379763
warm,,,0.75,8,115,27.088700036983937
warm,,,0.75,8,116,29.905100003816187
warm,,,0.75,8,117,37.70779998740181
warm,,,0.75,8,118,27.50470000319183
warm,,,0.75,8,119,27.63939998112619
warm,,,0.75,8,120,27.647499984595925
warm,,,0.75,8,121,27.287400036584586
warm,,,0.75,8,122,26.96980000473559
warm,,,0.75,8,123,28.6128000007011
warm,,,0.75,8,124,27.4271999951452
warm,,,0.75,8,125,26.96360001573339
warm,,,0.75,8,126,27.310699981171638
warm,,,0.75,8,127,28.83640001527965
warm,,,0.75,8,128,36.11680003814399
warm,,,0.75,8,129,34.7129000001587
warm,,,0.75,8,130,27.601500041782856
warm,,,0.75,8,131,27.885899995453656
warm,,,0.75,8,132,28.16659997915849
warm,,,0.75,8,133,28.05139997508377
warm,,,0.75,8,134,28.016500000376254
warm,,,0.75,8,135,27.006299991626292
warm,,,0.75,8,136,27.173199981916696
warm,,,0.75,8,137,27.120000042486936
warm,,,0.75,8,138,27.29539998108521
warm,,,0.75,8,139,26.9620000035502
warm,,,0.75,8,140,28.164399962406605
warm,,,0.75,8,141,27.798499970231205
warm,,,0.75,8,142,26.94770001107827
warm,,,0.75,8,143,28.861400031019002
warm,,,0.75,8,144,28.399000002536923
warm,,,0.75,8,145,37.006600003223866
warm,,,0.75,8,146,111.00440000882372
warm,,,0.75,8,147,46.46129999309778
warm,,,0.75,8,148,33.579699986148626
warm,,,0.75,8,149,29.717700032051653
warm,,,0.75,8,150,28.42610003426671
warm,,,0.75,8,151,27.9490000102669
warm,,,0.75,8,152,28.101300005801022
warm,,,0.75,8,153,27.120299986563623
warm,,,0.75,8,154,27.398700010962784
warm,,,0.75,8,155,27.176000003237277
warm,,,0.75,8,156,27.54139999160543
warm,,,0.75,8,157,36.562299996148795
warm,,,0.75,8,158,31.320300011429936
warm,,,0.75,8,159,29.290699982084334
warm,,,0.75,8,160,27.389299997594208
warm,,,0.75,8,161,28.074100031517446
warm,,,0.75,8,162,27.7308999793604
warm,,,0.75,8,163,27.851799968630075
warm,,,0.75,8,164,30.42769996682182
warm,,,0.75,8,165,37.10710001178086
warm,,,0.75,8,166,28.144899988546968
warm,,,0.75,8,167,28.497899998910725
warm,,,0.75,8,168,28.821899963077158
warm,,,0.75,8,169,27.822000032756478
warm,,,0.75,8,170,37.75770001811907
warm,,,0.75,8,171,28.188300027977675
warm,,,0.75,8,172,27.026700030546635
warm,,,0.75,8,173,27.23920001881197
warm,,,0.75,8,174,27.203899982851
warm,,,0.75,8,175,27.448499982710928
warm,,,0.75,8,176,40.1172999991104
warm,,,0.75,8,177,29.644299997016788
warm,,,0.75,8,178,28.103499964345247
warm,,,0.75,8,179,28.824299981351942
warm,,,0.75,8,180,28.283199993893504
warm,,,0.75,8,181,27.847899997141212
warm,,,0.75,8,182,26.718300010543317
warm,,,0.75,8,183,27.52390003297478
warm,,,0.75,8,184,27.477499970700592
warm,,,0.75,8,185,28.48099998664111
warm,,,0.75,8,186,34.97579996474087
warm,,,0.75,8,187,32.25930000189692
warm,,,0.75,8,188,28.019500023219734
warm,,,0.75,8,189,36.30549996159971
warm,,,0.75,8,190,30.446399992797524
warm,,,0.75,8,191,30.790100048761815
warm,,,0.75,8,192,26.747700001578778
warm,,,0.75,8,193,26.872400019783527
warm,,,0.75,8,194,27.34600001713261
warm,,,0.75,8,195,27.20210002735257
warm,,,0.75,8,196,26.87020000303164
warm,,,0.75,8,197,28.31500000320375
warm,,,0.75,8,198,29.028600023593754
warm,,,0.75,8,199,27.736600022763014
warm,,,0.75,16,0,33.98770000785589
warm,,,0.75,16,1,36.18870000354946
warm,,,0.75,16,2,28.555399971082807
warm,,,0.75,16,3,26.93699998781085
warm,,,0.75,16,4,27.05279999645427
warm,,,0.75,16,5,28.27349997824058
warm,,,0.75,16,6,29.162099992390722
warm,,,0.75,16,7,29.583800002001226
warm,,,0.75,16,8,30.04119999241084
warm,,,0.75,16,9,28.171900019515306
warm,,,0.75,16,10,27.970099996309727
warm,,,0.75,16,11,27.312300051562488
warm,,,0.75,16,12,28.372200031299144
warm,,,0.75,16,13,27.37840003101155
warm,,,0.75,16,14,36.80640005040914
warm,,,0.75,16,15,27.350799995474517
warm,,,0.75,16,16,27.61699998518452
warm,,,0.75,16,17,27.52199996029958
warm,,,0.75,16,18,27.65419997740537
warm,,,0.75,16,19,27.227099984884262
warm,,,0.75,16,20,27.371599979232997
warm,,,0.75,16,21,38.77990000182763
warm,,,0.75,16,22,28.90169998863712
warm,,,0.75,16,23,29.850399994757026
warm,,,0.75,16,24,27.457799995318055
warm,,,0.75,16,25,28.666500002145767
warm,,,0.75,16,26,26.59480000147596
warm,,,0.75,16,27,40.65680003259331
warm,,,0.75,16,28,28.38440000778064
warm,,,0.75,16,29,26.327300001867115
warm,,,0.75,16,30,28.284200001507998
warm,,,0.75,16,31,28.226800030097365
warm,,,0.75,16,32,29.02769995853305
warm,,,0.75,16,33,26.614999980665743
warm,,,0.75,16,34,27.525699988473207
warm,,,0.75,16,35,27.065399975981563
warm,,,0.75,16,36,45.186799950897694
warm,,,0.75,16,37,27.95189997414127
warm,,,0.75,16,38,26.67190000647679
warm,,,0.75,16,39,32.46020001824945
warm,,,0.75,16,40,30.024999985471368
warm,,,0.75,16,41,41.299099975731224
warm,,,0.75,16,42,33.705800015013665
warm,,,0.75,16,43,27.541199990082532
warm,,,0.75,16,44,27.047100011259317
warm,,,0.75,16,45,27.321300003677607
warm,,,0.75,16,46,28.087400016374886
warm,,,0.75,16,47,27.786499995272607
warm,,,0.75,16,48,29.861300019547343
warm,,,0.75,16,49,28.129199985414743
warm,,,0.75,16,50,28.284300002269447
warm,,,0.75,16,51,27.615400031208992
warm,,,0.75,16,52,28.628300002310425
warm,,,0.75,16,53,36.877199949231
warm,,,0.75,16,54,27.287099976092577
warm,,,0.75,16,55,27.891499979887158
warm,,,0.75,16,56,27.927800023462623
warm,,,0.75,16,57,27.1356999874115
warm,,,0.75,16,58,29.193900001700968
warm,,,0.75,16,59,28.695199987851083
warm,,,0.75,16,60,27.136400050949305
warm,,,0.75,16,61,29.45869998075068
warm,,,0.75,16,62,27.643300010822713
warm,,,0.75,16,63,34.06060003908351
warm,,,0.75,16,64,29.037600033916533
warm,,,0.75,16,65,26.97280002757907
warm,,,0.75,16,66,28.201900015119463
warm,,,0.75,16,67,27.536200010217726
warm,,,0.75,16,68,27.757200004998595
warm,,,0.75,16,69,26.857700024265796
warm,,,0.75,16,70,27.460400015115738
warm,,,0.75,16,71,30.283099971711636
warm,,,0.75,16,72,34.1912999865599
warm,,,0.75,16,73,31.15799999795854
warm,,,0.75,16,74,30.291699978988618
warm,,,0.75,16,75,35.76410003006458
warm,,,0.75,16,76,35.05030000815168
warm,,,0.75,16,77,33.81890000309795
warm,,,0.75,16,78,35.221400030422956
warm,,,0.75,16,79,34.782800008542836
warm,,,0.75,16,80,37.49089996563271
warm,,,0.75,16,81,26.15930000320077
warm,,,0.75,16,82,27.307000011205673
warm,,,0.75,16,83,27.189299988094717
warm,,,0.75,16,84,28.192800004035234
warm,,,0.75,16,85,31.229600019287318
warm,,,0.75,16,86,27.041799970902503
warm,,,0.75,16,87,26.225499983411282
warm,,,0.75,16,88,34.54640001291409
warm,,,0.75,16,89,36.63149999920279
warm,,,0.75,16,90,26.340599986724555
warm,,,0.75,16,91,27.74739998858422
warm,,,0.75,16,92,29.07629997935146
warm,,,0.75,16,93,29.848999984096736
warm,,,0.75,16,94,27.501300035510212
warm,,,0.75,16,95,27.118299971334636
warm,,,0.75,16,96,26.5771999838762
warm,,,0.75,16,97,27.641699998639524
warm,,,0.75,16,98,27.956000005360693
warm,,,0.75,16,99,35.64610000466928
warm,,,0.75,16,100,27.673700009472668
warm,,,0.75,16,101,27.125499967951328
warm,,,0.75,16,102,27.623500034678727
warm,,,0.75,16,103,26.90719999372959
warm,,,0.75,16,104,28.156699961982667
warm,,,0.75,16,105,27.72800001548603
warm,,,0.75,16,106,28.04220002144575
warm,,,0.75,16,107,28.9729000069201
warm,,,0.75,16,108,29.00229999795556
warm,,,0.75,16,109,31.351200013887137
warm,,,0.75,16,110,35.35809996537864
warm,,,0.75,16,111,28.17880001384765
warm,,,0.75,16,112,26.954500004649162
warm,,,0.75,16,113,28.585100022610277
warm,,,0.75,16,114,28.06169999530539
warm,,,0.75,16,115,27.83759997691959
warm,,,0.75,16,116,26.97100001387298
warm,,,0.75,16,117,28.2213999889791
warm,,,0.75,16,118,38.0328000173904
warm,,,0.75,16,119,28.168799995910376
warm,,,0.75,16,120,28.30000000540167
warm,,,0.75,16,121,28.562599967699498
warm,,,0.75,16,122,27.767499967012554
warm,,,0.75,16,123,27.451699948869646
warm,,,0.75,16,124,27.68379996996373
warm,,,0.75,16,125,28.30609999364242
warm,,,0.75,16,126,28.254800010472536
warm,,,0.75,16,127,45.133200008422136
warm,,,0.75,16,128,32.077400013804436
warm,,,0.75,16,129,30.443499970715493
warm,,,0.75,16,130,28.511699987575412
warm,,,0.75,16,131,29.693600023165345
warm,,,0.75,16,132,28.339400014374405
warm,,,0.75,16,133,37.64750005211681
warm,,,0.75,16,134,31.394499994348735
warm,,,0.75,16,135,27.342199988197535
warm,,,0.75,16,136,27.047199953813106
warm,,,0.75,16,137,33.94460002891719
warm,,,0.75,16,138,27.64850005041808
warm,,,0.75,16,139,37.19250002177432
warm,,,0.75,16,140,28.05089997127652
warm,,,0.75,16,141,28.768000018317252
warm,,,0.75,16,142,27.089200040791184
warm,,,0.75,16,143,27.166299987584352
warm,,,0.75,16,144,28.98890001233667
warm,,,0.75,16,145,34.80180003680289
warm,,,0.75,16,146,33.893899992108345
warm,,,0.75,16,147,29.03199999127537
warm,,,0.75,16,148,34.06360000371933
warm,,,0.75,16,149,37.83539996948093
warm,,,0.75,16,150,35.40039999643341
warm,,,0.75,16,151,28.431600017938763
warm,,,0.75,16,152,27.844400028698146
warm,,,0.75,16,153,34.78789998916909
warm,,,0.75,16,154,29.159800033085048
warm,,,0.75,16,155,38.47830003360286
warm,,,0.75,16,156,31.615599989891052
warm,,,0.75,16,157,31.922299996949732
warm,,,0.75,16,158,30.239799991250038
warm,,,0.75,16,159,28.049199958331883
warm,,,0.75,16,160,42.99919999903068
warm,,,0.75,16,161,44.789800012949854
warm,,,0.75,16,162,27.744300023186952
warm,,,0.75,16,163,29.6618000138551
warm,,,0.75,16,164,41.230700036976486
warm,,,0.75,16,165,29.17850000085309
warm,,,0.75,16,166,33.93769997637719
warm,,,0.75,16,167,28.3832999994047
warm,,,0.75,16,168,27.24700001999736
warm,,,0.75,16,169,26.77870000479743
warm,,,0.75,16,170,27.85249997396022
warm,,,0.75,16,171,26.77569998195395
warm,,,0.75,16,172,28.170900011900812
warm,,,0.75,16,173,28.71639997465536
warm,,,0.75,16,174,28.570299968123436
warm,,,0.75,16,175,29.10480002174154
warm,,,0.75,16,176,29.511100030504167
warm,,,0.75,16,177,30.381299962755293
warm,,,0.75,16,178,28.04080001078546
warm,,,0.75,16,179,26.9251000136137
warm,,,0.75,16,180,27.069200004916638
warm,,,0.75,16,181,27.74599997792393
warm,,,0.75,16,182,27.474399947095662
warm,,,0.75,16,183,27.595699997618794
warm,,,0.75,16,184,27.306700008921325
warm,,,0.75,16,185,27.76520000770688
warm,,,0.75,16,186,27.481400000397116
warm,,,0.75,16,187,27.964400011114776
warm,,,0.75,16,188,27.890800032764673
warm,,,0.75,16,189,26.571700000204146
warm,,,0.75,16,190,28.034399962052703
warm,,,0.75,16,191,30.24839999852702
warm,,,0.75,16,192,28.296499978750944
warm,,,0.75,16,193,29.854700027499348
warm,,,0.75,16,194,28.333300026133657
warm,,,0.75,16,195,30.446500051766634
warm,,,0.75,16,196,28.40389998164028
warm,,,0.75,16,197,46.03060003137216
warm,,,0.75,16,198,36.228699958883226
warm,,,0.75,16,199,33.37020002072677
warm,,,0.75,32,0,9.443200018722564
warm,,,0.75,32,1,16.170800023246557
warm,,,0.75,32,2,13.991999963764101
warm,,,0.75,32,3,17.990300024393946
warm,,,0.75,32,4,12.30020000366494
warm,,,0.75,32,5,11.459700006525964
warm,,,0.75,32,6,9.5446000341326
warm,,,0.75,32,7,9.909600019454956
warm,,,0.75,32,8,9.413200023118407
warm,,,0.75,32,9,11.051899986341596
warm,,,0.75,32,10,9.8172000143677
warm,,,0.75,32,11,9.225099987816066
warm,,,0.75,32,12,14.70780000090599
warm,,,0.75,32,13,14.658399973995984
warm,,,0.75,32,14,12.480099976528436
warm,,,0.75,32,15,10.339699976611882
warm,,,0.75,32,16,10.211899993009865
warm,,,0.75,32,17,11.38459995854646
warm,,,0.75,32,18,9.727499971631914
warm,,,0.75,32,19,9.275099961087108
warm,,,0.75,32,20,9.368999977596104
warm,,,0.75,32,21,9.930700005497783
warm,,,0.75,32,22,9.740199951920658
warm,,,0.75,32,23,9.90310002816841
warm,,,0.75,32,24,10.001500020734966
warm,,,0.75,32,25,9.80659999186173
warm,,,0.75,32,26,9.340199991129339
warm,,,0.75,32,27,9.680200018920004
warm,,,0.75,32,28,10.494799993466586
warm,,,0.75,32,29,9.285999985877424
warm,,,0.75,32,30,12.118099955841899
warm,,,0.75,32,31,14.805499988142401
warm,,,0.75,32,32,12.000699993222952
warm,,,0.75,32,33,10.78770001186058
warm,,,0.75,32,34,10.188499989453703
warm,,,0.75,32,35,10.57559996843338
warm,,,0.75,32,36,13.468299992382526
warm,,,0.75,32,37,13.863599975593388
warm,,,0.75,32,38,12.719099991954863
warm,,,0.75,32,39,16.08279999345541
warm,,,0.75,32,40,14.833299966994673
warm,,,0.75,32,41,12.442300037946552
warm,,,0.75,32,42,10.181299992837012
warm,,,0.75,32,43,9.68819996342063
warm,,,0.75,32,44,10.295399988535792
warm,,,0.75,32,45,9.709799953270704
warm,,,0.75,32,46,9.239999984856695
warm,,,0.75,32,47,9.690700040664524
warm,,,0.75,32,48,10.543599957600236
warm,,,0.75,32,49,10.202699981164187
warm,,,0.75,32,50,10.615299979690462
warm,,,0.75,32,51,13.808200019411743
warm,,,0.75,32,52,10.140799975488335
warm,,,0.75,32,53,10.355599981267005
warm,,,0.75,32,54,12.18770002014935
warm,,,0.75,32,55,9.85570001648739
warm,,,0.75,32,56,10.200300021097064
warm,,,0.75,32,57,10.819200018886477
warm,,,0.75,32,58,9.299299970734864
warm,,,0.75,32,59,10.29290002770722
warm,,,0.75,32,60,11.579499987419695
warm,,,0.75,32,61,10.334399994462729
warm,,,0.75,32,62,10.51950000692159
warm,,,0.75,32,63,11.121699993964285
warm,,,0.75,32,64,9.300499979872257
warm,,,0.75,32,65,9.413499967195094
warm,,,0.75,32,66,9.521299973130226
warm,,,0.75,32,67,10.974100034218282
warm,,,0.75,32,68,9.612999972887337
warm,,,0.75,32,69,9.462599991820753
warm,,,0.75,32,70,10.290300007909536
warm,,,0.75,32,71,9.597499971278012
warm,,,0.75,32,72,9.498699975665659
warm,,,0.75,32,73,10.435799951665103
warm,,,0.75,32,74,9.89420001860708
warm,,,0.75,32,75,9.936599992215633
warm,,,0.75,32,76,11.219399981200695
warm,,,0.75,32,77,9.868699999060482
warm,,,0.75,32,78,9.603400016203523
warm,,,0.75,32,79,9.752199985086918
warm,,,0.75,32,80,10.447499982547015
warm,,,0.75,32,81,10.179300035815686
warm,,,0.75,32,82,9.736299980431795
warm,,,0.75,32,83,10.09399996837601
warm,,,0.75,32,84,10.077100014314055
warm,,,0.75,32,85,9.665300021879375
warm,,,0.75,32,86,10.719799960497767
warm,,,0.75,32,87,10.03189996117726
warm,,,0.75,32,88,9.565000014845282
warm,,,0.75,32,89,9.598499978892505
warm,,,0.75,32,90,10.4243999812752
warm,,,0.75,32,91,9.742400026880205
warm,,,0.75,32,92,9.740500012412667
warm,,,0.75,32,93,10.97140001365915
warm,,,0.75,32,94,9.69269999768585
warm,,,0.75,32,95,9.578199998941272
warm,,,0.75,32,96,10.03489998402074
warm,,,0.75,32,97,10.121700004674494
warm,,,0.75,32,98,10.210099979303777
warm,,,0.75,32,99,10.095300036482513
warm,,,0.75,32,100,16.242300043813884
warm,,,0.75,32,101,13.937100011389703
warm,,,0.75,32,102,12.629900011233985
warm,,,0.75,32,103,10.179200035054237
warm,,,0.75,32,104,15.788499964401126
warm,,,0.75,32,105,18.946200027130544
warm,,,0.75,32,106,13.526800030376762
warm,,,0.75,32,107,10.304299998097122
warm,,,0.75,32,108,9.464800008572638
warm,,,0.75,32,109,10.356999991927296
warm,,,0.75,32,110,13.66489997599274
warm,,,0.75,32,111,9.912599984090775
warm,,,0.75,32,112,9.3949000001885
warm,,,0.75,32,113,10.113700001966208
warm,,,0.75,32,114,9.456600004341453
warm,,,0.75,32,115,9.334600006695837
warm,,,0.75,32,116,10.211999993771315
warm,,,0.75,32,117,10.152200004085898
warm,,,0.75,32,118,9.688400023151189
warm,,,0.75,32,119,9.998900000937283
warm,,,0.75,32,120,11.507299961522222
warm,,,0.75,32,121,9.208499977830797
warm,,,0.75,32,122,9.692499996162951
warm,,,0.75,32,123,10.74170001083985
warm,,,0.75,32,124,9.493399993516505
warm,,,0.75,32,125,9.43060003919527
warm,,,0.75,32,126,10.58020000346005
warm,,,0.75,32,127,9.715299995150417
warm,,,0.75,32,128,9.678999951574951
warm,,,0.75,32,129,9.850399976130575
warm,,,0.75,32,130,11.42609998350963
warm,,,0.75,32,131,10.367800015956163
warm,,,0.75,32,132,9.663400007411838
warm,,,0.75,32,133,10.459500015713274
warm,,,0.75,32,134,9.777500003110617
warm,,,0.75,32,135,9.705599979497492
warm,,,0.75,32,136,10.533799999393523
warm,,,0.75,32,137,10.39489998947829
warm,,,0.75,32,138,9.509499999694526
warm,,,0.75,32,139,10.317700041923672
warm,,,0.75,32,140,9.617300005629659
warm,,,0.75,32,141,9.313600021414459
warm,,,0.75,32,142,10.735300020314753
warm,,,0.75,32,143,13.379399955738336
warm,,,0.75,32,144,9.533300006296486
warm,,,0.75,32,145,9.484399983193725
warm,,,0.75,32,146,10.50319999922067
warm,,,0.75,32,147,12.425500026438385
warm,,,0.75,32,148,13.949699990916997
warm,,,0.75,32,149,14.777899952605367
warm,,,0.75,32,150,14.184499974362552
warm,,,0.75,32,151,12.517699971795082
warm,,,0.75,32,152,9.807299997191876
warm,,,0.75,32,153,10.116100020240992
warm,,,0.75,32,154,10.890799982007593
warm,,,0.75,32,155,9.351000015158206
warm,,,0.75,32,156,10.022500006016344
warm,,,0.75,32,157,10.753199981991202
warm,,,0.75,32,158,9.642100019846112
warm,,,0.75,32,159,9.3635999946855
warm,,,0.75,32,160,9.269599977415055
warm,,,0.75,32,161,10.204099991824478
warm,,,0.75,32,162,10.307999968063086
warm,,,0.75,32,163,12.199899996630847
warm,,,0.75,32,164,11.407400015741587
warm,,,0.75,32,165,11.618499993346632
warm,,,0.75,32,166,14.203600003384054
warm,,,0.75,32,167,10.117599973455071
warm,,,0.75,32,168,9.664200013503432
warm,,,0.75,32,169,9.77280002553016
warm,,,0.75,32,170,10.408999980427325
warm,,,0.75,32,171,9.65269998414442
warm,,,0.75,32,172,9.42289998056367
warm,,,0.75,32,173,10.136500000953674
warm,,,0.75,32,174,10.450900008436292
warm,,,0.75,32,175,9.31350002065301
warm,,,0.75,32,176,10.630700038746
warm,,,0.75,32,177,10.776999988593161
warm,,,0.75,32,178,12.542199983727187
warm,,,0.75,32,179,15.074599999934435
warm,,,0.75,32,180,14.166000008117408
warm,,,0.75,32,181,10.845599987078458
warm,,,0.75,32,182,11.641499993856996
warm,,,0.75,32,183,9.518900013063103
warm,,,0.75,32,184,9.715799998957664
warm,,,0.75,32,185,10.278300032950938
warm,,,0.75,32,186,9.62309999158606
warm,,,0.75,32,187,9.89570003002882
warm,,,0.75,32,188,10.177999967709184
warm,,,0.75,32,189,9.684199991170317
warm,,,0.75,32,190,10.15789998928085
warm,,,0.75,32,191,10.030000004917383
warm,,,0.75,32,192,10.597199958283454
warm,,,0.75,32,193,10.118599981069565
warm,,,0.75,32,194,10.146400018129498
warm,,,0.75,32,195,11.581900005694479
warm,,,0.75,32,196,9.500999993178993
warm,,,0.75,32,197,9.43490001372993
warm,,,0.75,32,198,10.264800046570599
warm,,,0.75,32,199,9.637400042265654
warm,,,1.0,4,0,31.18480002740398
warm,,,1.0,4,1,33.077500003855675
warm,,,1.0,4,2,31.66039998177439
warm,,,1.0,4,3,30.501200002618134
warm,,,1.0,4,4,30.678700015414506
warm,,,1.0,4,5,30.81440000096336
warm,,,1.0,4,6,30.453299987129867
warm,,,1.0,4,7,32.76849997928366
warm,,,1.0,4,8,31.41610004240647
warm,,,1.0,4,9,30.81129997735843
warm,,,1.0,4,10,30.333300004713237
warm,,,1.0,4,11,30.458299966994673
warm,,,1.0,4,12,31.200299970805645
warm,,,1.0,4,13,37.740300002042204
warm,,,1.0,4,14,34.147300000768155
warm,,,1.0,4,15,33.35270000388846
warm,,,1.0,4,16,31.263799988664687
warm,,,1.0,4,17,34.19639996718615
warm,,,1.0,4,18,32.00870001455769
warm,,,1.0,4,19,29.973900003824383
warm,,,1.0,4,20,30.498600041028112
warm,,,1.0,4,21,30.837199999950826
warm,,,1.0,4,22,44.71950000151992
warm,,,1.0,4,23,30.93720000470057
warm,,,1.0,4,24,30.370799999218434
warm,,,1.0,4,25,30.5553000071086
warm,,,1.0,4,26,30.72540002176538
warm,,,1.0,4,27,30.90459998929873
warm,,,1.0,4,28,31.81439999025315
warm,,,1.0,4,29,32.25430002203211
warm,,,1.0,4,30,31.534000008832663
warm,,,1.0,4,31,57.307900045998394
warm,,,1.0,4,32,35.49330000532791
warm,,,1.0,4,33,30.137899972032756
warm,,,1.0,4,34,35.722100001294166
warm,,,1.0,4,35,31.47380001610145
warm,,,1.0,4,36,31.397299957461655
warm,,,1.0,4,37,34.01040000608191
warm,,,1.0,4,38,33.24700001394376
warm,,,1.0,4,39,34.18779995990917
warm,,,1.0,4,40,37.60889999102801
warm,,,1.0,4,41,32.17909997329116
warm,,,1.0,4,42,30.647500010672957
warm,,,1.0,4,43,40.81089998362586
warm,,,1.0,4,44,30.850699986331165
warm,,,1.0,4,45,31.177899974863976
warm,,,1.0,4,46,31.043599999975413
warm,,,1.0,4,47,38.07270003017038
warm,,,1.0,4,48,31.630199984647334
warm,,,1.0,4,49,30.617800017353147
warm,,,1.0,4,50,30.827299982775003
warm,,,1.0,4,51,30.772200028877705
warm,,,1.0,4,52,33.23729999829084
warm,,,1.0,4,53,48.20429999381304
warm,,,1.0,4,54,122.8100000298582
warm,,,1.0,4,55,35.63460003351793
warm,,,1.0,4,56,30.76990001136437
warm,,,1.0,4,57,31.158500001765788
warm,,,1.0,4,58,36.331299983430654
warm,,,1.0,4,59,30.977100017480552
warm,,,1.0,4,60,35.63810000196099
warm,,,1.0,4,61,35.70090001448989
warm,,,1.0,4,62,33.91689999261871
warm,,,1.0,4,63,39.53609999734908
warm,,,1.0,4,64,32.440700044389814
warm,,,1.0,4,65,33.230300003197044
warm,,,1.0,4,66,35.14459996949881
warm,,,1.0,4,67,33.78470003372058
warm,,,1.0,4,68,33.828499959781766
warm,,,1.0,4,69,31.053699960466474
warm,,,1.0,4,70,31.07369999634102
warm,,,1.0,4,71,30.78030003234744
warm,,,1.0,4,72,30.843800050206482
warm,,,1.0,4,73,31.03820001706481
warm,,,1.0,4,74,33.677599974907935
warm,,,1.0,4,75,41.02760000387207
warm,,,1.0,4,76,30.3816000232473
warm,,,1.0,4,77,31.224199978169054
warm,,,1.0,4,78,31.996399979107082
warm,,,1.0,4,79,33.06079999310896
warm,,,1.0,4,80,31.268899969290942
warm,,,1.0,4,81,32.040600024629384
warm,,,1.0,4,82,33.41009997529909
warm,,,1.0,4,83,31.3726999447681
warm,,,1.0,4,84,30.201799992937595
warm,,,1.0,4,85,30.570300004910678
warm,,,1.0,4,86,47.041799989528954
warm,,,1.0,4,87,31.585099990479648
warm,,,1.0,4,88,30.586700013373047
warm,,,1.0,4,89,31.623699993360788
warm,,,1.0,4,90,30.61159997014329
warm,,,1.0,4,91,31.640699948184192
warm,,,1.0,4,92,30.50629998324439
warm,,,1.0,4,93,31.17470000870526
warm,,,1.0,4,94,31.03230003034696
warm,,,1.0,4,95,31.36719996109605
warm,,,1.0,4,96,31.951399985700846
warm,,,1.0,4,97,31.261199968867004
warm,,,1.0,4,98,40.159499971196055
warm,,,1.0,4,99,30.801700020674616
warm,,,1.0,4,100,30.79980000620708
warm,,,1.0,4,101,30.939300020691007
warm,,,1.0,4,102,31.783999991603196
warm,,,1.0,4,103,33.409499970730394
warm,,,1.0,4,104,32.93329995358363
warm,,,1.0,4,105,32.89060003589839
warm,,,1.0,4,106,30.840699968393892
warm,,,1.0,4,107,29.647599963936955
warm,,,1.0,4,108,30.235799960792065
warm,,,1.0,4,109,38.65100000984967
warm,,,1.0,4,110,30.71339998859912
warm,,,1.0,4,111,30.748600023798645
warm,,,1.0,4,112,31.01289999904111
warm,,,1.0,4,113,31.524799996986985
warm,,,1.0,4,114,30.24970000842586
warm,,,1.0,4,115,45.74740002863109
warm,,,1.0,4,116,30.802100023720413
warm,,,1.0,4,117,30.102499993517995
warm,,,1.0,4,118,37.313600012566894
warm,,,1.0,4,119,30.22320003947243
warm,,,1.0,4,120,47.21889999927953
warm,,,1.0,4,121,45.925899990834296
warm,,,1.0,4,122,32.99710003193468
warm,,,1.0,4,123,31.85590001521632
warm,,,1.0,4,124,31.89749998273328
warm,,,1.0,4,125,33.169400005135685
warm,,,1.0,4,126,44.68339995946735
warm,,,1.0,4,127,37.628699967172
warm,,,1.0,4,128,34.88749999087304
warm,,,1.0,4,129,31.180799996946007
warm,,,1.0,4,130,32.3985000140965
warm,,,1.0,4,131,33.132400014437735
warm,,,1.0,4,132,30.47679999144748
warm,,,1.0,4,133,31.694200006313622
warm,,,1.0,4,134,31.451999966520816
warm,,,1.0,4,135,31.92399995168671
warm,,,1.0,4,136,32.19539998099208
warm,,,1.0,4,137,33.42479997081682
warm,,,1.0,4,138,40.196700021624565
warm,,,1.0,4,139,30.486400006338954
warm,,,1.0,4,140,30.688899976667017
warm,,,1.0,4,141,30.811900040134788
warm,,,1.0,4,142,30.265300010796636
warm,,,1.0,4,143,31.43350000027567
warm,,,1.0,4,144,31.34060004958883
warm,,,1.0,4,145,30.97269998397678
warm,,,1.0,4,146,30.984199955128133
warm,,,1.0,4,147,31.36720001930371
warm,,,1.0,4,148,31.0380999580957
warm,,,1.0,4,149,34.508900018408895
warm,,,1.0,4,150,32.3600999545306
warm,,,1.0,4,151,31.63360001053661
warm,,,1.0,4,152,32.31069998582825
warm,,,1.0,4,153,31.03970002848655
warm,,,1.0,4,154,31.788599968422204
warm,,,1.0,4,155,31.044299947097898
warm,,,1.0,4,156,37.311799998860806
warm,,,1.0,4,157,31.384300033096224
warm,,,1.0,4,158,31.21300000930205
warm,,,1.0,4,159,29.730300011578947
warm,,,1.0,4,160,30.242900014854968
warm,,,1.0,4,161,30.48870002385229
warm,,,1.0,4,162,31.12440003314987
warm,,,1.0,4,163,30.84259998286143
warm,,,1.0,4,164,30.85760003887117
warm,,,1.0,4,165,31.757800024934113
warm,,,1.0,4,166,34.70179997384548
warm,,,1.0,4,167,34.22520001186058
warm,,,1.0,4,168,30.21890000673011
warm,,,1.0,4,169,30.273899959865957
warm,,,1.0,4,170,31.333899998571724
warm,,,1.0,4,171,30.262299987953156
warm,,,1.0,4,172,31.932300014887005
warm,,,1.0,4,173,30.388700019102544
warm,,,1.0,4,174,31.653800047934055
warm,,,1.0,4,175,31.364900001790375
warm,,,1.0,4,176,34.00529996724799
warm,,,1.0,4,177,31.331000034697354
warm,,,1.0,4,178,31.192999973427504
warm,,,1.0,4,179,31.502700003329664
warm,,,1.0,4,180,31.054000020958483
warm,,,1.0,4,181,31.094099977053702
warm,,,1.0,4,182,39.72080000676215
warm,,,1.0,4,183,38.62980002304539
warm,,,1.0,4,184,31.42479999223724
warm,,,1.0,4,185,32.17940003378317
warm,,,1.0,4,186,29.833899985533208
warm,,,1.0,4,187,32.45889995014295
warm,,,1.0,4,188,32.028399989940226
warm,,,1.0,4,189,51.36559996753931
warm,,,1.0,4,190,39.639600028749555
warm,,,1.0,4,191,33.856699999887496
warm,,,1.0,4,192,30.567599984351546
warm,,,1.0,4,193,31.702600012067705
warm,,,1.0,4,194,39.79690000414848
warm,,,1.0,4,195,36.05359996436164
warm,,,1.0,4,196,31.613800034392625
warm,,,1.0,4,197,32.35819999827072
warm,,,1.0,4,198,32.692499982658774
warm,,,1.0,4,199,31.692099990323186
warm,,,1.0,8,0,30.455200001597404
warm,,,1.0,8,1,41.07500001555309
warm,,,1.0,8,2,30.548500013537705
warm,,,1.0,8,3,30.91080003650859
warm,,,1.0,8,4,36.435000016354024
warm,,,1.0,8,5,32.194800034631044
warm,,,1.0,8,6,52.311499952338636
warm,,,1.0,8,7,32.240400032605976
warm,,,1.0,8,8,31.193400034680963
warm,,,1.0,8,9,32.18500001821667
warm,,,1.0,8,10,32.95869997236878
warm,,,1.0,8,11,33.158999984152615
warm,,,1.0,8,12,29.929000011179596
warm,,,1.0,8,13,32.10800001397729
warm,,,1.0,8,14,50.77920004259795
warm,,,1.0,8,15,31.188699998892844
warm,,,1.0,8,16,30.57320002699271
warm,,,1.0,8,17,31.24430001480505
warm,,,1.0,8,18,30.978400027379394
warm,,,1.0,8,19,35.06200003903359
warm,,,1.0,8,20,31.594200001563877
warm,,,1.0,8,21,32.15049998834729
warm,,,1.0,8,22,32.24809997482225
warm,,,1.0,8,23,32.56089997012168
warm,,,1.0,8,24,36.145699967164546
warm,,,1.0,8,25,36.2211000174284
warm,,,1.0,8,26,36.39249998377636
warm,,,1.0,8,27,37.055499968118966
warm,,,1.0,8,28,37.07899997243658
warm,,,1.0,8,29,31.97740000905469
warm,,,1.0,8,30,30.228399962652475
warm,,,1.0,8,31,36.16149997105822
warm,,,1.0,8,32,34.114799986127764
warm,,,1.0,8,33,31.649500015191734
warm,,,1.0,8,34,31.18920000270009
warm,,,1.0,8,35,32.117599970661104
warm,,,1.0,8,36,31.253500026650727
warm,,,1.0,8,37,31.443499960005283
warm,,,1.0,8,38,30.778000014834106
warm,,,1.0,8,39,44.647300033830106
warm,,,1.0,8,40,41.05350002646446
warm,,,1.0,8,41,39.173000026494265
warm,,,1.0,8,42,38.20190002443269
warm,,,1.0,8,43,31.794400012586266
warm,,,1.0,8,44,32.5460999738425
warm,,,1.0,8,45,39.90820003673434
warm,,,1.0,8,46,36.12979996250942
warm,,,1.0,8,47,31.789999979082495
warm,,,1.0,8,48,31.563600001391023
warm,,,1.0,8,49,31.613899976946414
warm,,,1.0,8,50,32.314400014001876
warm,,,1.0,8,51,31.49030002532527
warm,,,1.0,8,52,33.386000024620444
warm,,,1.0,8,53,31.59950004192069
warm,,,1.0,8,54,30.471900012344122
warm,,,1.0,8,55,32.76820003520697
warm,,,1.0,8,56,33.37849996751174
warm,,,1.0,8,57,31.360599969048053
warm,,,1.0,8,58,35.20709997974336
warm,,,1.0,8,59,32.86769997794181
warm,,,1.0,8,60,37.79859998030588
warm,,,1.0,8,61,31.46510000806302
warm,,,1.0,8,62,31.08839999185875
warm,,,1.0,8,63,31.419600010849535
warm,,,1.0,8,64,31.83799999533221
warm,,,1.0,8,65,31.60270000807941
warm,,,1.0,8,66,52.12549999123439
warm,,,1.0,8,67,36.7293999879621
warm,,,1.0,8,68,30.456200009211898
warm,,,1.0,8,69,31.873199972324073
warm,,,1.0,8,70,35.27559997746721
warm,,,1.0,8,71,37.49459999380633
warm,,,1.0,8,72,31.341099995188415
warm,,,1.0,8,73,30.83210001932457
warm,,,1.0,8,74,32.185599964577705
warm,,,1.0,8,75,31.148899986874312
warm,,,1.0,8,76,31.384300033096224
warm,,,1.0,8,77,31.148299982305616
warm,,,1.0,8,78,32.83809998538345
warm,,,1.0,8,79,31.073199992533773
warm,,,1.0,8,80,31.70190000673756
warm,,,1.0,8,81,32.541199994739145
warm,,,1.0,8,82,30.861100007314235
warm,,,1.0,8,83,32.330300018657
warm,,,1.0,8,84,30.984200013335794
warm,,,1.0,8,85,30.935299990233034
warm,,,1.0,8,86,31.353999977000058
warm,,,1.0,8,87,37.776999990455806
warm,,,1.0,8,88,31.845199991948903
warm,,,1.0,8,89,31.61419997923076
warm,,,1.0,8,90,32.96699997736141
warm,,,1.0,8,91,31.511400011368096
warm,,,1.0,8,92,35.94319999683648
warm,,,1.0,8,93,32.545499969273806
warm,,,1.0,8,94,31.203699996694922
warm,,,1.0,8,95,32.19050000188872
warm,,,1.0,8,96,31.23950003646314
warm,,,1.0,8,97,32.559200015384704
warm,,,1.0,8,98,33.37319998536259
warm,,,1.0,8,99,33.1047999789007
warm,,,1.0,8,100,35.32450000056997
warm,,,1.0,8,101,31.32860001642257
warm,,,1.0,8,102,31.07629995793104
warm,,,1.0,8,103,32.74170000804588
warm,,,1.0,8,104,34.64909998001531
warm,,,1.0,8,105,30.808099952992052
warm,,,1.0,8,106,32.40399999776855
warm,,,1.0,8,107,49.178000015672296
warm,,,1.0,8,108,56.7287000012584
warm,,,1.0,8,109,36.01450001588091
warm,,,1.0,8,110,42.83430002396926
warm,,,1.0,8,111,30.37870000116527
warm,,,1.0,8,112,31.96839999873191
warm,,,1.0,8,113,35.27829999802634
warm,,,1.0,8,114,47.64810000779107
warm,,,1.0,8,115,31.230400025378913
warm,,,1.0,8,116,31.6914000432007
warm,,,1.0,8,117,33.42059999704361
warm,,,1.0,8,118,34.894099982921034
warm,,,1.0,8,119,36.507399985566735
warm,,,1.0,8,120,31.226799997966737
warm,,,1.0,8,121,33.2102999673225
warm,,,1.0,8,122,33.23100000852719
warm,,,1.0,8,123,32.68899995600805
warm,,,1.0,8,124,32.43930003372952
warm,,,1.0,8,125,31.75250004278496
warm,,,1.0,8,126,30.465200019534677
warm,,,1.0,8,127,30.947000021114945
warm,,,1.0,8,128,31.580800015944988
warm,,,1.0,8,129,31.190500012598932
warm,,,1.0,8,130,36.380699952133
warm,,,1.0,8,131,32.13310003047809
warm,,,1.0,8,132,31.81920002680272
warm,,,1.0,8,133,43.32799999974668
warm,,,1.0,8,134,37.25829999893904
warm,,,1.0,8,135,34.317600016947836
warm,,,1.0,8,136,34.1167000005953
warm,,,1.0,8,137,31.26620000693947
warm,,,1.0,8,138,31.455500051379204
warm,,,1.0,8,139,32.57270000176504
warm,,,1.0,8,140,32.074499991722405
warm,,,1.0,8,141,31.23060002690181
warm,,,1.0,8,142,31.33010002784431
warm,,,1.0,8,143,31.4426000113599
warm,,,1.0,8,144,31.322099966928363
warm,,,1.0,8,145,31.250500003807247
warm,,,1.0,8,146,31.423999986145645
warm,,,1.0,8,147,31.346599978860468
warm,,,1.0,8,148,34.58239999599755
warm,,,1.0,8,149,32.249199983198196
warm,,,1.0,8,150,39.84910005237907
warm,,,1.0,8,151,36.074800009373575
warm,,,1.0,8,152,30.30159999616444
warm,,,1.0,8,153,31.05620003771037
warm,,,1.0,8,154,31.121400010306388
warm,,,1.0,8,155,31.23990003950894
warm,,,1.0,8,156,52.052500017452985
warm,,,1.0,8,157,31.69620002154261
warm,,,1.0,8,158,31.11649997299537
warm,,,1.0,8,159,31.267100013792515
warm,,,1.0,8,160,33.98060001200065
warm,,,1.0,8,161,31.179499987047166
warm,,,1.0,8,162,30.962200020439923
warm,,,1.0,8,163,33.685099973808974
warm,,,1.0,8,164,30.795899976510555
warm,,,1.0,8,165,31.931100005749613
warm,,,1.0,8,166,32.52970002358779
warm,,,1.0,8,167,32.96540002338588
warm,,,1.0,8,168,31.724800006486475
warm,,,1.0,8,169,39.75410002749413
warm,,,1.0,8,170,31.207600026391447
warm,,,1.0,8,171,43.63199998624623
warm,,,1.0,8,172,44.94049999630079
warm,,,1.0,8,173,35.245099978055805
warm,,,1.0,8,174,31.044900009874254
warm,,,1.0,8,175,31.039000023156404
warm,,,1.0,8,176,41.06219997629523
warm,,,1.0,8,177,35.38560000015423
warm,,,1.0,8,178,41.14300000946969
warm,,,1.0,8,179,30.870400019921362
warm,,,1.0,8,180,31.385300040710717
warm,,,1.0,8,181,33.406500006094575
warm,,,1.0,8,182,32.806600036565214
warm,,,1.0,8,183,30.739300011191517
warm,,,1.0,8,184,30.543799977749586
warm,,,1.0,8,185,30.686200014315546
warm,,,1.0,8,186,31.827399972826242
warm,,,1.0,8,187,31.938000000081956
warm,,,1.0,8,188,37.3307999689132
warm,,,1.0,8,189,33.96470000734553
warm,,,1.0,8,190,32.671599998138845
warm,,,1.0,8,191,31.74489998491481
warm,,,1.0,8,192,31.431199982762337
warm,,,1.0,8,193,31.962000008206815
warm,,,1.0,8,194,30.95799998845905
warm,,,1.0,8,195,31.215500028338283
warm,,,1.0,8,196,33.157599973492324
warm,,,1.0,8,197,32.099600008223206
warm,,,1.0,8,198,32.13490004418418
warm,,,1.0,8,199,31.86350001487881
warm,,,1.0,16,0,30.955900030676275
warm,,,1.0,16,1,31.754800002090633
warm,,,1.0,16,2,39.37489999225363
warm,,,1.0,16,3,31.377899984363467
warm,,,1.0,16,4,31.72389999963343
warm,,,1.0,16,5,32.91090001584962
warm,,,1.0,16,6,32.23950002575293
warm,,,1.0,16,7,32.99239999614656
warm,,,1.0,16,8,32.147000019904226
warm,,,1.0,16,9,32.11500000907108
warm,,,1.0,16,10,32.539499981794506
warm,,,1.0,16,11,30.636099982075393
warm,,,1.0,16,12,31.94070002064109
warm,,,1.0,16,13,34.36730004614219
warm,,,1.0,16,14,34.05199997359887
warm,,,1.0,16,15,31.895700027234852
warm,,,1.0,16,16,40.249900019261986
warm,,,1.0,16,17,36.97770001599565
warm,,,1.0,16,18,32.87190000992268
warm,,,1.0,16,19,36.845199996605515
warm,,,1.0,16,20,41.49839997990057
warm,,,1.0,16,21,36.50650003692135
warm,,,1.0,16,22,32.56900003179908
warm,,,1.0,16,23,48.354600032325834
warm,,,1.0,16,24,68.85750003857538
warm,,,1.0,16,25,64.8139999830164
warm,,,1.0,16,26,32.63370000058785
warm,,,1.0,16,27,32.12579997489229
warm,,,1.0,16,28,32.21269999630749
warm,,,1.0,16,29,37.49489999609068
warm,,,1.0,16,30,31.739599944557995
warm,,,1.0,16,31,33.593299973290414
warm,,,1.0,16,32,32.030100002884865
warm,,,1.0,16,33,40.52530002081767
warm,,,1.0,16,34,31.696499965619296
warm,,,1.0,16,35,31.369599979370832
warm,,,1.0,16,36,39.15149997919798
warm,,,1.0,16,37,33.64100004546344
warm,,,1.0,16,38,31.45619999850169
warm,,,1.0,16,39,31.66929999133572
warm,,,1.0,16,40,31.06360003584996
warm,,,1.0,16,41,32.19400002853945
warm,,,1.0,16,42,31.724600004963577
warm,,,1.0,16,43,37.24750003311783
warm,,,1.0,16,44,33.28410000540316
warm,,,1.0,16,45,31.102400040253997
warm,,,1.0,16,46,31.116299971472472
warm,,,1.0,16,47,45.4973999876529
warm,,,1.0,16,48,38.20919996360317
warm,,,1.0,16,49,31.880700029432774
warm,,,1.0,16,50,30.898099998012185
warm,,,1.0,16,51,32.108800020068884
warm,,,1.0,16,52,38.1129999877885
warm,,,1.0,16,53,33.02090003853664
warm,,,1.0,16,54,31.202200043480843
warm,,,1.0,16,55,31.947200011927634
warm,,,1.0,16,56,31.83369996258989
warm,,,1.0,16,57,32.09290001541376
warm,,,1.0,16,58,31.365000002551824
warm,,,1.0,16,59,32.1492999792099
warm,,,1.0,16,60,31.335000006947666
warm,,,1.0,16,61,31.1311999685131
warm,,,1.0,16,62,37.68009995110333
warm,,,1.0,16,63,30.902599974069744
warm,,,1.0,16,64,31.981399981305003
warm,,,1.0,16,65,32.42830000817776
warm,,,1.0,16,66,31.409100047312677
warm,,,1.0,16,67,31.952999997884035
warm,,,1.0,16,68,31.86489996733144
warm,,,1.0,16,69,32.95279998565093
warm,,,1.0,16,70,31.600299989804626
warm,,,1.0,16,71,41.174400015734136
warm,,,1.0,16,72,57.552099984604865
warm,,,1.0,16,73,30.954400019254535
warm,,,1.0,16,74,31.427299953065813
warm,,,1.0,16,75,31.632700003683567
warm,,,1.0,16,76,41.89229995245114
warm,,,1.0,16,77,30.376499984413385
warm,,,1.0,16,78,30.95200000097975
warm,,,1.0,16,79,32.11800003191456
warm,,,1.0,16,80,33.015299995895475
warm,,,1.0,16,81,31.327999953646213
warm,,,1.0,16,82,31.489200016949326
warm,,,1.0,16,83,46.58639995614067
warm,,,1.0,16,84,37.93660004157573
warm,,,1.0,16,85,33.30310003366321
warm,,,1.0,16,86,32.215500017628074
warm,,,1.0,16,87,34.50800001155585
warm,,,1.0,16,88,35.55289999349043
warm,,,1.0,16,89,32.973799970932305
warm,,,1.0,16,90,34.46179995080456
warm,,,1.0,16,91,31.933599966578186
warm,,,1.0,16,92,41.68069997103885
warm,,,1.0,16,93,33.45579997403547
warm,,,1.0,16,94,32.49419998610392
warm,,,1.0,16,95,32.89129998302087
warm,,,1.0,16,96,31.66490001603961
warm,,,1.0,16,97,31.968900002539158
warm,,,1.0,16,98,33.715999976266176
warm,,,1.0,16,99,32.10830001626164
warm,,,1.0,16,100,39.812899951357394
warm,,,1.0,16,101,31.516999995801598
warm,,,1.0,16,102,32.11849997751415
warm,,,1.0,16,103,32.22809999715537
warm,,,1.0,16,104,40.45270005008206
warm,,,1.0,16,105,51.008099981117994
warm,,,1.0,16,106,43.2276000501588
warm,,,1.0,16,107,52.00450000120327
warm,,,1.0,16,108,45.07240001112223
warm,,,1.0,16,109,38.811600010376424
warm,,,1.0,16,110,34.585800021886826
warm,,,1.0,16,111,38.214400003198534
warm,,,1.0,16,112,32.09029999561608
warm,,,1.0,16,113,32.13869995670393
warm,,,1.0,16,114,34.12969998316839
warm,,,1.0,16,115,43.52329997345805
warm,,,1.0,16,116,37.720800028182566
warm,,,1.0,16,117,32.04710001591593
warm,,,1.0,16,118,31.66169999167323
warm,,,1.0,16,119,40.50689999712631
warm,,,1.0,16,120,41.14369995659217
warm,,,1.0,16,121,31.997700047213584
warm,,,1.0,16,122,31.002099975012243
warm,,,1.0,16,123,31.5596999716945
warm,,,1.0,16,124,32.45790000073612
warm,,,1.0,16,125,31.926500028930604
warm,,,1.0,16,126,31.019399990327656
warm,,,1.0,16,127,33.41140004340559
warm,,,1.0,16,128,32.01049997005612
warm,,,1.0,16,129,32.10150002269074
warm,,,1.0,16,130,31.660000036936253
warm,,,1.0,16,131,31.591500039212406
warm,,,1.0,16,132,32.64679998392239
warm,,,1.0,16,133,31.21169999940321
warm,,,1.0,16,134,35.01170000527054
warm,,,1.0,16,135,31.653399986680597
warm,,,1.0,16,136,32.341100042685866
warm,,,1.0,16,137,32.410999992862344
warm,,,1.0,16,138,31.917900021653622
warm,,,1.0,16,139,32.00249996734783
warm,,,1.0,16,140,31.991800002288073
warm,,,1.0,16,141,31.827299972064793
warm,,,1.0,16,142,35.3649000171572
warm,,,1.0,16,143,32.13599999435246
warm,,,1.0,16,144,31.1002999660559
warm,,,1.0,16,145,32.47039997950196
warm,,,1.0,16,146,39.08650000812486
warm,,,1.0,16,147,43.59630000544712
warm,,,1.0,16,148,39.71829998772591
warm,,,1.0,16,149,31.873199972324073
warm,,,1.0,16,150,30.828099988866597
warm,,,1.0,16,151,34.505799994803965
warm,,,1.0,16,152,32.203499984461814
warm,,,1.0,16,153,32.4045000015758
warm,,,1.0,16,154,31.793200003448874
warm,,,1.0,16,155,44.132900016848
warm,,,1.0,16,156,35.82109999842942
warm,,,1.0,16,157,31.46220004418865
warm,,,1.0,16,158,31.077700026798993
warm,,,1.0,16,159,33.250799984671175
warm,,,1.0,16,160,31.877600005827844
warm,,,1.0,16,161,33.962400048039854
warm,,,1.0,16,162,42.40920004667714
warm,,,1.0,16,163,35.70710000349209
warm,,,1.0,16,164,40.62240000348538
warm,,,1.0,16,165,31.773899972904474
warm,,,1.0,16,166,31.562899996060878
warm,,,1.0,16,167,39.53250002814457
warm,,,1.0,16,168,40.33049999270588
warm,,,1.0,16,169,47.36339999362826
warm,,,1.0,16,170,34.98110000509769
warm,,,1.0,16,171,31.022500013932586
warm,,,1.0,16,172,31.603000010363758
warm,,,1.0,16,173,33.12540001934394
warm,,,1.0,16,174,32.342799997422844
warm,,,1.0,16,175,36.45770001458004
warm,,,1.0,16,176,32.76809997623786
warm,,,1.0,16,177,42.999700002837926
warm,,,1.0,16,178,34.03949999483302
warm,,,1.0,16,179,33.55530003318563
warm,,,1.0,16,180,32.856700010597706
warm,,,1.0,16,181,31.855100009124726
warm,,,1.0,16,182,32.14679996017367
warm,,,1.0,16,183,40.23410001536831
warm,,,1.0,16,184,31.2928999774158
warm,,,1.0,16,185,31.00379998795688
warm,,,1.0,16,186,31.760399986524135
warm,,,1.0,16,187,32.87190000992268
warm,,,1.0,16,188,33.09780004201457
warm,,,1.0,16,189,32.984399993438274
warm,,,1.0,16,190,33.33320003002882
warm,,,1.0,16,191,30.64079995965585
warm,,,1.0,16,192,31.814999994821846
warm,,,1.0,16,193,32.20160002820194
warm,,,1.0,16,194,31.772700021974742
warm,,,1.0,16,195,32.913099974393845
warm,,,1.0,16,196,31.677199993282557
warm,,,1.0,16,197,36.54120001010597
warm,,,1.0,16,198,32.69729996100068
warm,,,1.0,16,199,32.191800011787564
warm,,,1.0,32,0,13.615200005006045
warm,,,1.0,32,1,16.72890002373606
warm,,,1.0,32,2,11.889000015798956
warm,,,1.0,32,3,9.607299987692386
warm,,,1.0,32,4,10.715299984440207
warm,,,1.0,32,5,9.80820000404492
warm,,,1.0,32,6,9.065399994142354
warm,,,1.0,32,7,11.865300009958446
warm,,,1.0,32,8,9.323000034783036
warm,,,1.0,32,9,9.135300002526492
warm,,,1.0,32,10,10.539599985349923
warm,,,1.0,32,11,9.810200019273907
warm,,,1.0,32,12,9.51469998108223
warm,,,1.0,32,13,9.739600005559623
warm,,,1.0,32,14,10.544299962930381
warm,,,1.0,32,15,9.925700025632977
warm,,,1.0,32,16,10.481400007847697
warm,,,1.0,32,17,11.965899961069226
warm,,,1.0,32,18,11.63349999114871
warm,,,1.0,32,19,11.621999961789697
warm,,,1.0,32,20,11.336800002027303
warm,,,1.0,32,21,10.601899994071573
warm,,,1.0,32,22,11.802699998952448
warm,,,1.0,32,23,10.309499979484826
warm,,,1.0,32,24,9.739300003275275
warm,,,1.0,32,25,10.134899988770485
warm,,,1.0,32,26,10.89890004368499
warm,,,1.0,32,27,9.730499994475394
warm,,,1.0,32,28,9.618400014005601
warm,,,1.0,32,29,10.387300048023462
warm,,,1.0,32,30,9.492300043348223
warm,,,1.0,32,31,9.732400008942932
warm,,,1.0,32,32,12.416300014592707
warm,,,1.0,32,33,9.813199983909726
warm,,,1.0,32,34,9.823700005654246
warm,,,1.0,32,35,9.743600036017597
warm,,,1.0,32,36,10.268300015013665
warm,,,1.0,32,37,10.159500001464039
warm,,,1.0,32,38,9.60809999378398
warm,,,1.0,32,39,15.370899986010045
warm,,,1.0,32,40,10.730799986049533
warm,,,1.0,32,41,9.394299995619804
warm,,,1.0,32,42,10.436600015964359
warm,,,1.0,32,43,13.141300005372614
warm,,,1.0,32,44,12.695999990683049
warm,,,1.0,32,45,10.105199995450675
warm,,,1.0,32,46,9.448600001633167
warm,,,1.0,32,47,9.57120000384748
warm,,,1.0,32,48,10.075199999846518
warm,,,1.0,32,49,10.030800011008978
warm,,,1.0,32,50,9.571600006893277
warm,,,1.0,32,51,10.874099971260875
warm,,,1.0,32,52,10.70159999653697
warm,,,1.0,32,53,9.779599960893393
warm,,,1.0,32,54,10.619199951179326
warm,,,1.0,32,55,11.594499985221773
warm,,,1.0,32,56,11.592299968469888
warm,,,1.0,32,57,10.097999998833984
warm,,,1.0,32,58,11.379300034604967
warm,,,1.0,32,59,10.195099981501698
warm,,,1.0,32,60,9.953900007531047
warm,,,1.0,32,61,10.27349999640137
warm,,,1.0,32,62,9.886300016660243
warm,,,1.0,32,63,9.31479997234419
warm,,,1.0,32,64,10.03489998402074
warm,,,1.0,32,65,9.315799979958683
warm,,,1.0,32,66,10.158099990803748
warm,,,1.0,32,67,10.0586999906227
warm,,,1.0,32,68,9.506199974566698
warm,,,1.0,32,69,9.70900000538677
warm,,,1.0,32,70,9.712600032798946
warm,,,1.0,32,71,15.108599967788905
warm,,,1.0,32,72,12.27799995103851
warm,,,1.0,32,73,11.908099986612797
warm,,,1.0,32,74,9.617900010198355
warm,,,1.0,32,75,9.747000003699213
warm,,,1.0,32,76,10.122800013050437
warm,,,1.0,32,77,9.867299988400191
warm,,,1.0,32,78,9.872400027234107
warm,,,1.0,32,79,10.025799972936511
warm,,,1.0,32,80,12.23929994739592
warm,,,1.0,32,81,11.91659999312833
warm,,,1.0,32,82,10.506199963856488
warm,,,1.0,32,83,14.042100054211915
warm,,,1.0,32,84,9.790200041607022
warm,,,1.0,32,85,9.631499997340143
warm,,,1.0,32,86,10.721800033934414
warm,,,1.0,32,87,9.495200007222593
warm,,,1.0,32,88,10.46589994803071
warm,,,1.0,32,89,10.314200015272945
warm,,,1.0,32,90,9.33689996600151
warm,,,1.0,32,91,9.812899981625378
warm,,,1.0,32,92,9.99940000474453
warm,,,1.0,32,93,10.378099977970123
warm,,,1.0,32,94,9.385599987581372
warm,,,1.0,32,95,9.702500014100224
warm,,,1.0,32,96,10.434399999212474
warm,,,1.0,32,97,10.25989995105192
warm,,,1.0,32,98,9.995200030971318
warm,,,1.0,32,99,13.12989997677505
warm,,,1.0,32,100,13.271400006487966
warm,,,1.0,32,101,9.549800015520304
warm,,,1.0,32,102,10.831499996129423
warm,,,1.0,32,103,10.11050003580749
warm,,,1.0,32,104,9.516999998595566
warm,,,1.0,32,105,10.779300006106496
warm,,,1.0,32,106,10.228700004518032
warm,,,1.0,32,107,9.570099995471537
warm,,,1.0,32,108,10.498999967239797
warm,,,1.0,32,109,9.473900019656867
warm,,,1.0,32,110,9.389399958308786
warm,,,1.0,32,111,9.751599980518222
warm,,,1.0,32,112,10.496300004888326
warm,,,1.0,32,113,10.151299997232854
warm,,,1.0,32,114,11.092400003690273
warm,,,1.0,32,115,14.820899988990277
warm,,,1.0,32,116,9.059099946171045
warm,,,1.0,32,117,9.250400005839765
warm,,,1.0,32,118,10.365599999204278
warm,,,1.0,32,119,9.311600006185472
warm,,,1.0,32,120,9.776000049896538
warm,,,1.0,32,121,11.06760004768148
warm,,,1.0,32,122,10.052900004666299
warm,,,1.0,32,123,10.02610003342852
warm,,,1.0,32,124,10.600999987218529
warm,,,1.0,32,125,10.115600016433746
warm,,,1.0,32,126,10.05720003740862
warm,,,1.0,32,127,9.412000013981014
warm,,,1.0,32,128,12.234500027261674
warm,,,1.0,32,129,11.690400016959757
warm,,,1.0,32,130,10.619399952702224
warm,,,1.0,32,131,10.971000010613352
warm,,,1.0,32,132,9.182300011161715
warm,,,1.0,32,133,9.123500029090792
warm,,,1.0,32,134,10.41720004286617
warm,,,1.0,32,135,10.355200036428869
warm,,,1.0,32,136,10.166299995034933
warm,,,1.0,32,137,10.42750000488013
warm,,,1.0,32,138,9.660600044298917
warm,,,1.0,32,139,14.114400022663176
warm,,,1.0,32,140,11.366299993824214
warm,,,1.0,32,141,9.895799972582608
warm,,,1.0,32,142,9.462499991059303
warm,,,1.0,32,143,11.042800033465028
warm,,,1.0,32,144,9.399100032169372
warm,,,1.0,32,145,9.327700012363493
warm,,,1.0,32,146,9.659600036684424
warm,,,1.0,32,147,14.255599991884083
warm,,,1.0,32,148,9.229200019035488
warm,,,1.0,32,149,9.078300034161657
warm,,,1.0,32,150,10.165200044866651
warm,,,1.0,32,151,9.338900039438158
warm,,,1.0,32,152,9.727700031362474
warm,,,1.0,32,153,10.89740003226325
warm,,,1.0,32,154,9.821100044064224
warm,,,1.0,32,155,9.70620004227385
warm,,,1.0,32,156,10.56809996953234
warm,,,1.0,32,157,10.292399965692312
warm,,,1.0,32,158,9.11769998492673
warm,,,1.0,32,159,9.394399996381253
warm,,,1.0,32,160,11.332499969284981
warm,,,1.0,32,161,10.046499955933541
warm,,,1.0,32,162,9.696700028143823
warm,,,1.0,32,163,10.405000008177012
warm,,,1.0,32,164,10.08370000636205
warm,,,1.0,32,165,9.990199992898852
warm,,,1.0,32,166,10.583400027826428
warm,,,1.0,32,167,10.176300012972206
warm,,,1.0,32,168,10.015400010161102
warm,,,1.0,32,169,10.008599958382547
warm,,,1.0,32,170,10.76079998165369
warm,,,1.0,32,171,9.90599999204278
warm,,,1.0,32,172,9.940600022673607
warm,,,1.0,32,173,10.364999994635582
warm,,,1.0,32,174,9.6361999749206
warm,,,1.0,32,175,9.652399981860071
warm,,,1.0,32,176,10.622600035276264
warm,,,1.0,32,177,9.734000021126121
warm,,,1.0,32,178,9.836200042627752
warm,,,1.0,32,179,10.946399997919798
warm,,,1.0,32,180,10.176700016018003
warm,,,1.0,32,181,9.279699996113777
warm,,,1.0,32,182,9.038200019858778
warm,,,1.0,32,183,10.267200006637722
warm,,,1.0,32,184,9.611499961465597
warm,,,1.0,32,185,9.189900010824203
warm,,,1.0,32,186,11.030099994968623
warm,,,1.0,32,187,10.115900018718094
warm,,,1.0,32,188,9.848999965470284
warm,,,1.0,32,189,11.333500035107136
warm,,,1.0,32,190,11.557399993762374
warm,,,1.0,32,191,10.137700010091066
warm,,,1.0,32,192,9.890199988149107
warm,,,1.0,32,193,10.736199968960136
warm,,,1.0,32,194,9.824900014791638
warm,,,1.0,32,195,9.839100006502122
warm,,,1.0,32,196,10.20230003632605
warm,,,1.0,32,197,9.85130004119128
warm,,,1.0,32,198,10.026299976743758
warm,,,1.0,32,199,10.447899985592812
transition_first,0.25,32,1.0,4,0,38.8643000042066
transition_warm,0.25,32,1.0,4,0,33.59070001170039
transition_first,0.25,32,1.0,4,1,41.101799986790866
transition_warm,0.25,32,1.0,4,1,31.06050001224503
transition_first,0.25,32,1.0,4,2,31.79229999659583
transition_warm,0.25,32,1.0,4,2,31.673999968916178
transition_first,0.25,32,1.0,4,3,44.48929999489337
transition_warm,0.25,32,1.0,4,3,41.522800049278885
transition_first,0.25,32,1.0,4,4,32.29310002643615
transition_warm,0.25,32,1.0,4,4,32.15689997887239
transition_first,0.25,32,1.0,4,5,33.634699997492135
transition_warm,0.25,32,1.0,4,5,37.635200016666204
transition_first,0.25,32,1.0,4,6,32.606199965812266
transition_warm,0.25,32,1.0,4,6,32.415299967397004
transition_first,0.25,32,1.0,4,7,31.83250001166016
transition_warm,0.25,32,1.0,4,7,33.148599963169545
transition_first,0.25,32,1.0,4,8,31.1255999840796
transition_warm,0.25,32,1.0,4,8,32.17740001855418
transition_first,0.25,32,1.0,4,9,33.30810001352802
transition_warm,0.25,32,1.0,4,9,40.32919998280704
transition_first,0.75,4,0.25,16,0,29.180699959397316
transition_warm,0.75,4,0.25,16,0,37.63130004517734
transition_first,0.75,4,0.25,16,1,29.046399984508753
transition_warm,0.75,4,0.25,16,1,29.594100022222847
transition_first,0.75,4,0.25,16,2,34.47539999615401
transition_warm,0.75,4,0.25,16,2,28.03059999132529
transition_first,0.75,4,0.25,16,3,28.71350001078099
transition_warm,0.75,4,0.25,16,3,27.28360000764951
transition_first,0.75,4,0.25,16,4,28.602699982002378
transition_warm,0.75,4,0.25,16,4,33.36030000355095
transition_first,0.75,4,0.25,16,5,27.35930000199005
transition_warm,0.75,4,0.25,16,5,27.280600043013692
transition_first,0.75,4,0.25,16,6,28.554700023960322
transition_warm,0.75,4,0.25,16,6,27.47919998364523
transition_first,0.75,4,0.25,16,7,30.728899990208447
transition_warm,0.75,4,0.25,16,7,28.44089997233823
transition_first,0.75,4,0.25,16,8,28.237499995157123
transition_warm,0.75,4,0.25,16,8,29.09869997529313
transition_first,0.75,4,0.25,16,9,31.610400008503348
transition_warm,0.75,4,0.25,16,9,27.532699983567
transition_first,0.25,16,0.5,16,0,28.86150003178045
transition_warm,0.25,16,0.5,16,0,28.477700019720942
transition_first,0.25,16,0.5,16,1,35.03239998826757
transition_warm,0.25,16,0.5,16,1,32.720399962272495
transition_first,0.25,16,0.5,16,2,42.270900041330606
transition_warm,0.25,16,0.5,16,2,42.13129996787757
transition_first,0.25,16,0.5,16,3,27.83180004917085
transition_warm,0.25,16,0.5,16,3,30.777599953580648
transition_first,0.25,16,0.5,16,4,27.932400000281632
transition_warm,0.25,16,0.5,16,4,28.13699998660013
transition_first,0.25,16,0.5,16,5,38.45089999958873
transition_warm,0.25,16,0.5,16,5,28.347899962682277
transition_first,0.25,16,0.5,16,6,28.79810001468286
transition_warm,0.25,16,0.5,16,6,28.109300008509308
transition_first,0.25,16,0.5,16,7,28.1476000091061
transition_warm,0.25,16,0.5,16,7,33.873000007588416
transition_first,0.25,16,0.5,16,8,33.7936999858357
transition_warm,0.25,16,0.5,16,8,28.28970004338771
transition_first,0.25,16,0.5,16,9,29.17870000237599
transition_warm,0.25,16,0.5,16,9,31.547000049613416
transition_first,0.5,4,0.25,8,0,32.976999995298684
transition_warm,0.5,4,0.25,8,0,37.449700001161546
transition_first,0.5,4,0.25,8,1,28.721699956804514
transition_warm,0.5,4,0.25,8,1,30.04230000078678
transition_first,0.5,4,0.25,8,2,27.383600012399256
transition_warm,0.5,4,0.25,8,2,27.979200007393956
transition_first,0.5,4,0.25,8,3,27.657899947371334
transition_warm,0.5,4,0.25,8,3,28.404899989254773
transition_first,0.5,4,0.25,8,4,28.210499964188784
transition_warm,0.5,4,0.25,8,4,28.464199975132942
transition_first,0.5,4,0.25,8,5,27.502500044647604
transition_warm,0.5,4,0.25,8,5,26.74140001181513
transition_first,0.5,4,0.25,8,6,28.427199984434992
transition_warm,0.5,4,0.25,8,6,28.77849998185411
transition_first,0.5,4,0.25,8,7,42.40500001469627
transition_warm,0.5,4,0.25,8,7,27.63770002638921
transition_first,0.5,4,0.25,8,8,28.695299988612533
transition_warm,0.5,4,0.25,8,8,34.38480000477284
transition_first,0.5,4,0.25,8,9,30.964500037953258
transition_warm,0.5,4,0.25,8,9,41.24359996058047
transition_first,0.25,4,1.0,32,0,13.902300037443638
transition_warm,0.25,4,1.0,32,0,13.07069999165833
transition_first,0.25,4,1.0,32,1,10.34320000326261
transition_warm,0.25,4,1.0,32,1,11.229800002183765
transition_first,0.25,4,1.0,32,2,10.288999998010695
transition_warm,0.25,4,1.0,32,2,11.351599998306483
transition_first,0.25,4,1.0,32,3,10.410699993371964
transition_warm,0.25,4,1.0,32,3,10.158699995372444
transition_first,0.25,4,1.0,32,4,14.963299967348576
transition_warm,0.25,4,1.0,32,4,11.114599998109043
transition_first,0.25,4,1.0,32,5,10.06149995373562
transition_warm,0.25,4,1.0,32,5,10.988900030497462
transition_first,0.25,4,1.0,32,6,10.44980000006035
transition_warm,0.25,4,1.0,32,6,9.348499996121973
transition_first,0.25,4,1.0,32,7,10.199800017289817
transition_warm,0.25,4,1.0,32,7,11.323199956677854
transition_first,0.25,4,1.0,32,8,10.186199971940368
transition_warm,0.25,4,1.0,32,8,10.406099958345294
transition_first,0.25,4,1.0,32,9,12.138399994000793
transition_warm,0.25,4,1.0,32,9,12.50620000064373
transition_first,0.5,8,0.5,16,0,35.376899992115796
transition_warm,0.5,8,0.5,16,0,30.80529998987913
transition_first,0.5,8,0.5,16,1,28.600199962966144
transition_warm,0.5,8,0.5,16,1,28.97590002976358
transition_first,0.5,8,0.5,16,2,40.02840002067387
transition_warm,0.5,8,0.5,16,2,29.099900042638183
transition_first,0.5,8,0.5,16,3,28.449400037061423
transition_warm,0.5,8,0.5,16,3,29.96369998436421
transition_first,0.5,8,0.5,16,4,27.838199981488287
transition_warm,0.5,8,0.5,16,4,31.633000005967915
transition_first,0.5,8,0.5,16,5,36.45170002710074
transition_warm,0.5,8,0.5,16,5,28.754399972967803
transition_first,0.5,8,0.5,16,6,29.323199996724725
transition_warm,0.5,8,0.5,16,6,29.139400052372366
transition_first,0.5,8,0.5,16,7,29.38319998793304
transition_warm,0.5,8,0.5,16,7,29.694000026211143
transition_first,0.5,8,0.5,16,8,34.242099965922534
transition_warm,0.5,8,0.5,16,8,34.05129996826872
transition_first,0.5,8,0.5,16,9,32.81860001152381
transition_warm,0.5,8,0.5,16,9,29.093199991621077
transition_first,0.75,4,0.25,4,0,29.71229999093339
transition_warm,0.75,4,0.25,4,0,34.796099993400276
transition_first,0.75,4,0.25,4,1,28.380700037814677
transition_warm,0.75,4,0.25,4,1,30.083599966019392
transition_first,0.75,4,0.25,4,2,35.84040002897382
transition_warm,0.75,4,0.25,4,2,29.901400033850223
transition_first,0.75,4,0.25,4,3,32.187000033445656
transition_warm,0.75,4,0.25,4,3,33.16769999219105
transition_first,0.75,4,0.25,4,4,31.526200007647276
transition_warm,0.75,4,0.25,4,4,65.1615000097081
transition_first,0.75,4,0.25,4,5,36.91139997681603
transition_warm,0.75,4,0.25,4,5,37.27250004885718
transition_first,0.75,4,0.25,4,6,31.549000006634742
transition_warm,0.75,4,0.25,4,6,29.40509998006746
transition_first,0.75,4,0.25,4,7,40.09409999707714
transition_warm,0.75,4,0.25,4,7,44.24090002430603
transition_first,0.75,4,0.25,4,8,26.90429997164756
transition_warm,0.75,4,0.25,4,8,26.76209999481216
transition_first,0.75,4,0.25,4,9,31.50929999537766
transition_warm,0.75,4,0.25,4,9,37.16170002007857
transition_first,1.0,8,0.25,8,0,32.077500014565885
transition_warm,1.0,8,0.25,8,0,29.51959997881204
transition_first,1.0,8,0.25,8,1,35.582999989856035
transition_warm,1.0,8,0.25,8,1,29.902300040703267
transition_first,1.0,8,0.25,8,2,36.83910000836477
transition_warm,1.0,8,0.25,8,2,39.22830004012212
transition_first,1.0,8,0.25,8,3,30.780699977185577
transition_warm,1.0,8,0.25,8,3,25.801900017540902
transition_first,1.0,8,0.25,8,4,28.12099998118356
transition_warm,1.0,8,0.25,8,4,28.88970001367852
transition_first,1.0,8,0.25,8,5,30.65570001490414
transition_warm,1.0,8,0.25,8,5,31.48280002642423
transition_first,1.0,8,0.25,8,6,37.21640002913773
transition_warm,1.0,8,0.25,8,6,34.55070004565641
transition_first,1.0,8,0.25,8,7,29.261399991810322
transition_warm,1.0,8,0.25,8,7,27.69280003849417
transition_first,1.0,8,0.25,8,8,27.108600013889372
transition_warm,1.0,8,0.25,8,8,27.510099986102432
transition_first,1.0,8,0.25,8,9,28.810099989641458
transition_warm,1.0,8,0.25,8,9,37.71979996236041
transition_first,0.25,4,1.0,16,0,32.95560000697151
transition_warm,0.25,4,1.0,16,0,33.54789997683838
transition_first,0.25,4,1.0,16,1,39.86810002243146
transition_warm,0.25,4,1.0,16,1,33.03729998879135
transition_first,0.25,4,1.0,16,2,33.07860001223162
transition_warm,0.25,4,1.0,16,2,34.00240000337362
transition_first,0.25,4,1.0,16,3,32.84880000865087
transition_warm,0.25,4,1.0,16,3,32.0689000072889
transition_first,0.25,4,1.0,16,4,32.80829999130219
transition_warm,0.25,4,1.0,16,4,32.34480001265183
transition_first,0.25,4,1.0,16,5,32.80759998597205
transition_warm,0.25,4,1.0,16,5,32.345399959012866
transition_first,0.25,4,1.0,16,6,32.9799999599345
transition_warm,0.25,4,1.0,16,6,31.251100008375943
transition_first,0.25,4,1.0,16,7,32.255199970677495
transition_warm,0.25,4,1.0,16,7,31.566399964503944
transition_first,0.25,4,1.0,16,8,37.54409996327013
transition_warm,0.25,4,1.0,16,8,41.59049998270348
transition_first,0.25,4,1.0,16,9,45.479999971576035
transition_warm,0.25,4,1.0,16,9,32.813799974974245
transition_first,0.25,32,0.75,16,0,28.868100023828447
transition_warm,0.25,32,0.75,16,0,30.20259999902919
transition_first,0.25,32,0.75,16,1,29.53729999717325
transition_warm,0.25,32,0.75,16,1,29.566299985162914
transition_first,0.25,32,0.75,16,2,29.54469999531284
transition_warm,0.25,32,0.75,16,2,30.725000018719584
transition_first,0.25,32,0.75,16,3,30.174900020938367
transition_warm,0.25,32,0.75,16,3,36.84299997985363
transition_first,0.25,32,0.75,16,4,43.73450001003221
transition_warm,0.25,32,0.75,16,4,33.344399998895824
transition_first,0.25,32,0.75,16,5,32.60520001640543
transition_warm,0.25,32,0.75,16,5,36.53749998193234
transition_first,0.25,32,0.75,16,6,34.56539998296648
transition_warm,0.25,32,0.75,16,6,37.276600021868944
transition_first,0.25,32,0.75,16,7,33.82489999057725
transition_warm,0.25,32,0.75,16,7,31.425299996044487
transition_first,0.25,32,0.75,16,8,30.484899994917214
transition_warm,0.25,32,0.75,16,8,28.185000002849847
transition_first,0.25,32,0.75,16,9,40.01970001263544
transition_warm,0.25,32,0.75,16,9,30.66479996778071
transition_first,0.5,8,0.25,4,0,38.512099999934435
transition_warm,0.5,8,0.25,4,0,34.47670000605285
transition_first,0.5,8,0.25,4,1,36.486600001808256
transition_warm,0.5,8,0.25,4,1,28.58179999748245
transition_first,0.5,8,0.25,4,2,30.656800023280084
transition_warm,0.5,8,0.25,4,2,35.7786999666132
transition_first,0.5,8,0.25,4,3,43.475199956446886
transition_warm,0.5,8,0.25,4,3,39.16970000136644
transition_first,0.5,8,0.25,4,4,30.315499985590577
transition_warm,0.5,8,0.25,4,4,28.55340001406148
transition_first,0.5,8,0.25,4,5,28.183399990666658
transition_warm,0.5,8,0.25,4,5,38.9005999895744
transition_first,0.5,8,0.25,4,6,28.194000013172626
transition_warm,0.5,8,0.25,4,6,28.259499988052994
transition_first,0.5,8,0.25,4,7,26.7693999921903
transition_warm,0.5,8,0.25,4,7,41.76779999397695
transition_first,0.5,8,0.25,4,8,28.876799973659217
transition_warm,0.5,8,0.25,4,8,27.946699992753565
transition_first,0.5,8,0.25,4,9,27.59780001360923
transition_warm,0.5,8,0.25,4,9,28.370699961669743
transition_first,1.0,32,0.5,32,0,18.557799980044365
transition_warm,1.0,32,0.5,32,0,15.420400013681501
transition_first,1.0,32,0.5,32,1,13.582199986558408
transition_warm,1.0,32,0.5,32,1,18.611199979204684
transition_first,1.0,32,0.5,32,2,11.342899990268052
transition_warm,1.0,32,0.5,32,2,11.55070000095293
transition_first,1.0,32,0.5,32,3,9.50010004453361
transition_warm,1.0,32,0.5,32,3,11.201100016478449
transition_first,1.0,32,0.5,32,4,10.436300013680011
transition_warm,1.0,32,0.5,32,4,14.793400012422353
transition_first,1.0,32,0.5,32,5,19.464500015601516
transition_warm,1.0,32,0.5,32,5,11.405199998989701
transition_first,1.0,32,0.5,32,6,10.026299976743758
transition_warm,1.0,32,0.5,32,6,9.202699991874397
transition_first,1.0,32,0.5,32,7,10.851700033526868
transition_warm,1.0,32,0.5,32,7,11.063799960538745
transition_first,1.0,32,0.5,32,8,9.96230001328513
transition_warm,1.0,32,0.5,32,8,9.71780001418665
transition_first,1.0,32,0.5,32,9,11.167599994223565
transition_warm,1.0,32,0.5,32,9,9.552199975587428
transition_first,0.5,16,1.0,32,0,9.308200038503855
transition_warm,0.5,16,1.0,32,0,10.986800014507025
transition_first,0.5,16,1.0,32,1,9.778800013009459
transition_warm,0.5,16,1.0,32,1,9.79340000776574
transition_first,0.5,16,1.0,32,2,10.960699990391731
transition_warm,0.5,16,1.0,32,2,12.209800013806671
transition_first,0.5,16,1.0,32,3,10.248599981423467
transition_warm,0.5,16,1.0,32,3,10.878499946556985
transition_first,0.5,16,1.0,32,4,9.961000003386289
transition_warm,0.5,16,1.0,32,4,9.752899990417063
transition_first,0.5,16,1.0,32,5,9.908200008794665
transition_warm,0.5,16,1.0,32,5,10.370100033469498
transition_first,0.5,16,1.0,32,6,10.185200022533536
transition_warm,0.5,16,1.0,32,6,9.911300032399595
transition_first,0.5,16,1.0,32,7,10.327099997084588
transition_warm,0.5,16,1.0,32,7,13.379800016991794
transition_first,0.5,16,1.0,32,8,10.62310003908351
transition_warm,0.5,16,1.0,32,8,9.611899964511395
transition_first,0.5,16,1.0,32,9,9.680100018158555
transition_warm,0.5,16,1.0,32,9,9.67350002611056
transition_first,0.25,16,0.25,32,0,14.749700028914958
transition_warm,0.25,16,0.25,32,0,12.24700000602752
transition_first,0.25,16,0.25,32,1,10.169300017878413
transition_warm,0.25,16,0.25,32,1,10.616399988066405
transition_first,0.25,16,0.25,32,2,10.32240001950413
transition_warm,0.25,16,0.25,32,2,9.922800003550947
transition_first,0.25,16,0.25,32,3,11.419300048146397
transition_warm,0.25,16,0.25,32,3,9.749700024258345
transition_first,0.25,16,0.25,32,4,9.50009998632595
transition_warm,0.25,16,0.25,32,4,9.492199984379113
transition_first,0.25,16,0.25,32,5,11.449600046034902
transition_warm,0.25,16,0.25,32,5,10.343400004785508
transition_first,0.25,16,0.25,32,6,15.074499999172986
transition_warm,0.25,16,0.25,32,6,11.542499996721745
transition_first,0.25,16,0.25,32,7,14.132299984339625
transition_warm,0.25,16,0.25,32,7,14.972899982240051
transition_first,0.25,16,0.25,32,8,10.586399992462248
transition_warm,0.25,16,0.25,32,8,10.369400028139353
transition_first,0.25,16,0.25,32,9,10.281700000632554
transition_warm,0.25,16,0.25,32,9,10.550800012424588
transition_first,0.75,32,1.0,8,0,32.48120000353083
transition_warm,0.75,32,1.0,8,0,31.71080001629889
transition_first,0.75,32,1.0,8,1,33.10370002873242
transition_warm,0.75,32,1.0,8,1,32.90529997320846
transition_first,0.75,32,1.0,8,2,37.393399979919195
transition_warm,0.75,32,1.0,8,2,32.42600004887208
transition_first,0.75,32,1.0,8,3,32.02230000169948
transition_warm,0.75,32,1.0,8,3,32.91129996068776
transition_first,0.75,32,1.0,8,4,32.525099988561124
transition_warm,0.75,32,1.0,8,4,47.12579998886213
transition_first,0.75,32,1.0,8,5,32.34899998642504
transition_warm,0.75,32,1.0,8,5,32.955899951048195
transition_first,0.75,32,1.0,8,6,32.028399989940226
transition_warm,0.75,32,1.0,8,6,31.803600024431944
transition_first,0.75,32,1.0,8,7,33.03789999336004
transition_warm,0.75,32,1.0,8,7,32.77150000212714
transition_first,0.75,32,1.0,8,8,35.73329997016117
transition_warm,0.75,32,1.0,8,8,32.30289998464286
transition_first,0.75,32,1.0,8,9,38.283800007775426
transition_warm,0.75,32,1.0,8,9,33.166399982292205
transition_first,0.5,32,0.5,4,0,30.07809998234734
transition_warm,0.5,32,0.5,4,0,28.664200042840093
transition_first,0.5,32,0.5,4,1,29.303799965418875
transition_warm,0.5,32,0.5,4,1,29.044999973848462
transition_first,0.5,32,0.5,4,2,28.76209997339174
transition_warm,0.5,32,0.5,4,2,30.899700010195374
transition_first,0.5,32,0.5,4,3,28.23190001072362
transition_warm,0.5,32,0.5,4,3,30.053700029384345
transition_first,0.5,32,0.5,4,4,29.023499984759837
transition_warm,0.5,32,0.5,4,4,29.46650004014373
transition_first,0.5,32,0.5,4,5,28.56420003809035
transition_warm,0.5,32,0.5,4,5,27.784999983850867
transition_first,0.5,32,0.5,4,6,28.248800022993237
transition_warm,0.5,32,0.5,4,6,29.0095999953337
transition_first,0.5,32,0.5,4,7,49.30179996881634
transition_warm,0.5,32,0.5,4,7,49.757300002966076
transition_first,0.5,32,0.5,4,8,48.06220001773909
transition_warm,0.5,32,0.5,4,8,29.560199996922165
transition_first,0.5,32,0.5,4,9,43.15020004287362
transition_warm,0.5,32,0.5,4,9,31.329500023275614
transition_first,0.5,8,0.5,32,0,10.32219995977357
transition_warm,0.5,8,0.5,32,0,9.39800002379343
transition_first,0.5,8,0.5,32,1,11.10309996875003
transition_warm,0.5,8,0.5,32,1,10.417500045150518
transition_first,0.5,8,0.5,32,2,10.052500001620501
transition_warm,0.5,8,0.5,32,2,10.517599992454052
transition_first,0.5,8,0.5,32,3,10.668799979612231
transition_warm,0.5,8,0.5,32,3,10.307999968063086
transition_first,0.5,8,0.5,32,4,11.544200009666383
transition_warm,0.5,8,0.5,32,4,9.56509995739907
transition_first,0.5,8,0.5,32,5,15.949199965689331
transition_warm,0.5,8,0.5,32,5,14.578300004359335
transition_first,0.5,8,0.5,32,6,13.439300004392862
transition_warm,0.5,8,0.5,32,6,13.084699981845915
transition_first,0.5,8,0.5,32,7,15.023400017526
transition_warm,0.5,8,0.5,32,7,16.461699968203902
transition_first,0.5,8,0.5,32,8,10.726300009991974
transition_warm,0.5,8,0.5,32,8,11.052199988625944
transition_first,0.5,8,0.5,32,9,10.437299963086843
transition_warm,0.5,8,0.5,32,9,10.149099980480969
transition_first,0.25,4,0.5,16,0,28.950200008694082
transition_warm,0.25,4,0.5,16,0,29.569200007244945
transition_first,0.25,4,0.5,16,1,30.84969997871667
transition_warm,0.25,4,0.5,16,1,28.201500012073666
transition_first,0.25,4,0.5,16,2,27.04379998613149
transition_warm,0.25,4,0.5,16,2,27.897600026335567
transition_first,0.25,4,0.5,16,3,43.21079998044297
transition_warm,0.25,4,0.5,16,3,36.9152000057511
transition_first,0.25,4,0.5,16,4,35.788999986834824
transition_warm,0.25,4,0.5,16,4,28.801199980080128
transition_first,0.25,4,0.5,16,5,28.577799967024475
transition_warm,0.25,4,0.5,16,5,28.529300005175173
transition_first,0.25,4,0.5,16,6,36.43010003725067
transition_warm,0.25,4,0.5,16,6,32.21009997650981
transition_first,0.25,4,0.5,16,7,31.483000027947128
transition_warm,0.25,4,0.5,16,7,28.15499994903803
transition_first,0.25,4,0.5,16,8,29.019400011748075
transition_warm,0.25,4,0.5,16,8,28.213399986270815
transition_first,0.25,4,0.5,16,9,27.998599980492145
transition_warm,0.25,4,0.5,16,9,37.014100002124906
transition_first,0.5,4,1.0,32,0,10.339300031773746
transition_warm,0.5,4,1.0,32,0,10.59619995066896
transition_first,0.5,4,1.0,32,1,10.216000024229288
transition_warm,0.5,4,1.0,32,1,10.589200013782829
transition_first,0.5,4,1.0,32,2,10.889000026509166
transition_warm,0.5,4,1.0,32,2,9.93699999526143
transition_first,0.5,4,1.0,32,3,10.18300000578165
transition_warm,0.5,4,1.0,32,3,10.596100008115172
transition_first,0.5,4,1.0,32,4,10.630000033415854
transition_warm,0.5,4,1.0,32,4,10.240999981760979
transition_first,0.5,4,1.0,32,5,10.517699993215501
transition_warm,0.5,4,1.0,32,5,9.659800038207322
transition_first,0.5,4,1.0,32,6,9.575200034305453
transition_warm,0.5,4,1.0,32,6,9.291499969549477
transition_first,0.5,4,1.0,32,7,10.004899988416582
transition_warm,0.5,4,1.0,32,7,9.45259997388348
transition_first,0.5,4,1.0,32,8,11.250999988988042
transition_warm,0.5,4,1.0,32,8,9.850400034338236
transition_first,0.5,4,1.0,32,9,9.600399993360043
transition_warm,0.5,4,1.0,32,9,9.814299992285669
transition_first,0.75,4,0.5,16,0,28.82740000495687
transition_warm,0.75,4,0.5,16,0,28.94769998965785
transition_first,0.75,4,0.5,16,1,28.99960003560409
transition_warm,0.75,4,0.5,16,1,30.25269997306168
transition_first,0.75,4,0.5,16,2,28.943800018168986
transition_warm,0.75,4,0.5,16,2,27.20800001407042
transition_first,0.75,4,0.5,16,3,29.354300000704825
transition_warm,0.75,4,0.5,16,3,35.43879999779165
transition_first,0.75,4,0.5,16,4,28.23920000810176
transition_warm,0.75,4,0.5,16,4,28.387199970893562
transition_first,0.75,4,0.5,16,5,29.4261000235565
transition_warm,0.75,4,0.5,16,5,46.481600031256676
transition_first,0.75,4,0.5,16,6,29.922000016085804
transition_warm,0.75,4,0.5,16,6,39.56589999143034
transition_first,0.75,4,0.5,16,7,29.24399997573346
transition_warm,0.75,4,0.5,16,7,29.856399982236326
transition_first,0.75,4,0.5,16,8,28.448499972000718
transition_warm,0.75,4,0.5,16,8,30.607299995608628
transition_first,0.75,4,0.5,16,9,28.39069999754429
transition_warm,0.75,4,0.5,16,9,29.04390002368018
transition_first,1.0,32,0.75,4,0,29.385100002400577
transition_warm,1.0,32,0.75,4,0,30.031499976757914
transition_first,1.0,32,0.75,4,1,29.419300029985607
transition_warm,1.0,32,0.75,4,1,35.545799997635186
transition_first,1.0,32,0.75,4,2,37.942999973893166
transition_warm,1.0,32,0.75,4,2,30.360000033397228
transition_first,1.0,32,0.75,4,3,30.58319998672232
transition_warm,1.0,32,0.75,4,3,28.214999998454005
transition_first,1.0,32,0.75,4,4,32.40520000690594
transition_warm,1.0,32,0.75,4,4,28.975100023671985
transition_first,1.0,32,0.75,4,5,31.738599995151162
transition_warm,1.0,32,0.75,4,5,44.38689997186884
transition_first,1.0,32,0.75,4,6,29.450399975758046
transition_warm,1.0,32,0.75,4,6,29.171600006520748
transition_first,1.0,32,0.75,4,7,32.12729998631403
transition_warm,1.0,32,0.75,4,7,28.872399998363107
transition_first,1.0,32,0.75,4,8,29.29279999807477
transition_warm,1.0,32,0.75,4,8,33.507200016174465
transition_first,1.0,32,0.75,4,9,30.360700038727373
transition_warm,1.0,32,0.75,4,9,29.22009996837005
transition_first,1.0,16,0.5,16,0,27.36359997652471
transition_warm,1.0,16,0.5,16,0,29.92530004121363
transition_first,1.0,16,0.5,16,1,30.37270001368597
transition_warm,1.0,16,0.5,16,1,31.07679996173829
transition_first,1.0,16,0.5,16,2,29.164799954742193
transition_warm,1.0,16,0.5,16,2,39.316600013989955
transition_first,1.0,16,0.5,16,3,27.505300007760525
transition_warm,1.0,16,0.5,16,3,27.459400007501245
transition_first,1.0,16,0.5,16,4,37.985899951308966
transition_warm,1.0,16,0.5,16,4,29.741299978923053
transition_first,1.0,16,0.5,16,5,33.642199996393174
transition_warm,1.0,16,0.5,16,5,39.15780002716929
transition_first,1.0,16,0.5,16,6,28.306599997449666
transition_warm,1.0,16,0.5,16,6,28.52370002074167
transition_first,1.0,16,0.5,16,7,28.01690000342205
transition_warm,1.0,16,0.5,16,7,27.44540001731366
transition_first,1.0,16,0.5,16,8,27.60239999042824
transition_warm,1.0,16,0.5,16,8,29.927399998996407
transition_first,1.0,16,0.5,16,9,28.834199998527765
transition_warm,1.0,16,0.5,16,9,27.881599962711334
transition_first,0.75,8,0.25,16,0,45.759799948427826
transition_warm,0.75,8,0.25,16,0,31.67960001155734
transition_first,0.75,8,0.25,16,1,28.898400021716952
transition_warm,0.75,8,0.25,16,1,32.097999996040016
transition_first,0.75,8,0.25,16,2,35.26769997552037
transition_warm,0.75,8,0.25,16,2,28.27810001326725
transition_first,0.75,8,0.25,16,3,33.34949997952208
transition_warm,0.75,8,0.25,16,3,37.29310003109276
transition_first,0.75,8,0.25,16,4,28.047200001310557
transition_warm,0.75,8,0.25,16,4,27.595299994572997
transition_first,0.75,8,0.25,16,5,31.062099966220558
transition_warm,0.75,8,0.25,16,5,27.340700034983456
transition_first,0.75,8,0.25,16,6,27.834000007715076
transition_warm,0.75,8,0.25,16,6,27.94469997752458
transition_first,0.75,8,0.25,16,7,34.57469999557361
transition_warm,0.75,8,0.25,16,7,30.71500000078231
transition_first,0.75,8,0.25,16,8,30.054599978029728
transition_warm,0.75,8,0.25,16,8,34.96920003090054
transition_first,0.75,8,0.25,16,9,29.613499995321035
transition_warm,0.75,8,0.25,16,9,28.893399983644485
transition_first,0.5,4,0.25,4,0,30.809200019575655
transition_warm,0.5,4,0.25,4,0,37.518099998123944
transition_first,0.5,4,0.25,4,1,28.08969997568056
transition_warm,0.5,4,0.25,4,1,29.204600024968386
transition_first,0.5,4,0.25,4,2,28.719699999783188
transition_warm,0.5,4,0.25,4,2,29.750199988484383
transition_first,0.5,4,0.25,4,3,27.707799978088588
transition_warm,0.5,4,0.25,4,3,28.151599981356412
transition_first,0.5,4,0.25,4,4,29.46910000173375
transition_warm,0.5,4,0.25,4,4,46.93439998663962
transition_first,0.5,4,0.25,4,5,29.084400041028857
transition_warm,0.5,4,0.25,4,5,29.072399949654937
transition_first,0.5,4,0.25,4,6,28.348800027742982
transition_warm,0.5,4,0.25,4,6,28.563199972268194
transition_first,0.5,4,0.25,4,7,28.081799973733723
transition_warm,0.5,4,0.25,4,7,29.795999987982213
transition_first,0.5,4,0.25,4,8,28.309699962846935
transition_warm,0.5,4,0.25,4,8,28.194700018502772
transition_first,0.5,4,0.25,4,9,28.241300024092197
transition_warm,0.5,4,0.25,4,9,28.49539997987449
transition_first,0.75,16,1.0,8,0,33.914699975866824
transition_warm,0.75,16,1.0,8,0,34.31999997701496
transition_first,0.75,16,1.0,8,1,33.450699993409216
transition_warm,0.75,16,1.0,8,1,34.888300055172294
transition_first,0.75,16,1.0,8,2,33.85409998008981
transition_warm,0.75,16,1.0,8,2,33.273200038820505
transition_first,0.75,16,1.0,8,3,39.32000003987923
transition_warm,0.75,16,1.0,8,3,37.124000024050474
transition_first,0.75,16,1.0,8,4,34.336799988523126
transition_warm,0.75,16,1.0,8,4,35.55289999349043
transition_first,0.75,16,1.0,8,5,38.58279995620251
transition_warm,0.75,16,1.0,8,5,33.04270002990961
transition_first,0.75,16,1.0,8,6,34.30980001576245
transition_warm,0.75,16,1.0,8,6,34.37139996094629
transition_first,0.75,16,1.0,8,7,34.65340001275763
transition_warm,0.75,16,1.0,8,7,31.658300023991615
transition_first,0.75,16,1.0,8,8,32.41619997425005
transition_warm,0.75,16,1.0,8,8,129.3665999546647
transition_first,0.75,16,1.0,8,9,46.66059999726713
transition_warm,0.75,16,1.0,8,9,33.00990001298487
transition_first,0.5,32,0.75,4,0,46.829900005832314
transition_warm,0.5,32,0.75,4,0,41.25830001430586
transition_first,0.5,32,0.75,4,1,29.721900005824864
transition_warm,0.5,32,0.75,4,1,31.835499976295978
transition_first,0.5,32,0.75,4,2,31.57599997939542
transition_warm,0.5,32,0.75,4,2,38.088099972810596
transition_first,0.5,32,0.75,4,3,28.844699962064624
transition_warm,0.5,32,0.75,4,3,29.464300023391843
transition_first,0.5,32,0.75,4,4,28.05000002263114
transition_warm,0.5,32,0.75,4,4,29.779399977996945
transition_first,0.5,32,0.75,4,5,34.760800015646964
transition_warm,0.5,32,0.75,4,5,35.571000014897436
transition_first,0.5,32,0.75,4,6,28.614699956960976
transition_warm,0.5,32,0.75,4,6,29.70899996580556
transition_first,0.5,32,0.75,4,7,35.26989999227226
transition_warm,0.5,32,0.75,4,7,29.77149997605011
transition_first,0.5,32,0.75,4,8,38.25169999618083
transition_warm,0.5,32,0.75,4,8,28.841499995905906
transition_first,0.5,32,0.75,4,9,29.03919998789206
transition_warm,0.5,32,0.75,4,9,30.4440000327304
transition_first,0.5,32,1.0,16,0,32.65589999500662
transition_warm,0.5,32,1.0,16,0,33.147400012239814
transition_first,0.5,32,1.0,16,1,31.77890001097694
transition_warm,0.5,32,1.0,16,1,31.780100020114332
transition_first,0.5,32,1.0,16,2,35.25590000208467
transition_warm,0.5,32,1.0,16,2,32.47700002975762
transition_first,0.5,32,1.0,16,3,32.917400007136166
transition_warm,0.5,32,1.0,16,3,32.628500019200146
transition_first,0.5,32,1.0,16,4,32.409099978394806
transition_warm,0.5,32,1.0,16,4,37.48280002037063
transition_first,0.5,32,1.0,16,5,33.23190001538023
transition_warm,0.5,32,1.0,16,5,33.03369996137917
transition_first,0.5,32,1.0,16,6,33.44620001735166
transition_warm,0.5,32,1.0,16,6,31.208899978082627
transition_first,0.5,32,1.0,16,7,34.415600006468594
transition_warm,0.5,32,1.0,16,7,37.19699999783188
transition_first,0.5,32,1.0,16,8,36.58259997610003
transition_warm,0.5,32,1.0,16,8,35.90560000156984
transition_first,0.5,32,1.0,16,9,32.31239999877289
transition_warm,0.5,32,1.0,16,9,33.03559997584671
transition_first,0.5,16,1.0,16,0,33.39810000034049
transition_warm,0.5,16,1.0,16,0,32.42820000741631
transition_first,0.5,16,1.0,16,1,37.87399997236207
transition_warm,0.5,16,1.0,16,1,32.270099967718124
transition_first,0.5,16,1.0,16,2,33.107099996414036
transition_warm,0.5,16,1.0,16,2,31.47079999325797
transition_first,0.5,16,1.0,16,3,34.02050002478063
transition_warm,0.5,16,1.0,16,3,32.55709999939427
transition_first,0.5,16,1.0,16,4,36.14069998729974
transition_warm,0.5,16,1.0,16,4,32.55689999787137
transition_first,0.5,16,1.0,16,5,32.535100006498396
transition_warm,0.5,16,1.0,16,5,33.30220002681017
transition_first,0.5,16,1.0,16,6,34.12679996108636
transition_warm,0.5,16,1.0,16,6,33.342799986712635
transition_first,0.5,16,1.0,16,7,45.683000003919005
transition_warm,0.5,16,1.0,16,7,48.93930000253022
transition_first,0.5,16,1.0,16,8,33.73450000071898
transition_warm,0.5,16,1.0,16,8,33.65800000028685
transition_first,0.5,16,1.0,16,9,45.23300001164898
transition_warm,0.5,16,1.0,16,9,33.018200017977506
transition_first,0.5,16,1.0,8,0,35.207999986596406
transition_warm,0.5,16,1.0,8,0,32.160300004761666
transition_first,0.5,16,1.0,8,1,33.171100018080324
transition_warm,0.5,16,1.0,8,1,35.000599978957325
transition_first,0.5,16,1.0,8,2,47.003200044855475
transition_warm,0.5,16,1.0,8,2,32.17859996948391
transition_first,0.5,16,1.0,8,3,44.84669998055324
transition_warm,0.5,16,1.0,8,3,32.49610000057146
transition_first,0.5,16,1.0,8,4,34.446800011210144
transition_warm,0.5,16,1.0,8,4,32.33760001603514
transition_first,0.5,16,1.0,8,5,33.20330003043637
transition_warm,0.5,16,1.0,8,5,32.92540000984445
transition_first,0.5,16,1.0,8,6,32.96709997812286
transition_warm,0.5,16,1.0,8,6,32.36099996138364
transition_first,0.5,16,1.0,8,7,32.47179999016225
transition_warm,0.5,16,1.0,8,7,35.18629999598488
transition_first,0.5,16,1.0,8,8,39.963999995961785
transition_warm,0.5,16,1.0,8,8,41.46989999571815
transition_first,0.5,16,1.0,8,9,33.74189999885857
transition_warm,0.5,16,1.0,8,9,38.83100004168227
transition_first,0.5,32,0.25,32,0,14.002300042193383
transition_warm,0.5,32,0.25,32,0,11.095900030341
transition_first,0.5,32,0.25,32,1,11.529600014910102
transition_warm,0.5,32,0.25,32,1,10.592099977657199
transition_first,0.5,32,0.25,32,2,11.336099996697158
transition_warm,0.5,32,0.25,32,2,11.030199995730072
transition_first,0.5,32,0.25,32,3,10.827799967955798
transition_warm,0.5,32,0.25,32,3,10.776800045277923
transition_first,0.5,32,0.25,32,4,18.63559999037534
transition_warm,0.5,32,0.25,32,4,16.39999996405095
transition_first,0.5,32,0.25,32,5,10.211900051217526
transition_warm,0.5,32,0.25,32,5,11.231200012844056
transition_first,0.5,32,0.25,32,6,10.810600011609495
transition_warm,0.5,32,0.25,32,6,11.576900025829673
transition_first,0.5,32,0.25,32,7,10.309399978723377
transition_warm,0.5,32,0.25,32,7,10.092399956192821
transition_first,0.5,32,0.25,32,8,10.75789995957166
transition_warm,0.5,32,0.25,32,8,10.609999997541308
transition_first,0.5,32,0.25,32,9,11.497500003315508
transition_warm,0.5,32,0.25,32,9,13.883099949453026
transition_first,0.5,16,1.0,4,0,37.165099987760186
transition_warm,0.5,16,1.0,4,0,35.30180000234395
transition_first,0.5,16,1.0,4,1,33.05189998354763
transition_warm,0.5,16,1.0,4,1,31.790199980605394
transition_first,0.5,16,1.0,4,2,33.83390000090003
transition_warm,0.5,16,1.0,4,2,33.16709998762235
transition_first,0.5,16,1.0,4,3,32.75419998681173
transition_warm,0.5,16,1.0,4,3,32.67430001869798
transition_first,0.5,16,1.0,4,4,35.2147999801673
transition_warm,0.5,16,1.0,4,4,32.889299967791885
transition_first,0.5,16,1.0,4,5,33.07689999928698
transition_warm,0.5,16,1.0,4,5,31.977000006008893
transition_first,0.5,16,1.0,4,6,32.744299969635904
transition_warm,0.5,16,1.0,4,6,47.699499991722405
transition_first,0.5,16,1.0,4,7,38.62579999258742
transition_warm,0.5,16,1.0,4,7,38.073299976531416
transition_first,0.5,16,1.0,4,8,43.94260002300143
transition_warm,0.5,16,1.0,4,8,33.83339999709278
transition_first,0.5,16,1.0,4,9,43.84550004033372
transition_warm,0.5,16,1.0,4,9,33.10780000174418
transition_first,1.0,32,0.75,32,0,10.686499997973442
transition_warm,1.0,32,0.75,32,0,10.76380000449717
transition_first,1.0,32,0.75,32,1,9.98920004349202
transition_warm,1.0,32,0.75,32,1,10.689299961086363
transition_first,1.0,32,0.75,32,2,10.005200048908591
transition_warm,1.0,32,0.75,32,2,11.285899963695556
transition_first,1.0,32,0.75,32,3,10.863900010008365
transition_warm,1.0,32,0.75,32,3,11.538100021425635
transition_first,1.0,32,0.75,32,4,10.533499997109175
transition_warm,1.0,32,0.75,32,4,11.180000030435622
transition_first,1.0,32,0.75,32,5,10.892099991906434
transition_warm,1.0,32,0.75,32,5,12.365899980068207
transition_first,1.0,32,0.75,32,6,10.432899987790734
transition_warm,1.0,32,0.75,32,6,12.105999980121851
transition_first,1.0,32,0.75,32,7,10.471299989148974
transition_warm,1.0,32,0.75,32,7,17.581199994310737
transition_first,1.0,32,0.75,32,8,15.11840004241094
transition_warm,1.0,32,0.75,32,8,10.830099985469133
transition_first,1.0,32,0.75,32,9,10.646399983670563
transition_warm,1.0,32,0.75,32,9,10.20680001238361
transition_first,0.25,16,0.75,16,0,37.018900038674474
transition_warm,0.25,16,0.75,16,0,29.917300038505346
transition_first,0.25,16,0.75,16,1,31.353299971669912
transition_warm,0.25,16,0.75,16,1,28.83039996959269
transition_first,0.25,16,0.75,16,2,47.60669998358935
transition_warm,0.25,16,0.75,16,2,45.539300015661865
transition_first,0.25,16,0.75,16,3,38.201000017579645
transition_warm,0.25,16,0.75,16,3,51.00390000734478
transition_first,0.25,16,0.75,16,4,35.6737999827601
transition_warm,0.25,16,0.75,16,4,39.716599974781275
transition_first,0.25,16,0.75,16,5,42.673899966757745
transition_warm,0.25,16,0.75,16,5,31.734799966216087
transition_first,0.25,16,0.75,16,6,31.400799984112382
transition_warm,0.25,16,0.75,16,6,46.633999969344586
transition_first,0.25,16,0.75,16,7,29.074399964883924
transition_warm,0.25,16,0.75,16,7,39.8198000038974
transition_first,0.25,16,0.75,16,8,33.42749999137595
transition_warm,0.25,16,0.75,16,8,40.481099975295365
transition_first,0.25,16,0.75,16,9,34.36420002253726
transition_warm,0.25,16,0.75,16,9,32.067199994344264
transition_first,0.75,16,0.5,4,0,29.872799990698695
transition_warm,0.75,16,0.5,4,0,30.431399994995445
transition_first,0.75,16,0.5,4,1,29.73409998230636
transition_warm,0.75,16,0.5,4,1,28.749299992341548
transition_first,0.75,16,0.5,4,2,37.88800002075732
transition_warm,0.75,16,0.5,4,2,37.01050003292039
transition_first,0.75,16,0.5,4,3,39.49779999675229
transition_warm,0.75,16,0.5,4,3,41.36799997650087
transition_first,0.75,16,0.5,4,4,28.651900007389486
transition_warm,0.75,16,0.5,4,4,31.644800037611276
transition_first,0.75,16,0.5,4,5,32.348699984140694
transition_warm,0.75,16,0.5,4,5,32.30189997702837
transition_first,0.75,16,0.5,4,6,29.64069996960461
transition_warm,0.75,16,0.5,4,6,30.02910001669079
transition_first,0.75,16,0.5,4,7,28.899500030092895
transition_warm,0.75,16,0.5,4,7,38.95699995337054
transition_first,0.75,16,0.5,4,8,29.519099975004792
transition_warm,0.75,16,0.5,4,8,29.384299996308982
transition_first,0.75,16,0.5,4,9,31.371999997645617
transition_warm,0.75,16,0.5,4,9,32.8457000432536
transition_first,0.5,8,1.0,16,0,33.47779996693134
transition_warm,0.5,8,1.0,16,0,31.790199980605394
transition_first,0.5,8,1.0,16,1,32.04670001287013
transition_warm,0.5,8,1.0,16,1,33.11209997627884
transition_first,0.5,8,1.0,16,2,33.86049997061491
transition_warm,0.5,8,1.0,16,2,35.91839998262003
transition_first,0.5,8,1.0,16,3,34.41720001865178
transition_warm,0.5,8,1.0,16,3,31.606600037775934
transition_first,0.5,8,1.0,16,4,34.2351000290364
transition_warm,0.5,8,1.0,16,4,36.576899990905076
transition_first,0.5,8,1.0,16,5,44.5047999965027
transition_warm,0.5,8,1.0,16,5,59.78120001964271
transition_first,0.5,8,1.0,16,6,33.52480003377423
transition_warm,0.5,8,1.0,16,6,56.17689999053255
transition_first,0.5,8,1.0,16,7,37.322299962397665
transition_warm,0.5,8,1.0,16,7,37.27130003971979
transition_first,0.5,8,1.0,16,8,33.35529996547848
transition_warm,0.5,8,1.0,16,8,33.42170000541955
transition_first,0.5,8,1.0,16,9,34.25800002878532
transition_warm,0.5,8,1.0,16,9,32.78469998622313
transition_first,0.75,32,0.25,32,0,10.791799984872341
transition_warm,0.75,32,0.25,32,0,10.961399995721877
transition_first,0.75,32,0.25,32,1,10.261000017635524
transition_warm,0.75,32,0.25,32,1,10.256699984893203
transition_first,0.75,32,0.25,32,2,10.322100017219782
transition_warm,0.75,32,0.25,32,2,10.097999998833984
transition_first,0.75,32,0.25,32,3,9.938100003637373
transition_warm,0.75,32,0.25,32,3,10.008000012021512
transition_first,0.75,32,0.25,32,4,10.610299999825656
transition_warm,0.75,32,0.25,32,4,10.296299995388836
transition_first,0.75,32,0.25,32,5,10.352499957662076
transition_warm,0.75,32,0.25,32,5,10.214299953076988
transition_first,0.75,32,0.25,32,6,10.507900035008788
transition_warm,0.75,32,0.25,32,6,10.975999990478158
transition_first,0.75,32,0.25,32,7,16.126900038216263
transition_warm,0.75,32,0.25,32,7,11.179699969943613
transition_first,0.75,32,0.25,32,8,10.898899985477328
transition_warm,0.75,32,0.25,32,8,12.136400036979467
transition_first,0.75,32,0.25,32,9,10.06609998876229
transition_warm,0.75,32,0.25,32,9,11.34620001539588
transition_first,0.5,8,0.5,4,0,32.46810002019629
transition_warm,0.5,8,0.5,4,0,36.46390000358224
transition_first,0.5,8,0.5,4,1,27.830999984871596
transition_warm,0.5,8,0.5,4,1,30.864999978803098
transition_first,0.5,8,0.5,4,2,28.493500023614615
transition_warm,0.5,8,0.5,4,2,26.65429998887703
transition_first,0.5,8,0.5,4,3,48.57709998032078
transition_warm,0.5,8,0.5,4,3,37.02210000483319
transition_first,0.5,8,0.5,4,4,30.54750000592321
transition_warm,0.5,8,0.5,4,4,32.86540001863614
transition_first,0.5,8,0.5,4,5,29.46310001425445
transition_warm,0.5,8,0.5,4,5,28.04100001230836
transition_first,0.5,8,0.5,4,6,41.965699987486005
transition_warm,0.5,8,0.5,4,6,33.113400044385344
transition_first,0.5,8,0.5,4,7,34.57509999861941
transition_warm,0.5,8,0.5,4,7,29.281399969477206
transition_first,0.5,8,0.5,4,8,30.686000012792647
transition_warm,0.5,8,0.5,4,8,28.75189995393157
transition_first,0.5,8,0.5,4,9,34.62789999321103
transition_warm,0.5,8,0.5,4,9,50.748499983455986
transition_first,1.0,4,1.0,8,0,32.66209998400882
transition_warm,1.0,4,1.0,8,0,31.672700017224997
transition_first,1.0,4,1.0,8,1,33.985599991865456
transition_warm,1.0,4,1.0,8,1,31.601700000464916
transition_first,1.0,4,1.0,8,2,33.48089999053627
transition_warm,1.0,4,1.0,8,2,32.712899963371456
transition_first,1.0,4,1.0,8,3,42.352099961135536
transition_warm,1.0,4,1.0,8,3,36.0159000265412
transition_first,1.0,4,1.0,8,4,33.52140000788495
transition_warm,1.0,4,1.0,8,4,32.47380000539124
transition_first,1.0,4,1.0,8,5,43.082699994556606
transition_warm,1.0,4,1.0,8,5,46.505400037858635
transition_first,1.0,4,1.0,8,6,32.40850003203377
transition_warm,1.0,4,1.0,8,6,33.4840000141412
transition_first,1.0,4,1.0,8,7,33.16130000166595
transition_warm,1.0,4,1.0,8,7,33.354700019117445
transition_first,1.0,4,1.0,8,8,33.19340001326054
transition_warm,1.0,4,1.0,8,8,32.38320001401007
transition_first,1.0,4,1.0,8,9,32.27480000350624
transition_warm,1.0,4,1.0,8,9,32.85409999080002
transition_first,0.5,4,0.25,16,0,40.43249995447695
transition_warm,0.5,4,0.25,16,0,37.91710000950843
transition_first,0.5,4,0.25,16,1,28.836100012995303
transition_warm,0.5,4,0.25,16,1,27.944799978286028
transition_first,0.5,4,0.25,16,2,34.16540002217516
transition_warm,0.5,4,0.25,16,2,35.022699972614646
transition_first,0.5,4,0.25,16,3,28.418899979442358
transition_warm,0.5,4,0.25,16,3,29.1033000103198
transition_first,0.5,4,0.25,16,4,29.085999995004386
transition_warm,0.5,4,0.25,16,4,26.777399994898587
transition_first,0.5,4,0.25,16,5,29.25160003360361
transition_warm,0.5,4,0.25,16,5,29.300599999260157
transition_first,0.5,4,0.25,16,6,42.58240002673119
transition_warm,0.5,4,0.25,16,6,37.51399996690452
transition_first,0.5,4,0.25,16,7,29.09590001218021
transition_warm,0.5,4,0.25,16,7,28.650600055698305
transition_first,0.5,4,0.25,16,8,27.57999999448657
transition_warm,0.5,4,0.25,16,8,35.1156999822706
transition_first,0.5,4,0.25,16,9,29.637299943715334
transition_warm,0.5,4,0.25,16,9,30.81749996636063
transition_first,0.25,16,1.0,16,0,34.456800029147416
transition_warm,0.25,16,1.0,16,0,31.68250003363937
transition_first,0.25,16,1.0,16,1,35.29019997222349
transition_warm,0.25,16,1.0,16,1,34.9170999834314
transition_first,0.25,16,1.0,16,2,33.87579997070134
transition_warm,0.25,16,1.0,16,2,33.36290002334863
transition_first,0.25,16,1.0,16,3,32.75369998300448
transition_warm,0.25,16,1.0,16,3,35.95270001096651
transition_first,0.25,16,1.0,16,4,33.462499966844916
transition_warm,0.25,16,1.0,16,4,45.449100027326494
transition_first,0.25,16,1.0,16,5,34.357699973043054
transition_warm,0.25,16,1.0,16,5,35.50420003011823
transition_first,0.25,16,1.0,16,6,38.02090004319325
transition_warm,0.25,16,1.0,16,6,39.27899996051565
transition_first,0.25,16,1.0,16,7,35.17630003625527
transition_warm,0.25,16,1.0,16,7,46.703800035174936
transition_first,0.25,16,1.0,16,8,32.42539998609573
transition_warm,0.25,16,1.0,16,8,34.42820004420355
transition_first,0.25,16,1.0,16,9,33.012299973051995
transition_warm,0.25,16,1.0,16,9,34.70949997426942
transition_first,1.0,16,1.0,4,0,36.26229998189956
transition_warm,1.0,16,1.0,4,0,34.156100009568036
transition_first,1.0,16,1.0,4,1,37.78579999925569
transition_warm,1.0,16,1.0,4,1,32.154499960597605
transition_first,1.0,16,1.0,4,2,34.29460001643747
transition_warm,1.0,16,1.0,4,2,34.70499999821186
transition_first,1.0,16,1.0,4,3,34.138700051698834
transition_warm,1.0,16,1.0,4,3,32.57500001927838
transition_first,1.0,16,1.0,4,4,56.79819994838908
transition_warm,1.0,16,1.0,4,4,32.838799990713596
transition_first,1.0,16,1.0,4,5,33.37409999221563
transition_warm,1.0,16,1.0,4,5,33.347400021739304
transition_first,1.0,16,1.0,4,6,33.51740003563464
transition_warm,1.0,16,1.0,4,6,33.73210004065186
transition_first,1.0,16,1.0,4,7,31.827299972064793
transition_warm,1.0,16,1.0,4,7,32.872799958568066
transition_first,1.0,16,1.0,4,8,32.16399997472763
transition_warm,1.0,16,1.0,4,8,32.467000011820346
transition_first,1.0,16,1.0,4,9,31.880099966656417
transition_warm,1.0,16,1.0,4,9,32.683499972335994
transition_first,0.5,4,0.75,32,0,11.605100007727742
transition_warm,0.5,4,0.75,32,0,10.433599993120879
transition_first,0.5,4,0.75,32,1,11.249000031966716
transition_warm,0.5,4,0.75,32,1,11.202700028661638
transition_first,0.5,4,0.75,32,2,10.376499965786934
transition_warm,0.5,4,0.75,32,2,10.093799966853112
transition_first,0.5,4,0.75,32,3,13.110400002915412
transition_warm,0.5,4,0.75,32,3,11.886499996762723
transition_first,0.5,4,0.75,32,4,11.127299978397787
transition_warm,0.5,4,0.75,32,4,12.228199979290366
transition_first,0.5,4,0.75,32,5,17.42049999302253
transition_warm,0.5,4,0.75,32,5,20.64740000059828
transition_first,0.5,4,0.75,32,6,34.07709999009967
transition_warm,0.5,4,0.75,32,6,11.253600008785725
transition_first,0.5,4,0.75,32,7,11.190699995495379
transition_warm,0.5,4,0.75,32,7,15.328399953432381
transition_first,0.5,4,0.75,32,8,11.355299968272448
transition_warm,0.5,4,0.75,32,8,14.812599983997643
transition_first,0.5,4,0.75,32,9,11.56229997286573
transition_warm,0.5,4,0.75,32,9,12.271200015675277
transition_first,0.25,32,1.0,8,0,33.267399994656444
transition_warm,0.25,32,1.0,8,0,32.72880002623424
transition_first,0.25,32,1.0,8,1,35.35740001825616
transition_warm,0.25,32,1.0,8,1,33.85169996181503
transition_first,0.25,32,1.0,8,2,32.071400026325136
transition_warm,0.25,32,1.0,8,2,32.42160001536831
transition_first,0.25,32,1.0,8,3,37.37250005360693
transition_warm,0.25,32,1.0,8,3,32.795500010252
transition_first,0.25,32,1.0,8,4,47.0733999973163
transition_warm,0.25,32,1.0,8,4,33.83279999252409
transition_first,0.25,32,1.0,8,5,45.74900004081428
transition_warm,0.25,32,1.0,8,5,36.334300006274134
transition_first,0.25,32,1.0,8,6,32.18009998090565
transition_warm,0.25,32,1.0,8,6,32.69780002301559
transition_first,0.25,32,1.0,8,7,33.08899997500703
transition_warm,0.25,32,1.0,8,7,32.82490000128746
transition_first,0.25,32,1.0,8,8,32.18509996077046
transition_warm,0.25,32,1.0,8,8,40.55580002022907
transition_first,0.25,32,1.0,8,9,31.242099998053163
transition_warm,0.25,32,1.0,8,9,36.40789998462424
transition_first,0.25,8,1.0,16,0,33.01759995520115
transition_warm,0.25,8,1.0,16,0,32.27980004157871
transition_first,0.25,8,1.0,16,1,33.28160004457459
transition_warm,0.25,8,1.0,16,1,35.32630001427606
transition_first,0.25,8,1.0,16,2,32.83539996482432
transition_warm,0.25,8,1.0,16,2,39.64139998424798
transition_first,0.25,8,1.0,16,3,31.68539999751374
transition_warm,0.25,8,1.0,16,3,32.75390004273504
transition_first,0.25,8,1.0,16,4,32.38550003152341
transition_warm,0.25,8,1.0,16,4,33.015299995895475
transition_first,0.25,8,1.0,16,5,35.64429999096319
transition_warm,0.25,8,1.0,16,5,45.451999991200864
transition_first,0.25,8,1.0,16,6,32.6509999576956
transition_warm,0.25,8,1.0,16,6,31.682300032116473
transition_first,0.25,8,1.0,16,7,33.22079998906702
transition_warm,0.25,8,1.0,16,7,34.51090003363788
transition_first,0.25,8,1.0,16,8,32.62940002605319
transition_warm,0.25,8,1.0,16,8,33.39680004864931
transition_first,0.25,8,1.0,16,9,32.874399970751256
transition_warm,0.25,8,1.0,16,9,33.824099984485656
transition_first,1.0,32,0.5,4,0,44.06879999442026
transition_warm,1.0,32,0.5,4,0,33.67939998861402
transition_first,1.0,32,0.5,4,1,35.26360000250861
transition_warm,1.0,32,0.5,4,1,32.206500007305294
transition_first,1.0,32,0.5,4,2,28.214700054377317
transition_warm,1.0,32,0.5,4,2,27.865300013218075
transition_first,1.0,32,0.5,4,3,35.779799974989146
transition_warm,1.0,32,0.5,4,3,35.91590002179146
transition_first,1.0,32,0.5,4,4,31.745099986437708
transition_warm,1.0,32,0.5,4,4,30.43650003382936
transition_first,1.0,32,0.5,4,5,28.34460005396977
transition_warm,1.0,32,0.5,4,5,30.902500031515956
transition_first,1.0,32,0.5,4,6,29.124599997885525
transition_warm,1.0,32,0.5,4,6,34.34630000265315
transition_first,1.0,32,0.5,4,7,32.56890003103763
transition_warm,1.0,32,0.5,4,7,33.67059997981414
transition_first,1.0,32,0.5,4,8,29.39810004318133
transition_warm,1.0,32,0.5,4,8,29.750099987722933
transition_first,1.0,32,0.5,4,9,29.56400002585724
transition_warm,1.0,32,0.5,4,9,28.74590002465993
transition_first,1.0,16,0.25,16,0,28.066500031854957
transition_warm,1.0,16,0.25,16,0,28.59370002988726
transition_first,1.0,16,0.25,16,1,28.33450003527105
transition_warm,1.0,16,0.25,16,1,32.01439999975264
transition_first,1.0,16,0.25,16,2,42.53500001505017
transition_warm,1.0,16,0.25,16,2,27.688900008797646
transition_first,1.0,16,0.25,16,3,28.118399961385876
transition_warm,1.0,16,0.25,16,3,29.43639998557046
transition_first,1.0,16,0.25,16,4,28.116000001318753
transition_warm,1.0,16,0.25,16,4,28.670100029557943
transition_first,1.0,16,0.25,16,5,28.919799951836467
transition_warm,1.0,16,0.25,16,5,28.93279999261722
transition_first,1.0,16,0.25,16,6,28.91059999819845
transition_warm,1.0,16,0.25,16,6,29.19780003139749
transition_first,1.0,16,0.25,16,7,29.191699984949082
transition_warm,1.0,16,0.25,16,7,30.67830001236871
transition_first,1.0,16,0.25,16,8,29.51090002898127
transition_warm,1.0,16,0.25,16,8,31.767399981617928
transition_first,1.0,16,0.25,16,9,33.892499981448054
transition_warm,1.0,16,0.25,16,9,40.18700000597164
transition_first,0.5,8,0.25,32,0,9.730599995236844
transition_warm,0.5,8,0.25,32,0,11.681800009682775
transition_first,0.5,8,0.25,32,1,14.252799970563501
transition_warm,0.5,8,0.25,32,1,10.383799963165075
transition_first,0.5,8,0.25,32,2,11.565699998755008
transition_warm,0.5,8,0.25,32,2,10.042799985967577
transition_first,0.5,8,0.25,32,3,11.894999945070595
transition_warm,0.5,8,0.25,32,3,10.12530003208667
transition_first,0.5,8,0.25,32,4,12.893699982669204
transition_warm,0.5,8,0.25,32,4,11.188899981789291
transition_first,0.5,8,0.25,32,5,11.23060000827536
transition_warm,0.5,8,0.25,32,5,10.04520000424236
transition_first,0.5,8,0.25,32,6,10.733700008131564
transition_warm,0.5,8,0.25,32,6,11.687299993354827
transition_first,0.5,8,0.25,32,7,10.279799986165017
transition_warm,0.5,8,0.25,32,7,10.117999976500869
transition_first,0.5,8,0.25,32,8,13.096100010443479
transition_warm,0.5,8,0.25,32,8,11.061099998187274
transition_first,0.5,8,0.25,32,9,12.06169999204576
transition_warm,0.5,8,0.25,32,9,10.716999997384846
transition_first,0.75,8,0.5,8,0,29.6051999903284
transition_warm,0.75,8,0.5,8,0,29.96079996228218
transition_first,0.75,8,0.5,8,1,29.64820002671331
transition_warm,0.75,8,0.5,8,1,36.22949996497482
transition_first,0.75,8,0.5,8,2,34.42520002136007
transition_warm,0.75,8,0.5,8,2,32.572199997957796
transition_first,0.75,8,0.5,8,3,29.263800010085106
transition_warm,0.75,8,0.5,8,3,34.55240000039339
transition_first,0.75,8,0.5,8,4,30.16699996078387
transition_warm,0.75,8,0.5,8,4,34.45889998693019
transition_first,0.75,8,0.5,8,5,36.47910000290722
transition_warm,0.75,8,0.5,8,5,34.0738000231795
transition_first,0.75,8,0.5,8,6,47.09680000087246
transition_warm,0.75,8,0.5,8,6,28.72410003328696
transition_first,0.75,8,0.5,8,7,28.416099958121777
transition_warm,0.75,8,0.5,8,7,31.926500028930604
transition_first,0.75,8,0.5,8,8,29.164199950173497
transition_warm,0.75,8,0.5,8,8,29.360000044107437
transition_first,0.75,8,0.5,8,9,38.92029996495694
transition_warm,0.75,8,0.5,8,9,29.84989999094978
transition_first,0.5,4,1.0,8,0,32.3676000116393
transition_warm,0.5,4,1.0,8,0,36.83090000413358
transition_first,0.5,4,1.0,8,1,34.621200000401586
transition_warm,0.5,4,1.0,8,1,33.33740000380203
transition_first,0.5,4,1.0,8,2,35.769500012975186
transition_warm,0.5,4,1.0,8,2,34.08270003274083
transition_first,0.5,4,1.0,8,3,31.339699984528124
transition_warm,0.5,4,1.0,8,3,41.988100041635334
transition_first,0.5,4,1.0,8,4,32.625599997118115
transition_warm,0.5,4,1.0,8,4,32.66529995016754
transition_first,0.5,4,1.0,8,5,33.56110001914203
transition_warm,0.5,4,1.0,8,5,34.73880002275109
transition_first,0.5,4,1.0,8,6,41.68379999464378
transition_warm,0.5,4,1.0,8,6,32.802100002299994
transition_first,0.5,4,1.0,8,7,37.87249996094033
transition_warm,0.5,4,1.0,8,7,33.78100000554696
transition_first,0.5,4,1.0,8,8,33.0740999779664
transition_warm,0.5,4,1.0,8,8,34.00250000413507
transition_first,0.5,4,1.0,8,9,33.88030000496656
transition_warm,0.5,4,1.0,8,9,34.20880000339821
transition_first,0.25,4,0.75,16,0,31.97009995346889
transition_warm,0.25,4,0.75,16,0,30.341000005137175
transition_first,0.25,4,0.75,16,1,41.29660001490265
transition_warm,0.25,4,0.75,16,1,30.241600004956126
transition_first,0.25,4,0.75,16,2,29.99820001423359
transition_warm,0.25,4,0.75,16,2,29.18790001422167
transition_first,0.25,4,0.75,16,3,37.18550002668053
transition_warm,0.25,4,0.75,16,3,30.412399966735393
transition_first,0.25,4,0.75,16,4,42.376199970021844
transition_warm,0.25,4,0.75,16,4,35.92459997162223
transition_first,0.25,4,0.75,16,5,42.50239999964833
transition_warm,0.25,4,0.75,16,5,39.617299975361675
transition_first,0.25,4,0.75,16,6,45.64109997591004
transition_warm,0.25,4,0.75,16,6,38.30129996640608
transition_first,0.25,4,0.75,16,7,29.16839998215437
transition_warm,0.25,4,0.75,16,7,31.072899990249425
transition_first,0.25,4,0.75,16,8,33.45619997708127
transition_warm,0.25,4,0.75,16,8,38.69169997051358
transition_first,0.25,4,0.75,16,9,29.15060002123937
transition_warm,0.25,4,0.75,16,9,30.371900007594377
transition_first,0.25,4,0.5,8,0,31.680800020694733
transition_warm,0.25,4,0.5,8,0,41.55500000342727
transition_first,0.25,4,0.5,8,1,28.84990000165999
transition_warm,0.25,4,0.5,8,1,30.456500011496246
transition_first,0.25,4,0.5,8,2,33.74169999733567
transition_warm,0.25,4,0.5,8,2,41.915400011930615
transition_first,0.25,4,0.5,8,3,28.500700020231307
transition_warm,0.25,4,0.5,8,3,28.709999984130263
transition_first,0.25,4,0.5,8,4,32.50370000023395
transition_warm,0.25,4,0.5,8,4,26.364499994087964
transition_first,0.25,4,0.5,8,5,29.331900004763156
transition_warm,0.25,4,0.5,8,5,34.31989997625351
transition_first,0.25,4,0.5,8,6,29.40509998006746
transition_warm,0.25,4,0.5,8,6,29.21409998089075
transition_first,0.25,4,0.5,8,7,34.25030002836138
transition_warm,0.25,4,0.5,8,7,28.620600001886487
transition_first,0.25,4,0.5,8,8,34.97919999063015
transition_warm,0.25,4,0.5,8,8,28.786899987608194
transition_first,0.25,4,0.5,8,9,33.39719999348745
transition_warm,0.25,4,0.5,8,9,30.966099991928786
transition_first,1.0,8,0.5,8,0,29.351100034546107
transition_warm,1.0,8,0.5,8,0,39.260399993509054
transition_first,1.0,8,0.5,8,1,46.65869998279959
transition_warm,1.0,8,0.5,8,1,27.45410002535209
transition_first,1.0,8,0.5,8,2,27.949800016358495
transition_warm,1.0,8,0.5,8,2,28.725999989546835
transition_first,1.0,8,0.5,8,3,47.087500046473
transition_warm,1.0,8,0.5,8,3,28.73550000367686
transition_first,1.0,8,0.5,8,4,35.16640001907945
transition_warm,1.0,8,0.5,8,4,40.94849998364225
transition_first,1.0,8,0.5,8,5,29.379100014921278
transition_warm,1.0,8,0.5,8,5,39.721000008285046
transition_first,1.0,8,0.5,8,6,29.79790000244975
transition_warm,1.0,8,0.5,8,6,31.133799988310784
transition_first,1.0,8,0.5,8,7,29.690600000321865
transition_warm,1.0,8,0.5,8,7,29.59059999557212
transition_first,1.0,8,0.5,8,8,41.79620003560558
transition_warm,1.0,8,0.5,8,8,29.350000026170164
transition_first,1.0,8,0.5,8,9,27.8377000358887
transition_warm,1.0,8,0.5,8,9,29.520499985665083
transition_first,1.0,8,1.0,4,0,33.38340000482276
transition_warm,1.0,8,1.0,4,0,35.151799966115505
transition_first,1.0,8,1.0,4,1,42.37089998787269
transition_warm,1.0,8,1.0,4,1,31.86630003619939
transition_first,1.0,8,1.0,4,2,38.25949999736622
transition_warm,1.0,8,1.0,4,2,38.74690004158765
transition_first,1.0,8,1.0,4,3,32.00680000009015
transition_warm,1.0,8,1.0,4,3,35.57830001227558
transition_first,1.0,8,1.0,4,4,32.94459998141974
transition_warm,1.0,8,1.0,4,4,34.43110000807792
transition_first,1.0,8,1.0,4,5,43.6735000112094
transition_warm,1.0,8,1.0,4,5,32.46769995894283
transition_first,1.0,8,1.0,4,6,33.05189998354763
transition_warm,1.0,8,1.0,4,6,32.713300024624914
transition_first,1.0,8,1.0,4,7,32.95560000697151
transition_warm,1.0,8,1.0,4,7,33.492199960164726
transition_first,1.0,8,1.0,4,8,39.13549997378141
transition_warm,1.0,8,1.0,4,8,33.2289999932982
transition_first,1.0,8,1.0,4,9,32.8010999946855
transition_warm,1.0,8,1.0,4,9,32.83580002607778
transition_first,1.0,4,1.0,32,0,11.031000001821667
transition_warm,1.0,4,1.0,32,0,9.825400018598884
transition_first,1.0,4,1.0,32,1,9.92240000050515
transition_warm,1.0,4,1.0,32,1,10.111099982168525
transition_first,1.0,4,1.0,32,2,10.301999980583787
transition_warm,1.0,4,1.0,32,2,9.77130001410842
transition_first,1.0,4,1.0,32,3,12.49739999184385
transition_warm,1.0,4,1.0,32,3,12.570500024594367
transition_first,1.0,4,1.0,32,4,12.044899980537593
transition_warm,1.0,4,1.0,32,4,12.700600025709718
transition_first,1.0,4,1.0,32,5,10.422499966807663
transition_warm,1.0,4,1.0,32,5,13.21889995597303
transition_first,1.0,4,1.0,32,6,9.93870000820607
transition_warm,1.0,4,1.0,32,6,10.787599952891469
transition_first,1.0,4,1.0,32,7,10.464399994816631
transition_warm,1.0,4,1.0,32,7,10.330000019166619
transition_first,1.0,4,1.0,32,8,10.614299972075969
transition_warm,1.0,4,1.0,32,8,9.330300032161176
transition_first,1.0,4,1.0,32,9,9.481399960350245
transition_warm,1.0,4,1.0,32,9,10.31660003354773
transition_first,0.75,16,1.0,4,0,34.38610001467168
transition_warm,0.75,16,1.0,4,0,35.48109997063875
transition_first,0.75,16,1.0,4,1,45.79100001137704
transition_warm,0.75,16,1.0,4,1,43.17530000116676
transition_first,0.75,16,1.0,4,2,44.74899999331683
transition_warm,0.75,16,1.0,4,2,42.976099997758865
transition_first,0.75,16,1.0,4,3,42.79269999824464
transition_warm,0.75,16,1.0,4,3,35.695499973371625
transition_first,0.75,16,1.0,4,4,58.13670001225546
transition_warm,0.75,16,1.0,4,4,44.248800026252866
transition_first,0.75,16,1.0,4,5,38.50550000788644
transition_warm,0.75,16,1.0,4,5,42.39269997924566
transition_first,0.75,16,1.0,4,6,35.800900019239634
transition_warm,0.75,16,1.0,4,6,36.12920001614839
transition_first,0.75,16,1.0,4,7,38.26239996124059
transition_warm,0.75,16,1.0,4,7,38.31750003155321
transition_first,0.75,16,1.0,4,8,36.900100007187575
transition_warm,0.75,16,1.0,4,8,50.78210000647232
transition_first,0.75,16,1.0,4,9,40.7619999605231
transition_warm,0.75,16,1.0,4,9,38.930200040340424
transition_first,0.25,16,0.5,8,0,32.21640002448112
transition_warm,0.25,16,0.5,8,0,29.570699960459024
transition_first,0.25,16,0.5,8,1,29.817799979355186
transition_warm,0.25,16,0.5,8,1,29.42179999081418
transition_first,0.25,16,0.5,8,2,29.55949999159202
transition_warm,0.25,16,0.5,8,2,30.02760000526905
transition_first,0.25,16,0.5,8,3,28.171600017230958
transition_warm,0.25,16,0.5,8,3,34.094000002369285
transition_first,0.25,16,0.5,8,4,29.174499970395118
transition_warm,0.25,16,0.5,8,4,31.456900003831834
transition_first,0.25,16,0.5,8,5,28.839099977631122
transition_warm,0.25,16,0.5,8,5,29.609200020786375
transition_first,0.25,16,0.5,8,6,29.033900005742908
transition_warm,0.25,16,0.5,8,6,36.66689997771755
transition_first,0.25,16,0.5,8,7,34.63529999135062
transition_warm,0.25,16,0.5,8,7,28.48410001024604
transition_first,0.25,16,0.5,8,8,38.44269999535754
transition_warm,0.25,16,0.5,8,8,30.948499974329025
transition_first,0.25,16,0.5,8,9,31.87239996623248
transition_warm,0.25,16,0.5,8,9,36.85209999093786
transition_first,0.5,16,0.75,4,0,35.504499974194914
transition_warm,0.5,16,0.75,4,0,34.052199975121766
transition_first,0.5,16,0.75,4,1,36.54119995189831
transition_warm,0.5,16,0.75,4,1,32.19689999241382
transition_first,0.5,16,0.75,4,2,30.725200020242482
transition_warm,0.5,16,0.75,4,2,31.669699994381517
transition_first,0.5,16,0.75,4,3,30.73910000966862
transition_warm,0.5,16,0.75,4,3,29.98459996888414
transition_first,0.5,16,0.75,4,4,30.623900005593896
transition_warm,0.5,16,0.75,4,4,31.63400001358241
transition_first,0.5,16,0.75,4,5,39.37760001281276
transition_warm,0.5,16,0.75,4,5,32.96069998759776
transition_first,0.5,16,0.75,4,6,29.01860000565648
transition_warm,0.5,16,0.75,4,6,30.40669998154044
transition_first,0.5,16,0.75,4,7,51.161999988835305
transition_warm,0.5,16,0.75,4,7,31.745999993290752
transition_first,0.5,16,0.75,4,8,32.85629994934425
transition_warm,0.5,16,0.75,4,8,31.07369999634102
transition_first,0.5,16,0.75,4,9,29.249400016851723
transition_warm,0.5,16,0.75,4,9,30.123299977276474
transition_first,1.0,32,0.25,4,0,28.85890001198277
transition_warm,1.0,32,0.25,4,0,31.03239997290075
transition_first,1.0,32,0.25,4,1,33.99339999305084
transition_warm,1.0,32,0.25,4,1,29.63810000801459
transition_first,1.0,32,0.25,4,2,45.115500048268586
transition_warm,1.0,32,0.25,4,2,37.888399965595454
transition_first,1.0,32,0.25,4,3,46.03650001809001
transition_warm,1.0,32,0.25,4,3,48.674299963749945
transition_first,1.0,32,0.25,4,4,39.09669996937737
transition_warm,1.0,32,0.25,4,4,34.27130001364276
transition_first,1.0,32,0.25,4,5,41.16619995329529
transition_warm,1.0,32,0.25,4,5,31.11369995167479
transition_first,1.0,32,0.25,4,6,28.803299996070564
transition_warm,1.0,32,0.25,4,6,109.22849999042228
transition_first,1.0,32,0.25,4,7,30.36699997028336
transition_warm,1.0,32,0.25,4,7,29.92090000770986
transition_first,1.0,32,0.25,4,8,30.529400042723864
transition_warm,1.0,32,0.25,4,8,28.832400043029338
transition_first,1.0,32,0.25,4,9,29.770300025120378
transition_warm,1.0,32,0.25,4,9,29.16560001904145
transition_first,1.0,4,0.25,4,0,28.489399992395192
transition_warm,1.0,4,0.25,4,0,28.14599999692291
transition_first,1.0,4,0.25,4,1,28.834099997766316
transition_warm,1.0,4,0.25,4,1,29.521899996325374
transition_first,1.0,4,0.25,4,2,28.53110001888126
transition_warm,1.0,4,0.25,4,2,30.431799998041242
transition_first,1.0,4,0.25,4,3,48.069999960716814
transition_warm,1.0,4,0.25,4,3,43.7923000426963
transition_first,1.0,4,0.25,4,4,36.67949995724484
transition_warm,1.0,4,0.25,4,4,32.45709999464452
transition_first,1.0,4,0.25,4,5,27.86719996947795
transition_warm,1.0,4,0.25,4,5,40.00590002397075
transition_first,1.0,4,0.25,4,6,33.219899982213974
transition_warm,1.0,4,0.25,4,6,31.22639999492094
transition_first,1.0,4,0.25,4,7,37.34860004624352
transition_warm,1.0,4,0.25,4,7,29.529499995987862
transition_first,1.0,4,0.25,4,8,30.010299989953637
transition_warm,1.0,4,0.25,4,8,29.204499965999275
transition_first,1.0,4,0.25,4,9,29.666000045835972
transition_warm,1.0,4,0.25,4,9,28.392400010488927
transition_first,0.75,8,0.5,4,0,30.871099967043847
transition_warm,0.75,8,0.5,4,0,29.40990001661703
transition_first,0.75,8,0.5,4,1,34.9904999602586
transition_warm,0.75,8,0.5,4,1,29.436799988616258
transition_first,0.75,8,0.5,4,2,34.29050004342571
transition_warm,0.75,8,0.5,4,2,43.61520003294572
transition_first,0.75,8,0.5,4,3,34.03440001420677
transition_warm,0.75,8,0.5,4,3,31.561599986162037
transition_first,0.75,8,0.5,4,4,35.77209997456521
transition_warm,0.75,8,0.5,4,4,29.237199982162565
transition_first,0.75,8,0.5,4,5,28.938100032974035
transition_warm,0.75,8,0.5,4,5,28.952900029253215
transition_first,0.75,8,0.5,4,6,28.860999969765544
transition_warm,0.75,8,0.5,4,6,28.60690001398325
transition_first,0.75,8,0.5,4,7,30.842100037261844
transition_warm,0.75,8,0.5,4,7,30.49420000752434
transition_first,0.75,8,0.5,4,8,28.456099971663207
transition_warm,0.75,8,0.5,4,8,28.8911999668926
transition_first,0.75,8,0.5,4,9,32.37129998160526
transition_warm,0.75,8,0.5,4,9,28.623900027014315
transition_first,0.75,32,1.0,32,0,13.420099974609911
transition_warm,0.75,32,1.0,32,0,17.717500042635947
transition_first,0.75,32,1.0,32,1,13.089299958664924
transition_warm,0.75,32,1.0,32,1,11.627500003669411
transition_first,0.75,32,1.0,32,2,11.278200021479279
transition_warm,0.75,32,1.0,32,2,11.983999982476234
transition_first,0.75,32,1.0,32,3,9.208099974785
transition_warm,0.75,32,1.0,32,3,9.279900055844337
transition_first,0.75,32,1.0,32,4,11.938999989069998
transition_warm,0.75,32,1.0,32,4,9.800400002859533
transition_first,0.75,32,1.0,32,5,9.817900019697845
transition_warm,0.75,32,1.0,32,5,9.537299978546798
transition_first,0.75,32,1.0,32,6,10.63939998857677
transition_warm,0.75,32,1.0,32,6,9.846200002357364
transition_first,0.75,32,1.0,32,7,10.449400055222213
transition_warm,0.75,32,1.0,32,7,10.107099951710552
transition_first,0.75,32,1.0,32,8,9.537199977785349
transition_warm,0.75,32,1.0,32,8,10.193300026003271
transition_first,0.75,32,1.0,32,9,9.403600008226931
transition_warm,0.75,32,1.0,32,9,9.760099987033755
transition_first,1.0,32,0.5,8,0,28.73150003142655
transition_warm,1.0,32,0.5,8,0,33.79709995351732
transition_first,1.0,32,0.5,8,1,36.885100009385496
transition_warm,1.0,32,0.5,8,1,29.63219996308908
transition_first,1.0,32,0.5,8,2,42.244200012646616
transition_warm,1.0,32,0.5,8,2,40.04160000476986
transition_first,1.0,32,0.5,8,3,35.63900000881404
transition_warm,1.0,32,0.5,8,3,41.14209994440898
transition_first,1.0,32,0.5,8,4,30.66460002446547
transition_warm,1.0,32,0.5,8,4,29.245999990962446
transition_first,1.0,32,0.5,8,5,31.34039998985827
transition_warm,1.0,32,0.5,8,5,39.09219999331981
transition_first,1.0,32,0.5,8,6,40.85240000858903
transition_warm,1.0,32,0.5,8,6,29.47810001205653
transition_first,1.0,32,0.5,8,7,31.711900024674833
transition_warm,1.0,32,0.5,8,7,29.75069999229163
transition_first,1.0,32,0.5,8,8,29.453299997840077
transition_warm,1.0,32,0.5,8,8,30.79489996889606
transition_first,1.0,32,0.5,8,9,29.139499994926155
transition_warm,1.0,32,0.5,8,9,28.90590002061799
transition_first,0.75,32,0.75,16,0,44.45830004988238
transition_warm,0.75,32,0.75,16,0,37.35160001087934
transition_first,0.75,32,0.75,16,1,29.902399983257055
transition_warm,0.75,32,0.75,16,1,29.272500018123537
transition_first,0.75,32,0.75,16,2,34.54040002543479
transition_warm,0.75,32,0.75,16,2,30.878599965944886
transition_first,0.75,32,0.75,16,3,30.56229994399473
transition_warm,0.75,32,0.75,16,3,30.414599983487278
transition_first,0.75,32,0.75,16,4,31.591099977958947
transition_warm,0.75,32,0.75,16,4,29.66610004659742
transition_first,0.75,32,0.75,16,5,31.12700005294755
transition_warm,0.75,32,0.75,16,5,31.18950000498444
transition_first,0.75,32,0.75,16,6,29.8913000151515
transition_warm,0.75,32,0.75,16,6,42.23710001679137
transition_first,0.75,32,0.75,16,7,28.87509996071458
transition_warm,0.75,32,0.75,16,7,29.348700016271323
transition_first,0.75,32,0.75,16,8,30.46929999254644
transition_warm,0.75,32,0.75,16,8,30.567599984351546
transition_first,0.75,32,0.75,16,9,29.62749998550862
transition_warm,0.75,32,0.75,16,9,29.4941000174731
transition_first,0.25,4,0.75,4,0,34.901499981060624
transition_warm,0.25,4,0.75,4,0,30.561599996872246
transition_first,0.25,4,0.75,4,1,30.353000038303435
transition_warm,0.25,4,0.75,4,1,31.51689999504015
transition_first,0.25,4,0.75,4,2,32.76319999713451
transition_warm,0.25,4,0.75,4,2,35.46570002799854
transition_first,0.25,4,0.75,4,3,31.437799974810332
transition_warm,0.25,4,0.75,4,3,29.2333000106737
transition_first,0.25,4,0.75,4,4,29.339500004425645
transition_warm,0.25,4,0.75,4,4,30.183700029738247
transition_first,0.25,4,0.75,4,5,31.636199972126633
transition_warm,0.25,4,0.75,4,5,30.30159999616444
transition_first,0.25,4,0.75,4,6,29.060599976219237
transition_warm,0.25,4,0.75,4,6,32.274299999699
transition_first,0.25,4,0.75,4,7,30.937800009269267
transition_warm,0.25,4,0.75,4,7,31.660899985581636
transition_first,0.25,4,0.75,4,8,33.056800020858645
transition_warm,0.25,4,0.75,4,8,39.54069997416809
transition_first,0.25,4,0.75,4,9,41.39939998276532
transition_warm,0.25,4,0.75,4,9,33.35410001454875
transition_first,0.25,8,0.25,16,0,34.70689995447174
transition_warm,0.25,8,0.25,16,0,37.05749998334795
transition_first,0.25,8,0.25,16,1,29.779099975712597
transition_warm,0.25,8,0.25,16,1,29.554800014011562
transition_first,0.25,8,0.25,16,2,36.39989998191595
transition_warm,0.25,8,0.25,16,2,30.3122999612242
transition_first,0.25,8,0.25,16,3,36.325199995189905
transition_warm,0.25,8,0.25,16,3,30.533899960573763
transition_first,0.25,8,0.25,16,4,29.551599989645183
transition_warm,0.25,8,0.25,16,4,30.92529997229576
transition_first,0.25,8,0.25,16,5,28.582400002051145
transition_warm,0.25,8,0.25,16,5,38.68629998760298
transition_first,0.25,8,0.25,16,6,36.53300000587478
transition_warm,0.25,8,0.25,16,6,32.458200003020465
transition_first,0.25,8,0.25,16,7,28.66889996221289
transition_warm,0.25,8,0.25,16,7,28.78320001764223
transition_first,0.25,8,0.25,16,8,32.00239996658638
transition_warm,0.25,8,0.25,16,8,42.63909999281168
transition_first,0.25,8,0.25,16,9,36.30630002589896
transition_warm,0.25,8,0.25,16,9,29.44529999513179
transition_first,1.0,8,0.75,8,0,30.049499997403473
transition_warm,1.0,8,0.75,8,0,30.64549999544397
transition_first,1.0,8,0.75,8,1,30.281399958766997
transition_warm,1.0,8,0.75,8,1,46.01740004727617
transition_first,1.0,8,0.75,8,2,37.6727000111714
transition_warm,1.0,8,0.75,8,2,27.71640004357323
transition_first,1.0,8,0.75,8,3,35.93770001316443
transition_warm,1.0,8,0.75,8,3,30.468599987216294
transition_first,1.0,8,0.75,8,4,29.796199989505112
transition_warm,1.0,8,0.75,8,4,29.938999970909208
transition_first,1.0,8,0.75,8,5,30.003499996382743
transition_warm,1.0,8,0.75,8,5,29.49000004446134
transition_first,1.0,8,0.75,8,6,30.197100015357137
transition_warm,1.0,8,0.75,8,6,28.714400017634034
transition_first,1.0,8,0.75,8,7,31.583100033458322
transition_warm,1.0,8,0.75,8,7,30.62460001092404
transition_first,1.0,8,0.75,8,8,30.465500021819025
transition_warm,1.0,8,0.75,8,8,30.627200030721724
transition_first,1.0,8,0.75,8,9,30.329099972732365
transition_warm,1.0,8,0.75,8,9,29.474400042090565
transition_first,1.0,8,0.25,4,0,28.086300007998943
transition_warm,1.0,8,0.25,4,0,34.55839998787269
transition_first,1.0,8,0.25,4,1,38.92899997299537
transition_warm,1.0,8,0.25,4,1,28.49290001904592
transition_first,1.0,8,0.25,4,2,29.388800030574203
transition_warm,1.0,8,0.25,4,2,32.58679999271408
transition_first,1.0,8,0.25,4,3,35.60269996523857
transition_warm,1.0,8,0.25,4,3,37.134199985302985
transition_first,1.0,8,0.25,4,4,30.26329999556765
transition_warm,1.0,8,0.25,4,4,30.680700030643493
transition_first,1.0,8,0.25,4,5,28.38139998493716
transition_warm,1.0,8,0.25,4,5,31.47250000620261
transition_first,1.0,8,0.25,4,6,31.524399993941188
transition_warm,1.0,8,0.25,4,6,29.70309997908771
transition_first,1.0,8,0.25,4,7,37.147399969398975
transition_warm,1.0,8,0.25,4,7,28.611999994609505
transition_first,1.0,8,0.25,4,8,29.647599963936955
transition_warm,1.0,8,0.25,4,8,34.40610005054623
transition_first,1.0,8,0.25,4,9,31.194799987133592
transition_warm,1.0,8,0.25,4,9,30.489100026898086
transition_first,0.5,32,0.75,32,0,15.852799988351762
transition_warm,0.5,32,0.75,32,0,14.54639999428764
transition_first,0.5,32,0.75,32,1,13.105000020004809
transition_warm,0.5,32,0.75,32,1,12.813100009225309
transition_first,0.5,32,0.75,32,2,10.192800022196025
transition_warm,0.5,32,0.75,32,2,11.329000000841916
transition_first,0.5,32,0.75,32,3,9.68380004633218
transition_warm,0.5,32,0.75,32,3,9.798599989153445
transition_first,0.5,32,0.75,32,4,11.239900020882487
transition_warm,0.5,32,0.75,32,4,11.498199950437993
transition_first,0.5,32,0.75,32,5,10.972000018227845
transition_warm,0.5,32,0.75,32,5,10.477000032551587
transition_first,0.5,32,0.75,32,6,10.957699967548251
transition_warm,0.5,32,0.75,32,6,10.400600032880902
transition_first,0.5,32,0.75,32,7,14.540199947077781
transition_warm,0.5,32,0.75,32,7,13.06169998133555
transition_first,0.5,32,0.75,32,8,14.901000016834587
transition_warm,0.5,32,0.75,32,8,10.548500053118914
transition_first,0.5,32,0.75,32,9,12.3046999797225
transition_warm,0.5,32,0.75,32,9,13.698300055693835
transition_first,0.5,4,0.75,4,0,28.68689998285845
transition_warm,0.5,4,0.75,4,0,34.341499966103584
transition_first,0.5,4,0.75,4,1,30.712799984030426
transition_warm,0.5,4,0.75,4,1,30.51660000346601
transition_first,0.5,4,0.75,4,2,30.77140002278611
transition_warm,0.5,4,0.75,4,2,50.57620001025498
transition_first,0.5,4,0.75,4,3,30.88829998159781
transition_warm,0.5,4,0.75,4,3,28.546600020490587
transition_first,0.5,4,0.75,4,4,28.772099991329014
transition_warm,0.5,4,0.75,4,4,40.82150000613183
transition_first,0.5,4,0.75,4,5,29.573500039987266
transition_warm,0.5,4,0.75,4,5,31.36690001701936
transition_first,0.5,4,0.75,4,6,31.183900020550936
transition_warm,0.5,4,0.75,4,6,30.641800025478005
transition_first,0.5,4,0.75,4,7,30.937899951823056
transition_warm,0.5,4,0.75,4,7,28.71949999826029
transition_first,0.5,4,0.75,4,8,31.443700019735843
transition_warm,0.5,4,0.75,4,8,31.29030001582578
transition_first,0.5,4,0.75,4,9,38.29930000938475
transition_warm,0.5,4,0.75,4,9,46.48820002330467
transition_first,0.25,8,0.25,32,0,11.134800035506487
transition_warm,0.25,8,0.25,32,0,9.92979999864474
transition_first,0.25,8,0.25,32,1,13.64700001431629
transition_warm,0.25,8,0.25,32,1,11.232700024265796
transition_first,0.25,8,0.25,32,2,10.405599954538047
transition_warm,0.25,8,0.25,32,2,11.191300000064075
transition_first,0.25,8,0.25,32,3,16.273100045509636
transition_warm,0.25,8,0.25,32,3,12.471400026697665
transition_first,0.25,8,0.25,32,4,10.524100041948259
transition_warm,0.25,8,0.25,32,4,9.14899999042973
transition_first,0.25,8,0.25,32,5,10.035899991635233
transition_warm,0.25,8,0.25,32,5,11.107199999969453
transition_first,0.25,8,0.25,32,6,9.29270003689453
transition_warm,0.25,8,0.25,32,6,9.456700005102903
transition_first,0.25,8,0.25,32,7,10.183300008065999
transition_warm,0.25,8,0.25,32,7,11.46920002065599
transition_first,0.25,8,0.25,32,8,10.054599959403276
transition_warm,0.25,8,0.25,32,8,10.410999995656312
transition_first,0.25,8,0.25,32,9,13.69880000129342
transition_warm,0.25,8,0.25,32,9,20.458500017412007
transition_first,1.0,4,0.25,16,0,27.804399956949055
transition_warm,1.0,4,0.25,16,0,27.026300027500838
transition_first,1.0,4,0.25,16,1,48.87100000632927
transition_warm,1.0,4,0.25,16,1,37.41480002645403
transition_first,1.0,4,0.25,16,2,29.951699951197952
transition_warm,1.0,4,0.25,16,2,30.292600044049323
transition_first,1.0,4,0.25,16,3,34.68729997985065
transition_warm,1.0,4,0.25,16,3,38.223000010475516
transition_first,1.0,4,0.25,16,4,46.25830001896247
transition_warm,1.0,4,0.25,16,4,30.739500012714416
transition_first,1.0,4,0.25,16,5,27.09849999519065
transition_warm,1.0,4,0.25,16,5,30.056799994781613
transition_first,1.0,4,0.25,16,6,27.587899996433407
transition_warm,1.0,4,0.25,16,6,47.87070001475513
transition_first,1.0,4,0.25,16,7,28.507000009994954
transition_warm,1.0,4,0.25,16,7,36.19760001311079
transition_first,1.0,4,0.25,16,8,26.758800027891994
transition_warm,1.0,4,0.25,16,8,29.871499980799854
transition_first,1.0,4,0.25,16,9,42.134799994528294
transition_warm,1.0,4,0.25,16,9,43.758500018157065
transition_first,0.25,8,0.75,16,0,28.579600038938224
transition_warm,0.25,8,0.75,16,0,34.751700004562736
transition_first,0.25,8,0.75,16,1,28.571499977260828
transition_warm,0.25,8,0.75,16,1,29.524800018407404
transition_first,0.25,8,0.75,16,2,31.129200011491776
transition_warm,0.25,8,0.75,16,2,45.151099970098585
transition_first,0.25,8,0.75,16,3,30.928899999707937
transition_warm,0.25,8,0.75,16,3,28.312900045420974
transition_first,0.25,8,0.75,16,4,29.872499988414347
transition_warm,0.25,8,0.75,16,4,30.553999997209758
transition_first,0.25,8,0.75,16,5,43.51869999663904
transition_warm,0.25,8,0.75,16,5,41.83000000193715
transition_first,0.25,8,0.75,16,6,40.487300022505224
transition_warm,0.25,8,0.75,16,6,31.308799982070923
transition_first,0.25,8,0.75,16,7,38.982100028079
transition_warm,0.25,8,0.75,16,7,27.602699992712587
transition_first,0.25,8,0.75,16,8,29.889600002206862
transition_warm,0.25,8,0.75,16,8,30.011800001375377
transition_first,0.25,8,0.75,16,9,31.145499960985035
transition_warm,0.25,8,0.75,16,9,31.329500023275614
transition_first,1.0,4,0.25,8,0,28.85110001079738
transition_warm,1.0,4,0.25,8,0,30.642000027000904
transition_first,1.0,4,0.25,8,1,29.126500012353063
transition_warm,1.0,4,0.25,8,1,26.759699976537377
transition_first,1.0,4,0.25,8,2,32.87870000349358
transition_warm,1.0,4,0.25,8,2,32.85769996000454
transition_first,1.0,4,0.25,8,3,35.397599975112826
transition_warm,1.0,4,0.25,8,3,29.55790003761649
transition_first,1.0,4,0.25,8,4,29.276899993419647
transition_warm,1.0,4,0.25,8,4,30.767299991566688
transition_first,1.0,4,0.25,8,5,29.100499988999218
transition_warm,1.0,4,0.25,8,5,27.11199998157099
transition_first,1.0,4,0.25,8,6,30.711499974131584
transition_warm,1.0,4,0.25,8,6,31.153100018855184
transition_first,1.0,4,0.25,8,7,28.848799993284047
transition_warm,1.0,4,0.25,8,7,28.664999990724027
transition_first,1.0,4,0.25,8,8,47.629799984861165
transition_warm,1.0,4,0.25,8,8,31.70200000749901
transition_first,1.0,4,0.25,8,9,28.390899999067187
transition_warm,1.0,4,0.25,8,9,30.656800023280084
transition_first,0.75,16,0.25,8,0,29.154599993489683
transition_warm,0.75,16,0.25,8,0,29.571699968073517
transition_first,0.75,16,0.25,8,1,44.60190003737807
transition_warm,0.75,16,0.25,8,1,28.72830000706017
transition_first,0.75,16,0.25,8,2,30.576199991628528
transition_warm,0.75,16,0.25,8,2,30.523499997798353
transition_first,0.75,16,0.25,8,3,29.392600001301616
transition_warm,0.75,16,0.25,8,3,33.51430001202971
transition_first,0.75,16,0.25,8,4,31.83669998543337
transition_warm,0.75,16,0.25,8,4,27.297499997075647
transition_first,0.75,16,0.25,8,5,30.140799994114786
transition_warm,0.75,16,0.25,8,5,51.0016999905929
transition_first,0.75,16,0.25,8,6,29.49569997144863
transition_warm,0.75,16,0.25,8,6,33.57000002870336
transition_first,0.75,16,0.25,8,7,39.1933000064455
transition_warm,0.75,16,0.25,8,7,35.657099972013384
transition_first,0.75,16,0.25,8,8,45.83939997246489
transition_warm,0.75,16,0.25,8,8,32.83490001922473
transition_first,0.75,16,0.25,8,9,58.3741000154987
transition_warm,0.75,16,0.25,8,9,35.29149998212233
transition_first,0.75,32,0.75,4,0,33.16990000894293
transition_warm,0.75,32,0.75,4,0,27.77250000508502
transition_first,0.75,32,0.75,4,1,34.00089999195188
transition_warm,0.75,32,0.75,4,1,32.077300013042986
transition_first,0.75,32,0.75,4,2,31.903899973258376
transition_warm,0.75,32,0.75,4,2,31.26030002022162
transition_first,0.75,32,0.75,4,3,29.26469995873049
transition_warm,0.75,32,0.75,4,3,33.52970001287758
transition_first,0.75,32,0.75,4,4,37.489599955733865
transition_warm,0.75,32,0.75,4,4,30.942300043534487
transition_first,0.75,32,0.75,4,5,30.648799962364137
transition_warm,0.75,32,0.75,4,5,30.286499997600913
transition_first,0.75,32,0.75,4,6,32.85310004139319
transition_warm,0.75,32,0.75,4,6,30.215299979317933
transition_first,0.75,32,0.75,4,7,30.0839000265114
transition_warm,0.75,32,0.75,4,7,34.726599988061935
transition_first,0.75,32,0.75,4,8,41.68990004109219
transition_warm,0.75,32,0.75,4,8,29.991199960932136
transition_first,0.75,32,0.75,4,9,34.024199994746596
transition_warm,0.75,32,0.75,4,9,39.24770001322031
transition_first,1.0,4,0.5,16,0,29.5005000079982
transition_warm,1.0,4,0.5,16,0,30.08529997896403
transition_first,1.0,4,0.5,16,1,29.582500050310045
transition_warm,1.0,4,0.5,16,1,28.885999985504895
transition_first,1.0,4,0.5,16,2,27.958399965427816
transition_warm,1.0,4,0.5,16,2,28.673900000285357
transition_first,1.0,4,0.5,16,3,29.786499973852187
transition_warm,1.0,4,0.5,16,3,55.60780002269894
transition_first,1.0,4,0.5,16,4,27.227099984884262
transition_warm,1.0,4,0.5,16,4,28.55190000263974
transition_first,1.0,4,0.5,16,5,29.656299971975386
transition_warm,1.0,4,0.5,16,5,28.24549999786541
transition_first,1.0,4,0.5,16,6,29.32390000205487
transition_warm,1.0,4,0.5,16,6,29.868900019209832
transition_first,1.0,4,0.5,16,7,35.32450000056997
transition_warm,1.0,4,0.5,16,7,29.191000037826598
transition_first,1.0,4,0.5,16,8,30.72109998902306
transition_warm,1.0,4,0.5,16,8,32.00579999247566
transition_first,1.0,4,0.5,16,9,29.1088999947533
transition_warm,1.0,4,0.5,16,9,29.081799963023514
transition_first,0.5,16,0.25,16,0,39.96379999443889
transition_warm,0.5,16,0.25,16,0,35.71670001838356
transition_first,0.5,16,0.25,16,1,28.02889997838065
transition_warm,0.5,16,0.25,16,1,40.773099986836314
transition_first,0.5,16,0.25,16,2,29.595899977721274
transition_warm,0.5,16,0.25,16,2,28.874000010546297
transition_first,0.5,16,0.25,16,3,37.64729999238625
transition_warm,0.5,16,0.25,16,3,36.974099988583475
transition_first,0.5,16,0.25,16,4,31.008200021460652
transition_warm,0.5,16,0.25,16,4,28.926400002092123
transition_first,0.5,16,0.25,16,5,34.33749999385327
transition_warm,0.5,16,0.25,16,5,31.779199955053627
transition_first,0.5,16,0.25,16,6,28.573299990966916
transition_warm,0.5,16,0.25,16,6,30.50339996116236
transition_first,0.5,16,0.25,16,7,39.68509996775538
transition_warm,0.5,16,0.25,16,7,36.84769995743409
transition_first,0.5,16,0.25,16,8,29.07029999187216
transition_warm,0.5,16,0.25,16,8,29.59649998228997
transition_first,0.5,16,0.25,16,9,27.48389996122569
transition_warm,0.5,16,0.25,16,9,44.25560001982376
transition_first,0.75,16,1.0,16,0,33.98639999795705
transition_warm,0.75,16,1.0,16,0,51.8638999783434
transition_first,0.75,16,1.0,16,1,34.68720003729686
transition_warm,0.75,16,1.0,16,1,47.59979998925701
transition_first,0.75,16,1.0,16,2,36.00730001926422
transition_warm,0.75,16,1.0,16,2,35.144499968737364
transition_first,0.75,16,1.0,16,3,40.65979999722913
transition_warm,0.75,16,1.0,16,3,41.00079997442663
transition_first,0.75,16,1.0,16,4,38.45920000458136
transition_warm,0.75,16,1.0,16,4,37.83579997252673
transition_first,0.75,16,1.0,16,5,31.177999975625426
transition_warm,0.75,16,1.0,16,5,31.69289999641478
transition_first,0.75,16,1.0,16,6,34.56179995555431
transition_warm,0.75,16,1.0,16,6,33.75400003278628
transition_first,0.75,16,1.0,16,7,32.51340001588687
transition_warm,0.75,16,1.0,16,7,35.051300015766174
transition_first,0.75,16,1.0,16,8,41.027800005394965
transition_warm,0.75,16,1.0,16,8,35.26210004929453
transition_first,0.75,16,1.0,16,9,41.20080004213378
transition_warm,0.75,16,1.0,16,9,47.72859998047352
transition_first,1.0,8,0.75,4,0,28.533499978948385
transition_warm,1.0,8,0.75,4,0,31.447899993509054
transition_first,1.0,8,0.75,4,1,35.23119998862967
transition_warm,1.0,8,0.75,4,1,37.716299993917346
transition_first,1.0,8,0.75,4,2,32.87120000459254
transition_warm,1.0,8,0.75,4,2,35.31999996630475
transition_first,1.0,8,0.75,4,3,49.26900001009926
transition_warm,1.0,8,0.75,4,3,35.356300009880215
transition_first,1.0,8,0.75,4,4,30.201899993699044
transition_warm,1.0,8,0.75,4,4,29.78170005371794
transition_first,1.0,8,0.75,4,5,41.18160001235083
transition_warm,1.0,8,0.75,4,5,42.39349998533726
transition_first,1.0,8,0.75,4,6,38.5544000309892
transition_warm,1.0,8,0.75,4,6,28.840399987529963
transition_first,1.0,8,0.75,4,7,31.29890002310276
transition_warm,1.0,8,0.75,4,7,39.916399982757866
transition_first,1.0,8,0.75,4,8,28.477600018959492
transition_warm,1.0,8,0.75,4,8,30.630099994596094
transition_first,1.0,8,0.75,4,9,34.56920001190156
transition_warm,1.0,8,0.75,4,9,31.144400010816753
transition_first,1.0,16,0.5,4,0,29.425800021272153
transition_warm,1.0,16,0.5,4,0,35.49969999585301
transition_first,1.0,16,0.5,4,1,36.53759998269379
transition_warm,1.0,16,0.5,4,1,30.21880000596866
transition_first,1.0,16,0.5,4,2,28.45260000322014
transition_warm,1.0,16,0.5,4,2,35.45429999940097
transition_first,1.0,16,0.5,4,3,35.9150999574922
transition_warm,1.0,16,0.5,4,3,30.167500022798777
transition_first,1.0,16,0.5,4,4,37.13369998149574
transition_warm,1.0,16,0.5,4,4,26.26720000989735
transition_first,1.0,16,0.5,4,5,29.51050002593547
transition_warm,1.0,16,0.5,4,5,31.45160002168268
transition_first,1.0,16,0.5,4,6,28.056600014679134
transition_warm,1.0,16,0.5,4,6,28.808799979742616
transition_first,1.0,16,0.5,4,7,29.746800020802766
transition_warm,1.0,16,0.5,4,7,35.06639995612204
transition_first,1.0,16,0.5,4,8,29.70139996614307
transition_warm,1.0,16,0.5,4,8,30.86800000164658
transition_first,1.0,16,0.5,4,9,29.311500024050474
transition_warm,1.0,16,0.5,4,9,29.752599948551506
transition_first,1.0,8,0.75,32,0,10.430199967231601
transition_warm,1.0,8,0.75,32,0,14.258800016250461
transition_first,1.0,8,0.75,32,1,12.706000008620322
transition_warm,1.0,8,0.75,32,1,13.191800040658563
transition_first,1.0,8,0.75,32,2,11.487699986901134
transition_warm,1.0,8,0.75,32,2,11.516299971845001
transition_first,1.0,8,0.75,32,3,12.151799979619682
transition_warm,1.0,8,0.75,32,3,12.401699961628765
transition_first,1.0,8,0.75,32,4,13.783100002910942
transition_warm,1.0,8,0.75,32,4,15.627199958544225
transition_first,1.0,8,0.75,32,5,11.432699975557625
transition_warm,1.0,8,0.75,32,5,16.617199988104403
transition_first,1.0,8,0.75,32,6,9.54299996374175
transition_warm,1.0,8,0.75,32,6,9.995799977332354
transition_first,1.0,8,0.75,32,7,12.141799961682409
transition_warm,1.0,8,0.75,32,7,9.784900001250207
transition_first,1.0,8,0.75,32,8,10.982599982526153
transition_warm,1.0,8,0.75,32,8,13.736499997321516
transition_first,1.0,8,0.75,32,9,10.088699986226857
transition_warm,1.0,8,0.75,32,9,11.671499989461154
transition_first,1.0,4,0.25,32,0,10.018899978604168
transition_warm,1.0,4,0.25,32,0,9.834200027398765
transition_first,1.0,4,0.25,32,1,12.23960000788793
transition_warm,1.0,4,0.25,32,1,9.134399995673448
transition_first,1.0,4,0.25,32,2,11.102000018581748
transition_warm,1.0,4,0.25,32,2,12.229699990712106
transition_first,1.0,4,0.25,32,3,10.69129997631535
transition_warm,1.0,4,0.25,32,3,11.737800028640777
transition_first,1.0,4,0.25,32,4,15.689099964220077
transition_warm,1.0,4,0.25,32,4,13.254699995741248
transition_first,1.0,4,0.25,32,5,11.810800002422184
transition_warm,1.0,4,0.25,32,5,10.145900014322251
transition_first,1.0,4,0.25,32,6,10.967500042170286
transition_warm,1.0,4,0.25,32,6,13.321199978236109
transition_first,1.0,4,0.25,32,7,9.669499995652586
transition_warm,1.0,4,0.25,32,7,9.971400024369359
transition_first,1.0,4,0.25,32,8,10.074500052724034
transition_warm,1.0,4,0.25,32,8,11.382800003048033
transition_first,1.0,4,0.25,32,9,15.39229997433722
transition_warm,1.0,4,0.25,32,9,9.732500009704381
transition_first,1.0,4,1.0,16,0,36.81059996597469
transition_warm,1.0,4,1.0,16,0,35.62209999654442
transition_first,1.0,4,1.0,16,1,44.52519997721538
transition_warm,1.0,4,1.0,16,1,42.45569999329746
transition_first,1.0,4,1.0,16,2,31.8649000255391
transition_warm,1.0,4,1.0,16,2,33.25589996529743
transition_first,1.0,4,1.0,16,3,34.37720000511035
transition_warm,1.0,4,1.0,16,3,32.28079999098554
transition_first,1.0,4,1.0,16,4,32.23960002651438
transition_warm,1.0,4,1.0,16,4,32.4234000290744
transition_first,1.0,4,1.0,16,5,33.39950001100078
transition_warm,1.0,4,1.0,16,5,33.00769999623299
transition_first,1.0,4,1.0,16,6,33.30190002452582
transition_warm,1.0,4,1.0,16,6,35.17629997804761
transition_first,1.0,4,1.0,16,7,36.93810000550002
transition_warm,1.0,4,1.0,16,7,39.15399999823421
transition_first,1.0,4,1.0,16,8,37.698799977079034
transition_warm,1.0,4,1.0,16,8,39.14690000237897
transition_first,1.0,4,1.0,16,9,44.67289999593049
transition_warm,1.0,4,1.0,16,9,37.71129995584488
transition_first,0.5,8,0.75,32,0,12.247900012880564
transition_warm,0.5,8,0.75,32,0,10.91349998023361
transition_first,0.5,8,0.75,32,1,11.659400013741106
transition_warm,0.5,8,0.75,32,1,12.533999979496002
transition_first,0.5,8,0.75,32,2,12.367899995297194
transition_warm,0.5,8,0.75,32,2,19.328499969560653
transition_first,0.5,8,0.75,32,3,10.407999972812831
transition_warm,0.5,8,0.75,32,3,10.580699949059635
transition_first,0.5,8,0.75,32,4,11.067399987950921
transition_warm,0.5,8,0.75,32,4,10.970200004521757
transition_first,0.5,8,0.75,32,5,10.745799983851612
transition_warm,0.5,8,0.75,32,5,10.37719997111708
transition_first,0.5,8,0.75,32,6,10.909900011029094
transition_warm,0.5,8,0.75,32,6,12.536599999293685
transition_first,0.5,8,0.75,32,7,12.957099999766797
transition_warm,0.5,8,0.75,32,7,12.14910001726821
transition_first,0.5,8,0.75,32,8,15.268200018908828
transition_warm,0.5,8,0.75,32,8,14.969499956350774
transition_first,0.5,8,0.75,32,9,12.689800001680851
transition_warm,0.5,8,0.75,32,9,15.724600001703948
transition_first,0.25,32,0.5,16,0,40.75109999394044
transition_warm,0.25,32,0.5,16,0,28.137999994214624
transition_first,0.25,32,0.5,16,1,29.192399990279227
transition_warm,0.25,32,0.5,16,1,32.51570003340021
transition_first,0.25,32,0.5,16,2,29.23220000229776
transition_warm,0.25,32,0.5,16,2,41.47590004140511
transition_first,0.25,32,0.5,16,3,40.2104000095278
transition_warm,0.25,32,0.5,16,3,39.91769999265671
transition_first,0.25,32,0.5,16,4,29.960400017444044
transition_warm,0.25,32,0.5,16,4,31.47649997845292
transition_first,0.25,32,0.5,16,5,30.029599962290376
transition_warm,0.25,32,0.5,16,5,29.216299997642636
transition_first,0.25,32,0.5,16,6,45.60430004494265
transition_warm,0.25,32,0.5,16,6,36.777300003450364
transition_first,0.25,32,0.5,16,7,29.508500010706484
transition_warm,0.25,32,0.5,16,7,29.583700001239777
transition_first,0.25,32,0.5,16,8,31.592599989380687
transition_warm,0.25,32,0.5,16,8,39.18680001515895
transition_first,0.25,32,0.5,16,9,42.1104000415653
transition_warm,0.25,32,0.5,16,9,30.292400042526424
transition_first,0.25,8,0.75,4,0,30.521600041538477
transition_warm,0.25,8,0.75,4,0,30.996199988294393
transition_first,0.25,8,0.75,4,1,30.400599993299693
transition_warm,0.25,8,0.75,4,1,38.86219998821616
transition_first,0.25,8,0.75,4,2,26.94450004491955
transition_warm,0.25,8,0.75,4,2,30.497900035697967
transition_first,0.25,8,0.75,4,3,33.077600004617125
transition_warm,0.25,8,0.75,4,3,33.51400000974536
transition_first,0.25,8,0.75,4,4,33.527799998410046
transition_warm,0.25,8,0.75,4,4,35.010899999178946
transition_first,0.25,8,0.75,4,5,35.97369999624789
transition_warm,0.25,8,0.75,4,5,40.84219998912886
transition_first,0.25,8,0.75,4,6,27.909399999771267
transition_warm,0.25,8,0.75,4,6,30.292299983557314
transition_first,0.25,8,0.75,4,7,30.107299971859902
transition_warm,0.25,8,0.75,4,7,32.525100046768785
transition_first,0.25,8,0.75,4,8,28.41580001404509
transition_warm,0.25,8,0.75,4,8,34.13300000829622
transition_first,0.25,8,0.75,4,9,40.75169999850914
transition_warm,0.25,8,0.75,4,9,34.47290003532544
transition_first,0.5,32,1.0,4,0,34.63419998297468
transition_warm,0.5,32,1.0,4,0,33.33300002850592
transition_first,0.5,32,1.0,4,1,35.87129997322336
transition_warm,0.5,32,1.0,4,1,42.091700015589595
transition_first,0.5,32,1.0,4,2,42.130200017709285
transition_warm,0.5,32,1.0,4,2,34.688199986703694
transition_first,0.5,32,1.0,4,3,35.24469997501001
transition_warm,0.5,32,1.0,4,3,33.46629999577999
transition_first,0.5,32,1.0,4,4,33.52860000450164
transition_warm,0.5,32,1.0,4,4,32.975300040561706
transition_first,0.5,32,1.0,4,5,35.26089998194948
transition_warm,0.5,32,1.0,4,5,37.70049999002367
transition_first,0.5,32,1.0,4,6,33.880400005728006
transition_warm,0.5,32,1.0,4,6,35.94960004556924
transition_first,0.5,32,1.0,4,7,31.957299972418696
transition_warm,0.5,32,1.0,4,7,39.20749999815598
transition_first,0.5,32,1.0,4,8,33.40389998629689
transition_warm,0.5,32,1.0,4,8,50.95189996063709
transition_first,0.5,32,1.0,4,9,51.6217999975197
transition_warm,0.5,32,1.0,4,9,32.640599994920194
transition_first,0.75,16,1.0,32,0,13.74480000231415
transition_warm,0.75,16,1.0,32,0,12.41740002296865
transition_first,0.75,16,1.0,32,1,9.18009999440983
transition_warm,0.75,16,1.0,32,1,11.156200023833662
transition_first,0.75,16,1.0,32,2,10.147300024982542
transition_warm,0.75,16,1.0,32,2,9.771400014869869
transition_first,0.75,16,1.0,32,3,10.574500018265098
transition_warm,0.75,16,1.0,32,3,10.229500010609627
transition_first,0.75,16,1.0,32,4,10.136600001715124
transition_warm,0.75,16,1.0,32,4,10.840600007213652
transition_first,0.75,16,1.0,32,5,10.632599995005876
transition_warm,0.75,16,1.0,32,5,11.35360001353547
transition_first,0.75,16,1.0,32,6,10.57420001598075
transition_warm,0.75,16,1.0,32,6,9.842200030107051
transition_first,0.75,16,1.0,32,7,10.143699997570366
transition_warm,0.75,16,1.0,32,7,11.015399999450892
transition_first,0.75,16,1.0,32,8,12.490900000557303
transition_warm,0.75,16,1.0,32,8,9.85580001724884
transition_first,0.75,16,1.0,32,9,9.957999980542809
transition_warm,0.75,16,1.0,32,9,11.682300013490021
transition_first,1.0,16,0.75,8,0,36.102999991271645
transition_warm,1.0,16,0.75,8,0,36.83390002697706
transition_first,1.0,16,0.75,8,1,32.43229998042807
transition_warm,1.0,16,0.75,8,1,34.7693000221625
transition_first,1.0,16,0.75,8,2,30.671599961351603
transition_warm,1.0,16,0.75,8,2,31.77450003568083
transition_first,1.0,16,0.75,8,3,34.38760002609342
transition_warm,1.0,16,0.75,8,3,32.026999979279935
transition_first,1.0,16,0.75,8,4,28.78749999217689
transition_warm,1.0,16,0.75,8,4,29.22200004104525
transition_first,1.0,16,0.75,8,5,30.30330000910908
transition_warm,1.0,16,0.75,8,5,30.492399993818253
transition_first,1.0,16,0.75,8,6,43.583599966950715
transition_warm,1.0,16,0.75,8,6,36.01919999346137
transition_first,1.0,16,0.75,8,7,29.944999958388507
transition_warm,1.0,16,0.75,8,7,32.630200032144785
transition_first,1.0,16,0.75,8,8,49.228599993512034
transition_warm,1.0,16,0.75,8,8,39.72940001403913
transition_first,1.0,16,0.75,8,9,30.787999974563718
transition_warm,1.0,16,0.75,8,9,30.670300009660423
transition_first,0.5,16,0.25,8,0,31.00109996739775
transition_warm,0.5,16,0.25,8,0,32.69920003367588
transition_first,0.5,16,0.25,8,1,29.167499975301325
transition_warm,0.5,16,0.25,8,1,29.03370000422001
transition_first,0.5,16,0.25,8,2,30.265399953350425
transition_warm,0.5,16,0.25,8,2,30.42319999076426
transition_first,0.5,16,0.25,8,3,28.11930002644658
transition_warm,0.5,16,0.25,8,3,29.798800009302795
transition_first,0.5,16,0.25,8,4,32.596000004559755
transition_warm,0.5,16,0.25,8,4,38.227799988817424
transition_first,0.5,16,0.25,8,5,29.131100047379732
transition_warm,0.5,16,0.25,8,5,27.7566000004299
transition_first,0.5,16,0.25,8,6,35.42269999161363
transition_warm,0.5,16,0.25,8,6,28.16560002975166
transition_first,0.5,16,0.25,8,7,44.905300019308925
transition_warm,0.5,16,0.25,8,7,32.738400041125715
transition_first,0.5,16,0.25,8,8,27.49999996740371
transition_warm,0.5,16,0.25,8,8,38.101700018160045
transition_first,0.5,16,0.25,8,9,27.98749995417893
transition_warm,0.5,16,0.25,8,9,34.969800035469234
transition_first,1.0,16,0.25,4,0,28.856499993707985
transition_warm,1.0,16,0.25,4,0,37.187599984463304
transition_first,1.0,16,0.25,4,1,33.783000020775944
transition_warm,1.0,16,0.25,4,1,27.216099959332496
transition_first,1.0,16,0.25,4,2,29.108199989423156
transition_warm,1.0,16,0.25,4,2,29.84849998028949
transition_first,1.0,16,0.25,4,3,29.404400032944977
transition_warm,1.0,16,0.25,4,3,35.16560001298785
transition_first,1.0,16,0.25,4,4,37.74790000170469
transition_warm,1.0,16,0.25,4,4,31.70489997137338
transition_first,1.0,16,0.25,4,5,29.52410001307726
transition_warm,1.0,16,0.25,4,5,28.238500002771616
transition_first,1.0,16,0.25,4,6,63.14619997283444
transition_warm,1.0,16,0.25,4,6,33.22480001952499
transition_first,1.0,16,0.25,4,7,41.21709999162704
transition_warm,1.0,16,0.25,4,7,33.93330000108108
transition_first,1.0,16,0.25,4,8,37.257299991324544
transition_warm,1.0,16,0.25,4,8,36.72729997197166
transition_first,1.0,16,0.25,4,9,35.39610002189875
transition_warm,1.0,16,0.25,4,9,35.441899963188916
transition_first,0.5,16,0.75,32,0,14.523699996061623
transition_warm,0.5,16,0.75,32,0,13.992499967571348
transition_first,0.5,16,0.75,32,1,11.449600046034902
transition_warm,0.5,16,0.75,32,1,10.998899990227073
transition_first,0.5,16,0.75,32,2,13.24549998389557
transition_warm,0.5,16,0.75,32,2,10.074299992993474
transition_first,0.5,16,0.75,32,3,10.541800002101809
transition_warm,0.5,16,0.75,32,3,12.17290002387017
transition_first,0.5,16,0.75,32,4,10.472800000570714
transition_warm,0.5,16,0.75,32,4,11.22460002079606
transition_first,0.5,16,0.75,32,5,11.673000000882894
transition_warm,0.5,16,0.75,32,5,12.18630000948906
transition_first,0.5,16,0.75,32,6,14.399999985471368
transition_warm,0.5,16,0.75,32,6,16.787000000476837
transition_first,0.5,16,0.75,32,7,11.90449995920062
transition_warm,0.5,16,0.75,32,7,13.686799968127161
transition_first,0.5,16,0.75,32,8,11.737899971194565
transition_warm,0.5,16,0.75,32,8,12.343000038526952
transition_first,0.5,16,0.75,32,9,11.18159998441115
transition_warm,0.5,16,0.75,32,9,11.547899979632348
transition_first,0.25,32,0.75,8,0,32.640599994920194
transition_warm,0.25,32,0.75,8,0,30.322799982968718
transition_first,0.25,32,0.75,8,1,39.78589997859672
transition_warm,0.25,32,0.75,8,1,42.83160000341013
transition_first,0.25,32,0.75,8,2,30.364800011739135
transition_warm,0.25,32,0.75,8,2,43.66270004538819
transition_first,0.25,32,0.75,8,3,36.6857000044547
transition_warm,0.25,32,0.75,8,3,39.922500029206276
transition_first,0.25,32,0.75,8,4,51.41769995680079
transition_warm,0.25,32,0.75,8,4,33.523600024636835
transition_first,0.25,32,0.75,8,5,29.162000049836934
transition_warm,0.25,32,0.75,8,5,38.37680001743138
transition_first,0.25,32,0.75,8,6,29.70930002629757
transition_warm,0.25,32,0.75,8,6,40.45650002080947
transition_first,0.25,32,0.75,8,7,55.12649996671826
transition_warm,0.25,32,0.75,8,7,28.66609999909997
transition_first,0.25,32,0.75,8,8,30.711000028532
transition_warm,0.25,32,0.75,8,8,30.370899999979883
transition_first,0.25,32,0.75,8,9,33.51720003411174
transition_warm,0.25,32,0.75,8,9,29.760200006421655
transition_first,0.75,16,0.25,32,0,11.403399985283613
transition_warm,0.75,16,0.25,32,0,12.054499995429069
transition_first,0.75,16,0.25,32,1,11.231500015128404
transition_warm,0.75,16,0.25,32,1,11.536300007719547
transition_first,0.75,16,0.25,32,2,9.250400005839765
transition_warm,0.75,16,0.25,32,2,10.513800021726638
transition_first,0.75,16,0.25,32,3,10.686599998734891
transition_warm,0.75,16,0.25,32,3,10.154000017791986
transition_first,0.75,16,0.25,32,4,10.990999988280237
transition_warm,0.75,16,0.25,32,4,11.634000053163618
transition_first,0.75,16,0.25,32,5,11.633899994194508
transition_warm,0.75,16,0.25,32,5,11.984499986283481
transition_first,0.75,16,0.25,32,6,11.505800008308142
transition_warm,0.75,16,0.25,32,6,12.857200053986162
transition_first,0.75,16,0.25,32,7,11.318399978335947
transition_warm,0.75,16,0.25,32,7,12.251199979800731
transition_first,0.75,16,0.25,32,8,12.735700001940131
transition_warm,0.75,16,0.25,32,8,10.77140000415966
transition_first,0.75,16,0.25,32,9,11.832799995318055
transition_warm,0.75,16,0.25,32,9,12.328199984040111
transition_first,0.25,4,0.75,8,0,33.15490001114085
transition_warm,0.25,4,0.75,8,0,31.739700003527105
transition_first,0.25,4,0.75,8,1,33.401799970306456
transition_warm,0.25,4,0.75,8,1,34.08470004796982
transition_first,0.25,4,0.75,8,2,31.15639998577535
transition_warm,0.25,4,0.75,8,2,39.03040004661307
transition_first,0.25,4,0.75,8,3,39.42149999784306
transition_warm,0.25,4,0.75,8,3,28.82629999658093
transition_first,0.25,4,0.75,8,4,34.241899964399636
transition_warm,0.25,4,0.75,8,4,33.866999961901456
transition_first,0.25,4,0.75,8,5,30.36089998204261
transition_warm,0.25,4,0.75,8,5,30.356000002939254
transition_first,0.25,4,0.75,8,6,31.16870002122596
transition_warm,0.25,4,0.75,8,6,31.913299986626953
transition_first,0.25,4,0.75,8,7,31.51359996991232
transition_warm,0.25,4,0.75,8,7,41.95629997411743
transition_first,0.25,4,0.75,8,8,29.778299969621003
transition_warm,0.25,4,0.75,8,8,30.176299973390996
transition_first,0.25,4,0.75,8,9,27.489000000059605
transition_warm,0.25,4,0.75,8,9,29.86469998722896
transition_first,0.75,4,0.75,8,0,32.372799993027
transition_warm,0.75,4,0.75,8,0,28.412000043317676
transition_first,0.75,4,0.75,8,1,30.9343000408262
transition_warm,0.75,4,0.75,8,1,30.825899972114712
transition_first,0.75,4,0.75,8,2,32.64460002537817
transition_warm,0.75,4,0.75,8,2,29.623399954289198
transition_first,0.75,4,0.75,8,3,30.392699991352856
transition_warm,0.75,4,0.75,8,3,29.457499971613288
transition_first,0.75,4,0.75,8,4,29.979399987496436
transition_warm,0.75,4,0.75,8,4,30.181000009179115
transition_first,0.75,4,0.75,8,5,30.73020000010729
transition_warm,0.75,4,0.75,8,5,31.87820001039654
transition_first,0.75,4,0.75,8,6,29.79380002943799
transition_warm,0.75,4,0.75,8,6,29.167700035031885
transition_first,0.75,4,0.75,8,7,30.17610003007576
transition_warm,0.75,4,0.75,8,7,36.47970000747591
transition_first,0.75,4,0.75,8,8,32.72000001743436
transition_warm,0.75,4,0.75,8,8,48.502599995117635
transition_first,0.75,4,0.75,8,9,30.438999994657934
transition_warm,0.75,4,0.75,8,9,37.53169998526573
transition_first,0.5,4,0.5,8,0,40.838200016878545
transition_warm,0.5,4,0.5,8,0,31.168900022748858
transition_first,0.5,4,0.5,8,1,31.011200044304132
transition_warm,0.5,4,0.5,8,1,26.64050000021234
transition_first,0.5,4,0.5,8,2,31.4739000168629
transition_warm,0.5,4,0.5,8,2,28.795899997930974
transition_first,0.5,4,0.5,8,3,40.48480000346899
transition_warm,0.5,4,0.5,8,3,29.739300021901727
transition_first,0.5,4,0.5,8,4,40.635399986058474
transition_warm,0.5,4,0.5,8,4,31.52100002625957
transition_first,0.5,4,0.5,8,5,31.134699995163828
transition_warm,0.5,4,0.5,8,5,33.10649999184534
transition_first,0.5,4,0.5,8,6,34.343100036494434
transition_warm,0.5,4,0.5,8,6,34.451300045475364
transition_first,0.5,4,0.5,8,7,31.217099982313812
transition_warm,0.5,4,0.5,8,7,35.228899971116334
transition_first,0.5,4,0.5,8,8,31.09140001470223
transition_warm,0.5,4,0.5,8,8,28.559800004586577
transition_first,0.5,4,0.5,8,9,28.435400046873838
transition_warm,0.5,4,0.5,8,9,33.89789996435866
transition_first,0.75,16,0.75,8,0,32.54400001605973
transition_warm,0.75,16,0.75,8,0,36.14979999838397
transition_first,0.75,16,0.75,8,1,33.12000003643334
transition_warm,0.75,16,0.75,8,1,30.6544000050053
transition_first,0.75,16,0.75,8,2,30.69610003149137
transition_warm,0.75,16,0.75,8,2,28.455000021494925
transition_first,0.75,16,0.75,8,3,32.1002000127919
transition_warm,0.75,16,0.75,8,3,39.48799998033792
transition_first,0.75,16,0.75,8,4,29.975400015246123
transition_warm,0.75,16,0.75,8,4,32.36690000630915
transition_first,0.75,16,0.75,8,5,32.05869998782873
transition_warm,0.75,16,0.75,8,5,29.883700015489012
transition_first,0.75,16,0.75,8,6,44.43650000030175
transition_warm,0.75,16,0.75,8,6,28.465499985031784
transition_first,0.75,16,0.75,8,7,30.07809998234734
transition_warm,0.75,16,0.75,8,7,28.890600020531565
transition_first,0.75,16,0.75,8,8,29.357400024309754
transition_warm,0.75,16,0.75,8,8,30.566299974452704
transition_first,0.75,16,0.75,8,9,29.548100021202117
transition_warm,0.75,16,0.75,8,9,32.1434999932535
transition_first,0.75,8,0.75,32,0,10.452199960127473
transition_warm,0.75,8,0.75,32,0,13.769700017292053
transition_first,0.75,8,0.75,32,1,12.706000008620322
transition_warm,0.75,8,0.75,32,1,12.925299990456551
transition_first,0.75,8,0.75,32,2,14.462699997238815
transition_warm,0.75,8,0.75,32,2,20.295900001656264
transition_first,0.75,8,0.75,32,3,11.128600046504289
transition_warm,0.75,8,0.75,32,3,11.81290001841262
transition_first,0.75,8,0.75,32,4,10.914599988609552
transition_warm,0.75,8,0.75,32,4,10.976099991239607
transition_first,0.75,8,0.75,32,5,12.48849998228252
transition_warm,0.75,8,0.75,32,5,12.856799992732704
transition_first,0.75,8,0.75,32,6,13.232900004368275
transition_warm,0.75,8,0.75,32,6,12.45140004903078
transition_first,0.75,8,0.75,32,7,10.176600015256554
transition_warm,0.75,8,0.75,32,7,12.446500011719763
transition_first,0.75,8,0.75,32,8,16.81320002535358
transition_warm,0.75,8,0.75,32,8,10.192700021434575
transition_first,0.75,8,0.75,32,9,14.776399999391288
transition_warm,0.75,8,0.75,32,9,14.443900028709322
transition_first,1.0,16,0.5,32,0,11.413900007028133
transition_warm,1.0,16,0.5,32,0,13.566399982664734
transition_first,1.0,16,0.5,32,1,12.915000028442591
transition_warm,1.0,16,0.5,32,1,10.607599979266524
transition_first,1.0,16,0.5,32,2,10.475500021129847
transition_warm,1.0,16,0.5,32,2,9.143700008280575
transition_first,1.0,16,0.5,32,3,11.96239999262616
transition_warm,1.0,16,0.5,32,3,10.32679999480024
transition_first,1.0,16,0.5,32,4,11.478199972771108
transition_warm,1.0,16,0.5,32,4,10.108299960847944
transition_first,1.0,16,0.5,32,5,9.92659997427836
transition_warm,1.0,16,0.5,32,5,12.450899987015873
transition_first,1.0,16,0.5,32,6,10.189299995545298
transition_warm,1.0,16,0.5,32,6,11.908800050150603
transition_first,1.0,16,0.5,32,7,10.800299991387874
transition_warm,1.0,16,0.5,32,7,10.025500028859824
transition_first,1.0,16,0.5,32,8,11.076199996750802
transition_warm,1.0,16,0.5,32,8,10.46030002180487
transition_first,1.0,16,0.5,32,9,12.905800016596913
transition_warm,1.0,16,0.5,32,9,12.259700044523925
transition_first,1.0,32,0.75,16,0,35.661500005517155
transition_warm,1.0,32,0.75,16,0,34.73939996911213
transition_first,1.0,32,0.75,16,1,30.995999986771494
transition_warm,1.0,32,0.75,16,1,28.4706000238657
transition_first,1.0,32,0.75,16,2,34.64640001766384
transition_warm,1.0,32,0.75,16,2,36.23969998443499
transition_first,1.0,32,0.75,16,3,29.956400045193732
transition_warm,1.0,32,0.75,16,3,34.312999981921166
transition_first,1.0,32,0.75,16,4,35.51220003282651
transition_warm,1.0,32,0.75,16,4,35.473200026899576
transition_first,1.0,32,0.75,16,5,29.845000011846423
transition_warm,1.0,32,0.75,16,5,43.30999997910112
transition_first,1.0,32,0.75,16,6,32.1259000338614
transition_warm,1.0,32,0.75,16,6,35.90469999471679
transition_first,1.0,32,0.75,16,7,29.103799955919385
transition_warm,1.0,32,0.75,16,7,31.275600020308048
transition_first,1.0,32,0.75,16,8,51.10219999914989
transition_warm,1.0,32,0.75,16,8,31.175300013273954
transition_first,1.0,32,0.75,16,9,32.80990000348538
transition_warm,1.0,32,0.75,16,9,33.9123000157997
transition_first,0.5,32,1.0,32,0,10.088499984703958
transition_warm,0.5,32,1.0,32,0,11.63929997710511
transition_first,0.5,32,1.0,32,1,9.729500045068562
transition_warm,0.5,32,1.0,32,1,11.599200021009892
transition_first,0.5,32,1.0,32,2,11.458900000434369
transition_warm,0.5,32,1.0,32,2,12.256300018634647
transition_first,0.5,32,1.0,32,3,11.216799961403012
transition_warm,0.5,32,1.0,32,3,12.185300001874566
transition_first,0.5,32,1.0,32,4,11.164999974425882
transition_warm,0.5,32,1.0,32,4,12.065400020219386
transition_first,0.5,32,1.0,32,5,10.811600019223988
transition_warm,0.5,32,1.0,32,5,9.69409995013848
transition_first,0.5,32,1.0,32,6,11.26020000083372
transition_warm,0.5,32,1.0,32,6,10.509699990507215
transition_first,0.5,32,1.0,32,7,10.99810004234314
transition_warm,0.5,32,1.0,32,7,11.488099989946932
transition_first,0.5,32,1.0,32,8,14.893700019456446
transition_warm,0.5,32,1.0,32,8,14.021800016053021
transition_first,0.5,32,1.0,32,9,11.76399999530986
transition_warm,0.5,32,1.0,32,9,14.359600027091801
transition_first,0.75,8,0.25,8,0,28.55370001634583
transition_warm,0.75,8,0.25,8,0,32.65180002199486
transition_first,0.75,8,0.25,8,1,29.466999985743314
transition_warm,0.75,8,0.25,8,1,28.557300043758005
transition_first,0.75,8,0.25,8,2,34.652400005143136
transition_warm,0.75,8,0.25,8,2,26.24210005160421
transition_first,0.75,8,0.25,8,3,39.41919998032972
transition_warm,0.75,8,0.25,8,3,37.13800001423806
transition_first,0.75,8,0.25,8,4,34.77609995752573
transition_warm,0.75,8,0.25,8,4,37.18959999969229
transition_first,0.75,8,0.25,8,5,32.212199992500246
transition_warm,0.75,8,0.25,8,5,30.69559996947646
transition_first,0.75,8,0.25,8,6,33.0559000140056
transition_warm,0.75,8,0.25,8,6,28.4823999973014
transition_first,0.75,8,0.25,8,7,30.29889997560531
transition_warm,0.75,8,0.25,8,7,29.881700000260025
transition_first,0.75,8,0.25,8,8,42.64949995558709
transition_warm,0.75,8,0.25,8,8,28.80539995385334
transition_first,0.75,8,0.25,8,9,30.70210001897067
transition_warm,0.75,8,0.25,8,9,29.64999998221174
transition_first,1.0,8,1.0,16,0,38.701699988450855
transition_warm,1.0,8,1.0,16,0,32.35790005419403
transition_first,1.0,8,1.0,16,1,34.88720004679635
transition_warm,1.0,8,1.0,16,1,37.1199999935925
transition_first,1.0,8,1.0,16,2,33.49569998681545
transition_warm,1.0,8,1.0,16,2,33.439300023019314
transition_first,1.0,8,1.0,16,3,36.37030004756525
transition_warm,1.0,8,1.0,16,3,35.62700003385544
transition_first,1.0,8,1.0,16,4,33.061199996154755
transition_warm,1.0,8,1.0,16,4,38.34879997884855
transition_first,1.0,8,1.0,16,5,34.82860000804067
transition_warm,1.0,8,1.0,16,5,33.52290001930669
transition_first,1.0,8,1.0,16,6,34.24559999257326
transition_warm,1.0,8,1.0,16,6,34.87289999611676
transition_first,1.0,8,1.0,16,7,31.496600015088916
transition_warm,1.0,8,1.0,16,7,33.31300005083904
transition_first,1.0,8,1.0,16,8,34.52480002306402
transition_warm,1.0,8,1.0,16,8,33.18450000369921
transition_first,1.0,8,1.0,16,9,37.267700012307614
transition_warm,1.0,8,1.0,16,9,32.238799962215126
transition_first,0.25,8,0.5,4,0,40.74149997904897
transition_warm,0.25,8,0.5,4,0,43.794199998956174
transition_first,0.25,8,0.5,4,1,28.419699985533953
transition_warm,0.25,8,0.5,4,1,34.969500033184886
transition_first,0.25,8,0.5,4,2,31.682199973147362
transition_warm,0.25,8,0.5,4,2,35.80710000824183
transition_first,0.25,8,0.5,4,3,31.05130000039935
transition_warm,0.25,8,0.5,4,3,29.460999998264015
transition_first,0.25,8,0.5,4,4,30.719899979885668
transition_warm,0.25,8,0.5,4,4,34.94380001211539
transition_first,0.25,8,0.5,4,5,42.278500040993094
transition_warm,0.25,8,0.5,4,5,30.969000014010817
transition_first,0.25,8,0.5,4,6,29.246499994769692
transition_warm,0.25,8,0.5,4,6,33.33730000304058
transition_first,0.25,8,0.5,4,7,31.901600013952702
transition_warm,0.25,8,0.5,4,7,28.29549997113645
transition_first,0.25,8,0.5,4,8,40.21209996426478
transition_warm,0.25,8,0.5,4,8,33.42480002902448
transition_first,0.25,8,0.5,4,9,29.088899958878756
transition_warm,0.25,8,0.5,4,9,32.77270001126453
transition_first,1.0,4,0.75,8,0,31.299199967179447
transition_warm,1.0,4,0.75,8,0,30.105700017884374
transition_first,1.0,4,0.75,8,1,29.675600002519786
transition_warm,1.0,4,0.75,8,1,29.83379998477176
transition_first,1.0,4,0.75,8,2,36.618600017391145
transition_warm,1.0,4,0.75,8,2,32.42649999447167
transition_first,1.0,4,0.75,8,3,33.532299974467605
transition_warm,1.0,4,0.75,8,3,33.95640000235289
transition_first,1.0,4,0.75,8,4,43.96169999381527
transition_warm,1.0,4,0.75,8,4,29.976799967698753
transition_first,1.0,4,0.75,8,5,29.38339998945594
transition_warm,1.0,4,0.75,8,5,44.45879999548197
transition_first,1.0,4,0.75,8,6,32.33190003084019
transition_warm,1.0,4,0.75,8,6,34.02820002520457
transition_first,1.0,4,0.75,8,7,32.52820001216605
transition_warm,1.0,4,0.75,8,7,28.99670001352206
transition_first,1.0,4,0.75,8,8,36.23139997944236
transition_warm,1.0,4,0.75,8,8,35.88739997940138
transition_first,1.0,4,0.75,8,9,30.634299968369305
transition_warm,1.0,4,0.75,8,9,29.846399964299053
transition_first,0.75,4,0.5,4,0,30.177100037690252
transition_warm,0.75,4,0.5,4,0,29.311800026334822
transition_first,0.75,4,0.5,4,1,42.92370000621304
transition_warm,0.75,4,0.5,4,1,37.34120004810393
transition_first,0.75,4,0.5,4,2,30.79380001872778
transition_warm,0.75,4,0.5,4,2,37.729899981059134
transition_first,0.75,4,0.5,4,3,34.095400013029575
transition_warm,0.75,4,0.5,4,3,31.185899977572262
transition_first,0.75,4,0.5,4,4,36.95859998697415
transition_warm,0.75,4,0.5,4,4,29.708900023251772
transition_first,0.75,4,0.5,4,5,30.826699978206307
transition_warm,0.75,4,0.5,4,5,28.91680004540831
transition_first,0.75,4,0.5,4,6,28.961300035007298
transition_warm,0.75,4,0.5,4,6,32.99199999310076
transition_first,0.75,4,0.5,4,7,29.102699947543442
transition_warm,0.75,4,0.5,4,7,28.986699995584786
transition_first,0.75,4,0.5,4,8,31.388700008392334
transition_warm,0.75,4,0.5,4,8,32.195899984799325
transition_first,0.75,4,0.5,4,9,44.80329999933019
transition_warm,0.75,4,0.5,4,9,37.74810000322759
transition_first,1.0,16,0.75,32,0,11.050699977204204
transition_warm,1.0,16,0.75,32,0,12.33870000578463
transition_first,1.0,16,0.75,32,1,13.234499958343804
transition_warm,1.0,16,0.75,32,1,11.789800017140806
transition_first,1.0,16,0.75,32,2,12.45430001290515
transition_warm,1.0,16,0.75,32,2,9.706999990157783
transition_first,1.0,16,0.75,32,3,12.75660004466772
transition_warm,1.0,16,0.75,32,3,10.790000029373914
transition_first,1.0,16,0.75,32,4,12.350600038189441
transition_warm,1.0,16,0.75,32,4,10.392599971964955
transition_first,1.0,16,0.75,32,5,10.03780000610277
transition_warm,1.0,16,0.75,32,5,11.96249999338761
transition_first,1.0,16,0.75,32,6,10.894600010942668
transition_warm,1.0,16,0.75,32,6,9.977900015655905
transition_first,1.0,16,0.75,32,7,12.451999995391816
transition_warm,1.0,16,0.75,32,7,10.251800005789846
transition_first,1.0,16,0.75,32,8,10.5996000347659
transition_warm,1.0,16,0.75,32,8,12.265399971511215
transition_first,1.0,16,0.75,32,9,12.201900011859834
transition_warm,1.0,16,0.75,32,9,13.959400006569922
transition_first,0.25,4,1.0,4,0,37.72060002665967
transition_warm,0.25,4,1.0,4,0,30.99359996849671
transition_first,0.25,4,1.0,4,1,43.04520000005141
transition_warm,0.25,4,1.0,4,1,36.494200001470745
transition_first,0.25,4,1.0,4,2,38.1620999542065
transition_warm,0.25,4,1.0,4,2,31.595600012224168
transition_first,0.25,4,1.0,4,3,38.39410003274679
transition_warm,0.25,4,1.0,4,3,34.5954000367783
transition_first,0.25,4,1.0,4,4,36.28190001472831
transition_warm,0.25,4,1.0,4,4,37.10369998589158
transition_first,0.25,4,1.0,4,5,36.15840000566095
transition_warm,0.25,4,1.0,4,5,35.06690001813695
transition_first,0.25,4,1.0,4,6,32.883599982596934
transition_warm,0.25,4,1.0,4,6,34.98210001271218
transition_first,0.25,4,1.0,4,7,38.94110000692308
transition_warm,0.25,4,1.0,4,7,38.09210000326857
transition_first,0.25,4,1.0,4,8,35.72939999867231
transition_warm,0.25,4,1.0,4,8,38.68920000968501
transition_first,0.25,4,1.0,4,9,33.37429999373853
transition_warm,0.25,4,1.0,4,9,33.39999995660037
transition_first,0.5,4,0.75,8,0,30.148299993015826
transition_warm,0.5,4,0.75,8,0,30.451900034677237
transition_first,0.5,4,0.75,8,1,31.816999951843172
transition_warm,0.5,4,0.75,8,1,36.83130000717938
transition_first,0.5,4,0.75,8,2,28.637400013394654
transition_warm,0.5,4,0.75,8,2,30.748799967113882
transition_first,0.5,4,0.75,8,3,29.52689997619018
transition_warm,0.5,4,0.75,8,3,35.31129995826632
transition_first,0.5,4,0.75,8,4,34.60620000259951
transition_warm,0.5,4,0.75,8,4,33.42079999856651
transition_first,0.5,4,0.75,8,5,33.65739999571815
transition_warm,0.5,4,0.75,8,5,33.75940001569688
transition_first,0.5,4,0.75,8,6,32.483500021044165
transition_warm,0.5,4,0.75,8,6,32.03909995499998
transition_first,0.5,4,0.75,8,7,30.388799961656332
transition_warm,0.5,4,0.75,8,7,32.11630001896992
transition_first,0.5,4,0.75,8,8,33.92079996410757
transition_warm,0.5,4,0.75,8,8,33.59649999765679
transition_first,0.5,4,0.75,8,9,31.035000050906092
transition_warm,0.5,4,0.75,8,9,30.272700008936226
transition_first,0.75,4,0.25,8,0,29.943800007458776
transition_warm,0.75,4,0.25,8,0,29.5509000425227
transition_first,0.75,4,0.25,8,1,30.296300014015287
transition_warm,0.75,4,0.25,8,1,27.615999977570027
transition_first,0.75,4,0.25,8,2,30.636899988166988
transition_warm,0.75,4,0.25,8,2,29.504899983294308
transition_first,0.75,4,0.25,8,3,27.055799961090088
transition_warm,0.75,4,0.25,8,3,28.416400018613786
transition_first,0.75,4,0.25,8,4,36.14659997401759
transition_warm,0.75,4,0.25,8,4,36.78389999549836
transition_first,0.75,4,0.25,8,5,34.901399980299175
transition_warm,0.75,4,0.25,8,5,28.552499949000776
transition_first,0.75,4,0.25,8,6,27.366299997083843
transition_warm,0.75,4,0.25,8,6,26.976199995260686
transition_first,0.75,4,0.25,8,7,31.760499987285584
transition_warm,0.75,4,0.25,8,7,34.63389998069033
transition_first,0.75,4,0.25,8,8,27.785099984612316
transition_warm,0.75,4,0.25,8,8,28.94039999227971
transition_first,0.75,4,0.25,8,9,35.53940000711009
transition_warm,0.75,4,0.25,8,9,42.52940003061667
transition_first,0.25,16,0.5,32,0,10.880800022277981
transition_warm,0.25,16,0.5,32,0,11.05000003008172
transition_first,0.25,16,0.5,32,1,12.292100000195205
transition_warm,0.25,16,0.5,32,1,11.127599980682135
transition_first,0.25,16,0.5,32,2,11.917900003027171
transition_warm,0.25,16,0.5,32,2,9.275900025386363
transition_first,0.25,16,0.5,32,3,10.294499981682748
transition_warm,0.25,16,0.5,32,3,11.332000023685396
transition_first,0.25,16,0.5,32,4,11.343999998643994
transition_warm,0.25,16,0.5,32,4,12.638199958018959
transition_first,0.25,16,0.5,32,5,11.78449997678399
transition_warm,0.25,16,0.5,32,5,9.454800048843026
transition_first,0.25,16,0.5,32,6,10.63939998857677
transition_warm,0.25,16,0.5,32,6,12.643800000660121
transition_first,0.25,16,0.5,32,7,14.754400006495416
transition_warm,0.25,16,0.5,32,7,18.501700018532574
transition_first,0.25,16,0.5,32,8,12.209100008476526
transition_warm,0.25,16,0.5,32,8,9.389999962877482
transition_first,0.25,16,0.5,32,9,10.827999969478697
transition_warm,0.25,16,0.5,32,9,12.34009995823726
transition_first,1.0,16,0.75,16,0,35.082300018984824
transition_warm,1.0,16,0.75,16,0,38.568499963730574
transition_first,1.0,16,0.75,16,1,31.956200022250414
transition_warm,1.0,16,0.75,16,1,31.34480002336204
transition_first,1.0,16,0.75,16,2,32.077600015327334
transition_warm,1.0,16,0.75,16,2,32.596100005321205
transition_first,1.0,16,0.75,16,3,30.83639999385923
transition_warm,1.0,16,0.75,16,3,33.72459998354316
transition_first,1.0,16,0.75,16,4,36.06399998534471
transition_warm,1.0,16,0.75,16,4,32.67809998942539
transition_first,1.0,16,0.75,16,5,32.59379998780787
transition_warm,1.0,16,0.75,16,5,29.49270000681281
transition_first,1.0,16,0.75,16,6,33.948600001167506
transition_warm,1.0,16,0.75,16,6,30.38640000158921
transition_first,1.0,16,0.75,16,7,30.717500019818544
transition_warm,1.0,16,0.75,16,7,35.93970002839342
transition_first,1.0,16,0.75,16,8,29.09860003273934
transition_warm,1.0,16,0.75,16,8,28.43319997191429
transition_first,1.0,16,0.75,16,9,28.646000020671636
transition_warm,1.0,16,0.75,16,9,30.045099963899702
transition_first,0.75,32,0.25,4,0,31.92420001141727
transition_warm,0.75,32,0.25,4,0,35.90280003845692
transition_first,0.75,32,0.25,4,1,33.7565999943763
transition_warm,0.75,32,0.25,4,1,33.49220001837239
transition_first,0.75,32,0.25,4,2,27.640299987979233
transition_warm,0.75,32,0.25,4,2,28.531799966003746
transition_first,0.75,32,0.25,4,3,30.099899973720312
transition_warm,0.75,32,0.25,4,3,53.88159997528419
transition_first,0.75,32,0.25,4,4,33.88219996122643
transition_warm,0.75,32,0.25,4,4,35.18990002339706
transition_first,0.75,32,0.25,4,5,29.976200021337718
transition_warm,0.75,32,0.25,4,5,29.262099997140467
transition_first,0.75,32,0.25,4,6,34.64309999253601
transition_warm,0.75,32,0.25,4,6,39.79239996988326
transition_first,0.75,32,0.25,4,7,55.10870000580326
transition_warm,0.75,32,0.25,4,7,26.26749995397404
transition_first,0.75,32,0.25,4,8,45.79820000799373
transition_warm,0.75,32,0.25,4,8,33.320399990770966
transition_first,0.75,32,0.25,4,9,27.705400018021464
transition_warm,0.75,32,0.25,4,9,29.90600001066923
transition_first,0.25,8,1.0,4,0,35.47569998772815
transition_warm,0.25,8,1.0,4,0,32.40279998863116
transition_first,0.25,8,1.0,4,1,40.11010000249371
transition_warm,0.25,8,1.0,4,1,34.673099988140166
transition_first,0.25,8,1.0,4,2,45.297999982722104
transition_warm,0.25,8,1.0,4,2,36.33789997547865
transition_first,0.25,8,1.0,4,3,31.7773999995552
transition_warm,0.25,8,1.0,4,3,42.85729996627197
transition_first,0.25,8,1.0,4,4,37.33339998871088
transition_warm,0.25,8,1.0,4,4,32.52280002925545
transition_first,0.25,8,1.0,4,5,34.64839997468516
transition_warm,0.25,8,1.0,4,5,41.86090000439435
transition_first,0.25,8,1.0,4,6,53.53350000223145
transition_warm,0.25,8,1.0,4,6,40.757000038865954
transition_first,0.25,8,1.0,4,7,32.97429997473955
transition_warm,0.25,8,1.0,4,7,41.894500027410686
transition_first,0.25,8,1.0,4,8,34.08720000879839
transition_warm,0.25,8,1.0,4,8,32.59539999999106
transition_first,0.25,8,1.0,4,9,48.18049998721108
transition_warm,0.25,8,1.0,4,9,41.35860002133995
transition_first,0.25,8,1.0,32,0,10.778299998492002
transition_warm,0.25,8,1.0,32,0,11.452100006863475
transition_first,0.25,8,1.0,32,1,15.797899977769703
transition_warm,0.25,8,1.0,32,1,13.409100007265806
transition_first,0.25,8,1.0,32,2,10.99039998371154
transition_warm,0.25,8,1.0,32,2,12.1060999808833
transition_first,0.25,8,1.0,32,3,11.830099974758923
transition_warm,0.25,8,1.0,32,3,12.388000031933188
transition_first,0.25,8,1.0,32,4,10.622699977830052
transition_warm,0.25,8,1.0,32,4,9.756200015544891
transition_first,0.25,8,1.0,32,5,13.000399980228394
transition_warm,0.25,8,1.0,32,5,9.643099969252944
transition_first,0.25,8,1.0,32,6,12.21740001346916
transition_warm,0.25,8,1.0,32,6,12.219900032505393
transition_first,0.25,8,1.0,32,7,10.311299993190914
transition_warm,0.25,8,1.0,32,7,10.053600009996444
transition_first,0.25,8,1.0,32,8,12.665199988987297
transition_warm,0.25,8,1.0,32,8,13.610899972263724
transition_first,0.25,8,1.0,32,9,9.675199980847538
transition_warm,0.25,8,1.0,32,9,11.463799979537725
transition_first,0.75,16,0.5,32,0,9.700700000394136
transition_warm,0.75,16,0.5,32,0,11.464999988675117
transition_first,0.75,16,0.5,32,1,11.89269998576492
transition_warm,0.75,16,0.5,32,1,12.286600016523153
transition_first,0.75,16,0.5,32,2,10.22749999538064
transition_warm,0.75,16,0.5,32,2,12.708500027656555
transition_first,0.75,16,0.5,32,3,14.329599973279983
transition_warm,0.75,16,0.5,32,3,12.099400046281517
transition_first,0.75,16,0.5,32,4,11.190399993211031
transition_warm,0.75,16,0.5,32,4,20.408199983648956
transition_first,0.75,16,0.5,32,5,16.563799988944083
transition_warm,0.75,16,0.5,32,5,12.151300034020096
transition_first,0.75,16,0.5,32,6,9.124999982304871
transition_warm,0.75,16,0.5,32,6,12.259899987839162
transition_first,0.75,16,0.5,32,7,12.390200048685074
transition_warm,0.75,16,0.5,32,7,10.405100008938462
transition_first,0.75,16,0.5,32,8,11.70320005621761
transition_warm,0.75,16,0.5,32,8,14.892300008796155
transition_first,0.75,16,0.5,32,9,10.384699970018119
transition_warm,0.75,16,0.5,32,9,9.686300007160753
transition_first,0.5,32,0.75,16,0,30.673000030219555
transition_warm,0.5,32,0.75,16,0,31.512700021266937
transition_first,0.5,32,0.75,16,1,41.915200010407716
transition_warm,0.5,32,0.75,16,1,30.09140002541244
transition_first,0.5,32,0.75,16,2,29.31209997041151
transition_warm,0.5,32,0.75,16,2,39.21919997083023
transition_first,0.5,32,0.75,16,3,38.116500014439225
transition_warm,0.5,32,0.75,16,3,34.12550000939518
transition_first,0.5,32,0.75,16,4,35.72109999367967
transition_warm,0.5,32,0.75,16,4,33.56589999748394
transition_first,0.5,32,0.75,16,5,32.28260000469163
transition_warm,0.5,32,0.75,16,5,26.850000023841858
transition_first,0.5,32,0.75,16,6,31.63809998659417
transition_warm,0.5,32,0.75,16,6,28.73580000596121
transition_first,0.5,32,0.75,16,7,29.79649999178946
transition_warm,0.5,32,0.75,16,7,31.104499998036772
transition_first,0.5,32,0.75,16,8,47.957200033124536
transition_warm,0.5,32,0.75,16,8,41.28819995094091
transition_first,0.5,32,0.75,16,9,39.67940004076809
transition_warm,0.5,32,0.75,16,9,35.72239994537085
transition_first,0.25,8,0.5,32,0,15.225999988615513
transition_warm,0.25,8,0.5,32,0,16.095399972982705
transition_first,0.25,8,0.5,32,1,16.279399977065623
transition_warm,0.25,8,0.5,32,1,20.265800005290657
transition_first,0.25,8,0.5,32,2,15.109699976164848
transition_warm,0.25,8,0.5,32,2,11.944100027903914
transition_first,0.25,8,0.5,32,3,12.176399992313236
transition_warm,0.25,8,0.5,32,3,15.504700015299022
transition_first,0.25,8,0.5,32,4,12.01730000320822
transition_warm,0.25,8,0.5,32,4,14.39979998394847
transition_first,0.25,8,0.5,32,5,12.804800004232675
transition_warm,0.25,8,0.5,32,5,13.445099990349263
transition_first,0.25,8,0.5,32,6,11.779299995396286
transition_warm,0.25,8,0.5,32,6,19.738500006496906
transition_first,0.25,8,0.5,32,7,10.855299944523722
transition_warm,0.25,8,0.5,32,7,11.111199972219765
transition_first,0.25,8,0.5,32,8,12.176299991551787
transition_warm,0.25,8,0.5,32,8,11.868900037370622
transition_first,0.25,8,0.5,32,9,27.715300035197288
transition_warm,0.25,8,0.5,32,9,28.410300030373037
transition_first,0.5,4,0.25,32,0,17.254200007300824
transition_warm,0.5,4,0.25,32,0,20.826200023293495
transition_first,0.5,4,0.25,32,1,15.537199971731752
transition_warm,0.5,4,0.25,32,1,20.1558000408113
transition_first,0.5,4,0.25,32,2,16.494500043336302
transition_warm,0.5,4,0.25,32,2,14.654799946583807
transition_first,0.5,4,0.25,32,3,12.469600012991577
transition_warm,0.5,4,0.25,32,3,13.274599972646683
transition_first,0.5,4,0.25,32,4,13.53460003156215
transition_warm,0.5,4,0.25,32,4,12.91950000450015
transition_first,0.5,4,0.25,32,5,12.607699958607554
transition_warm,0.5,4,0.25,32,5,12.572999985422939
transition_first,0.5,4,0.25,32,6,11.884999985340983
transition_warm,0.5,4,0.25,32,6,10.05109999096021
transition_first,0.5,4,0.25,32,7,12.647699972148985
transition_warm,0.5,4,0.25,32,7,13.56410002335906
transition_first,0.5,4,0.25,32,8,12.481700046919286
transition_warm,0.5,4,0.25,32,8,13.120700023137033
transition_first,0.5,4,0.25,32,9,10.503900004550815
transition_warm,0.5,4,0.25,32,9,14.690699987113476
transition_first,0.75,16,0.75,4,0,42.42090001935139
transition_warm,0.75,16,0.75,4,0,36.382799968123436
transition_first,0.75,16,0.75,4,1,30.528899980708957
transition_warm,0.75,16,0.75,4,1,29.83059996040538
transition_first,0.75,16,0.75,4,2,33.05579995503649
transition_warm,0.75,16,0.75,4,2,30.739200010430068
transition_first,0.75,16,0.75,4,3,29.428299982100725
transition_warm,0.75,16,0.75,4,3,30.49730003112927
transition_first,0.75,16,0.75,4,4,31.13920002942905
transition_warm,0.75,16,0.75,4,4,31.31829999620095
transition_first,0.75,16,0.75,4,5,34.10689998418093
transition_warm,0.75,16,0.75,4,5,30.98179999506101
transition_first,0.75,16,0.75,4,6,35.500099998898804
transition_warm,0.75,16,0.75,4,6,30.38459998788312
transition_first,0.75,16,0.75,4,7,28.328999993391335
transition_warm,0.75,16,0.75,4,7,31.698000035248697
transition_first,0.75,16,0.75,4,8,32.166199991479516
transition_warm,0.75,16,0.75,4,8,45.98270001588389
transition_first,0.75,16,0.75,4,9,33.58689998276532
transition_warm,0.75,16,0.75,4,9,35.41309997672215
transition_first,1.0,8,0.5,16,0,28.233099961653352
transition_warm,1.0,8,0.5,16,0,40.841200039722025
transition_first,1.0,8,0.5,16,1,32.10459998808801
transition_warm,1.0,8,0.5,16,1,28.26729998923838
transition_first,1.0,8,0.5,16,2,29.31809995789081
transition_warm,1.0,8,0.5,16,2,29.138100042473525
transition_first,1.0,8,0.5,16,3,32.950099965091795
transition_warm,1.0,8,0.5,16,3,28.523200016934425
transition_first,1.0,8,0.5,16,4,29.781999997794628
transition_warm,1.0,8,0.5,16,4,30.788099975325167
transition_first,1.0,8,0.5,16,5,30.34459997434169
transition_warm,1.0,8,0.5,16,5,31.52570000384003
transition_first,1.0,8,0.5,16,6,38.1943000247702
transition_warm,1.0,8,0.5,16,6,37.95299999183044
transition_first,1.0,8,0.5,16,7,34.391799999866635
transition_warm,1.0,8,0.5,16,7,28.316800016909838
transition_first,1.0,8,0.5,16,8,30.99080000538379
transition_warm,1.0,8,0.5,16,8,28.74900004826486
transition_first,1.0,8,0.5,16,9,29.84679996734485
transition_warm,1.0,8,0.5,16,9,27.695199998561293
transition_first,0.5,4,1.0,4,0,34.16870004730299
transition_warm,0.5,4,1.0,4,0,33.28849998069927
transition_first,0.5,4,1.0,4,1,40.65270000137389
transition_warm,0.5,4,1.0,4,1,38.257199979852885
transition_first,0.5,4,1.0,4,2,38.55470003327355
transition_warm,0.5,4,1.0,4,2,34.67069996986538
transition_first,0.5,4,1.0,4,3,49.79479999747127
transition_warm,0.5,4,1.0,4,3,35.218300006818026
transition_first,0.5,4,1.0,4,4,37.800699996296316
transition_warm,0.5,4,1.0,4,4,30.36709997104481
transition_first,0.5,4,1.0,4,5,44.7476000408642
transition_warm,0.5,4,1.0,4,5,36.189000005833805
transition_first,0.5,4,1.0,4,6,42.4452000297606
transition_warm,0.5,4,1.0,4,6,32.85109996795654
transition_first,0.5,4,1.0,4,7,36.56620002584532
transition_warm,0.5,4,1.0,4,7,33.30159996403381
transition_first,0.5,4,1.0,4,8,35.37880000658333
transition_warm,0.5,4,1.0,4,8,41.771500022150576
transition_first,0.5,4,1.0,4,9,39.26570003386587
transition_warm,0.5,4,1.0,4,9,35.94950004480779
transition_first,0.75,4,1.0,16,0,35.43240000726655
transition_warm,0.75,4,1.0,16,0,34.96870002709329
transition_first,0.75,4,1.0,16,1,35.27819999726489
transition_warm,0.75,4,1.0,16,1,35.999199957586825
transition_first,0.75,4,1.0,16,2,37.39719995064661
transition_warm,0.75,4,1.0,16,2,30.530999996699393
transition_first,0.75,4,1.0,16,3,35.43730004457757
transition_warm,0.75,4,1.0,16,3,32.37450000597164
transition_first,0.75,4,1.0,16,4,41.380600014235824
transition_warm,0.75,4,1.0,16,4,37.28340001543984
transition_first,0.75,4,1.0,16,5,42.905200039967895
transition_warm,0.75,4,1.0,16,5,42.70699998596683
transition_first,0.75,4,1.0,16,6,36.73360001994297
transition_warm,0.75,4,1.0,16,6,45.691800012718886
transition_first,0.75,4,1.0,16,7,37.31069999048486
transition_warm,0.75,4,1.0,16,7,34.9788999883458
transition_first,0.75,4,1.0,16,8,34.215599996969104
transition_warm,0.75,4,1.0,16,8,34.64689996326342
transition_first,0.75,4,1.0,16,9,34.54609995242208
transition_warm,0.75,4,1.0,16,9,48.99109998950735
transition_first,0.75,32,0.5,32,0,16.437800019048154
transition_warm,0.75,32,0.5,32,0,11.888600012753159
transition_first,0.75,32,0.5,32,1,11.38019998325035
transition_warm,0.75,32,0.5,32,1,10.540999996010214
transition_first,0.75,32,0.5,32,2,12.567700003273785
transition_warm,0.75,32,0.5,32,2,11.90029998542741
transition_first,0.75,32,0.5,32,3,10.291100014001131
transition_warm,0.75,32,0.5,32,3,12.727199995424598
transition_first,0.75,32,0.5,32,4,10.582900024019182
transition_warm,0.75,32,0.5,32,4,12.452700000721961
transition_first,0.75,32,0.5,32,5,12.092499993741512
transition_warm,0.75,32,0.5,32,5,9.12659999448806
transition_first,0.75,32,0.5,32,6,12.456999975256622
transition_warm,0.75,32,0.5,32,6,10.785199992824346
transition_first,0.75,32,0.5,32,7,10.167600004933774
transition_warm,0.75,32,0.5,32,7,11.702599993441254
transition_first,0.75,32,0.5,32,8,11.633099988102913
transition_warm,0.75,32,0.5,32,8,12.326500029303133
transition_first,0.75,32,0.5,32,9,13.445099990349263
transition_warm,0.75,32,0.5,32,9,13.004500011447817
transition_first,0.75,32,0.5,16,0,40.286900009959936
transition_warm,0.75,32,0.5,16,0,29.683300002943724
transition_first,0.75,32,0.5,16,1,36.467499972786754
transition_warm,0.75,32,0.5,16,1,30.654700007289648
transition_first,0.75,32,0.5,16,2,30.004800006281585
transition_warm,0.75,32,0.5,16,2,40.38879997096956
transition_first,0.75,32,0.5,16,3,35.35580000607297
transition_warm,0.75,32,0.5,16,3,29.282900039106607
transition_first,0.75,32,0.5,16,4,44.678599981125444
transition_warm,0.75,32,0.5,16,4,31.653699988964945
transition_first,0.75,32,0.5,16,5,39.21459999401122
transition_warm,0.75,32,0.5,16,5,57.78440000722185
transition_first,0.75,32,0.5,16,6,28.208900010213256
transition_warm,0.75,32,0.5,16,6,32.157600042410195
transition_first,0.75,32,0.5,16,7,35.78799997922033
transition_warm,0.75,32,0.5,16,7,26.203099987469614
transition_first,0.75,32,0.5,16,8,32.76570001617074
transition_warm,0.75,32,0.5,16,8,29.068900039419532
transition_first,0.75,32,0.5,16,9,33.08319998905063
transition_warm,0.75,32,0.5,16,9,28.02149998024106
transition_first,1.0,4,0.5,8,0,38.715200033038855
transition_warm,1.0,4,0.5,8,0,33.707500027958304
transition_first,1.0,4,0.5,8,1,29.99800001271069
transition_warm,1.0,4,0.5,8,1,27.94439997524023
transition_first,1.0,4,0.5,8,2,29.264200013130903
transition_warm,1.0,4,0.5,8,2,31.638600048609078
transition_first,1.0,4,0.5,8,3,29.991700022947043
transition_warm,1.0,4,0.5,8,3,28.039800003170967
transition_first,1.0,4,0.5,8,4,31.0769000207074
transition_warm,1.0,4,0.5,8,4,35.840700031258166
transition_first,1.0,4,0.5,8,5,36.7291999864392
transition_warm,1.0,4,0.5,8,5,30.066599952988327
transition_first,1.0,4,0.5,8,6,41.786500019952655
transition_warm,1.0,4,0.5,8,6,36.3202000153251
transition_first,1.0,4,0.5,8,7,32.74240001337603
transition_warm,1.0,4,0.5,8,7,29.176200041547418
transition_first,1.0,4,0.5,8,8,30.37880000192672
transition_warm,1.0,4,0.5,8,8,30.22020001662895
transition_first,1.0,4,0.5,8,9,29.316900006961077
transition_warm,1.0,4,0.5,8,9,33.341300033498555
transition_first,0.5,16,0.25,32,0,12.574799999129027
transition_warm,0.5,16,0.25,32,0,13.394200010225177
transition_first,0.5,16,0.25,32,1,12.25430000340566
transition_warm,0.5,16,0.25,32,1,9.05860000057146
transition_first,0.5,16,0.25,32,2,12.783700018189847
transition_warm,0.5,16,0.25,32,2,9.423800045624375
transition_first,0.5,16,0.25,32,3,10.625700000673532
transition_warm,0.5,16,0.25,32,3,10.74749999679625
transition_first,0.5,16,0.25,32,4,12.135899974964559
transition_warm,0.5,16,0.25,32,4,10.647199989762157
transition_first,0.5,16,0.25,32,5,13.292000046931207
transition_warm,0.5,16,0.25,32,5,11.405199998989701
transition_first,0.5,16,0.25,32,6,13.6573999770917
transition_warm,0.5,16,0.25,32,6,9.440099995117635
transition_first,0.5,16,0.25,32,7,11.550900002475828
transition_warm,0.5,16,0.25,32,7,9.895899973344058
transition_first,0.5,16,0.25,32,8,10.40679996367544
transition_warm,0.5,16,0.25,32,8,10.215300018899143
transition_first,0.5,16,0.25,32,9,19.005700014531612
transition_warm,0.5,16,0.25,32,9,16.89650001935661
transition_first,0.25,32,0.5,32,0,9.05560003593564
transition_warm,0.25,32,0.5,32,0,12.49119994463399
transition_first,0.25,32,0.5,32,1,9.423299983609468
transition_warm,0.25,32,0.5,32,1,12.565100041683763
transition_first,0.25,32,0.5,32,2,12.206499988678843
transition_warm,0.25,32,0.5,32,2,15.450800012331456
transition_first,0.25,32,0.5,32,3,11.947799997869879
transition_warm,0.25,32,0.5,32,3,12.305899988859892
transition_first,0.25,32,0.5,32,4,16.508800035808235
transition_warm,0.25,32,0.5,32,4,8.85559996822849
transition_first,0.25,32,0.5,32,5,9.990200051106513
transition_warm,0.25,32,0.5,32,5,10.958199971355498
transition_first,0.25,32,0.5,32,6,12.710299983154982
transition_warm,0.25,32,0.5,32,6,14.661099994555116
transition_first,0.25,32,0.5,32,7,9.442100010346621
transition_warm,0.25,32,0.5,32,7,11.054800008423626
transition_first,0.25,32,0.5,32,8,52.07499995594844
transition_warm,0.25,32,0.5,32,8,35.9854000271298
transition_first,0.25,32,0.5,32,9,23.19440001156181
transition_warm,0.25,32,0.5,32,9,11.783599969930947
transition_first,0.5,32,0.25,16,0,35.4514000355266
transition_warm,0.5,32,0.25,16,0,26.487700000870973
transition_first,0.5,32,0.25,16,1,30.10620002169162
transition_warm,0.5,32,0.25,16,1,32.25360001670197
transition_first,0.5,32,0.25,16,2,33.01810001721606
transition_warm,0.5,32,0.25,16,2,27.747300046030432
transition_first,0.5,32,0.25,16,3,30.08549998048693
transition_warm,0.5,32,0.25,16,3,31.342500005848706
transition_first,0.5,32,0.25,16,4,34.4831999973394
transition_warm,0.5,32,0.25,16,4,31.977100006770343
transition_first,0.5,32,0.25,16,5,41.183400026056916
transition_warm,0.5,32,0.25,16,5,32.52529999008402
transition_first,0.5,32,0.25,16,6,35.769599955528975
transition_warm,0.5,32,0.25,16,6,29.48390005622059
transition_first,0.5,32,0.25,16,7,41.706399992108345
transition_warm,0.5,32,0.25,16,7,34.954599977936596
transition_first,0.5,32,0.25,16,8,30.25599999818951
transition_warm,0.5,32,0.25,16,8,28.450599987991154
transition_first,0.5,32,0.25,16,9,32.40999998524785
transition_warm,0.5,32,0.25,16,9,38.925299944821745
transition_first,0.5,8,0.75,8,0,39.81379995821044
transition_warm,0.5,8,0.75,8,0,44.83810003148392
transition_first,0.5,8,0.75,8,1,36.59289999632165
transition_warm,0.5,8,0.75,8,1,31.739199999719858
transition_first,0.5,8,0.75,8,2,30.231600045226514
transition_warm,0.5,8,0.75,8,2,30.903699982445687
transition_first,0.5,8,0.75,8,3,29.938099964056164
transition_warm,0.5,8,0.75,8,3,34.52919999836013
transition_first,0.5,8,0.75,8,4,30.97290004370734
transition_warm,0.5,8,0.75,8,4,32.7019999967888
transition_first,0.5,8,0.75,8,5,33.25909998966381
transition_warm,0.5,8,0.75,8,5,36.12020000582561
transition_first,0.5,8,0.75,8,6,31.65140002965927
transition_warm,0.5,8,0.75,8,6,31.091799959540367
transition_first,0.5,8,0.75,8,7,31.049199984408915
transition_warm,0.5,8,0.75,8,7,32.6533000334166
transition_first,0.5,8,0.75,8,8,49.83919998630881
transition_warm,0.5,8,0.75,8,8,37.21219999715686
transition_first,0.5,8,0.75,8,9,35.899900016374886
transition_warm,0.5,8,0.75,8,9,37.40440000547096
transition_first,0.75,4,0.5,8,0,35.38860002299771
transition_warm,0.75,4,0.5,8,0,35.65610002260655
transition_first,0.75,4,0.5,8,1,31.32099995855242
transition_warm,0.75,4,0.5,8,1,30.246600043028593
transition_first,0.75,4,0.5,8,2,30.363099998794496
transition_warm,0.75,4,0.5,8,2,29.294000007212162
transition_first,0.75,4,0.5,8,3,35.09660001145676
transition_warm,0.75,4,0.5,8,3,32.47520001605153
transition_first,0.75,4,0.5,8,4,33.871499996166676
transition_warm,0.75,4,0.5,8,4,29.082899971399456
transition_first,0.75,4,0.5,8,5,30.924500024411827
transition_warm,0.75,4,0.5,8,5,33.69940002448857
transition_first,0.75,4,0.5,8,6,31.599200039636344
transition_warm,0.75,4,0.5,8,6,28.734599996823817
transition_first,0.75,4,0.5,8,7,34.29320000577718
transition_warm,0.75,4,0.5,8,7,29.997700010426342
transition_first,0.75,4,0.5,8,8,28.941199998371303
transition_warm,0.75,4,0.5,8,8,28.56079995399341
transition_first,0.75,4,0.5,8,9,31.22760000405833
transition_warm,0.75,4,0.5,8,9,28.14150002086535
transition_first,0.75,8,1.0,4,0,35.90479999547824
transition_warm,0.75,8,1.0,4,0,38.679499994032085
transition_first,0.75,8,1.0,4,1,35.09620000841096
transition_warm,0.75,8,1.0,4,1,35.81060003489256
transition_first,0.75,8,1.0,4,2,38.30500005278736
transition_warm,0.75,8,1.0,4,2,39.097200031392276
transition_first,0.75,8,1.0,4,3,37.83330001169816
transition_warm,0.75,8,1.0,4,3,32.945699989795685
transition_first,0.75,8,1.0,4,4,37.221800012048334
transition_warm,0.75,8,1.0,4,4,36.81530000176281
transition_first,0.75,8,1.0,4,5,35.05940001923591
transition_warm,0.75,8,1.0,4,5,35.48300004331395
transition_first,0.75,8,1.0,4,6,38.61410001991317
transition_warm,0.75,8,1.0,4,6,40.25700001511723
transition_first,0.75,8,1.0,4,7,31.832700013183057
transition_warm,0.75,8,1.0,4,7,41.12650000024587
transition_first,0.75,8,1.0,4,8,33.94519997527823
transition_warm,0.75,8,1.0,4,8,37.55170002114028
transition_first,0.75,8,1.0,4,9,32.44999999878928
transition_warm,0.75,8,1.0,4,9,34.27080000983551
transition_first,1.0,32,0.25,32,0,15.315800032112747
transition_warm,1.0,32,0.25,32,0,14.564299955964088
transition_first,1.0,32,0.25,32,1,11.253100004978478
transition_warm,1.0,32,0.25,32,1,12.265299970749766
transition_first,1.0,32,0.25,32,2,10.595800005830824
transition_warm,1.0,32,0.25,32,2,13.259599974844605
transition_first,1.0,32,0.25,32,3,11.150400037877262
transition_warm,1.0,32,0.25,32,3,12.658199993893504
transition_first,1.0,32,0.25,32,4,10.801500000525266
transition_warm,1.0,32,0.25,32,4,14.59229999454692
transition_first,1.0,32,0.25,32,5,11.862299987114966
transition_warm,1.0,32,0.25,32,5,16.467400011606514
transition_first,1.0,32,0.25,32,6,13.427999976556748
transition_warm,1.0,32,0.25,32,6,12.763599981553853
transition_first,1.0,32,0.25,32,7,13.848200032953173
transition_warm,1.0,32,0.25,32,7,12.804400001186877
transition_first,1.0,32,0.25,32,8,12.802199984434992
transition_warm,1.0,32,0.25,32,8,10.965999972540885
transition_first,1.0,32,0.25,32,9,9.569799993187189
transition_warm,1.0,32,0.25,32,9,10.218199982773513
transition_first,0.75,4,0.25,32,0,10.306700016371906
transition_warm,0.75,4,0.25,32,0,10.046400013379753
transition_first,0.75,4,0.25,32,1,10.869000048842281
transition_warm,0.75,4,0.25,32,1,12.389500043354928
transition_first,0.75,4,0.25,32,2,11.28519995836541
transition_warm,0.75,4,0.25,32,2,12.309500016272068
transition_first,0.75,4,0.25,32,3,19.065800006501377
transition_warm,0.75,4,0.25,32,3,12.25750002777204
transition_first,0.75,4,0.25,32,4,17.690000007860363
transition_warm,0.75,4,0.25,32,4,10.154600022360682
transition_first,0.75,4,0.25,32,5,10.876099986489862
transition_warm,0.75,4,0.25,32,5,9.893700014799833
transition_first,0.75,4,0.25,32,6,10.34610002534464
transition_warm,0.75,4,0.25,32,6,11.293000017758459
transition_first,0.75,4,0.25,32,7,11.151399987284094
transition_warm,0.75,4,0.25,32,7,11.108399950899184
transition_first,0.75,4,0.25,32,8,11.325999977998435
transition_warm,0.75,4,0.25,32,8,8.982100000139326
transition_first,0.75,4,0.25,32,9,13.981099997181445
transition_warm,0.75,4,0.25,32,9,10.85999998031184
transition_first,1.0,16,1.0,32,0,12.346900010015815
transition_warm,1.0,16,1.0,32,0,18.07109999936074
transition_first,1.0,16,1.0,32,1,11.80390000808984
transition_warm,1.0,16,1.0,32,1,11.700999981258065
transition_first,1.0,16,1.0,32,2,10.477299976628274
transition_warm,1.0,16,1.0,32,2,9.087399987038225
transition_first,1.0,16,1.0,32,3,11.1192999756895
transition_warm,1.0,16,1.0,32,3,12.372099969070405
transition_first,1.0,16,1.0,32,4,9.11029998678714
transition_warm,1.0,16,1.0,32,4,11.028699984308332
transition_first,1.0,16,1.0,32,5,11.316800024360418
transition_warm,1.0,16,1.0,32,5,9.869699948467314
transition_first,1.0,16,1.0,32,6,12.195900024380535
transition_warm,1.0,16,1.0,32,6,11.289099988061935
transition_first,1.0,16,1.0,32,7,11.253399949055165
transition_warm,1.0,16,1.0,32,7,10.293500032275915
transition_first,1.0,16,1.0,32,8,11.610399989876896
transition_warm,1.0,16,1.0,32,8,10.12659998377785
transition_first,1.0,16,1.0,32,9,11.818999948445708
transition_warm,1.0,16,1.0,32,9,11.770199984312057
transition_first,0.75,4,1.0,4,0,34.021299972664565
transition_warm,0.75,4,1.0,4,0,35.22179997526109
transition_first,0.75,4,1.0,4,1,34.772699989844114
transition_warm,0.75,4,1.0,4,1,46.217900002375245
transition_first,0.75,4,1.0,4,2,33.99210004135966
transition_warm,0.75,4,1.0,4,2,31.88690001843497
transition_first,0.75,4,1.0,4,3,33.88320002704859
transition_warm,0.75,4,1.0,4,3,38.68890000740066
transition_first,0.75,4,1.0,4,4,39.02969998307526
transition_warm,0.75,4,1.0,4,4,35.94909998355433
transition_first,0.75,4,1.0,4,5,33.470199967268854
transition_warm,0.75,4,1.0,4,5,35.90169997187331
transition_first,0.75,4,1.0,4,6,33.396199985872954
transition_warm,0.75,4,1.0,4,6,39.1984999878332
transition_first,0.75,4,1.0,4,7,38.63989998353645
transition_warm,0.75,4,1.0,4,7,46.95779999019578
transition_first,0.75,4,1.0,4,8,33.499899960588664
transition_warm,0.75,4,1.0,4,8,34.817399980966
transition_first,0.75,4,1.0,4,9,37.0456000091508
transition_warm,0.75,4,1.0,4,9,43.51619997760281
transition_first,0.75,32,0.25,8,0,51.038999983575195
transition_warm,0.75,32,0.25,8,0,40.45069997664541
transition_first,0.75,32,0.25,8,1,41.189500014297664
transition_warm,0.75,32,0.25,8,1,32.2619000216946
transition_first,0.75,32,0.25,8,2,37.24490001332015
transition_warm,0.75,32,0.25,8,2,31.88140003476292
transition_first,0.75,32,0.25,8,3,28.8425000035204
transition_warm,0.75,32,0.25,8,3,31.616299995221198
transition_first,0.75,32,0.25,8,4,34.199099987745285
transition_warm,0.75,32,0.25,8,4,31.29170002648607
transition_first,0.75,32,0.25,8,5,33.37279998231679
transition_warm,0.75,32,0.25,8,5,36.41959995729849
transition_first,0.75,32,0.25,8,6,35.10659997118637
transition_warm,0.75,32,0.25,8,6,35.58660001726821
transition_first,0.75,32,0.25,8,7,45.50800001015887
transition_warm,0.75,32,0.25,8,7,35.26669996790588
transition_first,0.75,32,0.25,8,8,28.89120002510026
transition_warm,0.75,32,0.25,8,8,30.330900044646114
transition_first,0.75,32,0.25,8,9,29.553200001828372
transition_warm,0.75,32,0.25,8,9,34.0427000191994
transition_first,1.0,32,0.5,16,0,38.37369999382645
transition_warm,1.0,32,0.5,16,0,37.85820002667606
transition_first,1.0,32,0.5,16,1,34.41739996196702
transition_warm,1.0,32,0.5,16,1,29.22940003918484
transition_first,1.0,32,0.5,16,2,30.352999980095774
transition_warm,1.0,32,0.5,16,2,33.308799960650504
transition_first,1.0,32,0.5,16,3,40.97520001232624
transition_warm,1.0,32,0.5,16,3,28.67790003074333
transition_first,1.0,32,0.5,16,4,32.82230003969744
transition_warm,1.0,32,0.5,16,4,31.189800007268786
transition_first,1.0,32,0.5,16,5,28.452200000174344
transition_warm,1.0,32,0.5,16,5,36.65980004006997
transition_first,1.0,32,0.5,16,6,37.64649998629466
transition_warm,1.0,32,0.5,16,6,33.81870000157505
transition_first,1.0,32,0.5,16,7,35.63100000610575
transition_warm,1.0,32,0.5,16,7,36.59149998566136
transition_first,1.0,32,0.5,16,8,34.1169000021182
transition_warm,1.0,32,0.5,16,8,36.74559999490157
transition_first,1.0,32,0.5,16,9,34.26190000027418
transition_warm,1.0,32,0.5,16,9,30.980599985923618
transition_first,0.75,16,0.5,8,0,32.96610002871603
transition_warm,0.75,16,0.5,8,0,28.593899973202497
transition_first,0.75,16,0.5,8,1,30.462299997452646
transition_warm,0.75,16,0.5,8,1,29.445099993608892
transition_first,0.75,16,0.5,8,2,33.636300009675324
transition_warm,0.75,16,0.5,8,2,33.25159999076277
transition_first,0.75,16,0.5,8,3,31.468499975744635
transition_warm,0.75,16,0.5,8,3,37.67620003782213
transition_first,0.75,16,0.5,8,4,43.35310001624748
transition_warm,0.75,16,0.5,8,4,82.12809998076409
transition_first,0.75,16,0.5,8,5,38.42239995719865
transition_warm,0.75,16,0.5,8,5,34.250899974722415
transition_first,0.75,16,0.5,8,6,38.59680000459775
transition_warm,0.75,16,0.5,8,6,28.884800034575164
transition_first,0.75,16,0.5,8,7,29.573699983302504
transition_warm,0.75,16,0.5,8,7,30.139899987261742
transition_first,0.75,16,0.5,8,8,33.363399968948215
transition_warm,0.75,16,0.5,8,8,29.012200015131384
transition_first,0.75,16,0.5,8,9,42.95179998734966
transition_warm,0.75,16,0.5,8,9,34.129299980122596
transition_first,1.0,8,0.5,32,0,10.48369996715337
transition_warm,1.0,8,0.5,32,0,11.080700031016022
transition_first,1.0,8,0.5,32,1,13.057200005277991
transition_warm,1.0,8,0.5,32,1,11.798899970017374
transition_first,1.0,8,0.5,32,2,12.175100040622056
transition_warm,1.0,8,0.5,32,2,12.360799999441952
transition_first,1.0,8,0.5,32,3,14.063999988138676
transition_warm,1.0,8,0.5,32,3,12.991800031159073
transition_first,1.0,8,0.5,32,4,14.487800013739616
transition_warm,1.0,8,0.5,32,4,18.548300024122
transition_first,1.0,8,0.5,32,5,12.061899993568659
transition_warm,1.0,8,0.5,32,5,14.234100002795458
transition_first,1.0,8,0.5,32,6,11.61290000891313
transition_warm,1.0,8,0.5,32,6,11.250400042627007
transition_first,1.0,8,0.5,32,7,11.277300014626235
transition_warm,1.0,8,0.5,32,7,10.794700006954372
transition_first,1.0,8,0.5,32,8,10.587400000076741
transition_warm,1.0,8,0.5,32,8,12.455400021281093
transition_first,1.0,8,0.5,32,9,11.70630002161488
transition_warm,1.0,8,0.5,32,9,11.02320000063628
transition_first,0.5,16,0.75,16,0,37.94089995790273
transition_warm,0.5,16,0.75,16,0,32.28520002448931
transition_first,0.5,16,0.75,16,1,31.76829998847097
transition_warm,0.5,16,0.75,16,1,39.92899996228516
transition_first,0.5,16,0.75,16,2,35.61510000145063
transition_warm,0.5,16,0.75,16,2,35.2596000302583
transition_first,0.5,16,0.75,16,3,36.43530001863837
transition_warm,0.5,16,0.75,16,3,37.4238999793306
transition_first,0.5,16,0.75,16,4,38.762599986512214
transition_warm,0.5,16,0.75,16,4,39.73079996649176
transition_first,0.5,16,0.75,16,5,29.793100024107844
transition_warm,0.5,16,0.75,16,5,30.370799999218434
transition_first,0.5,16,0.75,16,6,33.89009996317327
transition_warm,0.5,16,0.75,16,6,36.916399956680834
transition_first,0.5,16,0.75,16,7,31.699999992270023
transition_warm,0.5,16,0.75,16,7,39.958200010005385
transition_first,0.5,16,0.75,16,8,40.15700001036748
transition_warm,0.5,16,0.75,16,8,33.24750001775101
transition_first,0.5,16,0.75,16,9,32.29629999259487
transition_warm,0.5,16,0.75,16,9,30.385399993974715
transition_first,0.25,8,0.5,16,0,29.44559999741614
transition_warm,0.25,8,0.5,16,0,56.32649996550754
transition_first,0.25,8,0.5,16,1,45.32090004067868
transition_warm,0.25,8,0.5,16,1,42.88090002955869
transition_first,0.25,8,0.5,16,2,29.05129996361211
transition_warm,0.25,8,0.5,16,2,30.602200014982373
transition_first,0.25,8,0.5,16,3,58.205700013786554
transition_warm,0.25,8,0.5,16,3,42.21629997482523
transition_first,0.25,8,0.5,16,4,36.2580000073649
transition_warm,0.25,8,0.5,16,4,31.13459999440238
transition_first,0.25,8,0.5,16,5,36.43530001863837
transition_warm,0.25,8,0.5,16,5,33.56579999672249
transition_first,0.25,8,0.5,16,6,35.32239998457953
transition_warm,0.25,8,0.5,16,6,47.28360002627596
transition_first,0.25,8,0.5,16,7,34.78990000439808
transition_warm,0.25,8,0.5,16,7,36.5046999650076
transition_first,0.25,8,0.5,16,8,33.22800004389137
transition_warm,0.25,8,0.5,16,8,30.625400017015636
transition_first,0.25,8,0.5,16,9,48.148399975616485
transition_warm,0.25,8,0.5,16,9,32.40740002365783
transition_first,0.5,32,0.75,8,0,30.86299996357411
transition_warm,0.5,32,0.75,8,0,31.83819999685511
transition_first,0.5,32,0.75,8,1,45.97090004244819
transition_warm,0.5,32,0.75,8,1,37.487100053112954
transition_first,0.5,32,0.75,8,2,28.952599968761206
transition_warm,0.5,32,0.75,8,2,32.23630000138655
transition_first,0.5,32,0.75,8,3,32.4665000080131
transition_warm,0.5,32,0.75,8,3,33.86009996756911
transition_first,0.5,32,0.75,8,4,39.07439997419715
transition_warm,0.5,32,0.75,8,4,31.176200020127
transition_first,0.5,32,0.75,8,5,30.48549999948591
transition_warm,0.5,32,0.75,8,5,35.6799999717623
transition_first,0.5,32,0.75,8,6,37.06840000813827
transition_warm,0.5,32,0.75,8,6,29.031299985945225
transition_first,0.5,32,0.75,8,7,30.342499958351254
transition_warm,0.5,32,0.75,8,7,33.49890001118183
transition_first,0.5,32,0.75,8,8,32.61720004957169
transition_warm,0.5,32,0.75,8,8,29.222499986644834
transition_first,0.5,32,0.75,8,9,32.385600032284856
transition_warm,0.5,32,0.75,8,9,42.35920001519844
transition_first,0.25,8,0.25,4,0,28.373299981467426
transition_warm,0.25,8,0.25,4,0,29.34790001017973
transition_first,0.25,8,0.25,4,1,36.99980000965297
transition_warm,0.25,8,0.25,4,1,37.45990002062172
transition_first,0.25,8,0.25,4,2,47.27609996916726
transition_warm,0.25,8,0.25,4,2,36.117899988312274
transition_first,0.25,8,0.25,4,3,36.25229996396229
transition_warm,0.25,8,0.25,4,3,29.716300021391362
transition_first,0.25,8,0.25,4,4,28.979399998206645
transition_warm,0.25,8,0.25,4,4,38.05800003465265
transition_first,0.25,8,0.25,4,5,30.6426000315696
transition_warm,0.25,8,0.25,4,5,30.947100021876395
transition_first,0.25,8,0.25,4,6,31.71100001782179
transition_warm,0.25,8,0.25,4,6,33.90330000547692
transition_first,0.25,8,0.25,4,7,27.536199952010065
transition_warm,0.25,8,0.25,4,7,32.004799984861165
transition_first,0.25,8,0.25,4,8,41.3266999530606
transition_warm,0.25,8,0.25,4,8,31.84979996876791
transition_first,0.25,8,0.25,4,9,36.68320004362613
transition_warm,0.25,8,0.25,4,9,31.477399985305965
transition_first,0.25,4,1.0,8,0,41.615900001488626
transition_warm,0.25,4,1.0,8,0,49.42619998473674
transition_first,0.25,4,1.0,8,1,40.756699978373945
transition_warm,0.25,4,1.0,8,1,33.56710000662133
transition_first,0.25,4,1.0,8,2,31.411899952217937
transition_warm,0.25,4,1.0,8,2,33.4654999896884
transition_first,0.25,4,1.0,8,3,33.564899989869446
transition_warm,0.25,4,1.0,8,3,36.08489996986464
transition_first,0.25,4,1.0,8,4,40.52889999002218
transition_warm,0.25,4,1.0,8,4,36.651199974585325
transition_first,0.25,4,1.0,8,5,34.84759997809306
transition_warm,0.25,4,1.0,8,5,37.15889999875799
transition_first,0.25,4,1.0,8,6,42.78379998868331
transition_warm,0.25,4,1.0,8,6,33.31719996640459
transition_first,0.25,4,1.0,8,7,31.086599978152663
transition_warm,0.25,4,1.0,8,7,36.451300024054945
transition_first,0.25,4,1.0,8,8,33.94049999769777
transition_warm,0.25,4,1.0,8,8,35.54389998316765
transition_first,0.25,4,1.0,8,9,34.05649994965643
transition_warm,0.25,4,1.0,8,9,36.4382000407204
transition_first,0.25,4,0.5,4,0,30.20410001045093
transition_warm,0.25,4,0.5,4,0,27.88250002777204
transition_first,0.25,4,0.5,4,1,29.05559999635443
transition_warm,0.25,4,0.5,4,1,30.40240000700578
transition_first,0.25,4,0.5,4,2,36.07600001851097
transition_warm,0.25,4,0.5,4,2,28.484700014814734
transition_first,0.25,4,0.5,4,3,42.68469999078661
transition_warm,0.25,4,0.5,4,3,33.899999980349094
transition_first,0.25,4,0.5,4,4,30.588599969632924
transition_warm,0.25,4,0.5,4,4,29.467899992596358
transition_first,0.25,4,0.5,4,5,34.49489997001365
transition_warm,0.25,4,0.5,4,5,27.841100003570318
transition_first,0.25,4,0.5,4,6,31.699999992270023
transition_warm,0.25,4,0.5,4,6,29.425000015180558
transition_first,0.25,4,0.5,4,7,30.873999989125878
transition_warm,0.25,4,0.5,4,7,47.69990005297586
transition_first,0.25,4,0.5,4,8,36.156499991193414
transition_warm,0.25,4,0.5,4,8,30.081700009759516
transition_first,0.25,4,0.5,4,9,31.63390001282096
transition_warm,0.25,4,0.5,4,9,30.02760000526905
transition_first,1.0,8,0.25,32,0,10.367199953179806
transition_warm,1.0,8,0.25,32,0,10.817399946972728
transition_first,1.0,8,0.25,32,1,10.83929999731481
transition_warm,1.0,8,0.25,32,1,12.366700044367462
transition_first,1.0,8,0.25,32,2,15.802000008989125
transition_warm,1.0,8,0.25,32,2,15.835000027436763
transition_first,1.0,8,0.25,32,3,13.372700021136552
transition_warm,1.0,8,0.25,32,3,13.19209998473525
transition_first,1.0,8,0.25,32,4,12.852800020482391
transition_warm,1.0,8,0.25,32,4,8.96820001071319
transition_first,1.0,8,0.25,32,5,14.4824999733828
transition_warm,1.0,8,0.25,32,5,10.738199984189123
transition_first,1.0,8,0.25,32,6,11.174800049047917
transition_warm,1.0,8,0.25,32,6,12.787499988917261
transition_first,1.0,8,0.25,32,7,12.689700000919402
transition_warm,1.0,8,0.25,32,7,14.312699961010367
transition_first,1.0,8,0.25,32,8,11.626799998339266
transition_warm,1.0,8,0.25,32,8,9.726500022225082
transition_first,1.0,8,0.25,32,9,16.61310001509264
transition_warm,1.0,8,0.25,32,9,13.249500014353544
transition_first,0.5,16,0.75,8,0,35.84929998032749
transition_warm,0.5,16,0.75,8,0,28.476999956183136
transition_first,0.5,16,0.75,8,1,35.80909996526316
transition_warm,0.5,16,0.75,8,1,30.592800001613796
transition_first,0.5,16,0.75,8,2,29.844700009562075
transition_warm,0.5,16,0.75,8,2,40.54949997225776
transition_first,0.5,16,0.75,8,3,34.43800000241026
transition_warm,0.5,16,0.75,8,3,30.50920000532642
transition_first,0.5,16,0.75,8,4,40.169899992179126
transition_warm,0.5,16,0.75,8,4,33.727900008670986
transition_first,0.5,16,0.75,8,5,30.302500003017485
transition_warm,0.5,16,0.75,8,5,31.605099968146533
transition_first,0.5,16,0.75,8,6,28.224100009538233
transition_warm,0.5,16,0.75,8,6,33.464099979028106
transition_first,0.5,16,0.75,8,7,35.3527000406757
transition_warm,0.5,16,0.75,8,7,32.422800024505705
transition_first,0.5,16,0.75,8,8,34.55889999167994
transition_warm,0.5,16,0.75,8,8,29.502100020181388
transition_first,0.5,16,0.75,8,9,33.34470000118017
transition_warm,0.5,16,0.75,8,9,31.499399978201836
transition_first,0.25,16,0.75,32,0,12.485900020692497
transition_warm,0.25,16,0.75,32,0,17.296899983193725
transition_first,0.25,16,0.75,32,1,10.964500019326806
transition_warm,0.25,16,0.75,32,1,9.801299951504916
transition_first,0.25,16,0.75,32,2,12.427200039383024
transition_warm,0.25,16,0.75,32,2,11.37859997106716
transition_first,0.25,16,0.75,32,3,11.21719996444881
transition_warm,0.25,16,0.75,32,3,13.108799990732223
transition_first,0.25,16,0.75,32,4,12.768999964464456
transition_warm,0.25,16,0.75,32,4,12.097399972844869
transition_first,0.25,16,0.75,32,5,13.452200044412166
transition_warm,0.25,16,0.75,32,5,14.251999964471906
transition_first,0.25,16,0.75,32,6,10.478399985004216
transition_warm,0.25,16,0.75,32,6,10.988900030497462
transition_first,0.25,16,0.75,32,7,11.252600001171231
transition_warm,0.25,16,0.75,32,7,10.727699962444603
transition_first,0.25,16,0.75,32,8,11.40240003587678
transition_warm,0.25,16,0.75,32,8,12.211599969305098
transition_first,0.25,16,0.75,32,9,9.950699983164668
transition_warm,0.25,16,0.75,32,9,9.899299999233335
transition_first,1.0,8,0.5,4,0,30.53869999712333
transition_warm,1.0,8,0.5,4,0,32.665700011420995
transition_first,1.0,8,0.5,4,1,40.418900025542825
transition_warm,1.0,8,0.5,4,1,37.04460000153631
transition_first,1.0,8,0.5,4,2,31.62029996747151
transition_warm,1.0,8,0.5,4,2,37.47250000014901
transition_first,1.0,8,0.5,4,3,32.97480003675446
transition_warm,1.0,8,0.5,4,3,32.43409999413416
transition_first,1.0,8,0.5,4,4,32.23850001813844
transition_warm,1.0,8,0.5,4,4,42.33890003524721
transition_first,1.0,8,0.5,4,5,33.62540004309267
transition_warm,1.0,8,0.5,4,5,26.676699984818697
transition_first,1.0,8,0.5,4,6,41.513799980748445
transition_warm,1.0,8,0.5,4,6,30.696399975568056
transition_first,1.0,8,0.5,4,7,30.43390001403168
transition_warm,1.0,8,0.5,4,7,31.344200018793344
transition_first,1.0,8,0.5,4,8,48.952899989672005
transition_warm,1.0,8,0.5,4,8,34.982900018803775
transition_first,1.0,8,0.5,4,9,30.185600044205785
transition_warm,1.0,8,0.5,4,9,29.982500011101365
transition_first,0.75,8,0.25,32,0,11.992599989753217
transition_warm,0.75,8,0.25,32,0,13.083099969662726
transition_first,0.75,8,0.25,32,1,8.971900038886815
transition_warm,0.75,8,0.25,32,1,9.573800023645163
transition_first,0.75,8,0.25,32,2,43.28660003375262
transition_warm,0.75,8,0.25,32,2,20.76640003360808
transition_first,0.75,8,0.25,32,3,13.105699967127293
transition_warm,0.75,8,0.25,32,3,12.031499994918704
transition_first,0.75,8,0.25,32,4,15.001399966422468
transition_warm,0.75,8,0.25,32,4,11.219999985769391
transition_first,0.75,8,0.25,32,5,12.658499996177852
transition_warm,0.75,8,0.25,32,5,13.210200006142259
transition_first,0.75,8,0.25,32,6,9.82750003458932
transition_warm,0.75,8,0.25,32,6,11.94170000962913
transition_first,0.75,8,0.25,32,7,10.637999977916479
transition_warm,0.75,8,0.25,32,7,9.399100032169372
transition_first,0.75,8,0.25,32,8,9.239399980287999
transition_warm,0.75,8,0.25,32,8,11.382800003048033
transition_first,0.75,8,0.25,32,9,11.4853999693878
transition_warm,0.75,8,0.25,32,9,10.293700033798814
transition_first,0.5,8,1.0,32,0,10.569899983238429
transition_warm,0.5,8,1.0,32,0,11.51650003157556
transition_first,0.5,8,1.0,32,1,11.147299956064671
transition_warm,0.5,8,1.0,32,1,11.592500028200448
transition_first,0.5,8,1.0,32,2,9.78289998602122
transition_warm,0.5,8,1.0,32,2,10.221200005616993
transition_first,0.5,8,1.0,32,3,10.555899993050843
transition_warm,0.5,8,1.0,32,3,17.773900006432086
transition_first,0.5,8,1.0,32,4,10.156099975574762
transition_warm,0.5,8,1.0,32,4,10.925200011115521
transition_first,0.5,8,1.0,32,5,12.437199999112636
transition_warm,0.5,8,1.0,32,5,11.721800023224205
transition_first,0.5,8,1.0,32,6,11.336099996697158
transition_warm,0.5,8,1.0,32,6,9.849399968516082
transition_first,0.5,8,1.0,32,7,11.837599973659962
transition_warm,0.5,8,1.0,32,7,9.850200032815337
transition_first,0.5,8,1.0,32,8,10.53859997773543
transition_warm,0.5,8,1.0,32,8,9.900400007609278
transition_first,0.5,8,1.0,32,9,11.164099967572838
transition_warm,0.5,8,1.0,32,9,11.319999990519136
transition_first,0.25,32,1.0,16,0,44.370299961883575
transition_warm,0.25,32,1.0,16,0,47.49169998103753
transition_first,0.25,32,1.0,16,1,32.73720003198832
transition_warm,0.25,32,1.0,16,1,33.301399962510914
transition_first,0.25,32,1.0,16,2,36.621399980504066
transition_warm,0.25,32,1.0,16,2,34.75230000913143
transition_first,0.25,32,1.0,16,3,34.757599991280586
transition_warm,0.25,32,1.0,16,3,31.468700035475194
transition_first,0.25,32,1.0,16,4,34.30850000586361
transition_warm,0.25,32,1.0,16,4,32.606299966573715
transition_first,0.25,32,1.0,16,5,33.2230000058189
transition_warm,0.25,32,1.0,16,5,31.986100017093122
transition_first,0.25,32,1.0,16,6,33.410899981390685
transition_warm,0.25,32,1.0,16,6,49.03930000727996
transition_first,0.25,32,1.0,16,7,45.17289996147156
transition_warm,0.25,32,1.0,16,7,44.50899997027591
transition_first,0.25,32,1.0,16,8,35.67960002692416
transition_warm,0.25,32,1.0,16,8,38.42270001769066
transition_first,0.25,32,1.0,16,9,34.640900033991784
transition_warm,0.25,32,1.0,16,9,32.23980002803728
transition_first,0.25,16,0.75,8,0,33.124999958090484
transition_warm,0.25,16,0.75,8,0,33.97150000091642
transition_first,0.25,16,0.75,8,1,30.893300019670278
transition_warm,0.25,16,0.75,8,1,33.79079996375367
transition_first,0.25,16,0.75,8,2,34.960900025907904
transition_warm,0.25,16,0.75,8,2,34.951900015585124
transition_first,0.25,16,0.75,8,3,35.532400012016296
transition_warm,0.25,16,0.75,8,3,29.66149995336309
transition_first,0.25,16,0.75,8,4,29.354099999181926
transition_warm,0.25,16,0.75,8,4,34.26649997709319
transition_first,0.25,16,0.75,8,5,32.58629998890683
transition_warm,0.25,16,0.75,8,5,34.2839999939315
transition_first,0.25,16,0.75,8,6,27.71660004509613
transition_warm,0.25,16,0.75,8,6,30.357499956153333
transition_first,0.25,16,0.75,8,7,31.000300019513816
transition_warm,0.25,16,0.75,8,7,35.283600038383156
transition_first,0.25,16,0.75,8,8,31.204600003547966
transition_warm,0.25,16,0.75,8,8,31.973499979358166
transition_first,0.25,16,0.75,8,9,29.987299989443272
transition_warm,0.25,16,0.75,8,9,32.34139998676255
transition_first,1.0,32,1.0,4,0,38.035099976696074
transition_warm,1.0,32,1.0,4,0,41.13259998848662
transition_first,1.0,32,1.0,4,1,42.982000042684376
transition_warm,1.0,32,1.0,4,1,33.73170003760606
transition_first,1.0,32,1.0,4,2,38.504800002556294
transition_warm,1.0,32,1.0,4,2,36.617000005207956
transition_first,1.0,32,1.0,4,3,34.48269999353215
transition_warm,1.0,32,1.0,4,3,39.18449999764562
transition_first,1.0,32,1.0,4,4,37.51290001673624
transition_warm,1.0,32,1.0,4,4,46.56229994725436
transition_first,1.0,32,1.0,4,5,39.011500019114465
transition_warm,1.0,32,1.0,4,5,34.883699961937964
transition_first,1.0,32,1.0,4,6,31.366000010166317
transition_warm,1.0,32,1.0,4,6,39.12460000719875
transition_first,1.0,32,1.0,4,7,38.10069995233789
transition_warm,1.0,32,1.0,4,7,38.92959997756407
transition_first,1.0,32,1.0,4,8,49.6743000112474
transition_warm,1.0,32,1.0,4,8,47.795900027267635
transition_first,1.0,32,1.0,4,9,38.54290000163019
transition_warm,1.0,32,1.0,4,9,36.93540004314855
transition_first,0.5,8,0.25,16,0,33.033300016541034
transition_warm,0.5,8,0.25,16,0,30.79089999664575
transition_first,0.5,8,0.25,16,1,33.394399972166866
transition_warm,0.5,8,0.25,16,1,45.49910000059754
transition_first,0.5,8,0.25,16,2,31.487500004004687
transition_warm,0.5,8,0.25,16,2,36.14700003527105
transition_first,0.5,8,0.25,16,3,30.46039998298511
transition_warm,0.5,8,0.25,16,3,38.21059997426346
transition_first,0.5,8,0.25,16,4,29.912900005001575
transition_warm,0.5,8,0.25,16,4,31.935100036207587
transition_first,0.5,8,0.25,16,5,45.017700002063066
transition_warm,0.5,8,0.25,16,5,30.604800034780055
transition_first,0.5,8,0.25,16,6,32.0443999953568
transition_warm,0.5,8,0.25,16,6,35.547400009818375
transition_first,0.5,8,0.25,16,7,29.589799989480525
transition_warm,0.5,8,0.25,16,7,28.77299999818206
transition_first,0.5,8,0.25,16,8,29.890700010582805
transition_warm,0.5,8,0.25,16,8,29.295400017872453
transition_first,0.5,8,0.25,16,9,35.60489998199046
transition_warm,0.5,8,0.25,16,9,39.64209998957813
transition_first,1.0,32,0.75,8,0,30.754000006709248
transition_warm,1.0,32,0.75,8,0,48.438699974212795
transition_first,1.0,32,0.75,8,1,30.962199962232262
transition_warm,1.0,32,0.75,8,1,31.19400003924966
transition_first,1.0,32,0.75,8,2,33.3789000287652
transition_warm,1.0,32,0.75,8,2,34.41279998514801
transition_first,1.0,32,0.75,8,3,34.9242000374943
transition_warm,1.0,32,0.75,8,3,31.281600007787347
transition_first,1.0,32,0.75,8,4,32.2930000256747
transition_warm,1.0,32,0.75,8,4,29.480300028808415
transition_first,1.0,32,0.75,8,5,32.182599999941885
transition_warm,1.0,32,0.75,8,5,31.354200036730617
transition_first,1.0,32,0.75,8,6,40.50840000854805
transition_warm,1.0,32,0.75,8,6,35.27089999988675
transition_first,1.0,32,0.75,8,7,30.705500044859946
transition_warm,1.0,32,0.75,8,7,51.474799984134734
transition_first,1.0,32,0.75,8,8,47.785399947315454
transition_warm,1.0,32,0.75,8,8,33.194700023159385
transition_first,1.0,32,0.75,8,9,29.569600010290742
transition_warm,1.0,32,0.75,8,9,37.417099985759705
transition_first,0.75,32,0.5,8,0,33.450900053139776
transition_warm,0.75,32,0.5,8,0,40.95709999091923
transition_first,0.75,32,0.5,8,1,36.33900004206225
transition_warm,0.75,32,0.5,8,1,37.657300010323524
transition_first,0.75,32,0.5,8,2,41.232499992474914
transition_warm,0.75,32,0.5,8,2,34.602400031872094
transition_first,0.75,32,0.5,8,3,38.19130000192672
transition_warm,0.75,32,0.5,8,3,26.02419996401295
transition_first,0.75,32,0.5,8,4,28.363600024022162
transition_warm,0.75,32,0.5,8,4,27.64669997850433
transition_first,0.75,32,0.5,8,5,30.31960001681
transition_warm,0.75,32,0.5,8,5,34.7184999845922
transition_first,0.75,32,0.5,8,6,43.15219999989495
transition_warm,0.75,32,0.5,8,6,28.143299976363778
transition_first,0.75,32,0.5,8,7,35.82920000189915
transition_warm,0.75,32,0.5,8,7,39.753900025971234
transition_first,0.75,32,0.5,8,8,48.264200042467564
transition_warm,0.75,32,0.5,8,8,39.47399999015033
transition_first,0.75,32,0.5,8,9,34.39789998810738
transition_warm,0.75,32,0.5,8,9,32.8012999962084
transition_first,0.25,16,0.5,4,0,27.817399997729808
transition_warm,0.25,16,0.5,4,0,28.04380003362894
transition_first,0.25,16,0.5,4,1,29.581600043457
transition_warm,0.25,16,0.5,4,1,32.39369997754693
transition_first,0.25,16,0.5,4,2,30.325100000482053
transition_warm,0.25,16,0.5,4,2,30.5106999585405
transition_first,0.25,16,0.5,4,3,33.2409999682568
transition_warm,0.25,16,0.5,4,3,32.03659999417141
transition_first,0.25,16,0.5,4,4,34.30050000315532
transition_warm,0.25,16,0.5,4,4,34.129600040614605
transition_first,0.25,16,0.5,4,5,33.27359998365864
transition_warm,0.25,16,0.5,4,5,34.704499994404614
transition_first,0.25,16,0.5,4,6,27.361300017219037
transition_warm,0.25,16,0.5,4,6,32.09569997852668
transition_first,0.25,16,0.5,4,7,29.307099990546703
transition_warm,0.25,16,0.5,4,7,32.594800053630024
transition_first,0.25,16,0.5,4,8,45.804599998518825
transition_warm,0.25,16,0.5,4,8,30.15519998734817
transition_first,0.25,16,0.5,4,9,35.08729999884963
transition_warm,0.25,16,0.5,4,9,29.049000004306436
transition_first,0.75,4,1.0,8,0,35.70070001296699
transition_warm,0.75,4,1.0,8,0,35.86029994767159
transition_first,0.75,4,1.0,8,1,41.83639999246225
transition_warm,0.75,4,1.0,8,1,44.456399977207184
transition_first,0.75,4,1.0,8,2,37.4232999747619
transition_warm,0.75,4,1.0,8,2,37.86440001567826
transition_first,0.75,4,1.0,8,3,33.50249998038635
transition_warm,0.75,4,1.0,8,3,43.819100013934076
transition_first,0.75,4,1.0,8,4,36.05930000776425
transition_warm,0.75,4,1.0,8,4,33.950200013350695
transition_first,0.75,4,1.0,8,5,37.51009999541566
transition_warm,0.75,4,1.0,8,5,36.13680001581088
transition_first,0.75,4,1.0,8,6,38.56780001660809
transition_warm,0.75,4,1.0,8,6,34.71550001995638
transition_first,0.75,4,1.0,8,7,51.37749999994412
transition_warm,0.75,4,1.0,8,7,36.90700000151992
transition_first,0.75,4,1.0,8,8,33.246300008613616
transition_warm,0.75,4,1.0,8,8,38.670499983709306
transition_first,0.75,4,1.0,8,9,43.26020000735298
transition_warm,0.75,4,1.0,8,9,45.213300036266446
transition_first,1.0,32,0.25,16,0,31.619300018064678
transition_warm,1.0,32,0.25,16,0,39.430700009688735
transition_first,1.0,32,0.25,16,1,34.15209997911006
transition_warm,1.0,32,0.25,16,1,34.74210004787892
transition_first,1.0,32,0.25,16,2,36.267700023017824
transition_warm,1.0,32,0.25,16,2,32.56439999677241
transition_first,1.0,32,0.25,16,3,29.567199992015958
transition_warm,1.0,32,0.25,16,3,29.511300032027066
transition_first,1.0,32,0.25,16,4,29.86180002335459
transition_warm,1.0,32,0.25,16,4,50.4190000356175
transition_first,1.0,32,0.25,16,5,46.769200009293854
transition_warm,1.0,32,0.25,16,5,33.94460002891719
transition_first,1.0,32,0.25,16,6,29.529399995226413
transition_warm,1.0,32,0.25,16,6,38.083799998275936
transition_first,1.0,32,0.25,16,7,39.531600021291524
transition_warm,1.0,32,0.25,16,7,33.03200000664219
transition_first,1.0,32,0.25,16,8,33.44550001202151
transition_warm,1.0,32,0.25,16,8,29.678999970201403
transition_first,1.0,32,0.25,16,9,43.96179999457672
transition_warm,1.0,32,0.25,16,9,36.214000021573156
transition_first,0.75,16,0.25,4,0,42.13380004512146
transition_warm,0.75,16,0.25,4,0,42.35160001553595
transition_first,0.75,16,0.25,4,1,34.48390000266954
transition_warm,0.75,16,0.25,4,1,37.83709998242557
transition_first,0.75,16,0.25,4,2,46.161900041624904
transition_warm,0.75,16,0.25,4,2,32.6770999818109
transition_first,0.75,16,0.25,4,3,43.814699980430305
transition_warm,0.75,16,0.25,4,3,39.592099958099425
transition_first,0.75,16,0.25,4,4,33.520500001031905
transition_warm,0.75,16,0.25,4,4,32.105599995702505
transition_first,0.75,16,0.25,4,5,30.640100012533367
transition_warm,0.75,16,0.25,4,5,33.93279999727383
transition_first,0.75,16,0.25,4,6,28.123099997173995
transition_warm,0.75,16,0.25,4,6,33.33649999694899
transition_first,0.75,16,0.25,4,7,37.34779998194426
transition_warm,0.75,16,0.25,4,7,33.6086000315845
transition_first,0.75,16,0.25,4,8,31.678800005465746
transition_warm,0.75,16,0.25,4,8,31.428800022695214
transition_first,0.75,16,0.25,4,9,30.522799992468208
transition_warm,0.75,16,0.25,4,9,29.24230002099648
transition_first,0.5,4,0.5,16,0,30.847900023218244
transition_warm,0.5,4,0.5,16,0,31.007999961730093
transition_first,0.5,4,0.5,16,1,36.584299989044666
transition_warm,0.5,4,0.5,16,1,28.943499957676977
transition_first,0.5,4,0.5,16,2,31.500999990385026
transition_warm,0.5,4,0.5,16,2,31.390100019052625
transition_first,0.5,4,0.5,16,3,26.33100003004074
transition_warm,0.5,4,0.5,16,3,29.060499975457788
transition_first,0.5,4,0.5,16,4,35.10919999098405
transition_warm,0.5,4,0.5,16,4,45.35039997426793
transition_first,0.5,4,0.5,16,5,29.745600011665374
transition_warm,0.5,4,0.5,16,5,29.624000017065555
transition_first,0.5,4,0.5,16,6,32.37420000368729
transition_warm,0.5,4,0.5,16,6,37.083900009747595
transition_first,0.5,4,0.5,16,7,41.7369999922812
transition_warm,0.5,4,0.5,16,7,34.27639999426901
transition_first,0.5,4,0.5,16,8,32.26370003540069
transition_warm,0.5,4,0.5,16,8,27.773300011176616
transition_first,0.5,4,0.5,16,9,35.3762999875471
transition_warm,0.5,4,0.5,16,9,37.882400036323816
transition_first,1.0,16,0.5,8,0,31.179699988570064
transition_warm,1.0,16,0.5,8,0,38.06789999362081
transition_first,1.0,16,0.5,8,1,29.07190000405535
transition_warm,1.0,16,0.5,8,1,38.396499992813915
transition_first,1.0,16,0.5,8,2,30.46049998374656
transition_warm,1.0,16,0.5,8,2,31.916400010231882
transition_first,1.0,16,0.5,8,3,39.91039999527857
transition_warm,1.0,16,0.5,8,3,33.812199952080846
transition_first,1.0,16,0.5,8,4,30.29289998812601
transition_warm,1.0,16,0.5,8,4,38.983400037977844
transition_first,1.0,16,0.5,8,5,37.25210000993684
transition_warm,1.0,16,0.5,8,5,34.24040001118556
transition_first,1.0,16,0.5,8,6,32.45280002010986
transition_warm,1.0,16,0.5,8,6,31.80990001419559
transition_first,1.0,16,0.5,8,7,28.94629997899756
transition_warm,1.0,16,0.5,8,7,28.885699983220547
transition_first,1.0,16,0.5,8,8,46.24189995229244
transition_warm,1.0,16,0.5,8,8,31.481800018809736
transition_first,1.0,16,0.5,8,9,27.80820004409179
transition_warm,1.0,16,0.5,8,9,37.88900002837181
transition_first,0.75,8,0.5,32,0,13.508400006685406
transition_warm,0.75,8,0.5,32,0,10.56979998247698
transition_first,0.75,8,0.5,32,1,9.715899999719113
transition_warm,0.75,8,0.5,32,1,10.825799952726811
transition_first,0.75,8,0.5,32,2,12.492700014263391
transition_warm,0.75,8,0.5,32,2,10.24969998979941
transition_first,0.75,8,0.5,32,3,13.331800000742078
transition_warm,0.75,8,0.5,32,3,12.752000009641051
transition_first,0.75,8,0.5,32,4,12.082200031727552
transition_warm,0.75,8,0.5,32,4,10.32369997119531
transition_first,0.75,8,0.5,32,5,28.97570002824068
transition_warm,0.75,8,0.5,32,5,12.872399995103478
transition_first,0.75,8,0.5,32,6,11.933100002352148
transition_warm,0.75,8,0.5,32,6,10.258099995553493
transition_first,0.75,8,0.5,32,7,10.424100037198514
transition_warm,0.75,8,0.5,32,7,10.833800013642758
transition_first,0.75,8,0.5,32,8,10.25280001340434
transition_warm,0.75,8,0.5,32,8,10.316900035832077
transition_first,0.75,8,0.5,32,9,10.670299991033971
transition_warm,0.75,8,0.5,32,9,9.346300037577748
transition_first,0.25,32,0.75,32,0,12.248600018210709
transition_warm,0.25,32,0.75,32,0,12.624600029084831
transition_first,0.25,32,0.75,32,1,12.489099986851215
transition_warm,0.25,32,0.75,32,1,9.529099974315614
transition_first,0.25,32,0.75,32,2,20.86399996187538
transition_warm,0.25,32,0.75,32,2,14.964600035455078
transition_first,0.25,32,0.75,32,3,12.567099998705089
transition_warm,0.25,32,0.75,32,3,12.441299972124398
transition_first,0.25,32,0.75,32,4,18.74249998945743
transition_warm,0.25,32,0.75,32,4,13.222799985669553
transition_first,0.25,32,0.75,32,5,17.255400016438216
transition_warm,0.25,32,0.75,32,5,12.470099958591163
transition_first,0.25,32,0.75,32,6,11.841500003356487
transition_warm,0.25,32,0.75,32,6,9.271599992644042
transition_first,0.25,32,0.75,32,7,17.99229998141527
transition_warm,0.25,32,0.75,32,7,10.813499975483865
transition_first,0.25,32,0.75,32,8,14.581300027202815
transition_warm,0.25,32,0.75,32,8,15.463899995665997
transition_first,0.25,32,0.75,32,9,18.63870001398027
transition_warm,0.25,32,0.75,32,9,15.393099980428815
transition_first,0.75,4,0.5,32,0,11.700799979735166
transition_warm,0.75,4,0.5,32,0,12.140900013037026
transition_first,0.75,4,0.5,32,1,13.353100046515465
transition_warm,0.75,4,0.5,32,1,12.164300016593188
transition_first,0.75,4,0.5,32,2,14.898699999321252
transition_warm,0.75,4,0.5,32,2,18.7586999963969
transition_first,0.75,4,0.5,32,3,14.956700033508241
transition_warm,0.75,4,0.5,32,3,13.54169996920973
transition_first,0.75,4,0.5,32,4,14.373700018040836
transition_warm,0.75,4,0.5,32,4,12.341200024820864
transition_first,0.75,4,0.5,32,5,10.440099984407425
transition_warm,0.75,4,0.5,32,5,10.2453000145033
transition_first,0.75,4,0.5,32,6,12.169599998742342
transition_warm,0.75,4,0.5,32,6,10.73270000051707
transition_first,0.75,4,0.5,32,7,11.590899957809597
transition_warm,0.75,4,0.5,32,7,13.205999974161386
transition_first,0.75,4,0.5,32,8,14.201699988916516
transition_warm,0.75,4,0.5,32,8,17.66079996014014
transition_first,0.75,4,0.5,32,9,14.08850000007078
transition_warm,0.75,4,0.5,32,9,9.884099999908358
transition_first,0.25,16,0.25,4,0,38.49170001922175
transition_warm,0.25,16,0.25,4,0,47.267100017052144
transition_first,0.25,16,0.25,4,1,43.69349998887628
transition_warm,0.25,16,0.25,4,1,41.23050003545359
transition_first,0.25,16,0.25,4,2,48.975400044582784
transition_warm,0.25,16,0.25,4,2,45.73589999927208
transition_first,0.25,16,0.25,4,3,41.623400000389665
transition_warm,0.25,16,0.25,4,3,32.985900004860014
transition_first,0.25,16,0.25,4,4,35.99870001198724
transition_warm,0.25,16,0.25,4,4,29.13280000211671
transition_first,0.25,16,0.25,4,5,38.031899952329695
transition_warm,0.25,16,0.25,4,5,43.4125000028871
transition_first,0.25,16,0.25,4,6,36.55170003185049
transition_warm,0.25,16,0.25,4,6,42.420499958097935
transition_first,0.25,16,0.25,4,7,40.97420000471175
transition_warm,0.25,16,0.25,4,7,42.44489996926859
transition_first,0.25,16,0.25,4,8,46.18599999230355
transition_warm,0.25,16,0.25,4,8,44.25530001753941
transition_first,0.25,16,0.25,4,9,63.466800027526915
transition_warm,0.25,16,0.25,4,9,48.18959999829531
transition_first,0.75,32,1.0,16,0,45.78719998244196
transition_warm,0.75,32,1.0,16,0,40.60649999883026
transition_first,0.75,32,1.0,16,1,36.646599997766316
transition_warm,0.75,32,1.0,16,1,41.80289997020736
transition_first,0.75,32,1.0,16,2,38.5101999854669
transition_warm,0.75,32,1.0,16,2,40.25499999988824
transition_first,0.75,32,1.0,16,3,47.78459999943152
transition_warm,0.75,32,1.0,16,3,41.14270000718534
transition_first,0.75,32,1.0,16,4,43.47939998842776
transition_warm,0.75,32,1.0,16,4,49.539499974343926
transition_first,0.75,32,1.0,16,5,42.496000009123236
transition_warm,0.75,32,1.0,16,5,36.477799993008375
transition_first,0.75,32,1.0,16,6,47.19679994741455
transition_warm,0.75,32,1.0,16,6,48.84730000048876
transition_first,0.75,32,1.0,16,7,49.4689000188373
transition_warm,0.75,32,1.0,16,7,52.27260000538081
transition_first,0.75,32,1.0,16,8,45.03809998277575
transition_warm,0.75,32,1.0,16,8,40.24439997738227
transition_first,0.75,32,1.0,16,9,42.31920000165701
transition_warm,0.75,32,1.0,16,9,41.8301000026986
transition_first,0.25,4,0.75,32,0,12.966500013135374
transition_warm,0.25,4,0.75,32,0,18.68310000281781
transition_first,0.25,4,0.75,32,1,12.045699986629188
transition_warm,0.25,4,0.75,32,1,11.781500012148172
transition_first,0.25,4,0.75,32,2,13.133500004187226
transition_warm,0.25,4,0.75,32,2,12.588699988555163
transition_first,0.25,4,0.75,32,3,11.803600005805492
transition_warm,0.25,4,0.75,32,3,11.961599986534566
transition_first,0.25,4,0.75,32,4,12.111400021240115
transition_warm,0.25,4,0.75,32,4,12.237700051628053
transition_first,0.25,4,0.75,32,5,11.76989998202771
transition_warm,0.25,4,0.75,32,5,15.282500011380762
transition_first,0.25,4,0.75,32,6,14.320200018119067
transition_warm,0.25,4,0.75,32,6,11.253800010308623
transition_first,0.25,4,0.75,32,7,12.90909998351708
transition_warm,0.25,4,0.75,32,7,10.454899980686605
transition_first,0.25,4,0.75,32,8,10.71950001642108
transition_warm,0.25,4,0.75,32,8,12.559399998281151
transition_first,0.25,4,0.75,32,9,12.463999970350415
transition_warm,0.25,4,0.75,32,9,12.62920000590384
transition_first,0.5,8,0.75,16,0,33.40010001556948
transition_warm,0.5,8,0.75,16,0,32.98469999572262
transition_first,0.5,8,0.75,16,1,33.51400000974536
transition_warm,0.5,8,0.75,16,1,42.31129999971017
transition_first,0.5,8,0.75,16,2,28.022800048347563
transition_warm,0.5,8,0.75,16,2,36.73679998610169
transition_first,0.5,8,0.75,16,3,30.03810002701357
transition_warm,0.5,8,0.75,16,3,32.221300003584474
transition_first,0.5,8,0.75,16,4,40.633699973113835
transition_warm,0.5,8,0.75,16,4,35.01049999613315
transition_first,0.5,8,0.75,16,5,31.132399977650493
transition_warm,0.5,8,0.75,16,5,31.717600009869784
transition_first,0.5,8,0.75,16,6,30.688899976667017
transition_warm,0.5,8,0.75,16,6,39.36920000705868
transition_first,0.5,8,0.75,16,7,29.677700018510222
transition_warm,0.5,8,0.75,16,7,29.721700004301965
transition_first,0.5,8,0.75,16,8,49.68880000524223
transition_warm,0.5,8,0.75,16,8,33.49890001118183
transition_first,0.5,8,0.75,16,9,36.31240001413971
transition_warm,0.5,8,0.75,16,9,38.03899994818494
transition_first,0.75,16,0.25,16,0,37.27620001882315
transition_warm,0.75,16,0.25,16,0,34.40589999081567
transition_first,0.75,16,0.25,16,1,31.107099959626794
transition_warm,0.75,16,0.25,16,1,29.405899986159056
transition_first,0.75,16,0.25,16,2,33.49329996854067
transition_warm,0.75,16,0.25,16,2,43.64649998024106
transition_first,0.75,16,0.25,16,3,42.3381999717094
transition_warm,0.75,16,0.25,16,3,37.2510000015609
transition_first,0.75,16,0.25,16,4,38.159700052347034
transition_warm,0.75,16,0.25,16,4,33.33050000946969
transition_first,0.75,16,0.25,16,5,33.778399985749274
transition_warm,0.75,16,0.25,16,5,33.61820004647598
transition_first,0.75,16,0.25,16,6,30.703499971423298
transition_warm,0.75,16,0.25,16,6,31.280600000172853
transition_first,0.75,16,0.25,16,7,33.48600002937019
transition_warm,0.75,16,0.25,16,7,29.8661999986507
transition_first,0.75,16,0.25,16,8,34.76410004077479
transition_warm,0.75,16,0.25,16,8,28.715199965517968
transition_first,0.75,16,0.25,16,9,35.37200001301244
transition_warm,0.75,16,0.25,16,9,31.919199973344803
transition_first,0.75,4,1.0,32,0,11.87789998948574
transition_warm,0.75,4,1.0,32,0,11.797499959357083
transition_first,0.75,4,1.0,32,1,10.246299963910133
transition_warm,0.75,4,1.0,32,1,17.89360004477203
transition_first,0.75,4,1.0,32,2,9.778800013009459
transition_warm,0.75,4,1.0,32,2,10.991199989803135
transition_first,0.75,4,1.0,32,3,11.047800013329834
transition_warm,0.75,4,1.0,32,3,11.085000005550683
transition_first,0.75,4,1.0,32,4,15.135299996472895
transition_warm,0.75,4,1.0,32,4,9.97130002360791
transition_first,0.75,4,1.0,32,5,9.407900040969253
transition_warm,0.75,4,1.0,32,5,12.56860001012683
transition_first,0.75,4,1.0,32,6,11.941900011152029
transition_warm,0.75,4,1.0,32,6,12.196000025141984
transition_first,0.75,4,1.0,32,7,9.66899999184534
transition_warm,0.75,4,1.0,32,7,11.113199987448752
transition_first,0.75,4,1.0,32,8,12.554699962493032
transition_warm,0.75,4,1.0,32,8,11.70470000943169
transition_first,0.75,4,1.0,32,9,11.780299944803119
transition_warm,0.75,4,1.0,32,9,11.583600018639117
transition_first,0.25,32,1.0,32,0,12.727799999993294
transition_warm,0.25,32,1.0,32,0,11.659300012979656
transition_first,0.25,32,1.0,32,1,10.603200003970414
transition_warm,0.25,32,1.0,32,1,11.066799983382225
transition_first,0.25,32,1.0,32,2,9.405600023455918
transition_warm,0.25,32,1.0,32,2,11.415999964810908
transition_first,0.25,32,1.0,32,3,10.748000000603497
transition_warm,0.25,32,1.0,32,3,11.165100033394992
transition_first,0.25,32,1.0,32,4,10.404200002085418
transition_warm,0.25,32,1.0,32,4,10.60380000853911
transition_first,0.25,32,1.0,32,5,11.45130000077188
transition_warm,0.25,32,1.0,32,5,12.001499999314547
transition_first,0.25,32,1.0,32,6,10.520400013774633
transition_warm,0.25,32,1.0,32,6,11.257700040005147
transition_first,0.25,32,1.0,32,7,10.338299965951592
transition_warm,0.25,32,1.0,32,7,9.20819997554645
transition_first,0.25,32,1.0,32,8,12.510199972894043
transition_warm,0.25,32,1.0,32,8,13.313899980857968
transition_first,0.25,32,1.0,32,9,11.504499998409301
transition_warm,0.25,32,1.0,32,9,11.091599997598678
transition_first,0.5,16,0.5,32,0,11.649499996565282
transition_warm,0.5,16,0.5,32,0,9.743899980094284
transition_first,0.5,16,0.5,32,1,9.18729999102652
transition_warm,0.5,16,0.5,32,1,13.1417999509722
transition_first,0.5,16,0.5,32,2,10.439199977554381
transition_warm,0.5,16,0.5,32,2,9.722700051497668
transition_first,0.5,16,0.5,32,3,12.417000019922853
transition_warm,0.5,16,0.5,32,3,11.760399967897683
transition_first,0.5,16,0.5,32,4,11.680600000545382
transition_warm,0.5,16,0.5,32,4,12.46330002322793
transition_first,0.5,16,0.5,32,5,10.158299992326647
transition_warm,0.5,16,0.5,32,5,9.824100008700043
transition_first,0.5,16,0.5,32,6,16.92859997274354
transition_warm,0.5,16,0.5,32,6,17.764899996109307
transition_first,0.5,16,0.5,32,7,13.124399993102998
transition_warm,0.5,16,0.5,32,7,17.37179997144267
transition_first,0.5,16,0.5,32,8,13.13569996273145
transition_warm,0.5,16,0.5,32,8,15.03690000390634
transition_first,0.5,16,0.5,32,9,10.578899993561208
transition_warm,0.5,16,0.5,32,9,10.098300001118332
transition_first,0.25,32,0.25,8,0,29.512499982956797
transition_warm,0.25,32,0.25,8,0,38.9634000021033
transition_first,0.25,32,0.25,8,1,26.819599966984242
transition_warm,0.25,32,0.25,8,1,37.77710004942492
transition_first,0.25,32,0.25,8,2,33.26390002621338
transition_warm,0.25,32,0.25,8,2,31.11350000835955
transition_first,0.25,32,0.25,8,3,39.254400006029755
transition_warm,0.25,32,0.25,8,3,29.665599984582514
transition_first,0.25,32,0.25,8,4,26.875599985942245
transition_warm,0.25,32,0.25,8,4,44.2511000437662
transition_first,0.25,32,0.25,8,5,30.721999995876104
transition_warm,0.25,32,0.25,8,5,30.723100004252046
transition_first,0.25,32,0.25,8,6,31.132399977650493
transition_warm,0.25,32,0.25,8,6,33.38660002918914
transition_first,0.25,32,0.25,8,7,30.686400015838444
transition_warm,0.25,32,0.25,8,7,35.415699996519834
transition_first,0.25,32,0.25,8,8,32.20830002101138
transition_warm,0.25,32,0.25,8,8,27.6764000300318
transition_first,0.25,32,0.25,8,9,32.296899997163564
transition_warm,0.25,32,0.25,8,9,30.54200002225116
transition_first,0.75,8,1.0,8,0,32.47520001605153
transition_warm,0.75,8,1.0,8,0,36.24719998333603
transition_first,0.75,8,1.0,8,1,33.91380002722144
transition_warm,0.75,8,1.0,8,1,31.184100022073835
transition_first,0.75,8,1.0,8,2,34.311799972783774
transition_warm,0.75,8,1.0,8,2,37.82710002269596
transition_first,0.75,8,1.0,8,3,32.989999977871776
transition_warm,0.75,8,1.0,8,3,36.98129998520017
transition_first,0.75,8,1.0,8,4,42.78319998411462
transition_warm,0.75,8,1.0,8,4,33.51500001735985
transition_first,0.75,8,1.0,8,5,38.002400018740445
transition_warm,0.75,8,1.0,8,5,44.73150003468618
transition_first,0.75,8,1.0,8,6,50.52709998562932
transition_warm,0.75,8,1.0,8,6,38.109100016299635
transition_first,0.75,8,1.0,8,7,31.60849999403581
transition_warm,0.75,8,1.0,8,7,36.864299967419356
transition_first,0.75,8,1.0,8,8,34.104399965144694
transition_warm,0.75,8,1.0,8,8,38.267800002358854
transition_first,0.75,8,1.0,8,9,32.63989998959005
transition_warm,0.75,8,1.0,8,9,37.94990002643317
transition_first,0.75,32,0.75,8,0,36.56780003802851
transition_warm,0.75,32,0.75,8,0,33.203599974513054
transition_first,0.75,32,0.75,8,1,29.232700006105006
transition_warm,0.75,32,0.75,8,1,36.10240004491061
transition_first,0.75,32,0.75,8,2,41.3880999549292
transition_warm,0.75,32,0.75,8,2,36.5752000361681
transition_first,0.75,32,0.75,8,3,32.075900002382696
transition_warm,0.75,32,0.75,8,3,31.955000013113022
transition_first,0.75,32,0.75,8,4,30.650500033516437
transition_warm,0.75,32,0.75,8,4,33.538600022438914
transition_first,0.75,32,0.75,8,5,38.947699998971075
transition_warm,0.75,32,0.75,8,5,30.143699957989156
transition_first,0.75,32,0.75,8,6,28.75820000190288
transition_warm,0.75,32,0.75,8,6,30.02479998394847
transition_first,0.75,32,0.75,8,7,29.382100037764758
transition_warm,0.75,32,0.75,8,7,31.12259996123612
transition_first,0.75,32,0.75,8,8,33.17300003254786
transition_warm,0.75,32,0.75,8,8,29.54330004286021
transition_first,0.75,32,0.75,8,9,31.10159997595474
transition_warm,0.75,32,0.75,8,9,32.328000001143664
transition_first,0.25,8,1.0,8,0,38.11909997602925
transition_warm,0.25,8,1.0,8,0,38.59159996500239
transition_first,0.25,8,1.0,8,1,33.77790004014969
transition_warm,0.25,8,1.0,8,1,32.79670001938939
transition_first,0.25,8,1.0,8,2,40.78139999182895
transition_warm,0.25,8,1.0,8,2,38.86680002324283
transition_first,0.25,8,1.0,8,3,34.87839997978881
transition_warm,0.25,8,1.0,8,3,34.01150001445785
transition_first,0.25,8,1.0,8,4,35.946100018918514
transition_warm,0.25,8,1.0,8,4,33.455199969466776
transition_first,0.25,8,1.0,8,5,42.7046999684535
transition_warm,0.25,8,1.0,8,5,31.119099992793053
transition_first,0.25,8,1.0,8,6,37.258600001223385
transition_warm,0.25,8,1.0,8,6,38.506400014739484
transition_first,0.25,8,1.0,8,7,35.18210002221167
transition_warm,0.25,8,1.0,8,7,39.041200012434274
transition_first,0.25,8,1.0,8,8,48.327599943149835
transition_warm,0.25,8,1.0,8,8,38.75449998304248
transition_first,0.25,8,1.0,8,9,36.86259995447472
transition_warm,0.25,8,1.0,8,9,35.913500003516674
transition_first,1.0,4,0.75,32,0,11.158599983900785
transition_warm,1.0,4,0.75,32,0,11.976499983575195
transition_first,1.0,4,0.75,32,1,13.186700001824647
transition_warm,1.0,4,0.75,32,1,14.398600033018738
transition_first,1.0,4,0.75,32,2,11.998599977232516
transition_warm,1.0,4,0.75,32,2,10.064100031740963
transition_first,1.0,4,0.75,32,3,10.435400006826967
transition_warm,1.0,4,0.75,32,3,12.573099986184388
transition_first,1.0,4,0.75,32,4,11.812899960204959
transition_warm,1.0,4,0.75,32,4,18.715000012889504
transition_first,1.0,4,0.75,32,5,15.274200006388128
transition_warm,1.0,4,0.75,32,5,14.013900014106184
transition_first,1.0,4,0.75,32,6,22.084199998062104
transition_warm,1.0,4,0.75,32,6,18.816799973137677
transition_first,1.0,4,0.75,32,7,13.548999966587871
transition_warm,1.0,4,0.75,32,7,14.524500002153218
transition_first,1.0,4,0.75,32,8,12.732399976812303
transition_warm,1.0,4,0.75,32,8,9.982399991713464
transition_first,1.0,4,0.75,32,9,13.735099986661226
transition_warm,1.0,4,0.75,32,9,13.296099961735308
transition_first,0.75,32,0.25,16,0,31.737699988298118
transition_warm,0.75,32,0.25,16,0,31.89129999373108
transition_first,0.75,32,0.25,16,1,29.72849999787286
transition_warm,0.75,32,0.25,16,1,49.18500001076609
transition_first,0.75,32,0.25,16,2,33.442199986893684
transition_warm,0.75,32,0.25,16,2,29.430099995806813
transition_first,0.75,32,0.25,16,3,30.76539997709915
transition_warm,0.75,32,0.25,16,3,33.67979999165982
transition_first,0.75,32,0.25,16,4,29.617699969094247
transition_warm,0.75,32,0.25,16,4,37.408500036690384
transition_first,0.75,32,0.25,16,5,35.636600048746914
transition_warm,0.75,32,0.25,16,5,37.86679997574538
transition_first,0.75,32,0.25,16,6,30.345900042448193
transition_warm,0.75,32,0.25,16,6,28.90460001071915
transition_first,0.75,32,0.25,16,7,31.52399999089539
transition_warm,0.75,32,0.25,16,7,35.28609999921173
transition_first,0.75,32,0.25,16,8,34.25970004172996
transition_warm,0.75,32,0.25,16,8,28.94300001207739
transition_first,0.75,32,0.25,16,9,32.40580001147464
transition_warm,0.75,32,0.25,16,9,43.54749998310581
transition_first,0.25,8,0.75,32,0,10.13569999486208
transition_warm,0.25,8,0.75,32,0,9.695500019006431
transition_first,0.25,8,0.75,32,1,12.001900002360344
transition_warm,0.25,8,0.75,32,1,13.963900040835142
transition_first,0.25,8,0.75,32,2,13.080400007311255
transition_warm,0.25,8,0.75,32,2,12.618500040844083
transition_first,0.25,8,0.75,32,3,14.716600009705871
transition_warm,0.25,8,0.75,32,3,12.997000012546778
transition_first,0.25,8,0.75,32,4,9.930200001690537
transition_warm,0.25,8,0.75,32,4,11.17849996080622
transition_first,0.25,8,0.75,32,5,11.106499994639307
transition_warm,0.25,8,0.75,32,5,11.412499996367842
transition_first,0.25,8,0.75,32,6,12.385299953166395
transition_warm,0.25,8,0.75,32,6,12.514300004113466
transition_first,0.25,8,0.75,32,7,13.470400008372962
transition_warm,0.25,8,0.75,32,7,12.848299986217171
transition_first,0.25,8,0.75,32,8,11.362000019289553
transition_warm,0.25,8,0.75,32,8,19.254999991972
transition_first,0.25,8,0.75,32,9,11.124699958600104
transition_warm,0.25,8,0.75,32,9,12.845700024627149
transition_first,0.5,4,1.0,16,0,33.28420000616461
transition_warm,0.5,4,1.0,16,0,32.43259998271242
transition_first,0.5,4,1.0,16,1,32.572199997957796
transition_warm,0.5,4,1.0,16,1,42.020699998829514
transition_first,0.5,4,1.0,16,2,34.188800025731325
transition_warm,0.5,4,1.0,16,2,35.71279998868704
transition_first,0.5,4,1.0,16,3,36.5929999970831
transition_warm,0.5,4,1.0,16,3,37.43830003077164
transition_first,0.5,4,1.0,16,4,36.61200002534315
transition_warm,0.5,4,1.0,16,4,35.25580000132322
transition_first,0.5,4,1.0,16,5,37.76189999189228
transition_warm,0.5,4,1.0,16,5,32.473100000061095
transition_first,0.5,4,1.0,16,6,40.487300022505224
transition_warm,0.5,4,1.0,16,6,34.667300002183765
transition_first,0.5,4,1.0,16,7,38.611199997831136
transition_warm,0.5,4,1.0,16,7,32.08999999333173
transition_first,0.5,4,1.0,16,8,54.52340003103018
transition_warm,0.5,4,1.0,16,8,35.85639997618273
transition_first,0.5,4,1.0,16,9,35.951800004113466
transition_warm,0.5,4,1.0,16,9,36.033399985171854
transition_first,0.25,32,0.25,4,0,29.517000017222017
transition_warm,0.25,32,0.25,4,0,29.984299966599792
transition_first,0.25,32,0.25,4,1,31.17420000489801
transition_warm,0.25,32,0.25,4,1,25.361699983477592
transition_first,0.25,32,0.25,4,2,42.02590003842488
transition_warm,0.25,32,0.25,4,2,31.250800006091595
transition_first,0.25,32,0.25,4,3,31.421200023032725
transition_warm,0.25,32,0.25,4,3,40.33990000607446
transition_first,0.25,32,0.25,4,4,31.519000011030585
transition_warm,0.25,32,0.25,4,4,28.764499991666526
transition_first,0.25,32,0.25,4,5,42.73390001617372
transition_warm,0.25,32,0.25,4,5,44.89760001888499
transition_first,0.25,32,0.25,4,6,35.05350003251806
transition_warm,0.25,32,0.25,4,6,27.59630000218749
transition_first,0.25,32,0.25,4,7,27.74759999010712
transition_warm,0.25,32,0.25,4,7,29.570900020189583
transition_first,0.25,32,0.25,4,8,31.016500026453286
transition_warm,0.25,32,0.25,4,8,42.24009998142719
transition_first,0.25,32,0.25,4,9,36.4934999961406
transition_warm,0.25,32,0.25,4,9,32.257999991998076
transition_first,0.75,8,1.0,16,0,36.49379999842495
transition_warm,0.75,8,1.0,16,0,45.69990001618862
transition_first,0.75,8,1.0,16,1,35.38529999786988
transition_warm,0.75,8,1.0,16,1,39.7948999889195
transition_first,0.75,8,1.0,16,2,34.85220001311973
transition_warm,0.75,8,1.0,16,2,34.908899979200214
transition_first,0.75,8,1.0,16,3,32.66339999390766
transition_warm,0.75,8,1.0,16,3,37.62399998959154
transition_first,0.75,8,1.0,16,4,39.86720001557842
transition_warm,0.75,8,1.0,16,4,33.58960000332445
transition_first,0.75,8,1.0,16,5,39.04750000219792
transition_warm,0.75,8,1.0,16,5,32.44969999650493
transition_first,0.75,8,1.0,16,6,33.74949999852106
transition_warm,0.75,8,1.0,16,6,44.94500003056601
transition_first,0.75,8,1.0,16,7,42.61730000143871
transition_warm,0.75,8,1.0,16,7,36.31110000424087
transition_first,0.75,8,1.0,16,8,42.470999993383884
transition_warm,0.75,8,1.0,16,8,36.720799980685115
transition_first,0.75,8,1.0,16,9,55.10930001037195
transition_warm,0.75,8,1.0,16,9,34.628900000825524
transition_first,1.0,32,0.25,8,0,31.72249998897314
transition_warm,1.0,32,0.25,8,0,28.315299947280437
transition_first,1.0,32,0.25,8,1,36.44360002363101
transition_warm,1.0,32,0.25,8,1,30.236300022806972
transition_first,1.0,32,0.25,8,2,29.13590002572164
transition_warm,1.0,32,0.25,8,2,31.250500003807247
transition_first,1.0,32,0.25,8,3,28.88850000454113
transition_warm,1.0,32,0.25,8,3,43.22890000184998
transition_first,1.0,32,0.25,8,4,28.983799973502755
transition_warm,1.0,32,0.25,8,4,33.11379998922348
transition_first,1.0,32,0.25,8,5,34.202000009827316
transition_warm,1.0,32,0.25,8,5,34.66210002079606
transition_first,1.0,32,0.25,8,6,34.19249999569729
transition_warm,1.0,32,0.25,8,6,37.42539999075234
transition_first,1.0,32,0.25,8,7,35.79999995417893
transition_warm,1.0,32,0.25,8,7,48.349999997299165
transition_first,1.0,32,0.25,8,8,32.4409999884665
transition_warm,1.0,32,0.25,8,8,31.890899990685284
transition_first,1.0,32,0.25,8,9,32.13600005256012
transition_warm,1.0,32,0.25,8,9,30.920399993192405
transition_first,0.75,32,0.5,4,0,34.26980000222102
transition_warm,0.75,32,0.5,4,0,33.91150000970811
transition_first,0.75,32,0.5,4,1,32.24549995502457
transition_warm,0.75,32,0.5,4,1,32.781300018541515
transition_first,0.75,32,0.5,4,2,32.624199986457825
transition_warm,0.75,32,0.5,4,2,29.215099988505244
transition_first,0.75,32,0.5,4,3,33.476300013717264
transition_warm,0.75,32,0.5,4,3,40.17829999793321
transition_first,0.75,32,0.5,4,4,31.0629999730736
transition_warm,0.75,32,0.5,4,4,43.231100018601865
transition_first,0.75,32,0.5,4,5,45.09600001620129
transition_warm,0.75,32,0.5,4,5,28.04820000892505
transition_first,0.75,32,0.5,4,6,33.29890000168234
transition_warm,0.75,32,0.5,4,6,29.619199980515987
transition_first,0.75,32,0.5,4,7,43.11299999244511
transition_warm,0.75,32,0.5,4,7,33.63090002676472
transition_first,0.75,32,0.5,4,8,31.486099993344396
transition_warm,0.75,32,0.5,4,8,29.274000029545277
transition_first,0.75,32,0.5,4,9,32.67569997115061
transition_warm,0.75,32,0.5,4,9,29.55680002924055
transition_first,0.25,4,0.25,16,0,29.715400014538318
transition_warm,0.25,4,0.25,16,0,30.153000028803945
transition_first,0.25,4,0.25,16,1,31.46200004266575
transition_warm,0.25,4,0.25,16,1,31.650500022806227
transition_first,0.25,4,0.25,16,2,29.405999986920506
transition_warm,0.25,4,0.25,16,2,32.94609999284148
transition_first,0.25,4,0.25,16,3,61.3831999944523
transition_warm,0.25,4,0.25,16,3,41.826400032732636
transition_first,0.25,4,0.25,16,4,32.14770002523437
transition_warm,0.25,4,0.25,16,4,38.8383999816142
transition_first,0.25,4,0.25,16,5,33.18520000902936
transition_warm,0.25,4,0.25,16,5,31.81160002714023
transition_first,0.25,4,0.25,16,6,36.29210003418848
transition_warm,0.25,4,0.25,16,6,33.79539999878034
transition_first,0.25,4,0.25,16,7,30.286499997600913
transition_warm,0.25,4,0.25,16,7,39.67929998179898
transition_first,0.25,4,0.25,16,8,27.863900002557784
transition_warm,0.25,4,0.25,16,8,36.55059996526688
transition_first,0.25,4,0.25,16,9,38.79690001485869
transition_warm,0.25,4,0.25,16,9,33.71060005156323
transition_first,0.25,4,0.25,8,0,31.54500003438443
transition_warm,0.25,4,0.25,8,0,29.06899998197332
transition_first,0.25,4,0.25,8,1,29.997000005096197
transition_warm,0.25,4,0.25,8,1,26.33110003080219
transition_first,0.25,4,0.25,8,2,28.671000036410987
transition_warm,0.25,4,0.25,8,2,29.481299978215247
transition_first,0.25,4,0.25,8,3,32.61779999593273
transition_warm,0.25,4,0.25,8,3,32.14640001533553
transition_first,0.25,4,0.25,8,4,30.513199977576733
transition_warm,0.25,4,0.25,8,4,31.399299972690642
transition_first,0.25,4,0.25,8,5,30.186999996658415
transition_warm,0.25,4,0.25,8,5,27.932400000281632
transition_first,0.25,4,0.25,8,6,34.93780002463609
transition_warm,0.25,4,0.25,8,6,28.293600014876574
transition_first,0.25,4,0.25,8,7,34.78410001844168
transition_warm,0.25,4,0.25,8,7,29.43220001179725
transition_first,0.25,4,0.25,8,8,33.359000051859766
transition_warm,0.25,4,0.25,8,8,29.04699998907745
transition_first,0.25,4,0.25,8,9,26.788300019688904
transition_warm,0.25,4,0.25,8,9,39.8993999697268
transition_first,1.0,32,1.0,16,0,39.76960002910346
transition_warm,1.0,32,1.0,16,0,35.52419994957745
transition_first,1.0,32,1.0,16,1,33.53740001330152
transition_warm,1.0,32,1.0,16,1,40.724300022702664
transition_first,1.0,32,1.0,16,2,41.23580001760274
transition_warm,1.0,32,1.0,16,2,43.22399996453896
transition_first,1.0,32,1.0,16,3,41.83910001302138
transition_warm,1.0,32,1.0,16,3,47.394399996846914
transition_first,1.0,32,1.0,16,4,34.05720001319423
transition_warm,1.0,32,1.0,16,4,35.80920002423227
transition_first,1.0,32,1.0,16,5,43.66120003396645
transition_warm,1.0,32,1.0,16,5,35.50410002935678
transition_first,1.0,32,1.0,16,6,48.64359996281564
transition_warm,1.0,32,1.0,16,6,57.44040000718087
transition_first,1.0,32,1.0,16,7,46.01749998982996
transition_warm,1.0,32,1.0,16,7,41.444199974648654
transition_first,1.0,32,1.0,16,8,37.83330001169816
transition_warm,1.0,32,1.0,16,8,37.47420001309365
transition_first,1.0,32,1.0,16,9,35.27300001587719
transition_warm,1.0,32,1.0,16,9,36.3198000122793
transition_first,1.0,4,0.75,16,0,39.530100009869784
transition_warm,1.0,4,0.75,16,0,33.055500010959804
transition_first,1.0,4,0.75,16,1,34.66659999685362
transition_warm,1.0,4,0.75,16,1,31.078800035174936
transition_first,1.0,4,0.75,16,2,31.461300037335604
transition_warm,1.0,4,0.75,16,2,43.33419998874888
transition_first,1.0,4,0.75,16,3,30.66200000466779
transition_warm,1.0,4,0.75,16,3,31.702600012067705
transition_first,1.0,4,0.75,16,4,33.57880003750324
transition_warm,1.0,4,0.75,16,4,34.30480003589764
transition_first,1.0,4,0.75,16,5,27.942500018980354
transition_warm,1.0,4,0.75,16,5,29.653299949131906
transition_first,1.0,4,0.75,16,6,32.07229997497052
transition_warm,1.0,4,0.75,16,6,32.667200022842735
transition_first,1.0,4,0.75,16,7,37.788899964652956
transition_warm,1.0,4,0.75,16,7,32.596200006082654
transition_first,1.0,4,0.75,16,8,30.797099985647947
transition_warm,1.0,4,0.75,16,8,44.35029998421669
transition_first,1.0,4,0.75,16,9,28.287299966905266
transition_warm,1.0,4,0.75,16,9,35.28609999921173
transition_first,0.75,32,1.0,4,0,31.08569997129962
transition_warm,0.75,32,1.0,4,0,46.9176999758929
transition_first,0.75,32,1.0,4,1,35.766699991654605
transition_warm,0.75,32,1.0,4,1,36.93760000169277
transition_first,0.75,32,1.0,4,2,31.25870000803843
transition_warm,0.75,32,1.0,4,2,34.434600034728646
transition_first,0.75,32,1.0,4,3,40.08669999893755
transition_warm,0.75,32,1.0,4,3,37.02079999493435
transition_first,0.75,32,1.0,4,4,32.68150001531467
transition_warm,0.75,32,1.0,4,4,34.11519998917356
transition_first,0.75,32,1.0,4,5,34.98689999105409
transition_warm,0.75,32,1.0,4,5,40.227799967397004
transition_first,0.75,32,1.0,4,6,58.25639999238774
transition_warm,0.75,32,1.0,4,6,51.07370001496747
transition_first,0.75,32,1.0,4,7,35.348900011740625
transition_warm,0.75,32,1.0,4,7,41.09229997266084
transition_first,0.75,32,1.0,4,8,38.65770000265911
transition_warm,0.75,32,1.0,4,8,39.74300000118092
transition_first,0.75,32,1.0,4,9,35.65309999976307
transition_warm,0.75,32,1.0,4,9,33.077600004617125
transition_first,0.75,4,0.75,32,0,21.174199995584786
transition_warm,0.75,4,0.75,32,0,18.7957999878563
transition_first,0.75,4,0.75,32,1,17.481100047007203
transition_warm,0.75,4,0.75,32,1,16.82339998660609
transition_first,0.75,4,0.75,32,2,11.916799994651228
transition_warm,0.75,4,0.75,32,2,12.065700022503734
transition_first,0.75,4,0.75,32,3,11.890100024174899
transition_warm,0.75,4,0.75,32,3,9.970400016754866
transition_first,0.75,4,0.75,32,4,9.982100047636777
transition_warm,0.75,4,0.75,32,4,11.058600037358701
transition_first,0.75,4,0.75,32,5,10.962100001052022
transition_warm,0.75,4,0.75,32,5,13.66789999883622
transition_first,0.75,4,0.75,32,6,9.552600036840886
transition_warm,0.75,4,0.75,32,6,12.19489995855838
transition_first,0.75,4,0.75,32,7,11.53880002675578
transition_warm,0.75,4,0.75,32,7,13.234100013505667
transition_first,0.75,4,0.75,32,8,15.622499980963767
transition_warm,0.75,4,0.75,32,8,14.34190000873059
transition_first,0.75,4,0.75,32,9,10.846199991647154
transition_warm,0.75,4,0.75,32,9,10.309299977961928
transition_first,1.0,8,0.25,16,0,28.91779999481514
transition_warm,1.0,8,0.25,16,0,30.498200037982315
transition_first,1.0,8,0.25,16,1,34.85380002530292
transition_warm,1.0,8,0.25,16,1,38.15550002036616
transition_first,1.0,8,0.25,16,2,32.06510003656149
transition_warm,1.0,8,0.25,16,2,43.885999999474734
transition_first,1.0,8,0.25,16,3,29.413499985821545
transition_warm,1.0,8,0.25,16,3,36.90489998552948
transition_first,1.0,8,0.25,16,4,42.80449997168034
transition_warm,1.0,8,0.25,16,4,29.016499989666045
transition_first,1.0,8,0.25,16,5,32.33759995782748
transition_warm,1.0,8,0.25,16,5,29.43510003387928
transition_first,1.0,8,0.25,16,6,31.689299969002604
transition_warm,1.0,8,0.25,16,6,32.16010000323877
transition_first,1.0,8,0.25,16,7,33.68829999817535
transition_warm,1.0,8,0.25,16,7,37.15849999571219
transition_first,1.0,8,0.25,16,8,29.966500005684793
transition_warm,1.0,8,0.25,16,8,30.25870001874864
transition_first,1.0,8,0.25,16,9,34.54159997636452
transition_warm,1.0,8,0.25,16,9,33.406300004571676
transition_first,0.5,8,1.0,4,0,37.676599982660264
transition_warm,0.5,8,1.0,4,0,33.83239998947829
transition_first,0.5,8,1.0,4,1,36.47079999791458
transition_warm,0.5,8,1.0,4,1,33.732499985489994
transition_first,0.5,8,1.0,4,2,35.649299970828
transition_warm,0.5,8,1.0,4,2,40.261900052428246
transition_first,0.5,8,1.0,4,3,37.823200051207095
transition_warm,0.5,8,1.0,4,3,34.91099999519065
transition_first,0.5,8,1.0,4,4,38.64300000714138
transition_warm,0.5,8,1.0,4,4,42.51469997689128
transition_first,0.5,8,1.0,4,5,34.56860000733286
transition_warm,0.5,8,1.0,4,5,37.03170001972467
transition_first,0.5,8,1.0,4,6,36.13929997663945
transition_warm,0.5,8,1.0,4,6,34.72609998425469
transition_first,0.5,8,1.0,4,7,38.57499995501712
transition_warm,0.5,8,1.0,4,7,44.74749998189509
transition_first,0.5,8,1.0,4,8,51.02750001242384
transition_warm,0.5,8,1.0,4,8,33.23659999296069
transition_first,0.5,8,1.0,4,9,30.98500001942739
transition_warm,0.5,8,1.0,4,9,39.44319998845458
transition_first,0.5,32,1.0,8,0,36.71730001224205
transition_warm,0.5,32,1.0,8,0,45.367599988821894
transition_first,0.5,32,1.0,8,1,44.5841999608092
transition_warm,0.5,32,1.0,8,1,37.443900015205145
transition_first,0.5,32,1.0,8,2,40.60970002319664
transition_warm,0.5,32,1.0,8,2,37.50430000945926
transition_first,0.5,32,1.0,8,3,35.015299974475056
transition_warm,0.5,32,1.0,8,3,37.63259999686852
transition_first,0.5,32,1.0,8,4,31.83079999871552
transition_warm,0.5,32,1.0,8,4,35.83419998176396
transition_first,0.5,32,1.0,8,5,33.436300000175834
transition_warm,0.5,32,1.0,8,5,38.276400009635836
transition_first,0.5,32,1.0,8,6,35.46350001124665
transition_warm,0.5,32,1.0,8,6,33.124300010968
transition_first,0.5,32,1.0,8,7,34.480700036510825
transition_warm,0.5,32,1.0,8,7,35.89090000605211
transition_first,0.5,32,1.0,8,8,45.61289999401197
transition_warm,0.5,32,1.0,8,8,36.01799998432398
transition_first,0.5,32,1.0,8,9,35.61340004671365
transition_warm,0.5,32,1.0,8,9,35.63299996312708
transition_first,0.25,4,0.5,32,0,11.530400021001697
transition_warm,0.25,4,0.5,32,0,11.638200026936829
transition_first,0.25,4,0.5,32,1,12.257900030817837
transition_warm,0.25,4,0.5,32,1,10.122900013811886
transition_first,0.25,4,0.5,32,2,11.086300015449524
transition_warm,0.25,4,0.5,32,2,12.070199998561293
transition_first,0.25,4,0.5,32,3,13.337599986698478
transition_warm,0.25,4,0.5,32,3,9.556500008329749
transition_first,0.25,4,0.5,32,4,12.389299983624369
transition_warm,0.25,4,0.5,32,4,11.120299983303994
transition_first,0.25,4,0.5,32,5,10.672399948816746
transition_warm,0.25,4,0.5,32,5,10.482800018507987
transition_first,0.25,4,0.5,32,6,11.143999989144504
transition_warm,0.25,4,0.5,32,6,11.504800000693649
transition_first,0.25,4,0.5,32,7,19.1126000136137
transition_warm,0.25,4,0.5,32,7,14.581200026441365
transition_first,0.25,4,0.5,32,8,12.66319997375831
transition_warm,0.25,4,0.5,32,8,14.429000031668693
transition_first,0.25,4,0.5,32,9,16.91819995176047
transition_warm,0.25,4,0.5,32,9,44.74710003705695
transition_first,0.5,8,0.75,4,0,41.52050003176555
transition_warm,0.5,8,0.75,4,0,36.78850003052503
transition_first,0.5,8,0.75,4,1,33.70179998455569
transition_warm,0.5,8,0.75,4,1,37.144700007047504
transition_first,0.5,8,0.75,4,2,39.58349995082244
transition_warm,0.5,8,0.75,4,2,36.436699971091
transition_first,0.5,8,0.75,4,3,34.317600016947836
transition_warm,0.5,8,0.75,4,3,51.00229999516159
transition_first,0.5,8,0.75,4,4,33.97520002909005
transition_warm,0.5,8,0.75,4,4,44.91230001440272
transition_first,0.5,8,0.75,4,5,39.160999993328005
transition_warm,0.5,8,0.75,4,5,39.21050002099946
transition_first,0.5,8,0.75,4,6,44.86940003698692
transition_warm,0.5,8,0.75,4,6,33.51500001735985
transition_first,0.5,8,0.75,4,7,51.89040000550449
transition_warm,0.5,8,0.75,4,7,45.55039998376742
transition_first,0.5,8,0.75,4,8,34.08010001294315
transition_warm,0.5,8,0.75,4,8,38.25640003196895
transition_first,0.5,8,0.75,4,9,34.19199999189004
transition_warm,0.5,8,0.75,4,9,35.39760003332049
transition_first,0.5,8,1.0,8,0,37.19880001153797
transition_warm,0.5,8,1.0,8,0,39.67450000345707
transition_first,0.5,8,1.0,8,1,32.71499997936189
transition_warm,0.5,8,1.0,8,1,38.65480003878474
transition_first,0.5,8,1.0,8,2,38.599500025156885
transition_warm,0.5,8,1.0,8,2,44.56989996833727
transition_first,0.5,8,1.0,8,3,37.01750002801418
transition_warm,0.5,8,1.0,8,3,37.2761000180617
transition_first,0.5,8,1.0,8,4,37.214400013908744
transition_warm,0.5,8,1.0,8,4,36.154699977487326
transition_first,0.5,8,1.0,8,5,36.040899984072894
transition_warm,0.5,8,1.0,8,5,34.88870000001043
transition_first,0.5,8,1.0,8,6,31.54039999935776
transition_warm,0.5,8,1.0,8,6,36.88600001623854
transition_first,0.5,8,1.0,8,7,39.27629999816418
transition_warm,0.5,8,1.0,8,7,36.56879998743534
transition_first,0.5,8,1.0,8,8,35.42639996157959
transition_warm,0.5,8,1.0,8,8,40.30559997772798
transition_first,0.5,8,1.0,8,9,36.03359998669475
transition_warm,0.5,8,1.0,8,9,36.66969999903813
transition_first,0.25,32,0.5,4,0,30.23830003803596
transition_warm,0.25,32,0.5,4,0,36.85460000997409
transition_first,0.25,32,0.5,4,1,29.957299993839115
transition_warm,0.25,32,0.5,4,1,28.78019999479875
transition_first,0.25,32,0.5,4,2,31.046299962326884
transition_warm,0.25,32,0.5,4,2,28.60830002464354
transition_first,0.25,32,0.5,4,3,35.05030000815168
transition_warm,0.25,32,0.5,4,3,36.510299949441105
transition_first,0.25,32,0.5,4,4,30.35489999456331
transition_warm,0.25,32,0.5,4,4,35.51549999974668
transition_first,0.25,32,0.5,4,5,36.12930001690984
transition_warm,0.25,32,0.5,4,5,41.80960002122447
transition_first,0.25,32,0.5,4,6,32.10499999113381
transition_warm,0.25,32,0.5,4,6,34.17409997200593
transition_first,0.25,32,0.5,4,7,32.19200001331046
transition_warm,0.25,32,0.5,4,7,41.306600032839924
transition_first,0.25,32,0.5,4,8,26.188499992713332
transition_warm,0.25,32,0.5,4,8,29.537599999457598
transition_first,0.25,32,0.5,4,9,32.61310001835227
transition_warm,0.25,32,0.5,4,9,30.602900020312518
transition_first,0.25,8,0.5,8,0,30.579799960833043
transition_warm,0.25,8,0.5,8,0,31.552700034808367
transition_first,0.25,8,0.5,8,1,37.59449999779463
transition_warm,0.25,8,0.5,8,1,29.912500001955777
transition_first,0.25,8,0.5,8,2,29.689399991184473
transition_warm,0.25,8,0.5,8,2,30.201499990653247
transition_first,0.25,8,0.5,8,3,32.279100036248565
transition_warm,0.25,8,0.5,8,3,33.49520004121587
transition_first,0.25,8,0.5,8,4,35.58510000584647
transition_warm,0.25,8,0.5,8,4,44.23290002159774
transition_first,0.25,8,0.5,8,5,31.258000002708286
transition_warm,0.25,8,0.5,8,5,33.04539999226108
transition_first,0.25,8,0.5,8,6,32.64990000752732
transition_warm,0.25,8,0.5,8,6,40.08090001298115
transition_first,0.25,8,0.5,8,7,30.860599945299327
transition_warm,0.25,8,0.5,8,7,35.61349998926744
transition_first,0.25,8,0.5,8,8,32.63419994618744
transition_warm,0.25,8,0.5,8,8,35.026000055950135
transition_first,0.25,8,0.5,8,9,26.937500049825758
transition_warm,0.25,8,0.5,8,9,29.72819999558851
transition_first,1.0,4,0.5,4,0,29.633100028149784
transition_warm,1.0,4,0.5,4,0,36.142800003290176
transition_first,1.0,4,0.5,4,1,28.15480000572279
transition_warm,1.0,4,0.5,4,1,32.79989998554811
transition_first,1.0,4,0.5,4,2,43.817700003273785
transition_warm,1.0,4,0.5,4,2,39.13240000838414
transition_first,1.0,4,0.5,4,3,31.475700030568987
transition_warm,1.0,4,0.5,4,3,29.36250000493601
transition_first,1.0,4,0.5,4,4,29.534599976614118
transition_warm,1.0,4,0.5,4,4,27.707200031727552
transition_first,1.0,4,0.5,4,5,36.27310000592843
transition_warm,1.0,4,0.5,4,5,33.86080003110692
transition_first,1.0,4,0.5,4,6,29.911699995864183
transition_warm,1.0,4,0.5,4,6,33.684899972286075
transition_first,1.0,4,0.5,4,7,31.65749995969236
transition_warm,1.0,4,0.5,4,7,52.73419996956363
transition_first,1.0,4,0.5,4,8,33.4222000092268
transition_warm,1.0,4,0.5,4,8,28.165000025182962
transition_first,1.0,4,0.5,4,9,34.6873999806121
transition_warm,1.0,4,0.5,4,9,30.63950000796467
transition_first,0.25,32,0.75,4,0,30.277499987278134
transition_warm,0.25,32,0.75,4,0,32.85880002658814
transition_first,0.25,32,0.75,4,1,41.5637000114657
transition_warm,0.25,32,0.75,4,1,30.257900012657046
transition_first,0.25,32,0.75,4,2,35.28909996384755
transition_warm,0.25,32,0.75,4,2,29.022799979429692
transition_first,0.25,32,0.75,4,3,29.498000047169626
transition_warm,0.25,32,0.75,4,3,28.984299977310002
transition_first,0.25,32,0.75,4,4,35.00109998276457
transition_warm,0.25,32,0.75,4,4,35.48429999500513
transition_first,0.25,32,0.75,4,5,35.04589997464791
transition_warm,0.25,32,0.75,4,5,34.43659999174997
transition_first,0.25,32,0.75,4,6,29.385800007730722
transition_warm,0.25,32,0.75,4,6,32.04869996989146
transition_first,0.25,32,0.75,4,7,46.02760000852868
transition_warm,0.25,32,0.75,4,7,37.461699976120144
transition_first,0.25,32,0.75,4,8,34.56590004498139
transition_warm,0.25,32,0.75,4,8,43.0523999966681
transition_first,0.25,32,0.75,4,9,31.26469999551773
transition_warm,0.25,32,0.75,4,9,40.1170999975875
transition_first,0.25,16,0.75,4,0,38.97850000066683
transition_warm,0.25,16,0.75,4,0,42.79599996516481
transition_first,0.25,16,0.75,4,1,32.908699999097735
transition_warm,0.25,16,0.75,4,1,35.46560002723709
transition_first,0.25,16,0.75,4,2,42.406999971717596
transition_warm,0.25,16,0.75,4,2,33.73720002127811
transition_first,0.25,16,0.75,4,3,28.68399996077642
transition_warm,0.25,16,0.75,4,3,33.90510001918301
transition_first,0.25,16,0.75,4,4,28.99190003518015
transition_warm,0.25,16,0.75,4,4,36.96060000220314
transition_first,0.25,16,0.75,4,5,37.98050002660602
transition_warm,0.25,16,0.75,4,5,35.901299968827516
transition_first,0.25,16,0.75,4,6,35.24550003930926
transition_warm,0.25,16,0.75,4,6,35.31980002298951
transition_first,0.25,16,0.75,4,7,33.41699996963143
transition_warm,0.25,16,0.75,4,7,30.406599980778992
transition_first,0.25,16,0.75,4,8,31.406099966261536
transition_warm,0.25,16,0.75,4,8,29.444499989040196
transition_first,0.25,16,0.75,4,9,31.67400002712384
transition_warm,0.25,16,0.75,4,9,30.63200000906363
transition_first,0.25,16,1.0,8,0,32.23399998387322
transition_warm,0.25,16,1.0,8,0,34.00260000489652
transition_first,0.25,16,1.0,8,1,35.36179999355227
transition_warm,0.25,16,1.0,8,1,36.57060000114143
transition_first,0.25,16,1.0,8,2,36.85199999017641
transition_warm,0.25,16,1.0,8,2,40.217300003860146
transition_first,0.25,16,1.0,8,3,42.77150001144037
transition_warm,0.25,16,1.0,8,3,36.733999964781106
transition_first,0.25,16,1.0,8,4,31.718500016722828
transition_warm,0.25,16,1.0,8,4,40.161199984140694
transition_first,0.25,16,1.0,8,5,34.414099995046854
transition_warm,0.25,16,1.0,8,5,38.6904000188224
transition_first,0.25,16,1.0,8,6,39.17679999722168
transition_warm,0.25,16,1.0,8,6,40.747900027781725
transition_first,0.25,16,1.0,8,7,43.718600005377084
transition_warm,0.25,16,1.0,8,7,37.26790001383051
transition_first,0.25,16,1.0,8,8,33.676100021693856
transition_warm,0.25,16,1.0,8,8,35.770899965427816
transition_first,0.25,16,1.0,8,9,35.52989999298006
transition_warm,0.25,16,1.0,8,9,58.63589997170493
transition_first,0.75,4,0.75,16,0,29.563400021288544
transition_warm,0.75,4,0.75,16,0,38.45089999958873
transition_first,0.75,4,0.75,16,1,35.65030003665015
transition_warm,0.75,4,0.75,16,1,34.18670000974089
transition_first,0.75,4,0.75,16,2,27.981799968983978
transition_warm,0.75,4,0.75,16,2,29.600500012747943
transition_first,0.75,4,0.75,16,3,31.54489997541532
transition_warm,0.75,4,0.75,16,3,37.357900000642985
transition_first,0.75,4,0.75,16,4,33.144199987873435
transition_warm,0.75,4,0.75,16,4,36.657100019510835
transition_first,0.75,4,0.75,16,5,39.066100027412176
transition_warm,0.75,4,0.75,16,5,36.30639996845275
transition_first,0.75,4,0.75,16,6,34.17960001388565
transition_warm,0.75,4,0.75,16,6,33.883600030094385
transition_first,0.75,4,0.75,16,7,38.461700023617595
transition_warm,0.75,4,0.75,16,7,50.56100001093
transition_first,0.75,4,0.75,16,8,47.869700007140636
transition_warm,0.75,4,0.75,16,8,35.331000050064176
transition_first,0.75,4,0.75,16,9,33.53930002776906
transition_warm,0.75,4,0.75,16,9,32.490599958691746
transition_first,0.75,8,1.0,32,0,9.980800037737936
transition_warm,0.75,8,1.0,32,0,11.625499988440424
transition_first,0.75,8,1.0,32,1,9.478200052399188
transition_warm,0.75,8,1.0,32,1,10.637299972586334
transition_first,0.75,8,1.0,32,2,14.097800012677908
transition_warm,0.75,8,1.0,32,2,13.995699991937727
transition_first,0.75,8,1.0,32,3,9.4511000206694
transition_warm,0.75,8,1.0,32,3,10.03780000610277
transition_first,0.75,8,1.0,32,4,13.465700030792505
transition_warm,0.75,8,1.0,32,4,12.156300013884902
transition_first,0.75,8,1.0,32,5,12.4604000011459
transition_warm,0.75,8,1.0,32,5,10.093499964568764
transition_first,0.75,8,1.0,32,6,11.34780002757907
transition_warm,0.75,8,1.0,32,6,11.988100013695657
transition_first,0.75,8,1.0,32,7,9.95039998088032
transition_warm,0.75,8,1.0,32,7,10.706299974117428
transition_first,0.75,8,1.0,32,8,11.79359998786822
transition_warm,0.75,8,1.0,32,8,11.74749998608604
transition_first,0.75,8,1.0,32,9,12.313799990806729
transition_warm,0.75,8,1.0,32,9,12.435499986167997
transition_first,0.5,32,0.25,4,0,33.832999994046986
transition_warm,0.5,32,0.25,4,0,30.400299991015345
transition_first,0.5,32,0.25,4,1,36.83550003916025
transition_warm,0.5,32,0.25,4,1,38.469000020995736
transition_first,0.5,32,0.25,4,2,35.19259998574853
transition_warm,0.5,32,0.25,4,2,30.423999996855855
transition_first,0.5,32,0.25,4,3,35.91289999894798
transition_warm,0.5,32,0.25,4,3,29.65280000353232
transition_first,0.5,32,0.25,4,4,33.40890002436936
transition_warm,0.5,32,0.25,4,4,33.39870000490919
transition_first,0.5,32,0.25,4,5,33.369300013873726
transition_warm,0.5,32,0.25,4,5,34.07300001708791
transition_first,0.5,32,0.25,4,6,29.787899984512478
transition_warm,0.5,32,0.25,4,6,33.81210000952706
transition_first,0.5,32,0.25,4,7,37.41089999675751
transition_warm,0.5,32,0.25,4,7,40.69240001263097
transition_first,0.5,32,0.25,4,8,39.15129997767508
transition_warm,0.5,32,0.25,4,8,32.55179995903745
transition_first,0.5,32,0.25,4,9,31.370800046715885
transition_warm,0.5,32,0.25,4,9,27.640499989502132
transition_first,1.0,16,0.25,32,0,11.226899980101734
transition_warm,1.0,16,0.25,32,0,11.451900005340576
transition_first,1.0,16,0.25,32,1,10.97999996272847
transition_warm,1.0,16,0.25,32,1,9.584999992512167
transition_first,1.0,16,0.25,32,2,13.39799998095259
transition_warm,1.0,16,0.25,32,2,9.565100015606731
transition_first,1.0,16,0.25,32,3,11.902800004463643
transition_warm,1.0,16,0.25,32,3,10.131000017281622
transition_first,1.0,16,0.25,32,4,9.776099992450327
transition_warm,1.0,16,0.25,32,4,11.10319996951148
transition_first,1.0,16,0.25,32,5,15.245199960190803
transition_warm,1.0,16,0.25,32,5,11.310899979434907
transition_first,1.0,16,0.25,32,6,11.12989999819547
transition_warm,1.0,16,0.25,32,6,11.90480001969263
transition_first,1.0,16,0.25,32,7,15.391399967484176
transition_warm,1.0,16,0.25,32,7,13.024399988353252
transition_first,1.0,16,0.25,32,8,13.087800005450845
transition_warm,1.0,16,0.25,32,8,12.462100014090538
transition_first,1.0,16,0.25,32,9,19.643399980850518
transition_warm,1.0,16,0.25,32,9,13.582799991127104
transition_first,0.75,8,0.25,4,0,32.00870001455769
transition_warm,0.75,8,0.25,4,0,36.05729999253526
transition_first,0.75,8,0.25,4,1,35.24450003169477
transition_warm,0.75,8,0.25,4,1,33.46980002243072
transition_first,0.75,8,0.25,4,2,29.262399999424815
transition_warm,0.75,8,0.25,4,2,34.31860002456233
transition_first,0.75,8,0.25,4,3,38.01199997542426
transition_warm,0.75,8,0.25,4,3,31.432800053153187
transition_first,0.75,8,0.25,4,4,42.93700004927814
transition_warm,0.75,8,0.25,4,4,34.34309997828677
transition_first,0.75,8,0.25,4,5,37.4370000208728
transition_warm,0.75,8,0.25,4,5,32.0882000378333
transition_first,0.75,8,0.25,4,6,37.52310003619641
transition_warm,0.75,8,0.25,4,6,30.4127000272274
transition_first,0.75,8,0.25,4,7,31.100100022740662
transition_warm,0.75,8,0.25,4,7,31.784199993126094
transition_first,0.75,8,0.25,4,8,38.11540000606328
transition_warm,0.75,8,0.25,4,8,41.1102999933064
transition_first,0.75,8,0.25,4,9,33.622900024056435
transition_warm,0.75,8,0.25,4,9,47.2721999976784
transition_first,0.25,8,0.75,8,0,35.88929999386892
transition_warm,0.25,8,0.75,8,0,32.323600025847554
transition_first,0.25,8,0.75,8,1,40.964299987535924
transition_warm,0.25,8,0.75,8,1,33.32079999381676
transition_first,0.25,8,0.75,8,2,28.59790000366047
transition_warm,0.25,8,0.75,8,2,31.514400034211576
transition_first,0.25,8,0.75,8,3,34.55869999015704
transition_warm,0.25,8,0.75,8,3,33.18490000674501
transition_first,0.25,8,0.75,8,4,32.053800008725375
transition_warm,0.25,8,0.75,8,4,43.776500038802624
transition_first,0.25,8,0.75,8,5,28.2078999443911
transition_warm,0.25,8,0.75,8,5,30.20539996214211
transition_first,0.25,8,0.75,8,6,29.984000022523105
transition_warm,0.25,8,0.75,8,6,33.18510000826791
transition_first,0.25,8,0.75,8,7,32.487699994817376
transition_warm,0.25,8,0.75,8,7,49.237600003834814
transition_first,0.25,8,0.75,8,8,30.361299985088408
transition_warm,0.25,8,0.75,8,8,48.38930000551045
transition_first,0.25,8,0.75,8,9,29.97750003123656
transition_warm,0.25,8,0.75,8,9,32.35790005419403
transition_first,1.0,32,1.0,8,0,36.775499989744276
transition_warm,1.0,32,1.0,8,0,40.38610000861809
transition_first,1.0,32,1.0,8,1,35.738500009756535
transition_warm,1.0,32,1.0,8,1,35.107299976516515
transition_first,1.0,32,1.0,8,2,38.49060001084581
transition_warm,1.0,32,1.0,8,2,30.770199955441058
transition_first,1.0,32,1.0,8,3,35.427299968432635
transition_warm,1.0,32,1.0,8,3,36.56350000528619
transition_first,1.0,32,1.0,8,4,37.396500003524125
transition_warm,1.0,32,1.0,8,4,37.93180000502616
transition_first,1.0,32,1.0,8,5,42.33969998313114
transition_warm,1.0,32,1.0,8,5,40.275100036524236
transition_first,1.0,32,1.0,8,6,36.433500004932284
transition_warm,1.0,32,1.0,8,6,33.913199964445084
transition_first,1.0,32,1.0,8,7,44.15489995153621
transition_warm,1.0,32,1.0,8,7,38.35320001235232
transition_first,1.0,32,1.0,8,8,37.956400017719716
transition_warm,1.0,32,1.0,8,8,33.239000011235476
transition_first,1.0,32,1.0,8,9,34.068599983584136
transition_warm,1.0,32,1.0,8,9,32.64809999382123
transition_first,1.0,4,0.75,4,0,32.002100022509694
transition_warm,1.0,4,0.75,4,0,34.978599986061454
transition_first,1.0,4,0.75,4,1,31.40979999443516
transition_warm,1.0,4,0.75,4,1,40.330199990421534
transition_first,1.0,4,0.75,4,2,32.65109995845705
transition_warm,1.0,4,0.75,4,2,35.126800008583814
transition_first,1.0,4,0.75,4,3,39.27979996660724
transition_warm,1.0,4,0.75,4,3,30.73749999748543
transition_first,1.0,4,0.75,4,4,39.31449999799952
transition_warm,1.0,4,0.75,4,4,29.481699981261045
transition_first,1.0,4,0.75,4,5,76.35260000824928
transition_warm,1.0,4,0.75,4,5,35.31419998034835
transition_first,1.0,4,0.75,4,6,29.619799985084683
transition_warm,1.0,4,0.75,4,6,33.871499996166676
transition_first,1.0,4,0.75,4,7,39.09670002758503
transition_warm,1.0,4,0.75,4,7,42.62309998739511
transition_first,1.0,4,0.75,4,8,33.60890003386885
transition_warm,1.0,4,0.75,4,8,37.34260000055656
transition_first,1.0,4,0.75,4,9,34.4516999903135
transition_warm,1.0,4,0.75,4,9,31.63350000977516
transition_first,0.5,16,0.25,4,0,41.887400031555444
transition_warm,0.5,16,0.25,4,0,33.55250001186505
transition_first,0.5,16,0.25,4,1,29.844700009562075
transition_warm,0.5,16,0.25,4,1,32.97360002761707
transition_first,0.5,16,0.25,4,2,30.717500019818544
transition_warm,0.5,16,0.25,4,2,31.056399981025606
transition_first,0.5,16,0.25,4,3,35.95560003304854
transition_warm,0.5,16,0.25,4,3,40.85799999302253
transition_first,0.5,16,0.25,4,4,33.824500045739114
transition_warm,0.5,16,0.25,4,4,31.276199966669083
transition_first,0.5,16,0.25,4,5,32.02939999755472
transition_warm,0.5,16,0.25,4,5,29.898500011768192
transition_first,0.5,16,0.25,4,6,36.747700010892004
transition_warm,0.5,16,0.25,4,6,33.116000005975366
transition_first,0.5,16,0.25,4,7,35.44020000845194
transition_warm,0.5,16,0.25,4,7,32.82039996702224
transition_first,0.5,16,0.25,4,8,29.68099998543039
transition_warm,0.5,16,0.25,4,8,33.05179998278618
transition_first,0.5,16,0.25,4,9,31.56129998387769
transition_warm,0.5,16,0.25,4,9,37.16630005510524
transition_first,0.25,32,0.25,16,0,31.520400021690875
transition_warm,0.25,32,0.25,16,0,32.273099990561604
transition_first,0.25,32,0.25,16,1,28.180899971630424
transition_warm,0.25,32,0.25,16,1,29.47070001391694
transition_first,0.25,32,0.25,16,2,35.224599996581674
transition_warm,0.25,32,0.25,16,2,34.99660000670701
transition_first,0.25,32,0.25,16,3,39.9244999862276
transition_warm,0.25,32,0.25,16,3,29.254900000523776
transition_first,0.25,32,0.25,16,4,29.203500016592443
transition_warm,0.25,32,0.25,16,4,29.19520001159981
transition_first,0.25,32,0.25,16,5,28.265400032978505
transition_warm,0.25,32,0.25,16,5,31.689299969002604
transition_first,0.25,32,0.25,16,6,32.64819999458268
transition_warm,0.25,32,0.25,16,6,31.693900004029274
transition_first,0.25,32,0.25,16,7,26.096299989148974
transition_warm,0.25,32,0.25,16,7,32.21450001001358
transition_first,0.25,32,0.25,16,8,38.992299989331514
transition_warm,0.25,32,0.25,16,8,34.78929999982938
transition_first,0.25,32,0.25,16,9,30.77589999884367
transition_warm,0.25,32,0.25,16,9,32.25410002050921
transition_first,0.75,8,0.5,16,0,30.26490000775084
transition_warm,0.75,8,0.5,16,0,33.80729997297749
transition_first,0.75,8,0.5,16,1,41.55339999124408
transition_warm,0.75,8,0.5,16,1,33.33320003002882
transition_first,0.75,8,0.5,16,2,38.17600000184029
transition_warm,0.75,8,0.5,16,2,42.66729997470975
transition_first,0.75,8,0.5,16,3,39.088399964384735
transition_warm,0.75,8,0.5,16,3,32.913099974393845
transition_first,0.75,8,0.5,16,4,32.70469995914027
transition_warm,0.75,8,0.5,16,4,28.662499971687794
transition_first,0.75,8,0.5,16,5,36.255499988328665
transition_warm,0.75,8,0.5,16,5,31.173499999567866
transition_first,0.75,8,0.5,16,6,32.06180001143366
transition_warm,0.75,8,0.5,16,6,30.841900035738945
transition_first,0.75,8,0.5,16,7,46.34479997912422
transition_warm,0.75,8,0.5,16,7,30.972499982453883
transition_first,0.75,8,0.5,16,8,34.873299999162555
transition_warm,0.75,8,0.5,16,8,31.500999990385026
transition_first,0.75,8,0.5,16,9,32.32120000757277
transition_warm,0.75,8,0.5,16,9,40.16749997390434
transition_first,0.75,16,0.5,16,0,34.93349999189377
transition_warm,0.75,16,0.5,16,0,30.186499992851168
transition_first,0.75,16,0.5,16,1,30.533500015735626
transition_warm,0.75,16,0.5,16,1,37.10630000568926
transition_first,0.75,16,0.5,16,2,32.0186999742873
transition_warm,0.75,16,0.5,16,2,32.91429998353124
transition_first,0.75,16,0.5,16,3,35.606799996457994
transition_warm,0.75,16,0.5,16,3,31.995000026654452
transition_first,0.75,16,0.5,16,4,29.74790002917871
transition_warm,0.75,16,0.5,16,4,28.585500025656074
transition_first,0.75,16,0.5,16,5,32.13649999815971
transition_warm,0.75,16,0.5,16,5,33.91719999490306
transition_first,0.75,16,0.5,16,6,30.071499990299344
transition_warm,0.75,16,0.5,16,6,33.19410001859069
transition_first,0.75,16,0.5,16,7,30.877000011969358
transition_warm,0.75,16,0.5,16,7,29.47820001281798
transition_first,0.75,16,0.5,16,8,27.921599976252764
transition_warm,0.75,16,0.5,16,8,27.80829998664558
transition_first,0.75,16,0.5,16,9,29.627899988554418
transition_warm,0.75,16,0.5,16,9,29.210499953478575
transition_first,0.25,16,1.0,32,0,10.899799992330372
transition_warm,0.25,16,1.0,32,0,10.233799985144287
transition_first,0.25,16,1.0,32,1,10.214800015091896
transition_warm,0.25,16,1.0,32,1,11.332400026731193
transition_first,0.25,16,1.0,32,2,11.074100038968027
transition_warm,0.25,16,1.0,32,2,12.485100014600903
transition_first,0.25,16,1.0,32,3,12.251200038008392
transition_warm,0.25,16,1.0,32,3,11.834500008262694
transition_first,0.25,16,1.0,32,4,11.604800005443394
transition_warm,0.25,16,1.0,32,4,11.635400005616248
transition_first,0.25,16,1.0,32,5,9.977900015655905
transition_warm,0.25,16,1.0,32,5,10.467200016137213
transition_first,0.25,16,1.0,32,6,12.309299956541508
transition_warm,0.25,16,1.0,32,6,12.90189998690039
transition_first,0.25,16,1.0,32,7,11.99349999660626
transition_warm,0.25,16,1.0,32,7,12.106600042898208
transition_first,0.25,16,1.0,32,8,9.63340001180768
transition_warm,0.25,16,1.0,32,8,10.625299997627735
transition_first,0.25,16,1.0,32,9,9.625400009099394
transition_warm,0.25,16,1.0,32,9,10.770799999590963
transition_first,0.75,16,0.75,32,0,11.745100026018918
transition_warm,0.75,16,0.75,32,0,13.117900001816452
transition_first,0.75,16,0.75,32,1,10.919099964667112
transition_warm,0.75,16,0.75,32,1,11.838300037197769
transition_first,0.75,16,0.75,32,2,9.935200039763004
transition_warm,0.75,16,0.75,32,2,11.586700042244047
transition_first,0.75,16,0.75,32,3,11.210400029085577
transition_warm,0.75,16,0.75,32,3,11.924399994313717
transition_first,0.75,16,0.75,32,4,11.822100030258298
transition_warm,0.75,16,0.75,32,4,11.906799976713955
transition_first,0.75,16,0.75,32,5,10.22890000604093
transition_warm,0.75,16,0.75,32,5,12.76990002952516
transition_first,0.75,16,0.75,32,6,10.848100006114691
transition_warm,0.75,16,0.75,32,6,15.940800018142909
transition_first,0.75,16,0.75,32,7,10.520500014536083
transition_warm,0.75,16,0.75,32,7,10.452399961650372
transition_first,0.75,16,0.75,32,8,10.934899968560785
transition_warm,0.75,16,0.75,32,8,10.206999955698848
transition_first,0.75,16,0.75,32,9,12.914600025396794
transition_warm,0.75,16,0.75,32,9,11.958900024183095
transition_first,0.75,8,0.75,4,0,41.34820000035688
transition_warm,0.75,8,0.75,4,0,29.193199996370822
transition_first,0.75,8,0.75,4,1,29.982900014147162
transition_warm,0.75,8,0.75,4,1,34.742799995001405
transition_first,0.75,8,0.75,4,2,29.545800003688782
transition_warm,0.75,8,0.75,4,2,29.239800001960248
transition_first,0.75,8,0.75,4,3,35.594499961007386
transition_warm,0.75,8,0.75,4,3,32.47569996165112
transition_first,0.75,8,0.75,4,4,30.013200012035668
transition_warm,0.75,8,0.75,4,4,30.999000009614974
transition_first,0.75,8,0.75,4,5,30.84989998023957
transition_warm,0.75,8,0.75,4,5,30.97000002162531
transition_first,0.75,8,0.75,4,6,34.91429996211082
transition_warm,0.75,8,0.75,4,6,30.189800017978996
transition_first,0.75,8,0.75,4,7,34.53419997822493
transition_warm,0.75,8,0.75,4,7,32.878900005016476
transition_first,0.75,8,0.75,4,8,31.844899989664555
transition_warm,0.75,8,0.75,4,8,32.05199999501929
transition_first,0.75,8,0.75,4,9,29.07349995803088
transition_warm,0.75,8,0.75,4,9,30.69300000788644
transition_first,0.5,4,0.5,32,0,11.718900001142174
transition_warm,0.5,4,0.5,32,0,12.910999997984618
transition_first,0.5,4,0.5,32,1,12.452999944798648
transition_warm,0.5,4,0.5,32,1,12.504999991506338
transition_first,0.5,4,0.5,32,2,14.2276999540627
transition_warm,0.5,4,0.5,32,2,11.821299965959042
transition_first,0.5,4,0.5,32,3,9.27929999306798
transition_warm,0.5,4,0.5,32,3,9.791299991775304
transition_first,0.5,4,0.5,32,4,13.004900014493614
transition_warm,0.5,4,0.5,32,4,12.616700027137995
transition_first,0.5,4,0.5,32,5,11.848800000734627
transition_warm,0.5,4,0.5,32,5,11.724599986337125
transition_first,0.5,4,0.5,32,6,12.259800045285374
transition_warm,0.5,4,0.5,32,6,11.489099997561425
transition_first,0.5,4,0.5,32,7,17.301200015936047
transition_warm,0.5,4,0.5,32,7,11.845199973322451
transition_first,0.5,4,0.5,32,8,11.486199975479394
transition_warm,0.5,4,0.5,32,8,13.96850001765415
transition_first,0.5,4,0.5,32,9,9.795800026040524
transition_warm,0.5,4,0.5,32,9,14.997599995695055
transition_first,0.5,32,0.5,8,0,36.94929997436702
transition_warm,0.5,32,0.5,8,0,47.466899966821074
transition_first,0.5,32,0.5,8,1,33.51440001279116
transition_warm,0.5,32,0.5,8,1,28.284800006076694
transition_first,0.5,32,0.5,8,2,34.985699981916696
transition_warm,0.5,32,0.5,8,2,30.53889999864623
transition_first,0.5,32,0.5,8,3,32.375500013586134
transition_warm,0.5,32,0.5,8,3,28.674600005615503
transition_first,0.5,32,0.5,8,4,45.61809997539967
transition_warm,0.5,32,0.5,8,4,36.72440000809729
transition_first,0.5,32,0.5,8,5,28.914499969687313
transition_warm,0.5,32,0.5,8,5,29.694599972572178
transition_first,0.5,32,0.5,8,6,31.107999966479838
transition_warm,0.5,32,0.5,8,6,32.08829998038709
transition_first,0.5,32,0.5,8,7,32.29440003633499
transition_warm,0.5,32,0.5,8,7,43.514200020581484
transition_first,0.5,32,0.5,8,8,30.588799971155822
transition_warm,0.5,32,0.5,8,8,36.920899990946054
transition_first,0.5,32,0.5,8,9,36.393399990629405
transition_warm,0.5,32,0.5,8,9,35.59000004315749
transition_first,1.0,16,1.0,8,0,32.41150005487725
transition_warm,1.0,16,1.0,8,0,36.0964999999851
transition_first,1.0,16,1.0,8,1,46.2730000144802
transition_warm,1.0,16,1.0,8,1,50.26679998263717
transition_first,1.0,16,1.0,8,2,35.52249999484047
transition_warm,1.0,16,1.0,8,2,36.211300001014024
transition_first,1.0,16,1.0,8,3,34.59699999075383
transition_warm,1.0,16,1.0,8,3,35.15599999809638
transition_first,1.0,16,1.0,8,4,39.19999999925494
transition_warm,1.0,16,1.0,8,4,32.7157000428997
transition_first,1.0,16,1.0,8,5,34.19079998275265
transition_warm,1.0,16,1.0,8,5,33.34769996581599
transition_first,1.0,16,1.0,8,6,33.21439999854192
transition_warm,1.0,16,1.0,8,6,40.04600003827363
transition_first,1.0,16,1.0,8,7,33.59390003606677
transition_warm,1.0,16,1.0,8,7,36.84299997985363
transition_first,1.0,16,1.0,8,8,36.48880001856014
transition_warm,1.0,16,1.0,8,8,33.70769997127354
transition_first,1.0,16,1.0,8,9,37.57929999846965
transition_warm,1.0,16,1.0,8,9,41.702000016812235
transition_first,0.25,16,0.25,8,0,31.890999991446733
transition_warm,0.25,16,0.25,8,0,38.95419999025762
transition_first,0.25,16,0.25,8,1,40.3723000199534
transition_warm,0.25,16,0.25,8,1,29.289199970662594
transition_first,0.25,16,0.25,8,2,46.801600023172796
transition_warm,0.25,16,0.25,8,2,39.5087999640964
transition_first,0.25,16,0.25,8,3,30.567899986635894
transition_warm,0.25,16,0.25,8,3,33.120699983555824
transition_first,0.25,16,0.25,8,4,28.159200039226562
transition_warm,0.25,16,0.25,8,4,34.236099978443235
transition_first,0.25,16,0.25,8,5,30.27360001578927
transition_warm,0.25,16,0.25,8,5,29.49290000833571
transition_first,0.25,16,0.25,8,6,52.255299990065396
transition_warm,0.25,16,0.25,8,6,40.340299950912595
transition_first,0.25,16,0.25,8,7,31.729499984066933
transition_warm,0.25,16,0.25,8,7,28.880500001832843
transition_first,0.25,16,0.25,8,8,47.35989996697754
transition_warm,0.25,16,0.25,8,8,37.79569995822385
transition_first,0.25,16,0.25,8,9,50.65140000078827
transition_warm,0.25,16,0.25,8,9,29.204599966760725
transition_first,0.5,16,0.5,8,0,28.798599960282445
transition_warm,0.5,16,0.5,8,0,36.87100001843646
transition_first,0.5,16,0.5,8,1,31.881800037808716
transition_warm,0.5,16,0.5,8,1,29.04380002291873
transition_first,0.5,16,0.5,8,2,29.323099995963275
transition_warm,0.5,16,0.5,8,2,33.18929998204112
transition_first,0.5,16,0.5,8,3,29.87510000821203
transition_warm,0.5,16,0.5,8,3,28.262200008612126
transition_first,0.5,16,0.5,8,4,38.07009995216504
transition_warm,0.5,16,0.5,8,4,45.04640004597604
transition_first,0.5,16,0.5,8,5,35.87119997246191
transition_warm,0.5,16,0.5,8,5,28.70000002440065
transition_first,0.5,16,0.5,8,6,32.26539999013767
transition_warm,0.5,16,0.5,8,6,36.33670002454892
transition_first,0.5,16,0.5,8,7,33.773900009691715
transition_warm,0.5,16,0.5,8,7,30.76400002464652
transition_first,0.5,16,0.5,8,8,41.07930004829541
transition_warm,0.5,16,0.5,8,8,46.032599988393486
transition_first,0.5,16,0.5,8,9,33.23820000514388
transition_warm,0.5,16,0.5,8,9,28.996100008953363
transition_first,0.25,16,1.0,4,0,32.502599991858006
transition_warm,0.25,16,1.0,4,0,33.96460000658408
transition_first,0.25,16,1.0,4,1,51.312999974470586
transition_warm,0.25,16,1.0,4,1,42.02569997869432
transition_first,0.25,16,1.0,4,2,41.691499995067716
transition_warm,0.25,16,1.0,4,2,40.25700001511723
transition_first,0.25,16,1.0,4,3,35.922100010793656
transition_warm,0.25,16,1.0,4,3,54.66500000329688
transition_first,0.25,16,1.0,4,4,38.1574000348337
transition_warm,0.25,16,1.0,4,4,55.31429999973625
transition_first,0.25,16,1.0,4,5,33.73859997373074
transition_warm,0.25,16,1.0,4,5,38.1201000418514
transition_first,0.25,16,1.0,4,6,37.34890004852787
transition_warm,0.25,16,1.0,4,6,37.47149999253452
transition_first,0.25,16,1.0,4,7,34.01209996081889
transition_warm,0.25,16,1.0,4,7,37.437900027725846
transition_first,0.25,16,1.0,4,8,37.64009999576956
transition_warm,0.25,16,1.0,4,8,36.553299985826015
transition_first,0.25,16,1.0,4,9,33.16429996630177
transition_warm,0.25,16,1.0,4,9,38.7273000087589
transition_first,0.5,32,0.5,16,0,29.31959996931255
transition_warm,0.5,32,0.5,16,0,43.06310001993552
transition_first,0.5,32,0.5,16,1,32.32409997144714
transition_warm,0.5,32,0.5,16,1,34.21610000077635
transition_first,0.5,32,0.5,16,2,29.93760001845658
transition_warm,0.5,32,0.5,16,2,26.20209997985512
transition_first,0.5,32,0.5,16,3,31.53579996433109
transition_warm,0.5,32,0.5,16,3,32.5035999994725
transition_first,0.5,32,0.5,16,4,36.071999988052994
transition_warm,0.5,32,0.5,16,4,35.35110002849251
transition_first,0.5,32,0.5,16,5,48.86280000209808
transition_warm,0.5,32,0.5,16,5,35.46390001429245
transition_first,0.5,32,0.5,16,6,30.26739996857941
transition_warm,0.5,32,0.5,16,6,37.217199977021664
transition_first,0.5,32,0.5,16,7,31.806599989067763
transition_warm,0.5,32,0.5,16,7,33.57629996025935
transition_first,0.5,32,0.5,16,8,30.942999990656972
transition_warm,0.5,32,0.5,16,8,30.63240001210943
transition_first,0.5,32,0.5,16,9,37.20329998759553
transition_warm,0.5,32,0.5,16,9,41.65400000056252
transition_first,0.75,8,0.75,16,0,37.02799999155104
transition_warm,0.75,8,0.75,16,0,32.9941000090912
transition_first,0.75,8,0.75,16,1,31.047799973748624
transition_warm,0.75,8,0.75,16,1,31.14759997697547
transition_first,0.75,8,0.75,16,2,32.296899997163564
transition_warm,0.75,8,0.75,16,2,43.4996000258252
transition_first,0.75,8,0.75,16,3,33.26489997562021
transition_warm,0.75,8,0.75,16,3,34.293699951376766
transition_first,0.75,8,0.75,16,4,32.11849997751415
transition_warm,0.75,8,0.75,16,4,31.624099996406585
transition_first,0.75,8,0.75,16,5,33.784399973228574
transition_warm,0.75,8,0.75,16,5,32.601999992039055
transition_first,0.75,8,0.75,16,6,34.58390000741929
transition_warm,0.75,8,0.75,16,6,41.63870000047609
transition_first,0.75,8,0.75,16,7,31.04280005209148
transition_warm,0.75,8,0.75,16,7,33.77209999598563
transition_first,0.75,8,0.75,16,8,34.99539999756962
transition_warm,0.75,8,0.75,16,8,36.95989999687299
transition_first,0.75,8,0.75,16,9,88.23110000230372
transition_warm,0.75,8,0.75,16,9,54.38649997813627
transition_first,0.5,4,0.75,16,0,31.000300019513816
transition_warm,0.5,4,0.75,16,0,29.171900008805096
transition_first,0.5,4,0.75,16,1,29.920700006186962
transition_warm,0.5,4,0.75,16,1,32.26920001907274
transition_first,0.5,4,0.75,16,2,29.108699993230402
transition_warm,0.5,4,0.75,16,2,29.17580003850162
transition_first,0.5,4,0.75,16,3,32.56249998230487
transition_warm,0.5,4,0.75,16,3,29.353199992328882
transition_first,0.5,4,0.75,16,4,48.51860000053421
transition_warm,0.5,4,0.75,16,4,37.936000037007034
transition_first,0.5,4,0.75,16,5,29.126500012353063
transition_warm,0.5,4,0.75,16,5,31.593099993187934
transition_first,0.5,4,0.75,16,6,34.94639997370541
transition_warm,0.5,4,0.75,16,6,37.63589996378869
transition_first,0.5,4,0.75,16,7,35.56739998748526
transition_warm,0.5,4,0.75,16,7,29.450699978042394
transition_first,0.5,4,0.75,16,8,33.897100016474724
transition_warm,0.5,4,0.75,16,8,31.129600014537573
transition_first,0.5,4,0.75,16,9,28.192700003273785
transition_warm,0.5,4,0.75,16,9,34.35229999013245
transition_first,0.25,32,0.5,8,0,35.495800024364144
transition_warm,0.25,32,0.5,8,0,29.741999984253198
transition_first,0.25,32,0.5,8,1,45.70319998310879
transition_warm,0.25,32,0.5,8,1,43.192600016482174
transition_first,0.25,32,0.5,8,2,55.13289995724335
transition_warm,0.25,32,0.5,8,2,35.658600041642785
transition_first,0.25,32,0.5,8,3,31.88999998383224
transition_warm,0.25,32,0.5,8,3,36.019899998791516
transition_first,0.25,32,0.5,8,4,34.41920003388077
transition_warm,0.25,32,0.5,8,4,31.904399977065623
transition_first,0.25,32,0.5,8,5,34.0114000136964
transition_warm,0.25,32,0.5,8,5,38.965500018093735
transition_first,0.25,32,0.5,8,6,32.48960000928491
transition_warm,0.25,32,0.5,8,6,32.79130003647879
transition_first,0.25,32,0.5,8,7,33.331000013276935
transition_warm,0.25,32,0.5,8,7,35.66250001313165
transition_first,0.25,32,0.5,8,8,49.3762000114657
transition_warm,0.25,32,0.5,8,8,30.340900004375726
transition_first,0.25,32,0.5,8,9,29.700899962335825
transition_warm,0.25,32,0.5,8,9,30.136299959849566
transition_first,0.5,16,0.5,4,0,36.52449999935925
transition_warm,0.5,16,0.5,4,0,31.547499995213002
transition_first,0.5,16,0.5,4,1,32.135200046468526
transition_warm,0.5,16,0.5,4,1,31.978200015146285
transition_first,0.5,16,0.5,4,2,36.05240001343191
transition_warm,0.5,16,0.5,4,2,39.04170001624152
transition_first,0.5,16,0.5,4,3,29.167099972255528
transition_warm,0.5,16,0.5,4,3,33.07839995250106
transition_first,0.5,16,0.5,4,4,43.1205999921076
transition_warm,0.5,16,0.5,4,4,37.781800027005374
transition_first,0.5,16,0.5,4,5,36.72270005336031
transition_warm,0.5,16,0.5,4,5,43.439699977170676
transition_first,0.5,16,0.5,4,6,35.73310002684593
transition_warm,0.5,16,0.5,4,6,30.49130004364997
transition_first,0.5,16,0.5,4,7,37.12860000086948
transition_warm,0.5,16,0.5,4,7,40.443899983074516
transition_first,0.5,16,0.5,4,8,38.83759997552261
transition_warm,0.5,16,0.5,4,8,34.175499982666224
transition_first,0.5,16,0.5,4,9,36.1269999993965
transition_warm,0.5,16,0.5,4,9,26.71210002154112
transition_first,1.0,16,0.75,4,0,33.012099971529096
transition_warm,1.0,16,0.75,4,0,32.357299991417676
transition_first,1.0,16,0.75,4,1,35.40749999228865
transition_warm,1.0,16,0.75,4,1,35.49520001979545
transition_first,1.0,16,0.75,4,2,34.89080001600087
transition_warm,1.0,16,0.75,4,2,38.00339996814728
transition_first,1.0,16,0.75,4,3,45.54590000770986
transition_warm,1.0,16,0.75,4,3,30.556799960322678
transition_first,1.0,16,0.75,4,4,33.13739999430254
transition_warm,1.0,16,0.75,4,4,30.117099988274276
transition_first,1.0,16,0.75,4,5,32.42240002145991
transition_warm,1.0,16,0.75,4,5,34.089500026311725
transition_first,1.0,16,0.75,4,6,35.3019000031054
transition_warm,1.0,16,0.75,4,6,32.83499996177852
transition_first,1.0,16,0.75,4,7,37.452799966558814
transition_warm,1.0,16,0.75,4,7,32.63079997850582
transition_first,1.0,16,0.75,4,8,29.91799998562783
transition_warm,1.0,16,0.75,4,8,31.6156999906525
transition_first,1.0,16,0.75,4,9,28.947199985850602
transition_warm,1.0,16,0.75,4,9,31.51529998285696
transition_first,0.5,8,0.25,8,0,30.121400021016598
transition_warm,0.5,8,0.25,8,0,29.171700007282197
transition_first,0.5,8,0.25,8,1,36.257100000511855
transition_warm,0.5,8,0.25,8,1,33.474600000772625
transition_first,0.5,8,0.25,8,2,34.859900013543665
transition_warm,0.5,8,0.25,8,2,44.87300000619143
transition_first,0.5,8,0.25,8,3,50.277400005143136
transition_warm,0.5,8,0.25,8,3,39.87769997911528
transition_first,0.5,8,0.25,8,4,31.51540004182607
transition_warm,0.5,8,0.25,8,4,30.32229997916147
transition_first,0.5,8,0.25,8,5,31.53129998827353
transition_warm,0.5,8,0.25,8,5,35.58659995906055
transition_first,0.5,8,0.25,8,6,27.727699954994023
transition_warm,0.5,8,0.25,8,6,32.65499998815358
transition_first,0.5,8,0.25,8,7,31.12430003238842
transition_warm,0.5,8,0.25,8,7,37.31390001485124
transition_first,0.5,8,0.25,8,8,30.57900001294911
transition_warm,0.5,8,0.25,8,8,31.881399976555258
transition_first,0.5,8,0.25,8,9,41.75800003577024
transition_warm,0.5,8,0.25,8,9,30.172500002663583
transition_first,1.0,8,0.75,16,0,32.019799982663244
transition_warm,1.0,8,0.75,16,0,32.79520000796765
transition_first,1.0,8,0.75,16,1,30.703599972184747
transition_warm,1.0,8,0.75,16,1,39.57950003677979
transition_first,1.0,8,0.75,16,2,44.59070001030341
transition_warm,1.0,8,0.75,16,2,41.925499972421676
transition_first,1.0,8,0.75,16,3,36.38130001490936
transition_warm,1.0,8,0.75,16,3,31.857100024353713
transition_first,1.0,8,0.75,16,4,29.58900004159659
transition_warm,1.0,8,0.75,16,4,34.18169997166842
transition_first,1.0,8,0.75,16,5,34.922199964057654
transition_warm,1.0,8,0.75,16,5,36.332699994090945
transition_first,1.0,8,0.75,16,6,31.13160002976656
transition_warm,1.0,8,0.75,16,6,39.04719999991357
transition_first,1.0,8,0.75,16,7,38.581600005272776
transition_warm,1.0,8,0.75,16,7,30.284799984656274
transition_first,1.0,8,0.75,16,8,33.296699984930456
transition_warm,1.0,8,0.75,16,8,52.53450002055615
transition_first,1.0,8,0.75,16,9,38.18570001749322
transition_warm,1.0,8,0.75,16,9,45.374999986961484
transition_first,1.0,16,0.25,8,0,35.965300048701465
transition_warm,1.0,16,0.25,8,0,27.281199989374727
transition_first,1.0,16,0.25,8,1,36.93030000431463
transition_warm,1.0,16,0.25,8,1,36.525400006212294
transition_first,1.0,16,0.25,8,2,30.944099999032915
transition_warm,1.0,16,0.25,8,2,35.098299966193736
transition_first,1.0,16,0.25,8,3,32.43570000631735
transition_warm,1.0,16,0.25,8,3,36.482200026512146
transition_first,1.0,16,0.25,8,4,36.329900030978024
transition_warm,1.0,16,0.25,8,4,35.06770002422854
transition_first,1.0,16,0.25,8,5,41.54239996569231
transition_warm,1.0,16,0.25,8,5,35.442200023680925
transition_first,1.0,16,0.25,8,6,35.033199994359165
transition_warm,1.0,16,0.25,8,6,29.99240002827719
transition_first,1.0,16,0.25,8,7,36.38210002100095
transition_warm,1.0,16,0.25,8,7,29.054699989501387
transition_first,1.0,16,0.25,8,8,30.977700022049248
transition_warm,1.0,16,0.25,8,8,28.313000046182424
transition_first,1.0,16,0.25,8,9,45.69409997202456
transition_warm,1.0,16,0.25,8,9,49.110099964309484
transition_first,1.0,8,1.0,32,0,11.425300035625696
transition_warm,1.0,8,1.0,32,0,11.957200011238456
transition_first,1.0,8,1.0,32,1,15.830399992410094
transition_warm,1.0,8,1.0,32,1,17.0963000273332
transition_first,1.0,8,1.0,32,2,13.460499991197139
transition_warm,1.0,8,1.0,32,2,13.294900010805577
transition_first,1.0,8,1.0,32,3,9.390799968969077
transition_warm,1.0,8,1.0,32,3,9.332999994512647
transition_first,1.0,8,1.0,32,4,10.151199996471405
transition_warm,1.0,8,1.0,32,4,10.414599964860827
transition_first,1.0,8,1.0,32,5,11.581300001125783
transition_warm,1.0,8,1.0,32,5,9.783299989067018
transition_first,1.0,8,1.0,32,6,19.244000024627894
transition_warm,1.0,8,1.0,32,6,14.902699971571565
transition_first,1.0,8,1.0,32,7,12.846599973272532
transition_warm,1.0,8,1.0,32,7,12.631499965209514
transition_first,1.0,8,1.0,32,8,14.19670000905171
transition_warm,1.0,8,1.0,32,8,13.767399999778718
transition_first,1.0,8,1.0,32,9,12.238499999511987
transition_warm,1.0,8,1.0,32,9,12.359999993350357
transition_first,0.25,4,0.25,32,0,10.480700002517551
transition_warm,0.25,4,0.25,32,0,10.010700032580644
transition_first,0.25,4,0.25,32,1,18.619999988004565
transition_warm,0.25,4,0.25,32,1,20.392500038724393
transition_first,0.25,4,0.25,32,2,12.812700006179512
transition_warm,0.25,4,0.25,32,2,10.444200015626848
transition_first,0.25,4,0.25,32,3,12.645599956158549
transition_warm,0.25,4,0.25,32,3,11.269599955994636
transition_first,0.25,4,0.25,32,4,11.562200030311942
transition_warm,0.25,4,0.25,32,4,11.112499982118607
transition_first,0.25,4,0.25,32,5,12.832399981562048
transition_warm,0.25,4,0.25,32,5,20.398999971803278
transition_first,0.25,4,0.25,32,6,10.561600036453456
transition_warm,0.25,4,0.25,32,6,9.390800027176738
transition_first,0.25,4,0.25,32,7,11.728000012226403
transition_warm,0.25,4,0.25,32,7,10.416700039058924
transition_first,0.25,4,0.25,32,8,10.586699994746596
transition_warm,0.25,4,0.25,32,8,10.867800039704889
transition_first,0.25,4,0.25,32,9,18.414099991787225
transition_warm,0.25,4,0.25,32,9,17.06360001116991
transition_first,1.0,4,0.5,32,0,11.862200044561177
transition_warm,1.0,4,0.5,32,0,10.838699992746115
transition_first,1.0,4,0.5,32,1,10.998399986419827
transition_warm,1.0,4,0.5,32,1,12.915799976326525
transition_first,1.0,4,0.5,32,2,11.926500010304153
transition_warm,1.0,4,0.5,32,2,13.083300029393286
transition_first,1.0,4,0.5,32,3,10.786700004246086
transition_warm,1.0,4,0.5,32,3,12.22620002226904
transition_first,1.0,4,0.5,32,4,12.930400029290468
transition_warm,1.0,4,0.5,32,4,12.233699962962419
transition_first,1.0,4,0.5,32,5,12.031899997964501
transition_warm,1.0,4,0.5,32,5,10.847199999261647
transition_first,1.0,4,0.5,32,6,13.395400019362569
transition_warm,1.0,4,0.5,32,6,11.791300028562546
transition_first,1.0,4,0.5,32,7,10.876999993342906
transition_warm,1.0,4,0.5,32,7,13.096600014250726
transition_first,1.0,4,0.5,32,8,13.564599968958646
transition_warm,1.0,4,0.5,32,8,12.497899995651096
transition_first,1.0,4,0.5,32,9,12.402299966197461
transition_warm,1.0,4,0.5,32,9,14.99100000364706
transition_first,0.5,32,0.25,8,0,35.835100046824664
transition_warm,0.5,32,0.25,8,0,31.278899987228215
transition_first,0.5,32,0.25,8,1,28.477600018959492
transition_warm,0.5,32,0.25,8,1,36.48349997820333
transition_first,0.5,32,0.25,8,2,37.62659995118156
transition_warm,0.5,32,0.25,8,2,36.453999986406416
transition_first,0.5,32,0.25,8,3,29.52999999979511
transition_warm,0.5,32,0.25,8,3,32.998799986671656
transition_first,0.5,32,0.25,8,4,36.894299963023514
transition_warm,0.5,32,0.25,8,4,41.32530000060797
transition_first,0.5,32,0.25,8,5,32.07500005373731
transition_warm,0.5,32,0.25,8,5,33.44440000364557
transition_first,0.5,32,0.25,8,6,35.04039999097586
transition_warm,0.5,32,0.25,8,6,31.878900015726686
transition_first,0.5,32,0.25,8,7,32.24139998201281
transition_warm,0.5,32,0.25,8,7,33.29570003552362
transition_first,0.5,32,0.25,8,8,33.4158000187017
transition_warm,0.5,32,0.25,8,8,30.50310001708567
transition_first,0.5,32,0.25,8,9,28.460600005928427
transition_warm,0.5,32,0.25,8,9,30.91799997491762
