record_type,from_width_mult,from_bit_width,width_mult,bit_width,sample_index,latency_ms
warm,,,0.25,4,0,31.17119998205453
warm,,,0.25,4,1,30.369299987796694
warm,,,0.25,4,2,28.035999974235892
warm,,,0.25,4,3,27.47349999845028
warm,,,0.25,4,4,27.039600012358278
warm,,,0.25,4,5,32.862599997315556
warm,,,0.25,4,6,30.775299994274974
warm,,,0.25,4,7,28.332299960311502
warm,,,0.25,4,8,26.160100009292364
warm,,,0.25,4,9,26.746599993202835
warm,,,0.25,4,10,27.559800015296787
warm,,,0.25,4,11,26.58459998201579
warm,,,0.25,4,12,28.998600027989596
warm,,,0.25,4,13,49.009200010914356
warm,,,0.25,4,14,44.88500003935769
warm,,,0.25,4,15,35.734000033698976
warm,,,0.25,4,16,27.961599989794195
warm,,,0.25,4,17,37.59399999398738
warm,,,0.25,4,18,52.38100001588464
warm,,,0.25,4,19,56.81769998045638
warm,,,0.25,4,20,46.63779999827966
warm,,,0.25,4,21,50.123599998187274
warm,,,0.25,4,22,34.88859999924898
warm,,,0.25,4,23,31.78060002392158
warm,,,0.25,4,24,30.308099987450987
warm,,,0.25,4,25,35.363399947527796
warm,,,0.25,4,26,28.494599973782897
warm,,,0.25,4,27,28.6441000062041
warm,,,0.25,4,28,26.253100018948317
warm,,,0.25,4,29,27.517399983480573
warm,,,0.25,4,30,28.502800036221743
warm,,,0.25,4,31,33.84369995910674
warm,,,0.25,4,32,28.613700007554144
warm,,,0.25,4,33,26.9935000105761
warm,,,0.25,4,34,27.231100015342236
warm,,,0.25,4,35,34.95719999773428
warm,,,0.25,4,36,26.910899963695556
warm,,,0.25,4,37,25.846200005616993
warm,,,0.25,4,38,28.189400036353618
warm,,,0.25,4,39,34.04589998535812
warm,,,0.25,4,40,29.072600009385496
warm,,,0.25,4,41,27.427799999713898
warm,,,0.25,4,42,28.641599987167865
warm,,,0.25,4,43,26.262399973347783
warm,,,0.25,4,44,26.532199990469962
warm,,,0.25,4,45,27.00820000609383
warm,,,0.25,4,46,29.56080000149086
warm,,,0.25,4,47,27.514099958352745
warm,,,0.25,4,48,27.90620003361255
warm,,,0.25,4,49,28.94620003644377
warm,,,0.25,4,50,26.772199955303222
warm,,,0.25,4,51,28.314499999396503
warm,,,0.25,4,52,26.178099971730262
warm,,,0.25,4,53,29.011800012085587
warm,,,0.25,4,54,26.59189997939393
warm,,,0.25,4,55,27.176300005521625
warm,,,0.25,4,56,27.172000030986965
warm,,,0.25,4,57,28.12710002763197
warm,,,0.25,4,58,27.77730004163459
warm,,,0.25,4,59,28.30040000844747
warm,,,0.25,4,60,33.213999995496124
warm,,,0.25,4,61,29.6113999793306
warm,,,0.25,4,62,27.37730002263561
warm,,,0.25,4,63,35.488400026224554
warm,,,0.25,4,64,27.282800001557916
warm,,,0.25,4,65,27.844700030982494
warm,,,0.25,4,66,27.97840000130236
warm,,,0.25,4,67,27.988400019239634
warm,,,0.25,4,68,28.325799969024956
warm,,,0.25,4,69,29.26179999485612
warm,,,0.25,4,70,26.472199999261647
warm,,,0.25,4,71,27.269300015177578
warm,,,0.25,4,72,28.5759000107646
warm,,,0.25,4,73,33.33750000456348
warm,,,0.25,4,74,28.992799983825535
warm,,,0.25,4,75,30.70639999350533
warm,,,0.25,4,76,27.881200017873198
warm,,,0.25,4,77,27.156100026331842
warm,,,0.25,4,78,26.739699998870492
warm,,,0.25,4,79,28.548499976750463
warm,,,0.25,4,80,28.493500023614615
warm,,,0.25,4,81,29.38909997465089
warm,,,0.25,4,82,28.046199993696064
warm,,,0.25,4,83,28.068699990399182
warm,,,0.25,4,84,26.636999973561615
warm,,,0.25,4,85,33.66239997558296
warm,,,0.25,4,86,28.559099999256432
warm,,,0.25,4,87,26.81860001757741
warm,,,0.25,4,88,27.79510000254959
warm,,,0.25,4,89,27.973399963229895
warm,,,0.25,4,90,27.274099993519485
warm,,,0.25,4,91,26.474000012967736
warm,,,0.25,4,92,44.710999995004386
warm,,,0.25,4,93,33.317500026896596
warm,,,0.25,4,94,40.61409999849275
warm,,,0.25,4,95,37.72279998520389
warm,,,0.25,4,96,40.01510003581643
warm,,,0.25,4,97,36.80189995793626
warm,,,0.25,4,98,30.197400017641485
warm,,,0.25,4,99,27.626499999314547
warm,,,0.25,4,100,29.383899993263185
warm,,,0.25,4,101,42.49110003001988
warm,,,0.25,4,102,27.189899992663413
warm,,,0.25,4,103,27.08520001033321
warm,,,0.25,4,104,28.733499988447875
warm,,,0.25,4,105,28.293800016399473
warm,,,0.25,4,106,26.066899998113513
warm,,,0.25,4,107,33.11259998008609
warm,,,0.25,4,108,29.431300004944205
warm,,,0.25,4,109,27.672399999573827
warm,,,0.25,4,110,27.690600021742284
warm,,,0.25,4,111,27.87629998056218
warm,,,0.25,4,112,32.48140000505373
warm,,,0.25,4,113,28.138199995737523
warm,,,0.25,4,114,25.971499970182776
warm,,,0.25,4,115,27.823800046462566
warm,,,0.25,4,116,27.993800002150238
warm,,,0.25,4,117,27.789500018116087
warm,,,0.25,4,118,27.70569996209815
warm,,,0.25,4,119,32.74910000618547
warm,,,0.25,4,120,29.642100038472563
warm,,,0.25,4,121,38.44939998816699
warm,,,0.25,4,122,27.002800023183227
warm,,,0.25,4,123,26.438499975483865
warm,,,0.25,4,124,27.660399966407567
warm,,,0.25,4,125,28.33579998696223
warm,,,0.25,4,126,27.911200013477355
warm,,,0.25,4,127,28.668200015090406
warm,,,0.25,4,128,28.106600046157837
warm,,,0.25,4,129,27.87179994629696
warm,,,0.25,4,130,27.492000022903085
warm,,,0.25,4,131,26.715199986938387
warm,,,0.25,4,132,28.5563999786973
warm,,,0.25,4,133,29.526000027544796
warm,,,0.25,4,134,28.8484999909997
warm,,,0.25,4,135,28.100600000470877
warm,,,0.25,4,136,25.7090000086464
warm,,,0.25,4,137,33.51400000974536
warm,,,0.25,4,138,29.596799984574318
warm,,,0.25,4,139,27.599800028838217
warm,,,0.25,4,140,27.262000017799437
warm,,,0.25,4,141,26.597399963065982
warm,,,0.25,4,142,36.87740000896156
warm,,,0.25,4,143,35.62609996879473
warm,,,0.25,4,144,44.78599998401478
warm,,,0.25,4,145,41.9856000225991
warm,,,0.25,4,146,28.29740004381165
warm,,,0.25,4,147,27.895300008822232
warm,,,0.25,4,148,28.141200018581003
warm,,,0.25,4,149,27.194000023882836
warm,,,0.25,4,150,26.73089999007061
warm,,,0.25,4,151,26.97990002343431
warm,,,0.25,4,152,33.69869996095076
warm,,,0.25,4,153,27.549599995836616
warm,,,0.25,4,154,44.939399987924844
warm,,,0.25,4,155,36.445400037337095
warm,,,0.25,4,156,26.04210004210472
warm,,,0.25,4,157,26.864899962674826
warm,,,0.25,4,158,35.08120001060888
warm,,,0.25,4,159,26.841099956072867
warm,,,0.25,4,160,27.930900047067553
warm,,,0.25,4,161,28.82000000681728
warm,,,0.25,4,162,28.64359994418919
warm,,,0.25,4,163,26.069600018672645
warm,,,0.25,4,164,28.62319996347651
warm,,,0.25,4,165,28.60389999113977
warm,,,0.25,4,166,37.131400022190064
warm,,,0.25,4,167,30.919899989385158
warm,,,0.25,4,168,44.73760002292693
warm,,,0.25,4,169,40.98829999566078
warm,,,0.25,4,170,32.77630003867671
warm,,,0.25,4,171,28.293900017160922
warm,,,0.25,4,172,26.615200040396303
warm,,,0.25,4,173,28.422000003047287
warm,,,0.25,4,174,34.488199977204204
warm,,,0.25,4,175,27.76540000922978
warm,,,0.25,4,176,28.400400013197213
warm,,,0.25,4,177,28.233699966222048
warm,,,0.25,4,178,35.828899999614805
warm,,,0.25,4,179,27.561899973079562
warm,,,0.25,4,180,26.95359999779612
warm,,,0.25,4,181,28.286100015975535
warm,,,0.25,4,182,37.368200020864606
warm,,,0.25,4,183,34.08569999737665
warm,,,0.25,4,184,25.860499998088926
warm,,,0.25,4,185,43.693299987353384
warm,,,0.25,4,186,34.929800021927804
warm,,,0.25,4,187,36.24599997419864
warm,,,0.25,4,188,27.558400004636496
warm,,,0.25,4,189,25.75349999824539
warm,,,0.25,4,190,27.190099994186312
warm,,,0.25,4,191,27.921099972445518
warm,,,0.25,4,192,27.542700001504272
warm,,,0.25,4,193,34.95679999468848
warm,,,0.25,4,194,29.478900018148124
warm,,,0.25,4,195,28.27360003720969
warm,,,0.25,4,196,26.618899952154607
warm,,,0.25,4,197,27.0868000225164
warm,,,0.25,4,198,26.48489997955039
warm,,,0.25,4,199,28.487099974881858
warm,,,0.25,8,0,28.808900038711727
warm,,,0.25,8,1,28.339300013612956
warm,,,0.25,8,2,28.76959997229278
warm,,,0.25,8,3,26.684499986004084
warm,,,0.25,8,4,27.671199990436435
warm,,,0.25,8,5,28.301799960900098
warm,,,0.25,8,6,28.449299978092313
warm,,,0.25,8,7,32.9935000045225
warm,,,0.25,8,8,35.74939997633919
warm,,,0.25,8,9,33.14600000157952
warm,,,0.25,8,10,31.994799966923892
warm,,,0.25,8,11,27.528899954631925
warm,,,0.25,8,12,28.02040003007278
warm,,,0.25,8,13,25.789500039536506
warm,,,0.25,8,14,28.25839997967705
warm,,,0.25,8,15,28.91970000928268
warm,,,0.25,8,16,39.00520002935082
warm,,,0.25,8,17,39.590300002601
warm,,,0.25,8,18,41.06219997629523
warm,,,0.25,8,19,25.831400009337813
warm,,,0.25,8,20,28.032500005792826
warm,,,0.25,8,21,34.53619999345392
warm,,,0.25,8,22,39.42530002677813
warm,,,0.25,8,23,30.599999998230487
warm,,,0.25,8,24,28.964400000404567
warm,,,0.25,8,25,28.513199998997152
warm,,,0.25,8,26,28.34149997215718
warm,,,0.25,8,27,39.36280001653358
warm,,,0.25,8,28,28.94749998813495
warm,,,0.25,8,29,28.06599996984005
warm,,,0.25,8,30,32.511400000657886
warm,,,0.25,8,31,40.313499979674816
warm,,,0.25,8,32,34.69269996276125
warm,,,0.25,8,33,26.645399979315698
warm,,,0.25,8,34,26.51190001051873
warm,,,0.25,8,35,26.898999989498407
warm,,,0.25,8,36,34.483700001146644
warm,,,0.25,8,37,40.13410001061857
warm,,,0.25,8,38,28.995800006669015
warm,,,0.25,8,39,25.855900021269917
warm,,,0.25,8,40,28.980900009628385
warm,,,0.25,8,41,27.826800011098385
warm,,,0.25,8,42,28.57269998639822
warm,,,0.25,8,43,26.551300019491464
warm,,,0.25,8,44,28.573099989444017
warm,,,0.25,8,45,28.24359998339787
warm,,,0.25,8,46,27.032600017264485
warm,,,0.25,8,47,27.587099990341812
warm,,,0.25,8,48,27.232199965510517
warm,,,0.25,8,49,27.334799990057945
warm,,,0.25,8,50,27.194100024644285
warm,,,0.25,8,51,27.19340001931414
warm,,,0.25,8,52,28.46930001396686
warm,,,0.25,8,53,29.162899998482317
warm,,,0.25,8,54,34.722300013527274
warm,,,0.25,8,55,28.881499951239675
warm,,,0.25,8,56,26.602300000377
warm,,,0.25,8,57,28.164499963168055
warm,,,0.25,8,58,27.804700017441064
warm,,,0.25,8,59,26.468200027011335
warm,,,0.25,8,60,28.407399950083345
warm,,,0.25,8,61,28.03809999022633
warm,,,0.25,8,62,28.737700020428747
warm,,,0.25,8,63,28.228499984834343
warm,,,0.25,8,64,30.06449999520555
warm,,,0.25,8,65,28.06169999530539
warm,,,0.25,8,66,27.557499997783452
warm,,,0.25,8,67,28.47779996227473
warm,,,0.25,8,68,28.154300001915544
warm,,,0.25,8,69,26.9994999980554
warm,,,0.25,8,70,28.166600037366152
warm,,,0.25,8,71,25.604100024793297
warm,,,0.25,8,72,26.79070003796369
warm,,,0.25,8,73,27.92670001508668
warm,,,0.25,8,74,27.40060002543032
warm,,,0.25,8,75,27.564899995923042
warm,,,0.25,8,76,29.939099971670657
warm,,,0.25,8,77,38.909099996089935
warm,,,0.25,8,78,29.056500003207475
warm,,,0.25,8,79,25.79320000950247
warm,,,0.25,8,80,26.441699999850243
warm,,,0.25,8,81,33.04519999073818
warm,,,0.25,8,82,28.97420001681894
warm,,,0.25,8,83,27.276699955109507
warm,,,0.25,8,84,27.131600014399737
warm,,,0.25,8,85,27.516899979673326
warm,,,0.25,8,86,27.227099984884262
warm,,,0.25,8,87,27.345600014086813
warm,,,0.25,8,88,26.79909998551011
warm,,,0.25,8,89,27.880400011781603
warm,,,0.25,8,90,26.779000007081777
warm,,,0.25,8,91,28.269700007513165
warm,,,0.25,8,92,46.03339999448508
warm,,,0.25,8,93,26.94730000803247
warm,,,0.25,8,94,31.6842999891378
warm,,,0.25,8,95,29.04519997537136
warm,,,0.25,8,96,38.84320001816377
warm,,,0.25,8,97,51.330299989786
warm,,,0.25,8,98,30.377799994312227
warm,,,0.25,8,99,28.582699946127832
warm,,,0.25,8,100,29.689499991945922
warm,,,0.25,8,101,31.50350000942126
warm,,,0.25,8,102,27.718600002117455
warm,,,0.25,8,103,25.495900015812367
warm,,,0.25,8,104,26.540699996985495
warm,,,0.25,8,105,27.91469998192042
warm,,,0.25,8,106,28.18299998762086
warm,,,0.25,8,107,31.551699968986213
warm,,,0.25,8,108,32.225799979642034
warm,,,0.25,8,109,27.835099957883358
warm,,,0.25,8,110,26.569999987259507
warm,,,0.25,8,111,26.983699994161725
warm,,,0.25,8,112,27.904099959414452
warm,,,0.25,8,113,26.520200015511364
warm,,,0.25,8,114,27.943799970671535
warm,,,0.25,8,115,26.792399992700666
warm,,,0.25,8,116,27.110899973195046
warm,,,0.25,8,117,28.130399994552135
warm,,,0.25,8,118,27.70909998798743
warm,,,0.25,8,119,29.532300017308444
warm,,,0.25,8,120,38.414500013459474
warm,,,0.25,8,121,30.50759999314323
warm,,,0.25,8,122,31.000700022559613
warm,,,0.25,8,123,44.17240002658218
warm,,,0.25,8,124,32.764800009317696
warm,,,0.25,8,125,30.7656999793835
warm,,,0.25,8,126,40.4153999988921
warm,,,0.25,8,127,30.216699989978224
warm,,,0.25,8,128,30.59510001912713
warm,,,0.25,8,129,32.02939999755472
warm,,,0.25,8,130,29.684700013604015
warm,,,0.25,8,131,32.58329996606335
warm,,,0.25,8,132,31.32090001599863
warm,,,0.25,8,133,34.82210001675412
warm,,,0.25,8,134,34.85629998613149
warm,,,0.25,8,135,44.00920000625774
warm,,,0.25,8,136,33.480599988251925
warm,,,0.25,8,137,30.528900038916618
warm,,,0.25,8,138,31.848300015553832
warm,,,0.25,8,139,32.69160003401339
warm,,,0.25,8,140,35.101500048767775
warm,,,0.25,8,141,32.77920000255108
warm,,,0.25,8,142,38.10590005014092
warm,,,0.25,8,143,32.442099996842444
warm,,,0.25,8,144,29.915499966591597
warm,,,0.25,8,145,45.25750002358109
warm,,,0.25,8,146,34.91750004468486
warm,,,0.25,8,147,36.57630004454404
warm,,,0.25,8,148,26.73690003575757
warm,,,0.25,8,149,32.45300002163276
warm,,,0.25,8,150,27.48520002933219
warm,,,0.25,8,151,26.926299964543432
warm,,,0.25,8,152,28.924599988386035
warm,,,0.25,8,153,27.676699974108487
warm,,,0.25,8,154,27.09679998224601
warm,,,0.25,8,155,26.933500019367784
warm,,,0.25,8,156,25.99190000910312
warm,,,0.25,8,157,31.38629999011755
warm,,,0.25,8,158,27.547999983653426
warm,,,0.25,8,159,28.129300044383854
warm,,,0.25,8,160,27.85399998538196
warm,,,0.25,8,161,41.33179999189451
warm,,,0.25,8,162,30.268900038208812
warm,,,0.25,8,163,26.506600028369576
warm,,,0.25,8,164,27.430899965111166
warm,,,0.25,8,165,27.272500039543957
warm,,,0.25,8,166,30.184000032022595
warm,,,0.25,8,167,36.88339999644086
warm,,,0.25,8,168,42.56819997681305
warm,,,0.25,8,169,37.66849997919053
warm,,,0.25,8,170,32.66790002817288
warm,,,0.25,8,171,28.96699996199459
warm,,,0.25,8,172,30.628499982412905
warm,,,0.25,8,173,27.127600042149425
warm,,,0.25,8,174,26.453400030732155
warm,,,0.25,8,175,27.728599961847067
warm,,,0.25,8,176,28.447500022593886
warm,,,0.25,8,177,27.711500006262213
warm,,,0.25,8,178,27.03800000017509
warm,,,0.25,8,179,27.08230004645884
warm,,,0.25,8,180,27.22289995290339
warm,,,0.25,8,181,27.787900005932897
warm,,,0.25,8,182,27.414500014856458
warm,,,0.25,8,183,28.2389999483712
warm,,,0.25,8,184,36.93449997808784
warm,,,0.25,8,185,27.310699981171638
warm,,,0.25,8,186,38.41939999256283
warm,,,0.25,8,187,31.933400023262948
warm,,,0.25,8,188,25.526900019031018
warm,,,0.25,8,189,27.3532000137493
warm,,,0.25,8,190,26.170000026468188
warm,,,0.25,8,191,33.28999999212101
warm,,,0.25,8,192,31.94620000431314
warm,,,0.25,8,193,26.847199944313616
warm,,,0.25,8,194,27.149400033522397
warm,,,0.25,8,195,26.76090004388243
warm,,,0.25,8,196,34.2106000171043
warm,,,0.25,8,197,36.562399996910244
warm,,,0.25,8,198,33.307099947705865
warm,,,0.25,8,199,26.04200004134327
warm,,,0.25,16,0,34.717699978500605
warm,,,0.25,16,1,27.2349999868311
warm,,,0.25,16,2,28.08239997830242
warm,,,0.25,16,3,36.84300003806129
warm,,,0.25,16,4,27.366299997083843
warm,,,0.25,16,5,38.02380000706762
warm,,,0.25,16,6,26.80209995014593
warm,,,0.25,16,7,27.004200033843517
warm,,,0.25,16,8,27.32509997440502
warm,,,0.25,16,9,27.406400011386722
warm,,,0.25,16,10,27.89150003809482
warm,,,0.25,16,11,26.22129995143041
warm,,,0.25,16,12,28.104099968913943
warm,,,0.25,16,13,26.136300002690405
warm,,,0.25,16,14,30.47800000058487
warm,,,0.25,16,15,33.77909999107942
warm,,,0.25,16,16,30.831299955025315
warm,,,0.25,16,17,25.9947000304237
warm,,,0.25,16,18,27.49239996774122
warm,,,0.25,16,19,29.646000009961426
warm,,,0.25,16,20,34.09889998147264
warm,,,0.25,16,21,38.4982000105083
warm,,,0.25,16,22,32.1428999886848
warm,,,0.25,16,23,29.896299995016307
warm,,,0.25,16,24,28.646400023717433
warm,,,0.25,16,25,27.195600036066025
warm,,,0.25,16,26,29.829900013282895
warm,,,0.25,16,27,27.91930001694709
warm,,,0.25,16,28,35.50120000727475
warm,,,0.25,16,29,27.36069995444268
warm,,,0.25,16,30,26.780400017742068
warm,,,0.25,16,31,27.64400001615286
warm,,,0.25,16,32,26.552300027105957
warm,,,0.25,16,33,27.481900004204363
warm,,,0.25,16,34,27.050200034864247
warm,,,0.25,16,35,46.99299996718764
warm,,,0.25,16,36,42.908200004603714
warm,,,0.25,16,37,38.0252999602817
warm,,,0.25,16,38,26.179100037552416
warm,,,0.25,16,39,26.154000021051615
warm,,,0.25,16,40,27.39360003033653
warm,,,0.25,16,41,28.081899974495173
warm,,,0.25,16,42,28.376500005833805
warm,,,0.25,16,43,28.189999982714653
warm,,,0.25,16,44,26.58419997896999
warm,,,0.25,16,45,45.15289998380467
warm,,,0.25,16,46,38.95469999406487
warm,,,0.25,16,47,27.742500009480864
warm,,,0.25,16,48,26.888799970038235
warm,,,0.25,16,49,26.74910001223907
warm,,,0.25,16,50,27.439999976195395
warm,,,0.25,16,51,27.201400022022426
warm,,,0.25,16,52,27.241399977356195
warm,,,0.25,16,53,29.21449998393655
warm,,,0.25,16,54,29.601300018839538
warm,,,0.25,16,55,28.178100008517504
warm,,,0.25,16,56,38.39260002132505
warm,,,0.25,16,57,28.244699991773814
warm,,,0.25,16,58,26.265199994668365
warm,,,0.25,16,59,27.774800022598356
warm,,,0.25,16,60,27.048599964473397
warm,,,0.25,16,61,28.861999977380037
warm,,,0.25,16,62,27.020600042305887
warm,,,0.25,16,63,26.449900004081428
warm,,,0.25,16,64,36.538800050038844
warm,,,0.25,16,65,29.428799985907972
warm,,,0.25,16,66,27.370600029826164
warm,,,0.25,16,67,28.395700035616755
warm,,,0.25,16,68,28.278200014028698
warm,,,0.25,16,69,28.08410004945472
warm,,,0.25,16,70,26.394100044853985
warm,,,0.25,16,71,27.70739997504279
warm,,,0.25,16,72,27.09390001837164
warm,,,0.25,16,73,28.84100005030632
warm,,,0.25,16,74,28.404300042893738
warm,,,0.25,16,75,27.20680000493303
warm,,,0.25,16,76,27.495199989061803
warm,,,0.25,16,77,26.844599982723594
warm,,,0.25,16,78,36.44290001830086
warm,,,0.25,16,79,26.175799954216927
warm,,,0.25,16,80,35.66650004358962
warm,,,0.25,16,81,27.198800002224743
warm,,,0.25,16,82,29.35949998209253
warm,,,0.25,16,83,38.45190000720322
warm,,,0.25,16,84,42.44910000124946
warm,,,0.25,16,85,39.067900041118264
warm,,,0.25,16,86,36.928400048054755
warm,,,0.25,16,87,29.388599970843643
warm,,,0.25,16,88,43.87589998077601
warm,,,0.25,16,89,30.038900033105165
warm,,,0.25,16,90,27.088899980299175
warm,,,0.25,16,91,27.650900010485202
warm,,,0.25,16,92,30.62480001244694
warm,,,0.25,16,93,33.917799999471754
warm,,,0.25,16,94,38.85940002510324
warm,,,0.25,16,95,36.03980003390461
warm,,,0.25,16,96,27.187799976672977
warm,,,0.25,16,97,27.664900000672787
warm,,,0.25,16,98,27.964700013399124
warm,,,0.25,16,99,30.872499977704138
warm,,,0.25,16,100,28.39950000634417
warm,,,0.25,16,101,27.071299962699413
warm,,,0.25,16,102,29.25889997277409
warm,,,0.25,16,103,28.908699983730912
warm,,,0.25,16,104,26.91620000405237
warm,,,0.25,16,105,26.31480002310127
warm,,,0.25,16,106,26.49979997659102
warm,,,0.25,16,107,27.177400013897568
warm,,,0.25,16,108,26.71020000707358
warm,,,0.25,16,109,27.48829999472946
warm,,,0.25,16,110,27.91930001694709
warm,,,0.25,16,111,30.158699955791235
warm,,,0.25,16,112,28.902199992444366
warm,,,0.25,16,113,37.91180002735928
warm,,,0.25,16,114,34.89489998901263
warm,,,0.25,16,115,27.81250001862645
warm,,,0.25,16,116,27.411599992774427
warm,,,0.25,16,117,26.330099964980036
warm,,,0.25,16,118,27.0304000005126
warm,,,0.25,16,119,34.1226999880746
warm,,,0.25,16,120,26.9683999940753
warm,,,0.25,16,121,27.40219997940585
warm,,,0.25,16,122,26.83190000243485
warm,,,0.25,16,123,27.80809998512268
warm,,,0.25,16,124,28.06450001662597
warm,,,0.25,16,125,26.039399963337928
warm,,,0.25,16,126,27.21400000154972
warm,,,0.25,16,127,26.398799964226782
warm,,,0.25,16,128,34.43860000697896
warm,,,0.25,16,129,27.06439996836707
warm,,,0.25,16,130,27.628600015304983
warm,,,0.25,16,131,27.92959997896105
warm,,,0.25,16,132,27.31920004589483
warm,,,0.25,16,133,29.182599973864853
warm,,,0.25,16,134,29.323099995963275
warm,,,0.25,16,135,27.815099980216473
warm,,,0.25,16,136,27.644700021483004
warm,,,0.25,16,137,27.67350000794977
warm,,,0.25,16,138,27.09099999628961
warm,,,0.25,16,139,26.988000026904047
warm,,,0.25,16,140,27.149700035806745
warm,,,0.25,16,141,26.80220000911504
warm,,,0.25,16,142,26.18449996225536
warm,,,0.25,16,143,26.118300040252507
warm,,,0.25,16,144,27.38009998574853
warm,,,0.25,16,145,27.99650002270937
warm,,,0.25,16,146,27.236900001298636
warm,,,0.25,16,147,33.42619998147711
warm,,,0.25,16,148,52.07860004156828
warm,,,0.25,16,149,40.54250003537163
warm,,,0.25,16,150,26.31180000025779
warm,,,0.25,16,151,25.792600004933774
warm,,,0.25,16,152,27.700299979187548
warm,,,0.25,16,153,40.83780001383275
warm,,,0.25,16,154,29.47360003599897
warm,,,0.25,16,155,32.241699984297156
warm,,,0.25,16,156,28.456299973186105
warm,,,0.25,16,157,27.623700036201626
warm,,,0.25,16,158,26.467799965757877
warm,,,0.25,16,159,28.05729996180162
warm,,,0.25,16,160,27.153900009579957
warm,,,0.25,16,161,27.86309999646619
warm,,,0.25,16,162,26.978699956089258
warm,,,0.25,16,163,28.123500000219792
warm,,,0.25,16,164,27.237000002060086
warm,,,0.25,16,165,28.263800020795316
warm,,,0.25,16,166,33.794499991927296
warm,,,0.25,16,167,26.554099982604384
warm,,,0.25,16,168,29.253099986817688
warm,,,0.25,16,169,33.019800030160695
warm,,,0.25,16,170,35.959200002253056
warm,,,0.25,16,171,33.43989996938035
warm,,,0.25,16,172,28.55200000340119
warm,,,0.25,16,173,29.828700004145503
warm,,,0.25,16,174,28.639899974223226
warm,,,0.25,16,175,29.754800023511052
warm,,,0.25,16,176,30.699099996127188
warm,,,0.25,16,177,34.37149996170774
warm,,,0.25,16,178,31.439899990800768
warm,,,0.25,16,179,28.88110000640154
warm,,,0.25,16,180,31.66199999395758
warm,,,0.25,16,181,32.61140000540763
warm,,,0.25,16,182,31.909800018183887
warm,,,0.25,16,183,41.45050002261996
warm,,,0.25,16,184,33.68580003734678
warm,,,0.25,16,185,34.959400014486164
warm,,,0.25,16,186,27.693299984093755
warm,,,0.25,16,187,27.381099993363023
warm,,,0.25,16,188,27.955400000791997
warm,,,0.25,16,189,28.795399994123727
warm,,,0.25,16,190,26.87190001597628
warm,,,0.25,16,191,26.476499973796308
warm,,,0.25,16,192,28.241200023330748
warm,,,0.25,16,193,27.651899959892035
warm,,,0.25,16,194,26.690900034736842
warm,,,0.25,16,195,27.001099952030927
warm,,,0.25,16,196,27.39479998126626
warm,,,0.25,16,197,26.595200004521757
warm,,,0.25,16,198,27.75319997454062
warm,,,0.25,16,199,36.13219998078421
warm,,,0.25,32,0,11.284500011242926
warm,,,0.25,32,1,10.216000024229288
warm,,,0.25,32,2,10.522599972318858
warm,,,0.25,32,3,9.842899977229536
warm,,,0.25,32,4,10.004900046624243
warm,,,0.25,32,5,10.148500034119934
warm,,,0.25,32,6,9.727799973916262
warm,,,0.25,32,7,10.798099974635988
warm,,,0.25,32,8,9.39189997734502
warm,,,0.25,32,9,8.874199993442744
warm,,,0.25,32,10,10.369100025855005
warm,,,0.25,32,11,9.287599998060614
warm,,,0.25,32,12,9.563200001139194
warm,,,0.25,32,13,9.030900022480637
warm,,,0.25,32,14,10.296099993865937
warm,,,0.25,32,15,10.332100035157055
warm,,,0.25,32,16,10.08529996033758
warm,,,0.25,32,17,11.088999977800995
warm,,,0.25,32,18,10.406199959106743
warm,,,0.25,32,19,9.380200004670769
warm,,,0.25,32,20,10.6054000207223
warm,,,0.25,32,21,9.349899948574603
warm,,,0.25,32,22,9.78449999820441
warm,,,0.25,32,23,11.135899985674769
warm,,,0.25,32,24,10.04520000424236
warm,,,0.25,32,25,9.423499985132366
warm,,,0.25,32,26,9.358500014059246
warm,,,0.25,32,27,11.655300040729344
warm,,,0.25,32,28,9.451499965507537
warm,,,0.25,32,29,9.82750003458932
warm,,,0.25,32,30,10.414800024591386
warm,,,0.25,32,31,9.91939997766167
warm,,,0.25,32,32,10.562499985098839
warm,,,0.25,32,33,11.971600004471838
warm,,,0.25,32,34,10.34909998998046
warm,,,0.25,32,35,11.147199955303222
warm,,,0.25,32,36,17.47669995529577
warm,,,0.25,32,37,15.34779998473823
warm,,,0.25,32,38,13.975600013509393
warm,,,0.25,32,39,9.776200051419437
warm,,,0.25,32,40,9.880499972496182
warm,,,0.25,32,41,11.558199999853969
warm,,,0.25,32,42,13.508100004401058
warm,,,0.25,32,43,9.972000028938055
warm,,,0.25,32,44,10.564100055489689
warm,,,0.25,32,45,9.304300008807331
warm,,,0.25,32,46,9.460199973545969
warm,,,0.25,32,47,9.16830002097413
warm,,,0.25,32,48,11.012300034053624
warm,,,0.25,32,49,9.382200019899756
warm,,,0.25,32,50,9.379300056025386
warm,,,0.25,32,51,10.77130000339821
warm,,,0.25,32,52,10.53870003670454
warm,,,0.25,32,53,9.202799992635846
warm,,,0.25,32,54,10.925200011115521
warm,,,0.25,32,55,9.601600002497435
warm,,,0.25,32,56,9.349100000690669
warm,,,0.25,32,57,10.267200006637722
warm,,,0.25,32,58,11.319100041873753
warm,,,0.25,32,59,9.946200007107109
warm,,,0.25,32,60,9.363899996969849
warm,,,0.25,32,61,10.481600009370595
warm,,,0.25,32,62,9.819299972150475
warm,,,0.25,32,63,9.501299995463341
warm,,,0.25,32,64,10.03329997183755
warm,,,0.25,32,65,9.426500007975847
warm,,,0.25,32,66,9.925000020302832
warm,,,0.25,32,67,9.118299989495426
warm,,,0.25,32,68,10.100699961185455
warm,,,0.25,32,69,9.102000040002167
warm,,,0.25,32,70,9.336700022686273
warm,,,0.25,32,71,10.907299991231412
warm,,,0.25,32,72,9.37420001719147
warm,,,0.25,32,73,9.279499994590878
warm,,,0.25,32,74,8.948800037615001
warm,,,0.25,32,75,10.563000047113746
warm,,,0.25,32,76,10.684900043997914
warm,,,0.25,32,77,9.966299985535443
warm,,,0.25,32,78,15.724800003226846
warm,,,0.25,32,79,15.863900014664978
warm,,,0.25,32,80,15.157100046053529
warm,,,0.25,32,81,11.072800029069185
warm,,,0.25,32,82,9.856899967417121
warm,,,0.25,32,83,10.209499974735081
warm,,,0.25,32,84,9.260800026822835
warm,,,0.25,32,85,8.687599969562143
warm,,,0.25,32,86,10.036599996965379
warm,,,0.25,32,87,10.138800018467009
warm,,,0.25,32,88,9.50760004343465
warm,,,0.25,32,89,11.724799987860024
warm,,,0.25,32,90,12.612699996680021
warm,,,0.25,32,91,9.822799998801202
warm,,,0.25,32,92,13.461700000334531
warm,,,0.25,32,93,14.347399992402643
warm,,,0.25,32,94,12.238600000273436
warm,,,0.25,32,95,11.157399974763393
warm,,,0.25,32,96,9.50449996162206
warm,,,0.25,32,97,9.540700004436076
warm,,,0.25,32,98,9.562399995047599
warm,,,0.25,32,99,9.600599994882941
warm,,,0.25,32,100,10.908399999607354
warm,,,0.25,32,101,12.316800013650209
warm,,,0.25,32,102,12.30330002726987
warm,,,0.25,32,103,11.512700002640486
warm,,,0.25,32,104,13.063799997325987
warm,,,0.25,32,105,10.926700022537261
warm,,,0.25,32,106,10.856499953661114
warm,,,0.25,32,107,10.17570000840351
warm,,,0.25,32,108,9.915900009218603
warm,,,0.25,32,109,9.939499956090003
warm,,,0.25,32,110,10.247300029732287
warm,,,0.25,32,111,9.908100008033216
warm,,,0.25,32,112,9.618899959605187
warm,,,0.25,32,113,9.857000026386231
warm,,,0.25,32,114,10.300700028892606
warm,,,0.25,32,115,10.197299998253584
warm,,,0.25,32,116,16.092300007585436
warm,,,0.25,32,117,15.664800012018532
warm,,,0.25,32,118,13.695400033611804
warm,,,0.25,32,119,12.210799963213503
warm,,,0.25,32,120,9.570199996232986
warm,,,0.25,32,121,9.26879997132346
warm,,,0.25,32,122,10.370299976784736
warm,,,0.25,32,123,9.48519998928532
warm,,,0.25,32,124,9.128500008955598
warm,,,0.25,32,125,9.334499947726727
warm,,,0.25,32,126,9.79029998416081
warm,,,0.25,32,127,9.297399956267327
warm,,,0.25,32,128,9.614999988116324
warm,,,0.25,32,129,10.850100021343678
warm,,,0.25,32,130,9.228399954736233
warm,,,0.25,32,131,9.94729995727539
warm,,,0.25,32,132,10.057499981485307
warm,,,0.25,32,133,9.542100015096366
warm,,,0.25,32,134,9.490199969150126
warm,,,0.25,32,135,8.95930000115186
warm,,,0.25,32,136,10.270700033288449
warm,,,0.25,32,137,9.37259994680062
warm,,,0.25,32,138,9.715599997434765
warm,,,0.25,32,139,10.73549996362999
warm,,,0.25,32,140,9.464300004765391
warm,,,0.25,32,141,9.124899981543422
warm,,,0.25,32,142,9.085400030016899
warm,,,0.25,32,143,10.115100012626499
warm,,,0.25,32,144,9.43189999088645
warm,,,0.25,32,145,10.028199991211295
warm,,,0.25,32,146,10.591200029011816
warm,,,0.25,32,147,9.530699986498803
warm,,,0.25,32,148,9.295099996961653
warm,,,0.25,32,149,10.293200029991567
warm,,,0.25,32,150,10.305199946742505
warm,,,0.25,32,151,10.019299981649965
warm,,,0.25,32,152,9.921299992129207
warm,,,0.25,32,153,10.63199999043718
warm,,,0.25,32,154,9.229800023604184
warm,,,0.25,32,155,9.209199983160943
warm,,,0.25,32,156,10.042999987490475
warm,,,0.25,32,157,10.102799977175891
warm,,,0.25,32,158,9.406200028024614
warm,,,0.25,32,159,10.380599997006357
warm,,,0.25,32,160,10.94750000629574
warm,,,0.25,32,161,9.377999987918884
warm,,,0.25,32,162,9.037200012244284
warm,,,0.25,32,163,10.58760000159964
warm,,,0.25,32,164,9.487100003752857
warm,,,0.25,32,165,9.848900022916496
warm,,,0.25,32,166,10.509899992030114
warm,,,0.25,32,167,9.770700009539723
warm,,,0.25,32,168,10.173399990890175
warm,,,0.25,32,169,10.213800007477403
warm,,,0.25,32,170,9.81249997857958
warm,,,0.25,32,171,10.225499980151653
warm,,,0.25,32,172,9.642799966968596
warm,,,0.25,32,173,10.30920003540814
warm,,,0.25,32,174,10.502000048290938
warm,,,0.25,32,175,9.745099989231676
warm,,,0.25,32,176,12.289600039366633
warm,,,0.25,32,177,14.056700048968196
warm,,,0.25,32,178,17.702899989672005
warm,,,0.25,32,179,17.98970001982525
warm,,,0.25,32,180,11.858000012580305
warm,,,0.25,32,181,9.65720001840964
warm,,,0.25,32,182,9.270699985790998
warm,,,0.25,32,183,9.288700006436557
warm,,,0.25,32,184,11.44850003765896
warm,,,0.25,32,185,9.351199958473444
warm,,,0.25,32,186,9.063499979674816
warm,,,0.25,32,187,10.00100001692772
warm,,,0.25,32,188,9.448900003917515
warm,,,0.25,32,189,9.219600004144013
warm,,,0.25,32,190,8.98300000699237
warm,,,0.25,32,191,10.915999999269843
warm,,,0.25,32,192,9.9029999691993
warm,,,0.25,32,193,9.878500015474856
warm,,,0.25,32,194,11.660999967716634
warm,,,0.25,32,195,9.549400012474507
warm,,,0.25,32,196,9.39200003631413
warm,,,0.25,32,197,10.219199990388006
warm,,,0.25,32,198,9.482500026933849
warm,,,0.25,32,199,11.823499982710928
warm,,,0.5,4,0,27.278300025500357
warm,,,0.5,4,1,26.325799990445375
warm,,,0.5,4,2,28.508299961686134
warm,,,0.5,4,3,44.17410003952682
warm,,,0.5,4,4,29.13730003638193
warm,,,0.5,4,5,28.596000047400594
warm,,,0.5,4,6,27.819000009912997
warm,,,0.5,4,7,28.136199980508536
warm,,,0.5,4,8,27.54440001444891
warm,,,0.5,4,9,26.579199999105185
warm,,,0.5,4,10,31.922099995426834
warm,,,0.5,4,11,28.66869996068999
warm,,,0.5,4,12,31.094200036022812
warm,,,0.5,4,13,27.283100003842264
warm,,,0.5,4,14,27.098799997475
warm,,,0.5,4,15,27.536500012502074
warm,,,0.5,4,16,26.934299967251718
warm,,,0.5,4,17,46.11689999001101
warm,,,0.5,4,18,39.3157999496907
warm,,,0.5,4,19,25.467999977990985
warm,,,0.5,4,20,26.819600025191903
warm,,,0.5,4,21,28.711399994790554
warm,,,0.5,4,22,32.084900012705475
warm,,,0.5,4,23,30.080199998337775
warm,,,0.5,4,24,29.280300019308925
warm,,,0.5,4,25,27.729299967177212
warm,,,0.5,4,26,40.266099967993796
warm,,,0.5,4,27,38.68490003515035
warm,,,0.5,4,28,29.562900017481297
warm,,,0.5,4,29,27.448799984995276
warm,,,0.5,4,30,26.67160000419244
warm,,,0.5,4,31,26.56670002033934
warm,,,0.5,4,32,33.538199961185455
warm,,,0.5,4,33,26.678599999286234
warm,,,0.5,4,34,27.6568999979645
warm,,,0.5,4,35,26.976499997545034
warm,,,0.5,4,36,28.924299986101687
warm,,,0.5,4,37,28.026600019074976
warm,,,0.5,4,38,27.653600031044334
warm,,,0.5,4,39,29.66790000209585
warm,,,0.5,4,40,31.69620002154261
warm,,,0.5,4,41,28.61410001059994
warm,,,0.5,4,42,26.869799999985844
warm,,,0.5,4,43,27.368900016881526
warm,,,0.5,4,44,24.997300002723932
warm,,,0.5,4,45,27.904899965506047
warm,,,0.5,4,46,29.164400009904057
warm,,,0.5,4,47,29.5549999573268
warm,,,0.5,4,48,35.30960000352934
warm,,,0.5,4,49,35.669100005179644
warm,,,0.5,4,50,39.33709999546409
warm,,,0.5,4,51,26.702200004365295
warm,,,0.5,4,52,32.717399997636676
warm,,,0.5,4,53,27.21850003581494
warm,,,0.5,4,54,26.420399954076856
warm,,,0.5,4,55,26.88830002443865
warm,,,0.5,4,56,31.29569999873638
warm,,,0.5,4,57,27.04830002039671
warm,,,0.5,4,58,27.69690001150593
warm,,,0.5,4,59,38.06110000004992
warm,,,0.5,4,60,32.919099961873144
warm,,,0.5,4,61,27.79030002420768
warm,,,0.5,4,62,27.37570001045242
warm,,,0.5,4,63,27.282600000035018
warm,,,0.5,4,64,28.62869994714856
warm,,,0.5,4,65,27.025099960155785
warm,,,0.5,4,66,28.304099978413433
warm,,,0.5,4,67,31.50790004292503
warm,,,0.5,4,68,32.10770001169294
warm,,,0.5,4,69,27.624799986369908
warm,,,0.5,4,70,27.620999957434833
warm,,,0.5,4,71,27.98020001500845
warm,,,0.5,4,72,27.41410001181066
warm,,,0.5,4,73,28.131700004450977
warm,,,0.5,4,74,28.484499955084175
warm,,,0.5,4,75,27.86899998318404
warm,,,0.5,4,76,27.98310003709048
warm,,,0.5,4,77,28.05859997170046
warm,,,0.5,4,78,25.679999962449074
warm,,,0.5,4,79,28.58490002108738
warm,,,0.5,4,80,31.409099989105016
warm,,,0.5,4,81,27.150200039613992
warm,,,0.5,4,82,34.0231999871321
warm,,,0.5,4,83,28.99369999067858
warm,,,0.5,4,84,27.718900004401803
warm,,,0.5,4,85,26.398800022434443
warm,,,0.5,4,86,26.09870000742376
warm,,,0.5,4,87,27.336200000718236
warm,,,0.5,4,88,27.89570001186803
warm,,,0.5,4,89,55.28500000946224
warm,,,0.5,4,90,35.443599976133555
warm,,,0.5,4,91,33.23040000395849
warm,,,0.5,4,92,40.11589998845011
warm,,,0.5,4,93,32.45449997484684
warm,,,0.5,4,94,34.409500018227845
warm,,,0.5,4,95,36.931200011167675
warm,,,0.5,4,96,34.219599969219416
warm,,,0.5,4,97,29.153199982829392
warm,,,0.5,4,98,26.656200003344566
warm,,,0.5,4,99,31.52399999089539
warm,,,0.5,4,100,28.56679999968037
warm,,,0.5,4,101,35.04780004732311
warm,,,0.5,4,102,26.356699992902577
warm,,,0.5,4,103,27.90320001076907
warm,,,0.5,4,104,30.219300009775907
warm,,,0.5,4,105,27.393000025767833
warm,,,0.5,4,106,35.11100000469014
warm,,,0.5,4,107,27.167199994437397
warm,,,0.5,4,108,28.674600005615503
warm,,,0.5,4,109,28.70620001340285
warm,,,0.5,4,110,47.43520001647994
warm,,,0.5,4,111,27.202800032682717
warm,,,0.5,4,112,32.358799944631755
warm,,,0.5,4,113,33.29590003704652
warm,,,0.5,4,114,27.051399985793978
warm,,,0.5,4,115,27.26280002389103
warm,,,0.5,4,116,28.800000029150397
warm,,,0.5,4,117,31.205300008878112
warm,,,0.5,4,118,34.74179998738691
warm,,,0.5,4,119,45.730300014838576
warm,,,0.5,4,120,27.075299993157387
warm,,,0.5,4,121,27.020299981813878
warm,,,0.5,4,122,27.020799985621125
warm,,,0.5,4,123,27.55030000116676
warm,,,0.5,4,124,27.67050004331395
warm,,,0.5,4,125,26.358900009654462
warm,,,0.5,4,126,26.79790003458038
warm,,,0.5,4,127,26.835499971639365
warm,,,0.5,4,128,29.45889998227358
warm,,,0.5,4,129,27.49239996774122
warm,,,0.5,4,130,39.357899979222566
warm,,,0.5,4,131,30.560500046703964
warm,,,0.5,4,132,28.128800040576607
warm,,,0.5,4,133,30.081300006713718
warm,,,0.5,4,134,30.60719999484718
warm,,,0.5,4,135,42.35929995775223
warm,,,0.5,4,136,29.668200004380196
warm,,,0.5,4,137,26.77100000437349
warm,,,0.5,4,138,25.778999959584326
warm,,,0.5,4,139,27.946799993515015
warm,,,0.5,4,140,27.85700000822544
warm,,,0.5,4,141,28.52530003292486
warm,,,0.5,4,142,34.3093000119552
warm,,,0.5,4,143,28.252999996766448
warm,,,0.5,4,144,26.854800002183765
warm,,,0.5,4,145,25.383399974089116
warm,,,0.5,4,146,28.986999997869134
warm,,,0.5,4,147,27.718800003640354
warm,,,0.5,4,148,26.47650003200397
warm,,,0.5,4,149,27.406300010625273
warm,,,0.5,4,150,26.451700017787516
warm,,,0.5,4,151,28.35670002968982
warm,,,0.5,4,152,27.49690000200644
warm,,,0.5,4,153,28.40990002732724
warm,,,0.5,4,154,27.414699958171695
warm,,,0.5,4,155,36.4623999921605
warm,,,0.5,4,156,28.530100011266768
warm,,,0.5,4,157,27.579499990679324
warm,,,0.5,4,158,28.410499973688275
warm,,,0.5,4,159,42.40530001698062
warm,,,0.5,4,160,27.397099998779595
warm,,,0.5,4,161,26.41560003394261
warm,,,0.5,4,162,41.276899981312454
warm,,,0.5,4,163,28.668200015090406
warm,,,0.5,4,164,31.068900017999113
warm,,,0.5,4,165,32.93640003539622
warm,,,0.5,4,166,31.986800022423267
warm,,,0.5,4,167,30.21739999530837
warm,,,0.5,4,168,45.36259995074943
warm,,,0.5,4,169,26.010700035840273
warm,,,0.5,4,170,32.23259997321293
warm,,,0.5,4,171,28.5561999771744
warm,,,0.5,4,172,27.870099991559982
warm,,,0.5,4,173,28.727899945806712
warm,,,0.5,4,174,31.489200016949326
warm,,,0.5,4,175,30.006000015418977
warm,,,0.5,4,176,26.893800008110702
warm,,,0.5,4,177,26.632599998265505
warm,,,0.5,4,178,28.040500008501112
warm,,,0.5,4,179,27.05999999307096
warm,,,0.5,4,180,28.161599999293685
warm,,,0.5,4,181,29.415500001050532
warm,,,0.5,4,182,32.66160003840923
warm,,,0.5,4,183,37.20600000815466
warm,,,0.5,4,184,35.96619999734685
warm,,,0.5,4,185,34.53949996037409
warm,,,0.5,4,186,27.389199996832758
warm,,,0.5,4,187,26.479699998162687
warm,,,0.5,4,188,27.317499974742532
warm,,,0.5,4,189,28.496799990534782
warm,,,0.5,4,190,28.037299984134734
warm,,,0.5,4,191,28.491900011431426
warm,,,0.5,4,192,27.894700004253536
warm,,,0.5,4,193,27.424300031270832
warm,,,0.5,4,194,26.99609997216612
warm,,,0.5,4,195,28.113699983805418
warm,,,0.5,4,196,27.835300017613918
warm,,,0.5,4,197,27.78140001464635
warm,,,0.5,4,198,37.341799994464964
warm,,,0.5,4,199,28.326199972070754
warm,,,0.5,8,0,26.466699957381934
warm,,,0.5,8,1,42.15360002126545
warm,,,0.5,8,2,37.48280002037063
warm,,,0.5,8,3,26.191400014795363
warm,,,0.5,8,4,26.47909999359399
warm,,,0.5,8,5,27.060799999162555
warm,,,0.5,8,6,27.312399994116277
warm,,,0.5,8,7,28.664999990724027
warm,,,0.5,8,8,28.335000039078295
warm,,,0.5,8,9,28.15039997221902
warm,,,0.5,8,10,27.33079995959997
warm,,,0.5,8,11,27.92070002760738
warm,,,0.5,8,12,33.68029999546707
warm,,,0.5,8,13,34.531099954620004
warm,,,0.5,8,14,27.68689999356866
warm,,,0.5,8,15,28.12530001392588
warm,,,0.5,8,16,30.875900003593415
warm,,,0.5,8,17,32.67970000160858
warm,,,0.5,8,18,32.30800002347678
warm,,,0.5,8,19,38.436200004071
warm,,,0.5,8,20,34.926799999084324
warm,,,0.5,8,21,27.991600043606013
warm,,,0.5,8,22,28.086400008760393
warm,,,0.5,8,23,26.79029997671023
warm,,,0.5,8,24,28.450399986468256
warm,,,0.5,8,25,27.2289999993518
warm,,,0.5,8,26,27.93110004859045
warm,,,0.5,8,27,27.46159996604547
warm,,,0.5,8,28,27.952499978709966
warm,,,0.5,8,29,28.52530003292486
warm,,,0.5,8,30,25.456200004555285
warm,,,0.5,8,31,27.90290000848472
warm,,,0.5,8,32,28.242800035513937
warm,,,0.5,8,33,26.402799994684756
warm,,,0.5,8,34,30.795699974987656
warm,,,0.5,8,35,28.71049998793751
warm,,,0.5,8,36,30.66759998910129
warm,,,0.5,8,37,25.850299978628755
warm,,,0.5,8,38,30.41860001394525
warm,,,0.5,8,39,29.398400045465678
warm,,,0.5,8,40,33.862899988889694
warm,,,0.5,8,41,32.69199997885153
warm,,,0.5,8,42,28.66289997473359
warm,,,0.5,8,43,26.830699993297458
warm,,,0.5,8,44,28.12820003600791
warm,,,0.5,8,45,28.16059999167919
warm,,,0.5,8,46,27.238200011197478
warm,,,0.5,8,47,42.3461000318639
warm,,,0.5,8,48,25.95789998304099
warm,,,0.5,8,49,27.859599969815463
warm,,,0.5,8,50,28.877400036435574
warm,,,0.5,8,51,28.637100011110306
warm,,,0.5,8,52,34.97509995941073
warm,,,0.5,8,53,30.917399970348924
warm,,,0.5,8,54,28.18760002264753
warm,,,0.5,8,55,27.357100043445826
warm,,,0.5,8,56,26.60690003540367
warm,,,0.5,8,57,40.94370000530034
warm,,,0.5,8,58,27.032099955249578
warm,,,0.5,8,59,27.590100013185292
warm,,,0.5,8,60,30.773999984376132
warm,,,0.5,8,61,27.77129999594763
warm,,,0.5,8,62,27.21710002515465
warm,,,0.5,8,63,34.23750004731119
warm,,,0.5,8,64,33.83860003668815
warm,,,0.5,8,65,37.2444000095129
warm,,,0.5,8,66,27.504800003953278
warm,,,0.5,8,67,40.610099968034774
warm,,,0.5,8,68,29.428400041069835
warm,,,0.5,8,69,43.32390002673492
warm,,,0.5,8,70,27.41379995131865
warm,,,0.5,8,71,26.286300038918853
warm,,,0.5,8,72,29.027900018263608
warm,,,0.5,8,73,26.103799988050014
warm,,,0.5,8,74,27.300600020680577
warm,,,0.5,8,75,29.084799985866994
warm,,,0.5,8,76,29.32979998877272
warm,,,0.5,8,77,29.4125999789685
warm,,,0.5,8,78,28.5874999826774
warm,,,0.5,8,79,27.67799998400733
warm,,,0.5,8,80,26.619100011885166
warm,,,0.5,8,81,27.224000019486994
warm,,,0.5,8,82,27.72359998198226
warm,,,0.5,8,83,27.859500027261674
warm,,,0.5,8,84,28.15169998211786
warm,,,0.5,8,85,27.110799972433597
warm,,,0.5,8,86,26.68389998143539
warm,,,0.5,8,87,27.62480004457757
warm,,,0.5,8,88,37.47750003822148
warm,,,0.5,8,89,56.94359994959086
warm,,,0.5,8,90,33.48109999205917
warm,,,0.5,8,91,33.82180002517998
warm,,,0.5,8,92,40.57539999485016
warm,,,0.5,8,93,43.07340004015714
warm,,,0.5,8,94,28.468499949667603
warm,,,0.5,8,95,27.25290000671521
warm,,,0.5,8,96,26.903700025286525
warm,,,0.5,8,97,34.92770000593737
warm,,,0.5,8,98,33.342800044920295
warm,,,0.5,8,99,29.541300027631223
warm,,,0.5,8,100,27.948600007221103
warm,,,0.5,8,101,26.06259996537119
warm,,,0.5,8,102,27.34739996958524
warm,,,0.5,8,103,27.918200008571148
warm,,,0.5,8,104,27.446299965959042
warm,,,0.5,8,105,26.946500001940876
warm,,,0.5,8,106,28.64250005222857
warm,,,0.5,8,107,27.46880002086982
warm,,,0.5,8,108,29.323099995963275
warm,,,0.5,8,109,29.112500022165477
warm,,,0.5,8,110,27.65140001429245
warm,,,0.5,8,111,28.89120002510026
warm,,,0.5,8,112,27.401599974837154
warm,,,0.5,8,113,27.907899988349527
warm,,,0.5,8,114,28.9300000295043
warm,,,0.5,8,115,26.332099980209023
warm,,,0.5,8,116,28.269400005228817
warm,,,0.5,8,117,30.023700033780187
warm,,,0.5,8,118,29.99670000281185
warm,,,0.5,8,119,31.658499967306852
warm,,,0.5,8,120,28.740899986587465
warm,,,0.5,8,121,28.02450000308454
warm,,,0.5,8,122,25.56650002952665
warm,,,0.5,8,123,28.64540001610294
warm,,,0.5,8,124,27.623499976471066
warm,,,0.5,8,125,30.14899999834597
warm,,,0.5,8,126,28.09740003431216
warm,,,0.5,8,127,28.11209997162223
warm,,,0.5,8,128,35.257000010460615
warm,,,0.5,8,129,28.785100032109767
warm,,,0.5,8,130,25.619300024118274
warm,,,0.5,8,131,28.259299986530095
warm,,,0.5,8,132,28.0854000011459
warm,,,0.5,8,133,27.90159999858588
warm,,,0.5,8,134,27.946499991230667
warm,,,0.5,8,135,27.21979998750612
warm,,,0.5,8,136,29.756000032648444
warm,,,0.5,8,137,32.04709995770827
warm,,,0.5,8,138,27.220799995120615
warm,,,0.5,8,139,27.14419999392703
warm,,,0.5,8,140,26.72959998017177
warm,,,0.5,8,141,27.443400002084672
warm,,,0.5,8,142,30.50920000532642
warm,,,0.5,8,143,39.04070000862703
warm,,,0.5,8,144,41.85209999559447
warm,,,0.5,8,145,27.256499975919724
warm,,,0.5,8,146,26.708599994890392
warm,,,0.5,8,147,31.544299970846623
warm,,,0.5,8,148,29.239300056360662
warm,,,0.5,8,149,27.853900042828172
warm,,,0.5,8,150,27.51780004473403
warm,,,0.5,8,151,28.324599959887564
warm,,,0.5,8,152,26.9562000175938
warm,,,0.5,8,153,30.456500011496246
warm,,,0.5,8,154,29.097900027409196
warm,,,0.5,8,155,28.983800031710416
warm,,,0.5,8,156,27.851700026076287
warm,,,0.5,8,157,29.537700000219047
warm,,,0.5,8,158,45.79139995621517
warm,,,0.5,8,159,27.68410003045574
warm,,,0.5,8,160,27.769199979957193
warm,,,0.5,8,161,28.06439995765686
warm,,,0.5,8,162,27.69580000312999
warm,,,0.5,8,163,29.469800007063895
warm,,,0.5,8,164,26.980999973602593
warm,,,0.5,8,165,25.488800019957125
warm,,,0.5,8,166,30.867399997077882
warm,,,0.5,8,167,32.751800026744604
warm,,,0.5,8,168,44.84380001667887
warm,,,0.5,8,169,34.147400001529604
warm,,,0.5,8,170,31.57140000257641
warm,,,0.5,8,171,35.32259998610243
warm,,,0.5,8,172,31.03939996799454
warm,,,0.5,8,173,31.27670002868399
warm,,,0.5,8,174,28.071500011719763
warm,,,0.5,8,175,28.14300003228709
warm,,,0.5,8,176,26.87210001749918
warm,,,0.5,8,177,26.87950001563877
warm,,,0.5,8,178,28.335299983154982
warm,,,0.5,8,179,27.56209997460246
warm,,,0.5,8,180,26.108000020030886
warm,,,0.5,8,181,30.031000031158328
warm,,,0.5,8,182,28.743399947416037
warm,,,0.5,8,183,28.74290000181645
warm,,,0.5,8,184,28.199899999890476
warm,,,0.5,8,185,26.222400018014014
warm,,,0.5,8,186,28.574700001627207
warm,,,0.5,8,187,35.83150001941249
warm,,,0.5,8,188,27.963199943769723
warm,,,0.5,8,189,28.28389999922365
warm,,,0.5,8,190,28.816099977120757
warm,,,0.5,8,191,28.339300013612956
warm,,,0.5,8,192,28.22030003881082
warm,,,0.5,8,193,28.49559998139739
warm,,,0.5,8,194,25.389300019014627
warm,,,0.5,8,195,28.402000025380403
warm,,,0.5,8,196,27.6066999649629
warm,,,0.5,8,197,28.726499993354082
warm,,,0.5,8,198,26.575899973977357
warm,,,0.5,8,199,26.64789999835193
warm,,,0.5,16,0,34.520599991083145
warm,,,0.5,16,1,30.83940001670271
warm,,,0.5,16,2,28.253500000573695
warm,,,0.5,16,3,27.920600026845932
warm,,,0.5,16,4,28.035900031682104
warm,,,0.5,16,5,27.376300015021116
warm,,,0.5,16,6,28.62930000992492
warm,,,0.5,16,7,28.225200017914176
warm,,,0.5,16,8,30.168100027367473
warm,,,0.5,16,9,29.444699990563095
warm,,,0.5,16,10,27.89709996432066
warm,,,0.5,16,11,29.372100019827485
warm,,,0.5,16,12,32.57120004855096
warm,,,0.5,16,13,25.609999953303486
warm,,,0.5,16,14,28.20099995005876
warm,,,0.5,16,15,32.69780002301559
warm,,,0.5,16,16,29.90040002623573
warm,,,0.5,16,17,27.362699969671667
warm,,,0.5,16,18,27.182499994523823
warm,,,0.5,16,19,28.1220999895595
warm,,,0.5,16,20,26.72810002695769
warm,,,0.5,16,21,27.3280999972485
warm,,,0.5,16,22,29.773499991279095
warm,,,0.5,16,23,32.58820000337437
warm,,,0.5,16,24,53.22960001649335
warm,,,0.5,16,25,36.6488000145182
warm,,,0.5,16,26,32.78770000906661
warm,,,0.5,16,27,29.9166000331752
warm,,,0.5,16,28,26.56349999597296
warm,,,0.5,16,29,29.094900004565716
warm,,,0.5,16,30,26.66750003118068
warm,,,0.5,16,31,29.467300046235323
warm,,,0.5,16,32,27.986400004010648
warm,,,0.5,16,33,27.65850001014769
warm,,,0.5,16,34,26.179099979344755
warm,,,0.5,16,35,28.497599996626377
warm,,,0.5,16,36,29.111300013028085
warm,,,0.5,16,37,28.518499981146306
warm,,,0.5,16,38,30.43199999956414
warm,,,0.5,16,39,28.447899967432022
warm,,,0.5,16,40,28.42630003578961
warm,,,0.5,16,41,29.47940002195537
warm,,,0.5,16,42,28.094700013753027
warm,,,0.5,16,43,27.29729999555275
warm,,,0.5,16,44,27.856500004418194
warm,,,0.5,16,45,42.76520002167672
warm,,,0.5,16,46,43.80470002070069
warm,,,0.5,16,47,33.768000022973865
warm,,,0.5,16,48,36.21729998849332
warm,,,0.5,16,49,28.681399999186397
warm,,,0.5,16,50,34.10629997961223
warm,,,0.5,16,51,27.2967999917455
warm,,,0.5,16,52,27.320099994540215
warm,,,0.5,16,53,27.281699993181974
warm,,,0.5,16,54,27.860800037160516
warm,,,0.5,16,55,42.544999974779785
warm,,,0.5,16,56,28.084299992769957
warm,,,0.5,16,57,26.798699982464314
warm,,,0.5,16,58,50.772199989296496
warm,,,0.5,16,59,28.640499978791922
warm,,,0.5,16,60,28.079000010620803
warm,,,0.5,16,61,30.91239999048412
warm,,,0.5,16,62,31.21149999788031
warm,,,0.5,16,63,28.908399981446564
warm,,,0.5,16,64,26.12679998856038
warm,,,0.5,16,65,69.03870002133772
warm,,,0.5,16,66,40.7126999925822
warm,,,0.5,16,67,29.690800001844764
warm,,,0.5,16,68,34.867500013206154
warm,,,0.5,16,69,43.853099981788546
warm,,,0.5,16,70,30.562200001440942
warm,,,0.5,16,71,27.29729999555275
warm,,,0.5,16,72,43.28240000177175
warm,,,0.5,16,73,27.992399991489947
warm,,,0.5,16,74,28.48370000720024
warm,,,0.5,16,75,28.536700003314763
warm,,,0.5,16,76,27.843000018037856
warm,,,0.5,16,77,39.061799994669855
warm,,,0.5,16,78,26.66309999767691
warm,,,0.5,16,79,26.603300007991493
warm,,,0.5,16,80,27.054600010160357
warm,,,0.5,16,81,28.03909999784082
warm,,,0.5,16,82,28.110799961723387
warm,,,0.5,16,83,28.130699996836483
warm,,,0.5,16,84,35.311900021042675
warm,,,0.5,16,85,27.864899951964617
warm,,,0.5,16,86,25.83139995113015
warm,,,0.5,16,87,26.825000008102506
warm,,,0.5,16,88,26.941999967675656
warm,,,0.5,16,89,26.725600007921457
warm,,,0.5,16,90,27.04349998384714
warm,,,0.5,16,91,28.684300021268427
warm,,,0.5,16,92,31.597700028214604
warm,,,0.5,16,93,37.56790002807975
warm,,,0.5,16,94,36.60410002339631
warm,,,0.5,16,95,33.67279999656603
warm,,,0.5,16,96,29.35789996990934
warm,,,0.5,16,97,36.637799988966435
warm,,,0.5,16,98,42.42069995962083
warm,,,0.5,16,99,29.18620000127703
warm,,,0.5,16,100,27.155900024808943
warm,,,0.5,16,101,44.74420001497492
warm,,,0.5,16,102,29.031000041868538
warm,,,0.5,16,103,28.94330001436174
warm,,,0.5,16,104,28.01600005477667
warm,,,0.5,16,105,26.269599969964474
warm,,,0.5,16,106,26.962800009641796
warm,,,0.5,16,107,29.382499982602894
warm,,,0.5,16,108,28.075499983970076
warm,,,0.5,16,109,27.175199997145683
warm,,,0.5,16,110,27.45259995572269
warm,,,0.5,16,111,29.400300001725554
warm,,,0.5,16,112,31.939800013788044
warm,,,0.5,16,113,28.14909996232018
warm,,,0.5,16,114,26.663600001484156
warm,,,0.5,16,115,28.346800012513995
warm,,,0.5,16,116,29.206099978182465
warm,,,0.5,16,117,29.563499963842332
warm,,,0.5,16,118,43.79429999971762
warm,,,0.5,16,119,35.333900013938546
warm,,,0.5,16,120,27.406200009863824
warm,,,0.5,16,121,33.594499982427806
warm,,,0.5,16,122,32.65579999424517
warm,,,0.5,16,123,26.874200033489615
warm,,,0.5,16,124,25.725700019393116
warm,,,0.5,16,125,26.998199988156557
warm,,,0.5,16,126,39.24300003563985
warm,,,0.5,16,127,38.7955000041984
warm,,,0.5,16,128,26.637400034815073
warm,,,0.5,16,129,27.44680002797395
warm,,,0.5,16,130,27.194300026167184
warm,,,0.5,16,131,27.67339994898066
warm,,,0.5,16,132,28.27509999042377
warm,,,0.5,16,133,26.08239999972284
warm,,,0.5,16,134,37.504299951251596
warm,,,0.5,16,135,26.87639999203384
warm,,,0.5,16,136,27.093200013041496
warm,,,0.5,16,137,28.02010002778843
warm,,,0.5,16,138,29.462400008924305
warm,,,0.5,16,139,39.71460001775995
warm,,,0.5,16,140,32.09039999637753
warm,,,0.5,16,141,27.530900028068572
warm,,,0.5,16,142,26.877099997363985
warm,,,0.5,16,143,36.80170001462102
warm,,,0.5,16,144,33.38480001548305
warm,,,0.5,16,145,29.987100046128035
warm,,,0.5,16,146,25.10410000104457
warm,,,0.5,16,147,28.84550002636388
warm,,,0.5,16,148,33.053899998776615
warm,,,0.5,16,149,39.68749998603016
warm,,,0.5,16,150,36.625699955038726
warm,,,0.5,16,151,29.049200005829334
warm,,,0.5,16,152,27.614500024355948
warm,,,0.5,16,153,26.4039000030607
warm,,,0.5,16,154,30.65150004113093
warm,,,0.5,16,155,27.040500019211322
warm,,,0.5,16,156,28.50149996811524
warm,,,0.5,16,157,27.998299978207797
warm,,,0.5,16,158,27.646199974697083
warm,,,0.5,16,159,27.229600003920496
warm,,,0.5,16,160,35.79090000130236
warm,,,0.5,16,161,31.555599998682737
warm,,,0.5,16,162,29.945499962195754
warm,,,0.5,16,163,29.31230003014207
warm,,,0.5,16,164,27.31789997778833
warm,,,0.5,16,165,30.191599973477423
warm,,,0.5,16,166,35.4574000230059
warm,,,0.5,16,167,34.080600016750395
warm,,,0.5,16,168,32.95339999021962
warm,,,0.5,16,169,40.445399994496256
warm,,,0.5,16,170,26.543600019067526
warm,,,0.5,16,171,35.944300005212426
warm,,,0.5,16,172,29.717299970798194
warm,,,0.5,16,173,30.151200015097857
warm,,,0.5,16,174,27.421200007665902
warm,,,0.5,16,175,27.391200012061745
warm,,,0.5,16,176,28.758700005710125
warm,,,0.5,16,177,30.152600025758147
warm,,,0.5,16,178,27.027799980714917
warm,,,0.5,16,179,29.07059999415651
warm,,,0.5,16,180,26.56079997541383
warm,,,0.5,16,181,26.29999996861443
warm,,,0.5,16,182,28.976800036616623
warm,,,0.5,16,183,27.764799946453422
warm,,,0.5,16,184,28.001900005619973
warm,,,0.5,16,185,26.7951000132598
warm,,,0.5,16,186,29.539299954194576
warm,,,0.5,16,187,27.788600011263043
warm,,,0.5,16,188,27.9803000157699
warm,,,0.5,16,189,28.314299997873604
warm,,,0.5,16,190,30.502100009471178
warm,,,0.5,16,191,29.212099965661764
warm,,,0.5,16,192,30.96100001130253
warm,,,0.5,16,193,31.87219996470958
warm,,,0.5,16,194,27.290800004266202
warm,,,0.5,16,195,27.666800015140325
warm,,,0.5,16,196,27.471599983982742
warm,,,0.5,16,197,28.044699982274324
warm,,,0.5,16,198,27.600600034929812
warm,,,0.5,16,199,29.12710001692176
warm,,,0.5,32,0,10.236800007987767
warm,,,0.5,32,1,9.2138999607414
warm,,,0.5,32,2,9.081700001843274
warm,,,0.5,32,3,10.148199973627925
warm,,,0.5,32,4,9.360000025480986
warm,,,0.5,32,5,9.58910002373159
warm,,,0.5,32,6,10.832800006028265
warm,,,0.5,32,7,10.715999989770353
warm,,,0.5,32,8,15.326400054618716
warm,,,0.5,32,9,11.21870003407821
warm,,,0.5,32,10,9.687800018582493
warm,,,0.5,32,11,9.254199976567179
warm,,,0.5,32,12,10.135099990293384
warm,,,0.5,32,13,10.184299957472831
warm,,,0.5,32,14,11.67489995714277
warm,,,0.5,32,15,11.208900017663836
warm,,,0.5,32,16,9.211699943989515
warm,,,0.5,32,17,8.961099956650287
warm,,,0.5,32,18,9.203299996443093
warm,,,0.5,32,19,10.931500000879169
warm,,,0.5,32,20,9.610500012058765
warm,,,0.5,32,21,9.374699962791055
warm,,,0.5,32,22,12.012400024104863
warm,,,0.5,32,23,15.352200018242002
warm,,,0.5,32,24,9.15479997638613
warm,,,0.5,32,25,10.55639999685809
warm,,,0.5,32,26,9.208700037561357
warm,,,0.5,32,27,9.118399990256876
warm,,,0.5,32,28,10.944099980406463
warm,,,0.5,32,29,9.577399992849678
warm,,,0.5,32,30,9.539299993775785
warm,,,0.5,32,31,9.801000007428229
warm,,,0.5,32,32,10.71790000423789
warm,,,0.5,32,33,9.934999980032444
warm,,,0.5,32,34,9.64540004497394
warm,,,0.5,32,35,11.508600029628724
warm,,,0.5,32,36,10.401199979241937
warm,,,0.5,32,37,9.697700035758317
warm,,,0.5,32,38,11.527900001965463
warm,,,0.5,32,39,9.762000001501292
warm,,,0.5,32,40,9.167399955913424
warm,,,0.5,32,41,10.048699972685426
warm,,,0.5,32,42,10.018199973274022
warm,,,0.5,32,43,9.167400014121085
warm,,,0.5,32,44,9.173099999316037
warm,,,0.5,32,45,10.358100000303239
warm,,,0.5,32,46,9.807099995668977
warm,,,0.5,32,47,9.317599993664771
warm,,,0.5,32,48,10.73280000127852
warm,,,0.5,32,49,9.665500023402274
warm,,,0.5,32,50,9.57730005029589
warm,,,0.5,32,51,10.947100003249943
warm,,,0.5,32,52,10.315900028217584
warm,,,0.5,32,53,10.214499954599887
warm,,,0.5,32,54,9.678900009021163
warm,,,0.5,32,55,10.518399998545647
warm,,,0.5,32,56,10.190199944190681
warm,,,0.5,32,57,10.25559997651726
warm,,,0.5,32,58,12.183399987407029
warm,,,0.5,32,59,13.51809996413067
warm,,,0.5,32,60,14.925000024959445
warm,,,0.5,32,61,10.928699979558587
warm,,,0.5,32,62,9.985300013795495
warm,,,0.5,32,63,9.446499985642731
warm,,,0.5,32,64,10.322200017981231
warm,,,0.5,32,65,11.091699998360127
warm,,,0.5,32,66,13.58779997099191
warm,,,0.5,32,67,9.911399974953383
warm,,,0.5,32,68,9.581300022546202
warm,,,0.5,32,69,9.627700026612729
warm,,,0.5,32,70,10.081500047817826
warm,,,0.5,32,71,10.964899964164943
warm,,,0.5,32,72,9.577600052580237
warm,,,0.5,32,73,11.06759998947382
warm,,,0.5,32,74,9.921999997459352
warm,,,0.5,32,75,9.177199972327799
warm,,,0.5,32,76,10.288799996487796
warm,,,0.5,32,77,9.753099991939962
warm,,,0.5,32,78,10.321900015696883
warm,,,0.5,32,79,10.615099978167564
warm,,,0.5,32,80,10.49860002240166
warm,,,0.5,32,81,10.11940004536882
warm,,,0.5,32,82,10.178300028201193
warm,,,0.5,32,83,10.182400001212955
warm,,,0.5,32,84,9.266400011256337
warm,,,0.5,32,85,9.368499973788857
warm,,,0.5,32,86,10.289199999533594
warm,,,0.5,32,87,10.233899985905737
warm,,,0.5,32,88,10.555399989243597
warm,,,0.5,32,89,9.925899968948215
warm,,,0.5,32,90,10.208500025328249
warm,,,0.5,32,91,9.094799985177815
warm,,,0.5,32,92,9.79489996097982
warm,,,0.5,32,93,16.322200011927634
warm,,,0.5,32,94,15.097299998160452
warm,,,0.5,32,95,13.632599962875247
warm,,,0.5,32,96,12.355600018054247
warm,,,0.5,32,97,10.494799993466586
warm,,,0.5,32,98,10.239900031592697
warm,,,0.5,32,99,10.002100025303662
warm,,,0.5,32,100,9.146499971393496
warm,,,0.5,32,101,10.579800000414252
warm,,,0.5,32,102,10.14599995687604
warm,,,0.5,32,103,10.085599962621927
warm,,,0.5,32,104,10.717800003476441
warm,,,0.5,32,105,10.8291000360623
warm,,,0.5,32,106,11.305399995762855
warm,,,0.5,32,107,12.462100014090538
warm,,,0.5,32,108,11.372100037988275
warm,,,0.5,32,109,9.785100002773106
warm,,,0.5,32,110,10.228300001472235
warm,,,0.5,32,111,10.002900031395257
warm,,,0.5,32,112,9.11919999634847
warm,,,0.5,32,113,9.259100013878196
warm,,,0.5,32,114,11.961199983488768
warm,,,0.5,32,115,9.35479998588562
warm,,,0.5,32,116,9.17259999550879
warm,,,0.5,32,117,10.800499992910773
warm,,,0.5,32,118,9.354399982839823
warm,,,0.5,32,119,10.712099960073829
warm,,,0.5,32,120,13.729300000704825
warm,,,0.5,32,121,13.9435000019148
warm,,,0.5,32,122,10.041500034276396
warm,,,0.5,32,123,10.892999998759478
warm,,,0.5,32,124,9.336599963717163
warm,,,0.5,32,125,9.356599999591708
warm,,,0.5,32,126,11.168600001838058
warm,,,0.5,32,127,9.601600002497435
warm,,,0.5,32,128,9.533700009342283
warm,,,0.5,32,129,9.363399993162602
warm,,,0.5,32,130,10.604800016153604
warm,,,0.5,32,131,10.167000000365078
warm,,,0.5,32,132,9.062299970537424
warm,,,0.5,32,133,9.997499990276992
warm,,,0.5,32,134,9.878100012429059
warm,,,0.5,32,135,9.410200000274926
warm,,,0.5,32,136,10.388700000476092
warm,,,0.5,32,137,10.10449999012053
warm,,,0.5,32,138,9.791499993298203
warm,,,0.5,32,139,10.182900005020201
warm,,,0.5,32,140,10.085699963383377
warm,,,0.5,32,141,9.499399980995804
warm,,,0.5,32,142,9.299399971496314
warm,,,0.5,32,143,10.237000009510666
warm,,,0.5,32,144,10.428699955809861
warm,,,0.5,32,145,9.844500047620386
warm,,,0.5,32,146,10.583699971903116
warm,,,0.5,32,147,11.312599992379546
warm,,,0.5,32,148,10.613000020384789
warm,,,0.5,32,149,13.144399970769882
warm,,,0.5,32,150,10.578899993561208
warm,,,0.5,32,151,9.540300001390278
warm,,,0.5,32,152,9.859099984169006
warm,,,0.5,32,153,10.011599981226027
warm,,,0.5,32,154,9.378099988680333
warm,,,0.5,32,155,9.586200001649559
warm,,,0.5,32,156,10.506199963856488
warm,,,0.5,32,157,9.744099981617182
warm,,,0.5,32,158,10.272900050040334
warm,,,0.5,32,159,10.706499975640327
warm,,,0.5,32,160,10.23210003040731
warm,,,0.5,32,161,10.19339996855706
warm,,,0.5,32,162,10.657600010745227
warm,,,0.5,32,163,10.410099988803267
warm,,,0.5,32,164,9.584699990227818
warm,,,0.5,32,165,9.230200026649982
warm,,,0.5,32,166,9.936399990692735
warm,,,0.5,32,167,9.456900006625801
warm,,,0.5,32,168,10.07479999680072
warm,,,0.5,32,169,11.779199994634837
warm,,,0.5,32,170,10.282800009008497
warm,,,0.5,32,171,10.078700026497245
warm,,,0.5,32,172,10.32980001764372
warm,,,0.5,32,173,12.232800014317036
warm,,,0.5,32,174,10.429599962662905
warm,,,0.5,32,175,10.622699977830052
warm,,,0.5,32,176,10.915999999269843
warm,,,0.5,32,177,8.977699966635555
warm,,,0.5,32,178,9.155999985523522
warm,,,0.5,32,179,10.517600050661713
warm,,,0.5,32,180,10.711399954743683
warm,,,0.5,32,181,9.92659997427836
warm,,,0.5,32,182,11.006300046574324
warm,,,0.5,32,183,10.38910000352189
warm,,,0.5,32,184,10.1888999924995
warm,,,0.5,32,185,11.742100003175437
warm,,,0.5,32,186,9.649199957493693
warm,,,0.5,32,187,9.173500002361834
warm,,,0.5,32,188,11.394400033168495
warm,,,0.5,32,189,9.712599974591285
warm,,,0.5,32,190,12.48390000546351
warm,,,0.5,32,191,12.313199986238033
warm,,,0.5,32,192,10.309699981007725
warm,,,0.5,32,193,9.47190000442788
warm,,,0.5,32,194,10.172899987082928
warm,,,0.5,32,195,9.408399986568838
warm,,,0.5,32,196,9.216699982061982
warm,,,0.5,32,197,10.00379998004064
warm,,,0.5,32,198,10.2511000004597
warm,,,0.5,32,199,9.331500041298568
warm,,,0.75,4,0,29.062599991448224
warm,,,0.75,4,1,35.13660002499819
warm,,,0.75,4,2,46.96400003740564
warm,,,0.75,4,3,30.174100014846772
warm,,,0.75,4,4,31.26640000846237
warm,,,0.75,4,5,30.155499989632517
warm,,,0.75,4,6,38.38199999881908
warm,,,0.75,4,7,44.33970001991838
warm,,,0.75,4,8,27.67459995811805
warm,,,0.75,4,9,29.58480000961572
warm,,,0.75,4,10,39.980299945455045
warm,,,0.75,4,11,29.837400012183934
warm,,,0.75,4,12,35.56550003122538
warm,,,0.75,4,13,31.250700005330145
warm,,,0.75,4,14,33.09770004125312
warm,,,0.75,4,15,37.70629997598007
warm,,,0.75,4,16,32.82979998039082
warm,,,0.75,4,17,34.86640000483021
warm,,,0.75,4,18,29.824000026565045
warm,,,0.75,4,19,34.4452999997884
warm,,,0.75,4,20,28.16230000462383
warm,,,0.75,4,21,29.13849998731166
warm,,,0.75,4,22,32.31840004445985
warm,,,0.75,4,23,28.800399973988533
warm,,,0.75,4,24,33.93490001326427
warm,,,0.75,4,25,28.90460001071915
warm,,,0.75,4,26,30.89590003946796
warm,,,0.75,4,27,34.90999998757616
warm,,,0.75,4,28,28.52949994849041
warm,,,0.75,4,29,26.627000013832003
warm,,,0.75,4,30,28.783599962480366
warm,,,0.75,4,31,30.7166000129655
warm,,,0.75,4,32,29.278899950440973
warm,,,0.75,4,33,28.683500015176833
warm,,,0.75,4,34,28.431600017938763
warm,,,0.75,4,35,28.728600009344518
warm,,,0.75,4,36,29.711600043810904
warm,,,0.75,4,37,27.936199971009046
warm,,,0.75,4,38,31.219500000588596
warm,,,0.75,4,39,29.23380001448095
warm,,,0.75,4,40,29.684900015126914
warm,,,0.75,4,41,34.07689998857677
warm,,,0.75,4,42,27.954599994700402
warm,,,0.75,4,43,28.76539999851957
warm,,,0.75,4,44,29.228199971839786
warm,,,0.75,4,45,34.627399989403784
warm,,,0.75,4,46,31.107099959626794
warm,,,0.75,4,47,28.365899983327836
warm,,,0.75,4,48,31.057999993208796
warm,,,0.75,4,49,36.403600010089576
warm,,,0.75,4,50,39.16429996024817
warm,,,0.75,4,51,27.594499988481402
warm,,,0.75,4,52,27.25240000290796
warm,,,0.75,4,53,29.763100028503686
warm,,,0.75,4,54,29.336600040551275
warm,,,0.75,4,55,28.663999983109534
warm,,,0.75,4,56,27.55469997646287
warm,,,0.75,4,57,29.568900004960597
warm,,,0.75,4,58,28.492100012954324
warm,,,0.75,4,59,28.363300021737814
warm,,,0.75,4,60,29.017900000326335
warm,,,0.75,4,61,28.54889997979626
warm,,,0.75,4,62,29.590299993287772
warm,,,0.75,4,63,28.311599977314472
warm,,,0.75,4,64,29.207699990365654
warm,,,0.75,4,65,30.791500001214445
warm,,,0.75,4,66,30.965899990405887
warm,,,0.75,4,67,29.470200010109693
warm,,,0.75,4,68,27.552300016395748
warm,,,0.75,4,69,32.20359998522326
warm,,,0.75,4,70,38.403699989430606
warm,,,0.75,4,71,28.928999963682145
warm,,,0.75,4,72,36.0767999663949
warm,,,0.75,4,73,29.044900031294674
warm,,,0.75,4,74,31.883299991022795
warm,,,0.75,4,75,28.607399959582835
warm,,,0.75,4,76,47.644699981901795
warm,,,0.75,4,77,47.103899996727705
warm,,,0.75,4,78,34.704199992120266
warm,,,0.75,4,79,29.457899974659085
warm,,,0.75,4,80,28.202699963003397
warm,,,0.75,4,81,27.833800006192178
warm,,,0.75,4,82,28.87949999421835
warm,,,0.75,4,83,33.72900001704693
warm,,,0.75,4,84,40.21649999776855
warm,,,0.75,4,85,46.4155999943614
warm,,,0.75,4,86,34.05909996945411
warm,,,0.75,4,87,29.208699997980148
warm,,,0.75,4,88,29.939899977762252
warm,,,0.75,4,89,30.26749996934086
warm,,,0.75,4,90,39.01850001420826
warm,,,0.75,4,91,30.23530001519248
warm,,,0.75,4,92,28.241199965123087
warm,,,0.75,4,93,38.15679997205734
warm,,,0.75,4,94,29.745000007096678
warm,,,0.75,4,95,30.45439999550581
warm,,,0.75,4,96,32.591600029263645
warm,,,0.75,4,97,44.65739999432117
warm,,,0.75,4,98,28.858200006652623
warm,,,0.75,4,99,28.936400020029396
warm,,,0.75,4,100,35.498499986715615
warm,,,0.75,4,101,33.871799998451024
warm,,,0.75,4,102,34.56439997535199
warm,,,0.75,4,103,30.495200015138835
warm,,,0.75,4,104,29.023899987805635
warm,,,0.75,4,105,28.498400002717972
warm,,,0.75,4,106,29.150799964554608
warm,,,0.75,4,107,28.827200003433973
warm,,,0.75,4,108,30.373400019016117
warm,,,0.75,4,109,29.029999976046383
warm,,,0.75,4,110,28.958400012925267
warm,,,0.75,4,111,31.446099979802966
warm,,,0.75,4,112,29.174599971156567
warm,,,0.75,4,113,29.60860001621768
warm,,,0.75,4,114,27.836100023705512
warm,,,0.75,4,115,29.19200004544109
warm,,,0.75,4,116,36.635100026614964
warm,,,0.75,4,117,29.08529998967424
warm,,,0.75,4,118,27.91480004088953
warm,,,0.75,4,119,36.99659998528659
warm,,,0.75,4,120,28.31929997773841
warm,,,0.75,4,121,29.18000001227483
warm,,,0.75,4,122,30.88540001772344
warm,,,0.75,4,123,48.08989999582991
warm,,,0.75,4,124,40.39300000295043
warm,,,0.75,4,125,38.661700033117086
warm,,,0.75,4,126,28.066400031093508
warm,,,0.75,4,127,27.55960001377389
warm,,,0.75,4,128,40.392299997620285
warm,,,0.75,4,129,29.77419999660924
warm,,,0.75,4,130,27.92209998006001
warm,,,0.75,4,131,28.9224999723956
warm,,,0.75,4,132,33.72850001323968
warm,,,0.75,4,133,29.512499982956797
warm,,,0.75,4,134,44.297700049355626
warm,,,0.75,4,135,31.1504999990575
warm,,,0.75,4,136,29.679900035262108
warm,,,0.75,4,137,27.624300040770322
warm,,,0.75,4,138,29.854000022169203
warm,,,0.75,4,139,29.302000009920448
warm,,,0.75,4,140,29.201800003647804
warm,,,0.75,4,141,28.515500016510487
warm,,,0.75,4,142,50.43220001971349
warm,,,0.75,4,143,30.744399991817772
warm,,,0.75,4,144,27.86010003183037
warm,,,0.75,4,145,28.576200013048947
warm,,,0.75,4,146,31.297899957280606
warm,,,0.75,4,147,33.292500011157244
warm,,,0.75,4,148,28.766400006134063
warm,,,0.75,4,149,27.426999993622303
warm,,,0.75,4,150,38.32799999509007
warm,,,0.75,4,151,32.162000017706305
warm,,,0.75,4,152,28.48229999653995
warm,,,0.75,4,153,39.97669997625053
warm,,,0.75,4,154,44.70600001513958
warm,,,0.75,4,155,32.99979999428615
warm,,,0.75,4,156,29.995899996720254
warm,,,0.75,4,157,29.756100033409894
warm,,,0.75,4,158,30.158599955029786
warm,,,0.75,4,159,35.103100002743304
warm,,,0.75,4,160,28.5077000153251
warm,,,0.75,4,161,30.305799969937652
warm,,,0.75,4,162,29.259399976581335
warm,,,0.75,4,163,28.60379999037832
warm,,,0.75,4,164,31.185399973765016
warm,,,0.75,4,165,35.34080000827089
warm,,,0.75,4,166,37.36150002805516
warm,,,0.75,4,167,29.390100040473044
warm,,,0.75,4,168,38.84510003263131
warm,,,0.75,4,169,35.17659998033196
warm,,,0.75,4,170,29.36270000645891
warm,,,0.75,4,171,30.900599958840758
warm,,,0.75,4,172,40.69709999021143
warm,,,0.75,4,173,30.229999974835664
warm,,,0.75,4,174,29.71789997536689
warm,,,0.75,4,175,28.515299956779927
warm,,,0.75,4,176,27.914599981158972
warm,,,0.75,4,177,31.22179995989427
warm,,,0.75,4,178,40.82070000004023
warm,,,0.75,4,179,29.26889999071136
warm,,,0.75,4,180,28.04100001230836
warm,,,0.75,4,181,27.77879999484867
warm,,,0.75,4,182,29.333600017707795
warm,,,0.75,4,183,38.41410001041368
warm,,,0.75,4,184,27.26159995654598
warm,,,0.75,4,185,30.250900017563254
warm,,,0.75,4,186,30.37460002815351
warm,,,0.75,4,187,28.985199984163046
warm,,,0.75,4,188,30.804400041233748
warm,,,0.75,4,189,30.86190001340583
warm,,,0.75,4,190,29.91779998410493
warm,,,0.75,4,191,28.13559997593984
warm,,,0.75,4,192,29.309899953659624
warm,,,0.75,4,193,28.707999968901277
warm,,,0.75,4,194,29.31219997117296
warm,,,0.75,4,195,28.83790002670139
warm,,,0.75,4,196,28.704199998173863
warm,,,0.75,4,197,29.72260001115501
warm,,,0.75,4,198,35.83449998404831
warm,,,0.75,4,199,28.382499993313104
warm,,,0.75,8,0,29.8348999931477
warm,,,0.75,8,1,29.217899951618165
warm,,,0.75,8,2,29.013699968345463
warm,,,0.75,8,3,32.20820002024993
warm,,,0.75,8,4,28.29429996199906
warm,,,0.75,8,5,37.76160004781559
warm,,,0.75,8,6,43.849000008776784
warm,,,0.75,8,7,37.09960001287982
warm,,,0.75,8,8,29.37130001373589
warm,,,0.75,8,9,28.51790003478527
warm,,,0.75,8,10,31.1195999966003
warm,,,0.75,8,11,48.79369999980554
warm,,,0.75,8,12,44.50900002848357
warm,,,0.75,8,13,31.16690000751987
warm,,,0.75,8,14,28.487099974881858
warm,,,0.75,8,15,29.601700021885335
warm,,,0.75,8,16,27.631599979940802
warm,,,0.75,8,17,28.555499971844256
warm,,,0.75,8,18,31.46460000425577
warm,,,0.75,8,19,30.077099974732846
warm,,,0.75,8,20,29.640500026289374
warm,,,0.75,8,21,31.655200000386685
warm,,,0.75,8,22,29.71039997646585
warm,,,0.75,8,23,28.62040000036359
warm,,,0.75,8,24,28.6498999921605
warm,,,0.75,8,25,41.1043000058271
warm,,,0.75,8,26,39.08149997005239
warm,,,0.75,8,27,28.733499988447875
warm,,,0.75,8,28,30.542600026819855
warm,,,0.75,8,29,26.623899990227073
warm,,,0.75,8,30,28.81849999539554
warm,,,0.75,8,31,29.361599998082966
warm,,,0.75,8,32,28.279800026211888
warm,,,0.75,8,33,29.271400009747595
warm,,,0.75,8,34,29.607999953441322
warm,,,0.75,8,35,29.14779999991879
warm,,,0.75,8,36,29.008599987719208
warm,,,0.75,8,37,29.133600008208305
warm,,,0.75,8,38,27.39780000410974
warm,,,0.75,8,39,39.15759996743873
warm,,,0.75,8,40,27.636000013444573
warm,,,0.75,8,41,28.7800999940373
warm,,,0.75,8,42,42.36980003770441
warm,,,0.75,8,43,29.266699973959476
warm,,,0.75,8,44,30.96830000868067
warm,,,0.75,8,45,29.737000004388392
warm,,,0.75,8,46,29.97410000534728
warm,,,0.75,8,47,29.252399981487542
warm,,,0.75,8,48,33.37660001125187
warm,,,0.75,8,49,29.904099996201694
warm,,,0.75,8,50,29.62650003610179
warm,,,0.75,8,51,29.42640002584085
warm,,,0.75,8,52,28.075499983970076
warm,,,0.75,8,53,28.680099989287555
warm,,,0.75,8,54,36.41170001355931
warm,,,0.75,8,55,28.050099965184927
warm,,,0.75,8,56,29.03810003772378
warm,,,0.75,8,57,29.625100025441498
warm,,,0.75,8,58,30.025399988517165
warm,,,0.75,8,59,48.17480000201613
warm,,,0.75,8,60,29.33430002303794
warm,,,0.75,8,61,33.467200002633035
warm,,,0.75,8,62,29.65160005260259
warm,,,0.75,8,63,37.5983000267297
warm,,,0.75,8,64,31.292700034100562
warm,,,0.75,8,65,29.90179997868836
warm,,,0.75,8,66,29.899700020905584
warm,,,0.75,8,67,29.88369995728135
warm,,,0.75,8,68,29.46170000359416
warm,,,0.75,8,69,29.728099994827062
warm,,,0.75,8,70,30.230999982450157
warm,,,0.75,8,71,29.0097999968566
warm,,,0.75,8,72,29.059599968604743
warm,,,0.75,8,73,28.522700013127178
warm,,,0.75,8,74,32.789899967610836
warm,,,0.75,8,75,33.82760001113638
warm,,,0.75,8,76,42.25409997161478
warm,,,0.75,8,77,32.609299989417195
warm,,,0.75,8,78,28.781300003174692
warm,,,0.75,8,79,29.582499992102385
warm,,,0.75,8,80,30.28700000140816
warm,,,0.75,8,81,29.834399989340454
warm,,,0.75,8,82,41.44479997921735
warm,,,0.75,8,83,33.15350000048056
warm,,,0.75,8,84,29.48680002009496
warm,,,0.75,8,85,29.741100035607815
warm,,,0.75,8,86,47.19909996492788
warm,,,0.75,8,87,29.48389999801293
warm,,,0.75,8,88,30.143700016196817
warm,,,0.75,8,89,29.20250000897795
warm,,,0.75,8,90,29.98439996736124
warm,,,0.75,8,91,30.094799993094057
warm,,,0.75,8,92,29.235700028948486
warm,,,0.75,8,93,31.164999993052334
warm,,,0.75,8,94,29.999899968970567
warm,,,0.75,8,95,28.25400000438094
warm,,,0.75,8,96,30.046000028960407
warm,,,0.75,8,97,36.23710002284497
warm,,,0.75,8,98,27.31660002609715
warm,,,0.75,8,99,29.659499996341765
warm,,,0.75,8,100,29.795599984936416
warm,,,0.75,8,101,28.581199992913753
warm,,,0.75,8,102,31.573999964166433
warm,,,0.75,8,103,31.499499978963286
warm,,,0.75,8,104,36.4490999490954
warm,,,0.75,8,105,28.73289998387918
warm,,,0.75,8,106,30.695399967953563
warm,,,0.75,8,107,27.902600006200373
warm,,,0.75,8,108,27.642600005492568
warm,,,0.75,8,109,29.01260001817718
warm,,,0.75,8,110,31.094999983906746
warm,,,0.75,8,111,36.31990001304075
warm,,,0.75,8,112,29.14479997707531
warm,,,0.75,8,113,50.08879996603355
warm,,,0.75,8,114,39.47560000233352
warm,,,0.75,8,115,28.73429999453947
warm,,,0.75,8,116,30.071799992583692
warm,,,0.75,8,117,29.23670003656298
warm,,,0.75,8,118,37.000800017267466
warm,,,0.75,8,119,31.710400013253093
warm,,,0.75,8,120,28.343700047116727
warm,,,0.75,8,121,28.8347999448888
warm,,,0.75,8,122,29.59210000699386
warm,,,0.75,8,123,28.509399970062077
warm,,,0.75,8,124,28.52519997395575
warm,,,0.75,8,125,28.8989000255242
warm,,,0.75,8,126,29.794300033245236
warm,,,0.75,8,127,35.19560000859201
warm,,,0.75,8,128,34.85789999831468
warm,,,0.75,8,129,29.542499978560954
warm,,,0.75,8,130,28.55210000416264
warm,,,0.75,8,131,29.27489997819066
warm,,,0.75,8,132,29.537599999457598
warm,,,0.75,8,133,28.718799992930144
warm,,,0.75,8,134,30.850500043015927
warm,,,0.75,8,135,31.255499983672053
warm,,,0.75,8,136,30.408999999053776
warm,,,0.75,8,137,32.4724999954924
warm,,,0.75,8,138,34.912000002805144
warm,,,0.75,8,139,29.055399994831532
warm,,,0.75,8,140,30.319100013002753
warm,,,0.75,8,141,30.18309996696189
warm,,,0.75,8,142,31.145699962507933
warm,,,0.75,8,143,33.350200043059886
warm,,,0.75,8,144,28.144199983216822
warm,,,0.75,8,145,41.28810000838712
warm,,,0.75,8,146,38.63550000824034
warm,,,0.75,8,147,33.69589999783784
warm,,,0.75,8,148,30.22160002728924
warm,,,0.75,8,149,29.77449999889359
warm,,,0.75,8,150,31.7407000111416
warm,,,0.75,8,151,39.417300024069846
warm,,,0.75,8,152,29.23200000077486
warm,,,0.75,8,153,28.94039999227971
warm,,,0.75,8,154,27.9490000102669
warm,,,0.75,8,155,29.33849999681115
warm,,,0.75,8,156,29.498100047931075
warm,,,0.75,8,157,32.24599995883182
warm,,,0.75,8,158,27.46610000031069
warm,,,0.75,8,159,29.497499985154718
warm,,,0.75,8,160,31.09900001436472
warm,,,0.75,8,161,29.77710001869127
warm,,,0.75,8,162,28.256799967493862
warm,,,0.75,8,163,28.21740001672879
warm,,,0.75,8,164,49.72090001683682
warm,,,0.75,8,165,30.47789999982342
warm,,,0.75,8,166,30.0839000265114
warm,,,0.75,8,167,28.611599991563708
warm,,,0.75,8,168,29.82500003417954
warm,,,0.75,8,169,39.36490003252402
warm,,,0.75,8,170,29.138200043234974
warm,,,0.75,8,171,44.67959998873994
warm,,,0.75,8,172,45.3241000068374
warm,,,0.75,8,173,38.1871999707073
warm,,,0.75,8,174,29.10739998333156
warm,,,0.75,8,175,28.819200000725687
warm,,,0.75,8,176,28.92549999523908
warm,,,0.75,8,177,29.34000000823289
warm,,,0.75,8,178,30.157300003338605
warm,,,0.75,8,179,29.29740003310144
warm,,,0.75,8,180,28.681399999186397
warm,,,0.75,8,181,29.647999966982752
warm,,,0.75,8,182,29.550100036431104
warm,,,0.75,8,183,29.84989999094978
warm,,,0.75,8,184,29.963299981318414
warm,,,0.75,8,185,28.712600003927946
warm,,,0.75,8,186,31.41140000661835
warm,,,0.75,8,187,29.893799975980073
warm,,,0.75,8,188,29.173799965064973
warm,,,0.75,8,189,29.94629996828735
warm,,,0.75,8,190,30.567299982067198
warm,,,0.75,8,191,30.630399996880442
warm,,,0.75,8,192,30.929300002753735
warm,,,0.75,8,193,30.289600021205842
warm,,,0.75,8,194,30.05140001187101
warm,,,0.75,8,195,29.85570003511384
warm,,,0.75,8,196,29.350200027693063
warm,,,0.75,8,197,29.718500038143247
warm,,,0.75,8,198,32.643700018525124
warm,,,0.75,8,199,37.036399997305125
warm,,,0.75,16,0,30.363400001078844
warm,,,0.75,16,1,32.07830002065748
warm,,,0.75,16,2,30.284399981610477
warm,,,0.75,16,3,28.807799972128123
warm,,,0.75,16,4,29.67349998652935
warm,,,0.75,16,5,32.9881000216119
warm,,,0.75,16,6,36.557899962645024
warm,,,0.75,16,7,29.838700022082776
warm,,,0.75,16,8,37.919500027783215
warm,,,0.75,16,9,30.102299991995096
warm,,,0.75,16,10,38.99299999466166
warm,,,0.75,16,11,29.367299983277917
warm,,,0.75,16,12,29.582799994386733
warm,,,0.75,16,13,31.038500019349158
warm,,,0.75,16,14,30.59820004273206
warm,,,0.75,16,15,38.08339999523014
warm,,,0.75,16,16,29.79950001463294
warm,,,0.75,16,17,31.879400019533932
warm,,,0.75,16,18,30.044900020584464
warm,,,0.75,16,19,28.342700039502233
warm,,,0.75,16,20,30.342700018081814
warm,,,0.75,16,21,28.727199998684227
warm,,,0.75,16,22,38.863299996592104
warm,,,0.75,16,23,29.63659999659285
warm,,,0.75,16,24,28.836900019086897
warm,,,0.75,16,25,27.995700016617775
warm,,,0.75,16,26,31.7092000041157
warm,,,0.75,16,27,30.54639999754727
warm,,,0.75,16,28,29.838800022844225
warm,,,0.75,16,29,95.14590003527701
warm,,,0.75,16,30,40.98709998652339
warm,,,0.75,16,31,29.48259998811409
warm,,,0.75,16,32,30.299200036097318
warm,,,0.75,16,33,29.216599999926984
warm,,,0.75,16,34,33.74009998515248
warm,,,0.75,16,35,38.3989000110887
warm,,,0.75,16,36,27.751000015996397
warm,,,0.75,16,37,37.096999993082136
warm,,,0.75,16,38,35.85179999936372
warm,,,0.75,16,39,29.97590001905337
warm,,,0.75,16,40,28.10469997348264
warm,,,0.75,16,41,28.919800010044128
warm,,,0.75,16,42,33.364899980369955
warm,,,0.75,16,43,29.05419998569414
warm,,,0.75,16,44,27.576500026043504
warm,,,0.75,16,45,29.47390003828332
warm,,,0.75,16,46,31.326600001193583
warm,,,0.75,16,47,32.278899976518005
warm,,,0.75,16,48,28.929399966727942
warm,,,0.75,16,49,28.918500000145286
warm,,,0.75,16,50,29.51490000123158
warm,,,0.75,16,51,30.797299987170845
warm,,,0.75,16,52,30.882000050041825
warm,,,0.75,16,53,30.33270000014454
warm,,,0.75,16,54,29.096499958541244
warm,,,0.75,16,55,29.422699997667223
warm,,,0.75,16,56,29.383899993263185
warm,,,0.75,16,57,35.22109996993095
warm,,,0.75,16,58,37.75859996676445
warm,,,0.75,16,59,29.89570004865527
warm,,,0.75,16,60,29.36849999241531
warm,,,0.75,16,61,28.99510000133887
warm,,,0.75,16,62,30.672900029458106
warm,,,0.75,16,63,33.52270001778379
warm,,,0.75,16,64,33.46800000872463
warm,,,0.75,16,65,36.07510001165792
warm,,,0.75,16,66,31.589900027029216
warm,,,0.75,16,67,29.074599966406822
warm,,,0.75,16,68,29.37579998979345
warm,,,0.75,16,69,32.698299968615174
warm,,,0.75,16,70,30.130500032100827
warm,,,0.75,16,71,30.014700023457408
warm,,,0.75,16,72,28.79220002796501
warm,,,0.75,16,73,30.132100044284016
warm,,,0.75,16,74,29.464000021107495
warm,,,0.75,16,75,30.769399949349463
warm,,,0.75,16,76,29.091599979437888
warm,,,0.75,16,77,28.829299961216748
warm,,,0.75,16,78,29.788399988319725
warm,,,0.75,16,79,30.97010002238676
warm,,,0.75,16,80,31.744100037030876
warm,,,0.75,16,81,30.200000037439167
warm,,,0.75,16,82,29.714499949477613
warm,,,0.75,16,83,29.363600013311952
warm,,,0.75,16,84,31.18650004034862
warm,,,0.75,16,85,29.999900027178228
warm,,,0.75,16,86,31.617000000551343
warm,,,0.75,16,87,32.862899999599904
warm,,,0.75,16,88,27.871099999174476
warm,,,0.75,16,89,28.54170004138723
warm,,,0.75,16,90,36.95390000939369
warm,,,0.75,16,91,30.297100020106882
warm,,,0.75,16,92,31.44420002354309
warm,,,0.75,16,93,29.5567000284791
warm,,,0.75,16,94,29.49440001975745
warm,,,0.75,16,95,29.631300014443696
warm,,,0.75,16,96,42.00160002801567
warm,,,0.75,16,97,40.06589995697141
warm,,,0.75,16,98,30.319000012241304
warm,,,0.75,16,99,30.66899999976158
warm,,,0.75,16,100,29.752900009043515
warm,,,0.75,16,101,28.653499961365014
warm,,,0.75,16,102,29.575099993962795
warm,,,0.75,16,103,29.13879998959601
warm,,,0.75,16,104,30.30169999692589
warm,,,0.75,16,105,30.68239998538047
warm,,,0.75,16,106,39.56750000361353
warm,,,0.75,16,107,30.919099983293563
warm,,,0.75,16,108,29.112499963957816
warm,,,0.75,16,109,38.62229996593669
warm,,,0.75,16,110,33.69469998870045
warm,,,0.75,16,111,38.68479997618124
warm,,,0.75,16,112,30.140799994114786
warm,,,0.75,16,113,28.929199965205044
warm,,,0.75,16,114,29.687500034924597
warm,,,0.75,16,115,30.520099971909076
warm,,,0.75,16,116,31.37609997065738
warm,,,0.75,16,117,28.35340000456199
warm,,,0.75,16,118,28.710999991744757
warm,,,0.75,16,119,28.170099947601557
warm,,,0.75,16,120,28.745300020091236
warm,,,0.75,16,121,30.82630003336817
warm,,,0.75,16,122,29.26009998191148
warm,,,0.75,16,123,34.726499987300485
warm,,,0.75,16,124,33.84240000741556
warm,,,0.75,16,125,30.038799974136055
warm,,,0.75,16,126,29.5058999909088
warm,,,0.75,16,127,29.428300040308386
warm,,,0.75,16,128,31.019199988804758
warm,,,0.75,16,129,30.95220000250265
warm,,,0.75,16,130,30.284500040579587
warm,,,0.75,16,131,29.80389998992905
warm,,,0.75,16,132,28.21409999160096
warm,,,0.75,16,133,30.668599996715784
warm,,,0.75,16,134,32.34599996358156
warm,,,0.75,16,135,47.254799981601536
warm,,,0.75,16,136,35.284900048282
warm,,,0.75,16,137,31.262999982573092
warm,,,0.75,16,138,29.977799975313246
warm,,,0.75,16,139,30.004599946551025
warm,,,0.75,16,140,36.11669997917488
warm,,,0.75,16,141,34.538500010967255
warm,,,0.75,16,142,35.45279998797923
warm,,,0.75,16,143,29.781399993225932
warm,,,0.75,16,144,29.85590003663674
warm,,,0.75,16,145,36.43899998860434
warm,,,0.75,16,146,29.823700024280697
warm,,,0.75,16,147,33.948800002690405
warm,,,0.75,16,148,35.262999997939914
warm,,,0.75,16,149,34.06899998662993
warm,,,0.75,16,150,28.084799996577203
warm,,,0.75,16,151,36.839199950918555
warm,,,0.75,16,152,31.520400021690875
warm,,,0.75,16,153,30.870400019921362
warm,,,0.75,16,154,27.46010001283139
warm,,,0.75,16,155,30.11499997228384
warm,,,0.75,16,156,30.678600014653057
warm,,,0.75,16,157,30.03659995738417
warm,,,0.75,16,158,31.625400006305426
warm,,,0.75,16,159,31.169400026556104
warm,,,0.75,16,160,28.29560003010556
warm,,,0.75,16,161,31.64110000943765
warm,,,0.75,16,162,29.432400013320148
warm,,,0.75,16,163,28.793300036340952
warm,,,0.75,16,164,29.88110005389899
warm,,,0.75,16,165,31.019299989566207
warm,,,0.75,16,166,35.93830001773313
warm,,,0.75,16,167,35.11250001611188
warm,,,0.75,16,168,33.50060002412647
warm,,,0.75,16,169,35.29480000725016
warm,,,0.75,16,170,33.48910005297512
warm,,,0.75,16,171,34.31359998648986
warm,,,0.75,16,172,34.44770001806319
warm,,,0.75,16,173,33.51290000136942
warm,,,0.75,16,174,34.264199959579855
warm,,,0.75,16,175,45.939299976453185
warm,,,0.75,16,176,34.76300003239885
warm,,,0.75,16,177,39.92170002311468
warm,,,0.75,16,178,33.915899985004216
warm,,,0.75,16,179,36.70080000301823
warm,,,0.75,16,180,40.755199966952205
warm,,,0.75,16,181,29.64369999244809
warm,,,0.75,16,182,30.02020000712946
warm,,,0.75,16,183,30.822100001387298
warm,,,0.75,16,184,29.185699997469783
warm,,,0.75,16,185,30.880499980412424
warm,,,0.75,16,186,40.396699972916394
warm,,,0.75,16,187,33.399000007193536
warm,,,0.75,16,188,29.767999949399382
warm,,,0.75,16,189,29.238899995107204
warm,,,0.75,16,190,29.607500007841736
warm,,,0.75,16,191,29.718999983742833
warm,,,0.75,16,192,29.964400047902018
warm,,,0.75,16,193,29.579700028989464
warm,,,0.75,16,194,30.025900050532073
warm,,,0.75,16,195,29.88540002843365
warm,,,0.75,16,196,29.93259998038411
warm,,,0.75,16,197,29.649099975358695
warm,,,0.75,16,198,29.701199964620173
warm,,,0.75,16,199,30.180700006894767
warm,,,0.75,32,0,11.53429999249056
warm,,,0.75,32,1,9.84670000616461
warm,,,0.75,32,2,10.404200002085418
warm,,,0.75,32,3,14.452100032940507
warm,,,0.75,32,4,14.26500000525266
warm,,,0.75,32,5,14.761700003873557
warm,,,0.75,32,6,14.325800002552569
warm,,,0.75,32,7,14.262599986977875
warm,,,0.75,32,8,14.727700036019087
warm,,,0.75,32,9,17.552100005559623
warm,,,0.75,32,10,11.68990001315251
warm,,,0.75,32,11,10.09269995847717
warm,,,0.75,32,12,10.348499985411763
warm,,,0.75,32,13,11.491999961435795
warm,,,0.75,32,14,10.178100026678294
warm,,,0.75,32,15,10.304199997335672
warm,,,0.75,32,16,11.799899977631867
warm,,,0.75,32,17,10.585199983324856
warm,,,0.75,32,18,10.187799984123558
warm,,,0.75,32,19,11.84980000834912
warm,,,0.75,32,20,10.191500012297183
warm,,,0.75,32,21,9.787000017240644
warm,,,0.75,32,22,10.56219998281449
warm,,,0.75,32,23,9.965800039935857
warm,,,0.75,32,24,10.963500011712313
warm,,,0.75,32,25,10.4243999812752
warm,,,0.75,32,26,10.25699998717755
warm,,,0.75,32,27,10.38910000352189
warm,,,0.75,32,28,9.870700014289469
warm,,,0.75,32,29,12.933800055179745
warm,,,0.75,32,30,13.842299988027662
warm,,,0.75,32,31,16.318999987561256
warm,,,0.75,32,32,15.664900012779981
warm,,,0.75,32,33,14.717100013513118
warm,,,0.75,32,34,10.558200010564178
warm,,,0.75,32,35,10.283100011292845
warm,,,0.75,32,36,10.873200022615492
warm,,,0.75,32,37,10.667400027159601
warm,,,0.75,32,38,11.037199990823865
warm,,,0.75,32,39,11.67959999293089
warm,,,0.75,32,40,10.194199974648654
warm,,,0.75,32,41,9.469999989960343
warm,,,0.75,32,42,10.953199991490692
warm,,,0.75,32,43,10.348199983127415
warm,,,0.75,32,44,9.61130001815036
warm,,,0.75,32,45,9.877200005576015
warm,,,0.75,32,46,11.105499987024814
warm,,,0.75,32,47,10.494100046344101
warm,,,0.75,32,48,10.49580000108108
warm,,,0.75,32,49,11.241799977142364
warm,,,0.75,32,50,11.123700009193271
warm,,,0.75,32,51,10.354600031860173
warm,,,0.75,32,52,11.591900023631752
warm,,,0.75,32,53,10.21560002118349
warm,,,0.75,32,54,10.621799970977008
warm,,,0.75,32,55,14.824199955910444
warm,,,0.75,32,56,16.876500041689724
warm,,,0.75,32,57,13.810399977955967
warm,,,0.75,32,58,9.469199983868748
warm,,,0.75,32,59,9.5875000115484
warm,,,0.75,32,60,11.161400005221367
warm,,,0.75,32,61,11.575300013646483
warm,,,0.75,32,62,11.485300026834011
warm,,,0.75,32,63,10.309500037692487
warm,,,0.75,32,64,9.608599997591227
warm,,,0.75,32,65,10.32080000732094
warm,,,0.75,32,66,10.55489998543635
warm,,,0.75,32,67,10.748200002126396
warm,,,0.75,32,68,10.775499977171421
warm,,,0.75,32,69,10.173099988605827
warm,,,0.75,32,70,10.314000013750046
warm,,,0.75,32,71,10.432499984744936
warm,,,0.75,32,72,10.345299961045384
warm,,,0.75,32,73,11.163100018166006
warm,,,0.75,32,74,10.932399949524552
warm,,,0.75,32,75,10.484099970199168
warm,,,0.75,32,76,11.133200023323298
warm,,,0.75,32,77,10.302099981345236
warm,,,0.75,32,78,10.275300010107458
warm,,,0.75,32,79,11.215100006666034
warm,,,0.75,32,80,10.674400022253394
warm,,,0.75,32,81,10.490800021216273
warm,,,0.75,32,82,11.406700010411441
warm,,,0.75,32,83,10.901300003752112
warm,,,0.75,32,84,10.566200013272464
warm,,,0.75,32,85,11.82030001655221
warm,,,0.75,32,86,10.972500022035092
warm,,,0.75,32,87,10.442700004205108
warm,,,0.75,32,88,11.217100021895021
warm,,,0.75,32,89,10.41580003220588
warm,,,0.75,32,90,10.515299974940717
warm,,,0.75,32,91,11.333100032061338
warm,,,0.75,32,92,10.412500007078052
warm,,,0.75,32,93,9.905799990519881
warm,,,0.75,32,94,11.765000002924353
warm,,,0.75,32,95,9.962800017092377
warm,,,0.75,32,96,10.781300021335483
warm,,,0.75,32,97,15.148500038776547
warm,,,0.75,32,98,17.821299959905446
warm,,,0.75,32,99,18.738900020252913
warm,,,0.75,32,100,18.26390001224354
warm,,,0.75,32,101,14.563600008841604
warm,,,0.75,32,102,11.836400022730231
warm,,,0.75,32,103,10.178199969232082
warm,,,0.75,32,104,10.960199986584485
warm,,,0.75,32,105,9.857899975031614
warm,,,0.75,32,106,9.497799968812615
warm,,,0.75,32,107,10.606999974697828
warm,,,0.75,32,108,10.527499951422215
warm,,,0.75,32,109,10.145900014322251
warm,,,0.75,32,110,11.587799992412329
warm,,,0.75,32,111,10.450600006151944
warm,,,0.75,32,112,10.381800006143749
warm,,,0.75,32,113,11.414699954912066
warm,,,0.75,32,114,10.806000034790486
warm,,,0.75,32,115,9.943600045517087
warm,,,0.75,32,116,11.324300023261458
warm,,,0.75,32,117,10.048799973446876
warm,,,0.75,32,118,9.865600033663213
warm,,,0.75,32,119,10.16230002278462
warm,,,0.75,32,120,11.68840000173077
warm,,,0.75,32,121,10.772399953566492
warm,,,0.75,32,122,14.28420003503561
warm,,,0.75,32,123,10.658500017598271
warm,,,0.75,32,124,10.405100008938462
warm,,,0.75,32,125,9.704000025521964
warm,,,0.75,32,126,10.820600029546767
warm,,,0.75,32,127,10.298900015186518
warm,,,0.75,32,128,10.259200003929436
warm,,,0.75,32,129,11.803800007328391
warm,,,0.75,32,130,10.247699974570423
warm,,,0.75,32,131,9.556200006045401
warm,,,0.75,32,132,11.129599995911121
warm,,,0.75,32,133,12.200800003483891
warm,,,0.75,32,134,15.76420001219958
warm,,,0.75,32,135,17.439100018236786
warm,,,0.75,32,136,13.149400008842349
warm,,,0.75,32,137,10.441099992021918
warm,,,0.75,32,138,10.237199952825904
warm,,,0.75,32,139,10.380899999290705
warm,,,0.75,32,140,10.511500004213303
warm,,,0.75,32,141,10.521200019866228
warm,,,0.75,32,142,9.599700046237558
warm,,,0.75,32,143,10.73420001193881
warm,,,0.75,32,144,10.764600010588765
warm,,,0.75,32,145,10.34600002458319
warm,,,0.75,32,146,11.028699984308332
warm,,,0.75,32,147,10.908700001891702
warm,,,0.75,32,148,10.518099996261299
warm,,,0.75,32,149,12.255700014065951
warm,,,0.75,32,150,10.275100008584559
warm,,,0.75,32,151,11.673400003928691
warm,,,0.75,32,152,14.488099957816303
warm,,,0.75,32,153,13.834299985319376
warm,,,0.75,32,154,10.141999984625727
warm,,,0.75,32,155,11.879300000146031
warm,,,0.75,32,156,9.966299985535443
warm,,,0.75,32,157,9.353600034955889
warm,,,0.75,32,158,10.834600019734353
warm,,,0.75,32,159,10.196199989877641
warm,,,0.75,32,160,10.416299977805465
warm,,,0.75,32,161,11.961999989580363
warm,,,0.75,32,162,10.222200013231486
warm,,,0.75,32,163,10.211899993009865
warm,,,0.75,32,164,11.606500018388033
warm,,,0.75,32,165,9.876199997961521
warm,,,0.75,32,166,9.376900037750602
warm,,,0.75,32,167,10.391099960543215
warm,,,0.75,32,168,10.69560000905767
warm,,,0.75,32,169,10.544900025706738
warm,,,0.75,32,170,10.253700020257384
warm,,,0.75,32,171,10.452099959366024
warm,,,0.75,32,172,10.787900013383478
warm,,,0.75,32,173,10.663299995940179
warm,,,0.75,32,174,12.610600038897246
warm,,,0.75,32,175,12.372199969831854
warm,,,0.75,32,176,12.809600040782243
warm,,,0.75,32,177,10.31189999775961
warm,,,0.75,32,178,10.322899965103716
warm,,,0.75,32,179,9.530299983453006
warm,,,0.75,32,180,10.667199967429042
warm,,,0.75,32,181,10.60680003138259
warm,,,0.75,32,182,11.24260004144162
warm,,,0.75,32,183,12.288999976590276
warm,,,0.75,32,184,16.318999987561256
warm,,,0.75,32,185,16.18380000581965
warm,,,0.75,32,186,15.10489999782294
warm,,,0.75,32,187,16.73490001121536
warm,,,0.75,32,188,14.324599993415177
warm,,,0.75,32,189,13.997400004882365
warm,,,0.75,32,190,10.333899990655482
warm,,,0.75,32,191,10.240499977953732
warm,,,0.75,32,192,11.918900010641664
warm,,,0.75,32,193,10.075400001369417
warm,,,0.75,32,194,9.820600040256977
warm,,,0.75,32,195,11.708700039889663
warm,,,0.75,32,196,10.723299987148494
warm,,,0.75,32,197,10.887600015848875
warm,,,0.75,32,198,10.698600031901151
warm,,,0.75,32,199,9.777700004633516
warm,,,1.0,4,0,34.133999957703054
warm,,,1.0,4,1,31.73480002442375
warm,,,1.0,4,2,34.385900013148785
warm,,,1.0,4,3,33.79189997212961
warm,,,1.0,4,4,35.98390001570806
warm,,,1.0,4,5,31.050799996592104
warm,,,1.0,4,6,33.72469998430461
warm,,,1.0,4,7,33.32390001742169
warm,,,1.0,4,8,32.97599998768419
warm,,,1.0,4,9,32.873200019821525
warm,,,1.0,4,10,31.431700044777244
warm,,,1.0,4,11,41.04909999296069
warm,,,1.0,4,12,33.69770001154393
warm,,,1.0,4,13,33.49569998681545
warm,,,1.0,4,14,33.86640001554042
warm,,,1.0,4,15,33.816899987868965
warm,,,1.0,4,16,32.6397999888286
warm,,,1.0,4,17,33.96840003551915
warm,,,1.0,4,18,31.777099997270852
warm,,,1.0,4,19,34.75639998214319
warm,,,1.0,4,20,31.99509996920824
warm,,,1.0,4,21,33.29489997122437
warm,,,1.0,4,22,42.76610002852976
warm,,,1.0,4,23,39.839500037487596
warm,,,1.0,4,24,37.91130002355203
warm,,,1.0,4,25,42.44599997764453
warm,,,1.0,4,26,36.052800016477704
warm,,,1.0,4,27,32.94340003049001
warm,,,1.0,4,28,37.05959999933839
warm,,,1.0,4,29,42.13560000061989
warm,,,1.0,4,30,33.12750003533438
warm,,,1.0,4,31,31.405200017616153
warm,,,1.0,4,32,33.519099990371615
warm,,,1.0,4,33,33.753199968487024
warm,,,1.0,4,34,33.77350000664592
warm,,,1.0,4,35,31.16710000904277
warm,,,1.0,4,36,35.36999999778345
warm,,,1.0,4,37,33.13120000530034
warm,,,1.0,4,38,35.796200041659176
warm,,,1.0,4,39,33.88570004608482
warm,,,1.0,4,40,40.27719999430701
warm,,,1.0,4,41,36.18850000202656
warm,,,1.0,4,42,36.824400012847036
warm,,,1.0,4,43,33.169600006658584
warm,,,1.0,4,44,32.723700045607984
warm,,,1.0,4,45,37.27019997313619
warm,,,1.0,4,46,36.2944999942556
warm,,,1.0,4,47,33.360500005073845
warm,,,1.0,4,48,31.99960000347346
warm,,,1.0,4,49,33.62760000163689
warm,,,1.0,4,50,32.73500001523644
warm,,,1.0,4,51,31.82500001275912
warm,,,1.0,4,52,50.30329996952787
warm,,,1.0,4,53,31.764700019266456
warm,,,1.0,4,54,37.888500024564564
warm,,,1.0,4,55,31.399899977259338
warm,,,1.0,4,56,33.360400004312396
warm,,,1.0,4,57,33.600599970668554
warm,,,1.0,4,58,36.72779997577891
warm,,,1.0,4,59,32.34770003473386
warm,,,1.0,4,60,44.18749996693805
warm,,,1.0,4,61,34.424300014507025
warm,,,1.0,4,62,36.459899973124266
warm,,,1.0,4,63,30.78939998522401
warm,,,1.0,4,64,33.858200011309236
warm,,,1.0,4,65,37.23319998243824
warm,,,1.0,4,66,33.19709998322651
warm,,,1.0,4,67,32.2421999881044
warm,,,1.0,4,68,33.055200008675456
warm,,,1.0,4,69,33.10820000478998
warm,,,1.0,4,70,32.302599982358515
warm,,,1.0,4,71,33.599200018215925
warm,,,1.0,4,72,33.60409999731928
warm,,,1.0,4,73,32.1919999551028
warm,,,1.0,4,74,34.299999999348074
warm,,,1.0,4,75,36.028900009114295
warm,,,1.0,4,76,33.873000007588416
warm,,,1.0,4,77,32.89799997583032
warm,,,1.0,4,78,40.007200033869594
warm,,,1.0,4,79,54.156400030478835
warm,,,1.0,4,80,32.07040001871064
warm,,,1.0,4,81,31.6914000432007
warm,,,1.0,4,82,39.575900009367615
warm,,,1.0,4,83,33.34790002554655
warm,,,1.0,4,84,34.18920002877712
warm,,,1.0,4,85,33.76140003092587
warm,,,1.0,4,86,61.505299992859364
warm,,,1.0,4,87,36.29460005322471
warm,,,1.0,4,88,32.913199975155294
warm,,,1.0,4,89,32.01729996362701
warm,,,1.0,4,90,32.2234999621287
warm,,,1.0,4,91,33.492500020656735
warm,,,1.0,4,92,33.49509998224676
warm,,,1.0,4,93,32.44430001359433
warm,,,1.0,4,94,32.70439995685592
warm,,,1.0,4,95,33.53340004105121
warm,,,1.0,4,96,32.8579000197351
warm,,,1.0,4,97,34.08250003121793
warm,,,1.0,4,98,40.17539997585118
warm,,,1.0,4,99,39.458899991586804
warm,,,1.0,4,100,37.208200024906546
warm,,,1.0,4,101,33.02510001230985
warm,,,1.0,4,102,34.59370002383366
warm,,,1.0,4,103,39.9135000188835
warm,,,1.0,4,104,38.66080002626404
warm,,,1.0,4,105,34.11680000135675
warm,,,1.0,4,106,44.86279998673126
warm,,,1.0,4,107,35.17340001417324
warm,,,1.0,4,108,33.493999973870814
warm,,,1.0,4,109,35.059699963312596
warm,,,1.0,4,110,33.540000033099204
warm,,,1.0,4,111,34.20090000145137
warm,,,1.0,4,112,36.121400014963
warm,,,1.0,4,113,33.28410000540316
warm,,,1.0,4,114,33.56430004350841
warm,,,1.0,4,115,33.907299977727234
warm,,,1.0,4,116,39.27479998674244
warm,,,1.0,4,117,34.31139996973798
warm,,,1.0,4,118,34.510300029069185
warm,,,1.0,4,119,34.51689996290952
warm,,,1.0,4,120,34.654000017326325
warm,,,1.0,4,121,36.68129997095093
warm,,,1.0,4,122,31.807699997443706
warm,,,1.0,4,123,46.12859996268526
warm,,,1.0,4,124,41.01230000378564
warm,,,1.0,4,125,33.29190000658855
warm,,,1.0,4,126,33.33750000456348
warm,,,1.0,4,127,34.31389998877421
warm,,,1.0,4,128,39.303399971686304
warm,,,1.0,4,129,33.890900027472526
warm,,,1.0,4,130,33.824099984485656
warm,,,1.0,4,131,32.2794999810867
warm,,,1.0,4,132,32.20700001111254
warm,,,1.0,4,133,43.616400042083114
warm,,,1.0,4,134,34.25660001812503
warm,,,1.0,4,135,45.675800007302314
warm,,,1.0,4,136,36.49180004140362
warm,,,1.0,4,137,35.04389995941892
warm,,,1.0,4,138,31.489599961787462
warm,,,1.0,4,139,32.99129998777062
warm,,,1.0,4,140,43.55290002422407
warm,,,1.0,4,141,33.51129998918623
warm,,,1.0,4,142,31.721699982881546
warm,,,1.0,4,143,32.90220000781119
warm,,,1.0,4,144,32.702700002118945
warm,,,1.0,4,145,32.475999963935465
warm,,,1.0,4,146,33.8614999782294
warm,,,1.0,4,147,30.75670002726838
warm,,,1.0,4,148,33.50059996591881
warm,,,1.0,4,149,34.19269999722019
warm,,,1.0,4,150,38.65699999732897
warm,,,1.0,4,151,31.12270002020523
warm,,,1.0,4,152,33.59960002126172
warm,,,1.0,4,153,31.63539996603504
warm,,,1.0,4,154,32.44959999574348
warm,,,1.0,4,155,32.69210003782064
warm,,,1.0,4,156,31.67669998947531
warm,,,1.0,4,157,43.96049998467788
warm,,,1.0,4,158,38.05649996502325
warm,,,1.0,4,159,32.47630002442747
warm,,,1.0,4,160,33.0932000069879
warm,,,1.0,4,161,32.27560000959784
warm,,,1.0,4,162,32.898299978114665
warm,,,1.0,4,163,32.96270000282675
warm,,,1.0,4,164,33.26460003154352
warm,,,1.0,4,165,46.63029999937862
warm,,,1.0,4,166,42.629899980966
warm,,,1.0,4,167,35.33189999870956
warm,,,1.0,4,168,33.14060001866892
warm,,,1.0,4,169,34.110400010831654
warm,,,1.0,4,170,33.21730002062395
warm,,,1.0,4,171,33.2112000323832
warm,,,1.0,4,172,32.724799995776266
warm,,,1.0,4,173,37.83970000222325
warm,,,1.0,4,174,32.95050002634525
warm,,,1.0,4,175,31.421399966347963
warm,,,1.0,4,176,33.5643999860622
warm,,,1.0,4,177,33.385799964889884
warm,,,1.0,4,178,34.5563999726437
warm,,,1.0,4,179,38.587700051721185
warm,,,1.0,4,180,36.66979999979958
warm,,,1.0,4,181,33.01999997347593
warm,,,1.0,4,182,42.168399959336966
warm,,,1.0,4,183,42.59450000245124
warm,,,1.0,4,184,34.11720000440255
warm,,,1.0,4,185,32.155899971257895
warm,,,1.0,4,186,50.60310004046187
warm,,,1.0,4,187,37.75730001507327
warm,,,1.0,4,188,36.42040002159774
warm,,,1.0,4,189,39.78950000600889
warm,,,1.0,4,190,30.453199986368418
warm,,,1.0,4,191,34.034700016491115
warm,,,1.0,4,192,35.57730000466108
warm,,,1.0,4,193,35.21820000605658
warm,,,1.0,4,194,32.88269997574389
warm,,,1.0,4,195,32.40310004912317
warm,,,1.0,4,196,33.31700002308935
warm,,,1.0,4,197,33.316700020805
warm,,,1.0,4,198,31.85279999161139
warm,,,1.0,4,199,33.59220002312213
warm,,,1.0,8,0,33.74069998972118
warm,,,1.0,8,1,32.98070002347231
warm,,,1.0,8,2,33.473199990112334
warm,,,1.0,8,3,33.20730000268668
warm,,,1.0,8,4,38.34300005109981
warm,,,1.0,8,5,40.321199980098754
warm,,,1.0,8,6,43.07000001426786
warm,,,1.0,8,7,52.3537999833934
warm,,,1.0,8,8,39.20920001110062
warm,,,1.0,8,9,49.604900006670505
warm,,,1.0,8,10,43.972999963443726
warm,,,1.0,8,11,41.84199997689575
warm,,,1.0,8,12,31.6216999781318
warm,,,1.0,8,13,36.94510000059381
warm,,,1.0,8,14,38.696000003255904
warm,,,1.0,8,15,36.206700024195015
warm,,,1.0,8,16,36.44299996085465
warm,,,1.0,8,17,33.98760000709444
warm,,,1.0,8,18,33.97899999981746
warm,,,1.0,8,19,41.15479998290539
warm,,,1.0,8,20,32.59819996310398
warm,,,1.0,8,21,91.3486999925226
warm,,,1.0,8,22,38.967000029515475
warm,,,1.0,8,23,33.384200010914356
warm,,,1.0,8,24,33.341300033498555
warm,,,1.0,8,25,34.40529998624697
warm,,,1.0,8,26,37.74829994654283
warm,,,1.0,8,27,32.341299986001104
warm,,,1.0,8,28,31.910199963022023
warm,,,1.0,8,29,33.945699979085475
warm,,,1.0,8,30,46.82869999669492
warm,,,1.0,8,31,47.59189998731017
warm,,,1.0,8,32,32.51679998356849
warm,,,1.0,8,33,32.96590002719313
warm,,,1.0,8,34,35.72619997430593
warm,,,1.0,8,35,39.56299996934831
warm,,,1.0,8,36,36.12399997655302
warm,,,1.0,8,37,32.394499983638525
warm,,,1.0,8,38,38.36269996827468
warm,,,1.0,8,39,45.620799995958805
warm,,,1.0,8,40,32.65869995811954
warm,,,1.0,8,41,32.8752999776043
warm,,,1.0,8,42,34.38640001695603
warm,,,1.0,8,43,32.99999999580905
warm,,,1.0,8,44,33.79560000030324
warm,,,1.0,8,45,34.74780003307387
warm,,,1.0,8,46,38.76910003600642
warm,,,1.0,8,47,33.72000000672415
warm,,,1.0,8,48,33.06530002737418
warm,,,1.0,8,49,33.19069999270141
warm,,,1.0,8,50,35.29799997340888
warm,,,1.0,8,51,38.200999959371984
warm,,,1.0,8,52,34.087999956682324
warm,,,1.0,8,53,45.2050999738276
warm,,,1.0,8,54,37.71279996726662
warm,,,1.0,8,55,36.640900012571365
warm,,,1.0,8,56,34.975700022187084
warm,,,1.0,8,57,35.14520003227517
warm,,,1.0,8,58,32.132200023625046
warm,,,1.0,8,59,35.19359999336302
warm,,,1.0,8,60,31.933399965055287
warm,,,1.0,8,61,34.57080002408475
warm,,,1.0,8,62,32.47089998330921
warm,,,1.0,8,63,31.865500030107796
warm,,,1.0,8,64,32.54340001149103
warm,,,1.0,8,65,36.332599993329495
warm,,,1.0,8,66,31.217099982313812
warm,,,1.0,8,67,32.5093999854289
warm,,,1.0,8,68,32.4669000110589
warm,,,1.0,8,69,36.607999994885176
warm,,,1.0,8,70,42.74030000669882
warm,,,1.0,8,71,38.057200028561056
warm,,,1.0,8,72,38.581699947826564
warm,,,1.0,8,73,39.84370001126081
warm,,,1.0,8,74,32.416800037026405
warm,,,1.0,8,75,32.17319998657331
warm,,,1.0,8,76,38.270800025202334
warm,,,1.0,8,77,46.13820003578439
warm,,,1.0,8,78,32.91650000028312
warm,,,1.0,8,79,33.74189999885857
warm,,,1.0,8,80,33.305599994491786
warm,,,1.0,8,81,34.70270003890619
warm,,,1.0,8,82,32.47290005674586
warm,,,1.0,8,83,33.3849000162445
warm,,,1.0,8,84,35.73429997777566
warm,,,1.0,8,85,30.733599967788905
warm,,,1.0,8,86,34.26190000027418
warm,,,1.0,8,87,33.9986999752
warm,,,1.0,8,88,33.00080000190064
warm,,,1.0,8,89,33.31199998501688
warm,,,1.0,8,90,33.6830000160262
warm,,,1.0,8,91,32.318999990820885
warm,,,1.0,8,92,33.34770002402365
warm,,,1.0,8,93,33.431699965149164
warm,,,1.0,8,94,38.67759997956455
warm,,,1.0,8,95,33.797600015532225
warm,,,1.0,8,96,40.588000032585114
warm,,,1.0,8,97,34.04920001048595
warm,,,1.0,8,98,34.864499990362674
warm,,,1.0,8,99,34.645300009287894
warm,,,1.0,8,100,36.69779998017475
warm,,,1.0,8,101,52.5545000564307
warm,,,1.0,8,102,41.65389999980107
warm,,,1.0,8,103,32.32579998439178
warm,,,1.0,8,104,33.68400002364069
warm,,,1.0,8,105,33.1364999874495
warm,,,1.0,8,106,35.07250000257045
warm,,,1.0,8,107,32.08719997201115
warm,,,1.0,8,108,35.21220001857728
warm,,,1.0,8,109,33.43949996633455
warm,,,1.0,8,110,30.926699982956052
warm,,,1.0,8,111,32.63659996446222
warm,,,1.0,8,112,33.933800004888326
warm,,,1.0,8,113,35.95460002543405
warm,,,1.0,8,114,44.03809999348596
warm,,,1.0,8,115,33.65719999419525
warm,,,1.0,8,116,31.357200001366436
warm,,,1.0,8,117,33.400700020138174
warm,,,1.0,8,118,33.37020002072677
warm,,,1.0,8,119,34.022799984086305
warm,,,1.0,8,120,32.10230002878234
warm,,,1.0,8,121,33.492499962449074
warm,,,1.0,8,122,32.292099960613996
warm,,,1.0,8,123,32.57020004093647
warm,,,1.0,8,124,38.78840000834316
warm,,,1.0,8,125,34.885000030044466
warm,,,1.0,8,126,32.432899984996766
warm,,,1.0,8,127,34.00880005210638
warm,,,1.0,8,128,33.362000016495585
warm,,,1.0,8,129,45.63960002269596
warm,,,1.0,8,130,33.34550000727177
warm,,,1.0,8,131,35.76030000112951
warm,,,1.0,8,132,41.7118999757804
warm,,,1.0,8,133,38.872200006153435
warm,,,1.0,8,134,38.517999986652285
warm,,,1.0,8,135,37.76609996566549
warm,,,1.0,8,136,36.68560000369325
warm,,,1.0,8,137,32.641800004057586
warm,,,1.0,8,138,33.91200001351535
warm,,,1.0,8,139,32.68820000812411
warm,,,1.0,8,140,32.93929999927059
warm,,,1.0,8,141,33.167799992952496
warm,,,1.0,8,142,32.806199975311756
warm,,,1.0,8,143,33.548599982168525
warm,,,1.0,8,144,38.598000013735145
warm,,,1.0,8,145,32.4603000190109
warm,,,1.0,8,146,32.06589998444542
warm,,,1.0,8,147,33.685000031255186
warm,,,1.0,8,148,33.77799998270348
warm,,,1.0,8,149,34.19420000864193
warm,,,1.0,8,150,33.43409998342395
warm,,,1.0,8,151,35.79009999521077
warm,,,1.0,8,152,33.66319998167455
warm,,,1.0,8,153,35.47370003070682
warm,,,1.0,8,154,35.72549996897578
warm,,,1.0,8,155,39.2608999973163
warm,,,1.0,8,156,33.17509999033064
warm,,,1.0,8,157,35.36159999202937
warm,,,1.0,8,158,35.264500009361655
warm,,,1.0,8,159,31.299699970986694
warm,,,1.0,8,160,33.425899979192764
warm,,,1.0,8,161,33.32480002427474
warm,,,1.0,8,162,32.702800002880394
warm,,,1.0,8,163,32.2792999795638
warm,,,1.0,8,164,32.68560004653409
warm,,,1.0,8,165,33.40399998705834
warm,,,1.0,8,166,34.848199982661754
warm,,,1.0,8,167,34.29889999097213
warm,,,1.0,8,168,31.862300005741417
warm,,,1.0,8,169,32.930999994277954
warm,,,1.0,8,170,34.18949997285381
warm,,,1.0,8,171,30.963200028054416
warm,,,1.0,8,172,37.01990004628897
warm,,,1.0,8,173,33.99349999381229
warm,,,1.0,8,174,32.77470002649352
warm,,,1.0,8,175,33.111499971710145
warm,,,1.0,8,176,34.018500009551644
warm,,,1.0,8,177,33.166499983053654
warm,,,1.0,8,178,32.087800034787506
warm,,,1.0,8,179,32.40670001832768
warm,,,1.0,8,180,34.54020002391189
warm,,,1.0,8,181,34.16859998833388
warm,,,1.0,8,182,32.781100017018616
warm,,,1.0,8,183,38.265899987891316
warm,,,1.0,8,184,33.376699953805655
warm,,,1.0,8,185,35.29440000420436
warm,,,1.0,8,186,31.903000024612993
warm,,,1.0,8,187,32.73060003994033
warm,,,1.0,8,188,34.12270004628226
warm,,,1.0,8,189,32.135199988260865
warm,,,1.0,8,190,33.75539998523891
warm,,,1.0,8,191,39.484200009610504
warm,,,1.0,8,192,33.73019996797666
warm,,,1.0,8,193,32.19629998784512
warm,,,1.0,8,194,33.69950002525002
warm,,,1.0,8,195,32.65849995659664
warm,,,1.0,8,196,35.242000012658536
warm,,,1.0,8,197,39.38239999115467
warm,,,1.0,8,198,51.91280000144616
warm,,,1.0,8,199,50.588599988259375
warm,,,1.0,16,0,34.48989999014884
warm,,,1.0,16,1,35.301500000059605
warm,,,1.0,16,2,33.378300024196506
warm,,,1.0,16,3,33.08229998219758
warm,,,1.0,16,4,33.76719995867461
warm,,,1.0,16,5,35.18060001078993
warm,,,1.0,16,6,33.359000051859766
warm,,,1.0,16,7,42.98530000960454
warm,,,1.0,16,8,36.91389999585226
warm,,,1.0,16,9,33.16320001613349
warm,,,1.0,16,10,43.476900027599186
warm,,,1.0,16,11,37.20030002295971
warm,,,1.0,16,12,34.088200016412884
warm,,,1.0,16,13,32.8264000127092
warm,,,1.0,16,14,32.234500045888126
warm,,,1.0,16,15,33.75519998371601
warm,,,1.0,16,16,34.107299987226725
warm,,,1.0,16,17,35.11540003819391
warm,,,1.0,16,18,32.118799979798496
warm,,,1.0,16,19,35.56709998520091
warm,,,1.0,16,20,43.22180000599474
warm,,,1.0,16,21,36.07249999186024
warm,,,1.0,16,22,32.08020003512502
warm,,,1.0,16,23,37.75019996101037
warm,,,1.0,16,24,34.29069998674095
warm,,,1.0,16,25,35.805100051220506
warm,,,1.0,16,26,31.953500001691282
warm,,,1.0,16,27,35.74500000104308
warm,,,1.0,16,28,32.342799997422844
warm,,,1.0,16,29,32.55709999939427
warm,,,1.0,16,30,38.61819999292493
warm,,,1.0,16,31,40.79880000790581
warm,,,1.0,16,32,33.26510003535077
warm,,,1.0,16,33,34.99720001127571
warm,,,1.0,16,34,33.18990004481748
warm,,,1.0,16,35,33.75800000503659
warm,,,1.0,16,36,48.000199953094125
warm,,,1.0,16,37,34.786000032909214
warm,,,1.0,16,38,44.54249999253079
warm,,,1.0,16,39,35.25469999294728
warm,,,1.0,16,40,43.72359998524189
warm,,,1.0,16,41,38.356499979272485
warm,,,1.0,16,42,38.95730001386255
warm,,,1.0,16,43,31.877900008112192
warm,,,1.0,16,44,42.576000036206096
warm,,,1.0,16,45,36.4257000037469
warm,,,1.0,16,46,42.08819998893887
warm,,,1.0,16,47,38.95309998188168
warm,,,1.0,16,48,33.16330001689494
warm,,,1.0,16,49,33.15120004117489
warm,,,1.0,16,50,33.32129999762401
warm,,,1.0,16,51,33.54330000001937
warm,,,1.0,16,52,31.62510000402108
warm,,,1.0,16,53,33.142599975690246
warm,,,1.0,16,54,33.54319999925792
warm,,,1.0,16,55,36.51810000883415
warm,,,1.0,16,56,35.440700012259185
warm,,,1.0,16,57,33.373899990692735
warm,,,1.0,16,58,33.024400006979704
warm,,,1.0,16,59,35.070299985818565
warm,,,1.0,16,60,39.3546000123024
warm,,,1.0,16,61,36.532500002067536
warm,,,1.0,16,62,41.733300022315234
warm,,,1.0,16,63,36.21330001624301
warm,,,1.0,16,64,34.20449997065589
warm,,,1.0,16,65,33.62110001035035
warm,,,1.0,16,66,33.753300027456135
warm,,,1.0,16,67,36.54659999301657
warm,,,1.0,16,68,35.66679998766631
warm,,,1.0,16,69,35.157900012563914
warm,,,1.0,16,70,34.90339999552816
warm,,,1.0,16,71,32.011000032071024
warm,,,1.0,16,72,41.38399998191744
warm,,,1.0,16,73,45.27040000539273
warm,,,1.0,16,74,32.84010000061244
warm,,,1.0,16,75,32.02059998875484
warm,,,1.0,16,76,35.02660000231117
warm,,,1.0,16,77,42.956900026183575
warm,,,1.0,16,78,39.089999976567924
warm,,,1.0,16,79,35.01439996762201
warm,,,1.0,16,80,31.527900020591915
warm,,,1.0,16,81,34.44899996975437
warm,,,1.0,16,82,33.599100017454475
warm,,,1.0,16,83,32.2994000161998
warm,,,1.0,16,84,32.446600031107664
warm,,,1.0,16,85,34.1169000021182
warm,,,1.0,16,86,32.904300023801625
warm,,,1.0,16,87,34.133699955418706
warm,,,1.0,16,88,33.13190001063049
warm,,,1.0,16,89,31.912499980535358
warm,,,1.0,16,90,34.679400036111474
warm,,,1.0,16,91,33.69589999783784
warm,,,1.0,16,92,34.53779994742945
warm,,,1.0,16,93,33.9667999651283
warm,,,1.0,16,94,32.781100017018616
warm,,,1.0,16,95,41.42910003429279
warm,,,1.0,16,96,33.67049997905269
warm,,,1.0,16,97,38.52760000154376
warm,,,1.0,16,98,37.987299961969256
warm,,,1.0,16,99,33.68090000003576
warm,,,1.0,16,100,33.572199987247586
warm,,,1.0,16,101,35.65360000357032
warm,,,1.0,16,102,45.253499993123114
warm,,,1.0,16,103,37.303200049791485
warm,,,1.0,16,104,37.24879998480901
warm,,,1.0,16,105,33.51479995762929
warm,,,1.0,16,106,33.35540002444759
warm,,,1.0,16,107,34.17749999789521
warm,,,1.0,16,108,33.96460000658408
warm,,,1.0,16,109,43.13559998990968
warm,,,1.0,16,110,38.41470001498237
warm,,,1.0,16,111,33.9615999837406
warm,,,1.0,16,112,32.908599998336285
warm,,,1.0,16,113,32.93310001026839
warm,,,1.0,16,114,32.96559996670112
warm,,,1.0,16,115,40.14959995402023
warm,,,1.0,16,116,42.09040000569075
warm,,,1.0,16,117,33.32159999990836
warm,,,1.0,16,118,32.84300002269447
warm,,,1.0,16,119,43.60929998802021
warm,,,1.0,16,120,41.48940002778545
warm,,,1.0,16,121,34.240600012708455
warm,,,1.0,16,122,34.87739997217432
warm,,,1.0,16,123,32.985700003337115
warm,,,1.0,16,124,32.542700006160885
warm,,,1.0,16,125,34.7178999800235
warm,,,1.0,16,126,37.033199972938746
warm,,,1.0,16,127,34.46509997593239
warm,,,1.0,16,128,36.97980003198609
warm,,,1.0,16,129,35.35399999236688
warm,,,1.0,16,130,38.81499997805804
warm,,,1.0,16,131,32.80540002742782
warm,,,1.0,16,132,34.38770002685487
warm,,,1.0,16,133,36.95569996489212
warm,,,1.0,16,134,34.128200029954314
warm,,,1.0,16,135,33.88529998483136
warm,,,1.0,16,136,42.57729998789728
warm,,,1.0,16,137,33.7689999723807
warm,,,1.0,16,138,37.904900033026934
warm,,,1.0,16,139,32.24680002313107
warm,,,1.0,16,140,32.93480002321303
warm,,,1.0,16,141,33.88619999168441
warm,,,1.0,16,142,33.34799996810034
warm,,,1.0,16,143,35.5314000044018
warm,,,1.0,16,144,34.14930001599714
warm,,,1.0,16,145,37.73089998867363
warm,,,1.0,16,146,36.69969999464229
warm,,,1.0,16,147,36.316400044597685
warm,,,1.0,16,148,41.95029998663813
warm,,,1.0,16,149,45.46570003731176
warm,,,1.0,16,150,43.125799973495305
warm,,,1.0,16,151,34.15229998063296
warm,,,1.0,16,152,34.53180001815781
warm,,,1.0,16,153,32.33930002897978
warm,,,1.0,16,154,33.916299988050014
warm,,,1.0,16,155,33.126700029242784
warm,,,1.0,16,156,34.79260002495721
warm,,,1.0,16,157,38.568500021938235
warm,,,1.0,16,158,35.249500011559576
warm,,,1.0,16,159,35.526500025298446
warm,,,1.0,16,160,33.06180000072345
warm,,,1.0,16,161,34.514700004365295
warm,,,1.0,16,162,34.39850005088374
warm,,,1.0,16,163,48.41429996304214
warm,,,1.0,16,164,37.19679999630898
warm,,,1.0,16,165,36.277799983508885
warm,,,1.0,16,166,34.147300000768155
warm,,,1.0,16,167,33.10100000817329
warm,,,1.0,16,168,34.85610004281625
warm,,,1.0,16,169,33.80590002052486
warm,,,1.0,16,170,34.354800009168684
warm,,,1.0,16,171,33.936900028493255
warm,,,1.0,16,172,33.03729998879135
warm,,,1.0,16,173,32.02069998951629
warm,,,1.0,16,174,34.06799997901544
warm,,,1.0,16,175,37.9273000289686
warm,,,1.0,16,176,46.78879998391494
warm,,,1.0,16,177,37.775699980556965
warm,,,1.0,16,178,58.55019995942712
warm,,,1.0,16,179,41.64029995445162
warm,,,1.0,16,180,38.340099970810115
warm,,,1.0,16,181,43.64040005020797
warm,,,1.0,16,182,42.65279998071492
warm,,,1.0,16,183,40.575899998657405
warm,,,1.0,16,184,34.962099976837635
warm,,,1.0,16,185,56.11160001717508
warm,,,1.0,16,186,38.14070002408698
warm,,,1.0,16,187,52.618199959397316
warm,,,1.0,16,188,48.76910004531965
warm,,,1.0,16,189,43.262199964374304
warm,,,1.0,16,190,43.678199988789856
warm,,,1.0,16,191,39.77759997360408
warm,,,1.0,16,192,41.255999996792525
warm,,,1.0,16,193,41.90970002673566
warm,,,1.0,16,194,38.208600017242134
warm,,,1.0,16,195,37.9646000219509
warm,,,1.0,16,196,40.87689996231347
warm,,,1.0,16,197,40.53930001100525
warm,,,1.0,16,198,37.61900000972673
warm,,,1.0,16,199,31.80420002900064
warm,,,1.0,32,0,12.485900020692497
warm,,,1.0,32,1,10.842699964996427
warm,,,1.0,32,2,11.167199991177768
warm,,,1.0,32,3,10.878999950364232
warm,,,1.0,32,4,10.322900023311377
warm,,,1.0,32,5,11.139099951833487
warm,,,1.0,32,6,14.706099987961352
warm,,,1.0,32,7,10.338199965190142
warm,,,1.0,32,8,11.517800041474402
warm,,,1.0,32,9,12.278700014576316
warm,,,1.0,32,10,10.94910001847893
warm,,,1.0,32,11,13.797299994621426
warm,,,1.0,32,12,11.974700028076768
warm,,,1.0,32,13,11.82920002611354
warm,,,1.0,32,14,12.201800011098385
warm,,,1.0,32,15,11.674200010020286
warm,,,1.0,32,16,11.10020000487566
warm,,,1.0,32,17,10.607499978505075
warm,,,1.0,32,18,10.605000017676502
warm,,,1.0,32,19,10.182800004258752
warm,,,1.0,32,20,11.198399995919317
warm,,,1.0,32,21,11.521999957039952
warm,,,1.0,32,22,12.071600009221584
warm,,,1.0,32,23,14.146600035019219
warm,,,1.0,32,24,12.130599992815405
warm,,,1.0,32,25,10.980499966535717
warm,,,1.0,32,26,11.407600017264485
warm,,,1.0,32,27,10.663299995940179
warm,,,1.0,32,28,11.90459995996207
warm,,,1.0,32,29,9.762500005308539
warm,,,1.0,32,30,10.464099992532283
warm,,,1.0,32,31,12.493300018832088
warm,,,1.0,32,32,11.172899976372719
warm,,,1.0,32,33,11.922100035008043
warm,,,1.0,32,34,19.376200041733682
warm,,,1.0,32,35,14.0174999833107
warm,,,1.0,32,36,14.443800027947873
warm,,,1.0,32,37,15.917400014586747
warm,,,1.0,32,38,13.95980000961572
warm,,,1.0,32,39,15.837799990549684
warm,,,1.0,32,40,11.317299969960004
warm,,,1.0,32,41,10.765200015157461
warm,,,1.0,32,42,10.427000001072884
warm,,,1.0,32,43,11.222600005567074
warm,,,1.0,32,44,13.150199956726283
warm,,,1.0,32,45,13.027999957557768
warm,,,1.0,32,46,13.784400012809783
warm,,,1.0,32,47,16.439600032754242
warm,,,1.0,32,48,11.435499996878207
warm,,,1.0,32,49,12.255200010258704
warm,,,1.0,32,50,10.309699981007725
warm,,,1.0,32,51,9.833300020545721
warm,,,1.0,32,52,10.62750001437962
warm,,,1.0,32,53,10.733200004324317
warm,,,1.0,32,54,11.097499984316528
warm,,,1.0,32,55,10.643700021319091
warm,,,1.0,32,56,12.498299998696893
warm,,,1.0,32,57,12.129500042647123
warm,,,1.0,32,58,11.750300007406622
warm,,,1.0,32,59,9.308700042311102
warm,,,1.0,32,60,9.676599991507828
warm,,,1.0,32,61,10.889399971347302
warm,,,1.0,32,62,10.386999987531453
warm,,,1.0,32,63,14.6441999822855
warm,,,1.0,32,64,16.481800004839897
warm,,,1.0,32,65,11.118199967313558
warm,,,1.0,32,66,15.614899981301278
warm,,,1.0,32,67,10.225800040643662
warm,,,1.0,32,68,12.323300004936755
warm,,,1.0,32,69,16.67270000325516
warm,,,1.0,32,70,11.873800016473979
warm,,,1.0,32,71,13.791400007903576
warm,,,1.0,32,72,11.535500001627952
warm,,,1.0,32,73,10.712500021327287
warm,,,1.0,32,74,11.753400031011552
warm,,,1.0,32,75,14.970900025218725
warm,,,1.0,32,76,16.423899971414357
warm,,,1.0,32,77,12.455399963073432
warm,,,1.0,32,78,9.797300037462264
warm,,,1.0,32,79,11.205999995581806
warm,,,1.0,32,80,11.232600023504347
warm,,,1.0,32,81,9.570800000801682
warm,,,1.0,32,82,11.204199981875718
warm,,,1.0,32,83,10.227199993096292
warm,,,1.0,32,84,10.216800030320883
warm,,,1.0,32,85,10.170200024731457
warm,,,1.0,32,86,10.785699996631593
warm,,,1.0,32,87,10.03950001904741
warm,,,1.0,32,88,10.100500017870218
warm,,,1.0,32,89,12.92260002810508
warm,,,1.0,32,90,12.119200022425503
warm,,,1.0,32,91,9.439699992071837
warm,,,1.0,32,92,12.1060999808833
warm,,,1.0,32,93,9.241799998562783
warm,,,1.0,32,94,9.31769999442622
warm,,,1.0,32,95,11.179599969182163
warm,,,1.0,32,96,10.013899998739362
warm,,,1.0,32,97,9.710000013001263
warm,,,1.0,32,98,10.78459998825565
warm,,,1.0,32,99,11.329600005410612
warm,,,1.0,32,100,10.425699991174042
warm,,,1.0,32,101,10.542600008193403
warm,,,1.0,32,102,10.3017000365071
warm,,,1.0,32,103,10.278799978550524
warm,,,1.0,32,104,11.547099973540753
warm,,,1.0,32,105,9.941000025719404
warm,,,1.0,32,106,10.283200012054294
warm,,,1.0,32,107,11.345400009304285
warm,,,1.0,32,108,10.31189999775961
warm,,,1.0,32,109,9.461999987252057
warm,,,1.0,32,110,10.164999985136092
warm,,,1.0,32,111,11.385699966922402
warm,,,1.0,32,112,10.074199992232025
warm,,,1.0,32,113,12.488199979998171
warm,,,1.0,32,114,10.771000001113862
warm,,,1.0,32,115,9.279599995352328
warm,,,1.0,32,116,10.710800008382648
warm,,,1.0,32,117,52.04130004858598
warm,,,1.0,32,118,35.66650004358962
warm,,,1.0,32,119,13.345899991691113
warm,,,1.0,32,120,16.99119998374954
warm,,,1.0,32,121,10.503299999982119
warm,,,1.0,32,122,12.34329998260364
warm,,,1.0,32,123,10.581200011074543
warm,,,1.0,32,124,10.769200045615435
warm,,,1.0,32,125,14.74179996876046
warm,,,1.0,32,126,11.587799992412329
warm,,,1.0,32,127,11.611499998252839
warm,,,1.0,32,128,11.188300035428256
warm,,,1.0,32,129,10.689000017009676
warm,,,1.0,32,130,12.100799998734146
warm,,,1.0,32,131,14.61299997754395
warm,,,1.0,32,132,13.43819999601692
warm,,,1.0,32,133,11.727600009180605
warm,,,1.0,32,134,11.740399990230799
warm,,,1.0,32,135,11.299900012090802
warm,,,1.0,32,136,10.439000034239143
warm,,,1.0,32,137,9.910900029353797
warm,,,1.0,32,138,9.804300032556057
warm,,,1.0,32,139,10.721600032411516
warm,,,1.0,32,140,11.27489999635145
warm,,,1.0,32,141,10.555399989243597
warm,,,1.0,32,142,9.393499989528209
warm,,,1.0,32,143,12.40860001416877
warm,,,1.0,32,144,12.163400009740144
warm,,,1.0,32,145,13.222699984908104
warm,,,1.0,32,146,10.749599954579026
warm,,,1.0,32,147,11.825799942016602
warm,,,1.0,32,148,11.6233000298962
warm,,,1.0,32,149,13.154899992514402
warm,,,1.0,32,150,13.98940000217408
warm,,,1.0,32,151,13.683199998922646
warm,,,1.0,32,152,9.699899994302541
warm,,,1.0,32,153,10.007600008975714
warm,,,1.0,32,154,12.240800017025322
warm,,,1.0,32,155,10.739099991042167
warm,,,1.0,32,156,10.74609998613596
warm,,,1.0,32,157,12.09580001886934
warm,,,1.0,32,158,10.39940002374351
warm,,,1.0,32,159,11.073799978476018
warm,,,1.0,32,160,13.016400043852627
warm,,,1.0,32,161,10.204399994108826
warm,,,1.0,32,162,9.374700020998716
warm,,,1.0,32,163,12.7951999893412
warm,,,1.0,32,164,13.325100007932633
warm,,,1.0,32,165,11.108400009106845
warm,,,1.0,32,166,9.717300010379404
warm,,,1.0,32,167,12.050399964209646
warm,,,1.0,32,168,18.075100029818714
warm,,,1.0,32,169,11.982499971054494
warm,,,1.0,32,170,10.669900046195835
warm,,,1.0,32,171,17.627099994570017
warm,,,1.0,32,172,9.186299983412027
warm,,,1.0,32,173,11.045300052501261
warm,,,1.0,32,174,11.976800044067204
warm,,,1.0,32,175,9.269399975892156
warm,,,1.0,32,176,11.06009999057278
warm,,,1.0,32,177,10.183699952904135
warm,,,1.0,32,178,12.33870000578463
warm,,,1.0,32,179,13.538200000766665
warm,,,1.0,32,180,11.00519997999072
warm,,,1.0,32,181,9.822799998801202
warm,,,1.0,32,182,11.004199972376227
warm,,,1.0,32,183,9.829799993894994
warm,,,1.0,32,184,9.725600015372038
warm,,,1.0,32,185,10.809100000187755
warm,,,1.0,32,186,10.92400000197813
warm,,,1.0,32,187,12.101300002541393
warm,,,1.0,32,188,12.886800046544522
warm,,,1.0,32,189,11.644800018984824
warm,,,1.0,32,190,9.410700004082173
warm,,,1.0,32,191,11.57440000679344
warm,,,1.0,32,192,10.741300007794052
warm,,,1.0,32,193,11.7090999847278
warm,,,1.0,32,194,12.611199985258281
warm,,,1.0,32,195,12.125100009143353
warm,,,1.0,32,196,9.779599960893393
warm,,,1.0,32,197,11.4187000435777
warm,,,1.0,32,198,9.50010004453361
warm,,,1.0,32,199,9.544299973640591
transition_first,0.25,32,1.0,4,0,34.14230002090335
transition_warm,0.25,32,1.0,4,0,42.74589999113232
transition_first,0.25,32,1.0,4,1,33.495599986054
transition_warm,0.25,32,1.0,4,1,32.91060001356527
transition_first,0.25,32,1.0,4,2,35.02480004681274
transition_warm,0.25,32,1.0,4,2,34.86810001777485
transition_first,0.25,32,1.0,4,3,39.03280000668019
transition_warm,0.25,32,1.0,4,3,33.299700007773936
transition_first,0.25,32,1.0,4,4,41.00450000260025
transition_warm,0.25,32,1.0,4,4,36.701700009871274
transition_first,0.25,32,1.0,4,5,35.61729995999485
transition_warm,0.25,32,1.0,4,5,37.2079000226222
transition_first,0.25,32,1.0,4,6,35.68480000831187
transition_warm,0.25,32,1.0,4,6,31.527400016784668
transition_first,0.25,32,1.0,4,7,33.71409996179864
transition_warm,0.25,32,1.0,4,7,33.55870000086725
transition_first,0.25,32,1.0,4,8,34.468800004106015
transition_warm,0.25,32,1.0,4,8,32.797700027003884
transition_first,0.25,32,1.0,4,9,33.29600003780797
transition_warm,0.25,32,1.0,4,9,39.69679999863729
transition_first,0.75,4,0.25,16,0,44.27770001348108
transition_warm,0.75,4,0.25,16,0,34.01559998746961
transition_first,0.75,4,0.25,16,1,33.203599974513054
transition_warm,0.75,4,0.25,16,1,36.00030002417043
transition_first,0.75,4,0.25,16,2,29.900899971835315
transition_warm,0.75,4,0.25,16,2,28.222299995832145
transition_first,0.75,4,0.25,16,3,30.41150001809001
transition_warm,0.75,4,0.25,16,3,31.51090000756085
transition_first,0.75,4,0.25,16,4,29.736900003626943
transition_warm,0.75,4,0.25,16,4,29.86459998646751
transition_first,0.75,4,0.25,16,5,29.552899999544024
transition_warm,0.75,4,0.25,16,5,41.1230000318028
transition_first,0.75,4,0.25,16,6,29.341200017370284
transition_warm,0.75,4,0.25,16,6,33.44389999983832
transition_first,0.75,4,0.25,16,7,25.222100026439875
transition_warm,0.75,4,0.25,16,7,31.800400000065565
transition_first,0.75,4,0.25,16,8,38.55009999824688
transition_warm,0.75,4,0.25,16,8,30.892300012055784
transition_first,0.75,4,0.25,16,9,27.532099978998303
transition_warm,0.75,4,0.25,16,9,29.39629997126758
transition_first,0.25,16,0.5,16,0,29.782300000078976
transition_warm,0.25,16,0.5,16,0,31.530900043435395
transition_first,0.25,16,0.5,16,1,39.20150001067668
transition_warm,0.25,16,0.5,16,1,29.615100007504225
transition_first,0.25,16,0.5,16,2,31.578599999193102
transition_warm,0.25,16,0.5,16,2,28.57859997311607
transition_first,0.25,16,0.5,16,3,27.79939997708425
transition_warm,0.25,16,0.5,16,3,40.69180000806227
transition_first,0.25,16,0.5,16,4,29.3136999825947
transition_warm,0.25,16,0.5,16,4,27.536000008694828
transition_first,0.25,16,0.5,16,5,30.24559997720644
transition_warm,0.25,16,0.5,16,5,30.274900025688112
transition_first,0.25,16,0.5,16,6,29.2337000137195
transition_warm,0.25,16,0.5,16,6,32.697999966330826
transition_first,0.25,16,0.5,16,7,37.54740004660562
transition_warm,0.25,16,0.5,16,7,33.64259999943897
transition_first,0.25,16,0.5,16,8,35.96720000496134
transition_warm,0.25,16,0.5,16,8,32.21000003395602
transition_first,0.25,16,0.5,16,9,30.301099992357194
transition_warm,0.25,16,0.5,16,9,31.184400024358183
transition_first,0.5,4,0.25,8,0,29.599800007417798
transition_warm,0.5,4,0.25,8,0,38.21509995032102
transition_first,0.5,4,0.25,8,1,36.72559995902702
transition_warm,0.5,4,0.25,8,1,30.589799978770316
transition_first,0.5,4,0.25,8,2,32.449299993459135
transition_warm,0.5,4,0.25,8,2,33.4957999875769
transition_first,0.5,4,0.25,8,3,31.691000040154904
transition_warm,0.5,4,0.25,8,3,30.897699994966388
transition_first,0.5,4,0.25,8,4,31.320800015237182
transition_warm,0.5,4,0.25,8,4,27.9976999736391
transition_first,0.5,4,0.25,8,5,30.46589996665716
transition_warm,0.5,4,0.25,8,5,39.66220002621412
transition_first,0.5,4,0.25,8,6,28.460800007451326
transition_warm,0.5,4,0.25,8,6,28.30760000506416
transition_first,0.5,4,0.25,8,7,28.985699987970293
transition_warm,0.5,4,0.25,8,7,31.053900020197034
transition_first,0.5,4,0.25,8,8,35.79559997888282
transition_warm,0.5,4,0.25,8,8,39.60610000649467
transition_first,0.5,4,0.25,8,9,32.26649999851361
transition_warm,0.5,4,0.25,8,9,31.232600042130798
transition_first,0.25,4,1.0,32,0,9.821999992709607
transition_warm,0.25,4,1.0,32,0,11.524899979121983
transition_first,0.25,4,1.0,32,1,10.291600017808378
transition_warm,0.25,4,1.0,32,1,10.664300003554672
transition_first,0.25,4,1.0,32,2,13.249600015114993
transition_warm,0.25,4,1.0,32,2,10.42460004100576
transition_first,0.25,4,1.0,32,3,12.200299999676645
transition_warm,0.25,4,1.0,32,3,14.026799995917827
transition_first,0.25,4,1.0,32,4,11.085499951150268
transition_warm,0.25,4,1.0,32,4,10.062900022603571
transition_first,0.25,4,1.0,32,5,11.680700001306832
transition_warm,0.25,4,1.0,32,5,10.250899998936802
transition_first,0.25,4,1.0,32,6,14.324399991892278
transition_warm,0.25,4,1.0,32,6,17.64140004524961
transition_first,0.25,4,1.0,32,7,9.87629999872297
transition_warm,0.25,4,1.0,32,7,10.864500014577061
transition_first,0.25,4,1.0,32,8,9.71950002713129
transition_warm,0.25,4,1.0,32,8,10.03029994899407
transition_first,0.25,4,1.0,32,9,10.637000028509647
transition_warm,0.25,4,1.0,32,9,12.87530001718551
transition_first,0.5,8,0.5,16,0,31.112800003029406
transition_warm,0.5,8,0.5,16,0,47.16209997422993
transition_first,0.5,8,0.5,16,1,43.4376000193879
transition_warm,0.5,8,0.5,16,1,32.985500001814216
transition_first,0.5,8,0.5,16,2,31.148899986874312
transition_warm,0.5,8,0.5,16,2,32.877499994356185
transition_first,0.5,8,0.5,16,3,33.10749999945983
transition_warm,0.5,8,0.5,16,3,35.226000007241964
transition_first,0.5,8,0.5,16,4,31.505199964158237
transition_warm,0.5,8,0.5,16,4,31.189800007268786
transition_first,0.5,8,0.5,16,5,33.083299989812076
transition_warm,0.5,8,0.5,16,5,39.02730002300814
transition_first,0.5,8,0.5,16,6,31.651200028136373
transition_warm,0.5,8,0.5,16,6,40.52900004899129
transition_first,0.5,8,0.5,16,7,35.83750000689179
transition_warm,0.5,8,0.5,16,7,36.406599974725395
transition_first,0.5,8,0.5,16,8,29.20539997285232
transition_warm,0.5,8,0.5,16,8,38.051099982112646
transition_first,0.5,8,0.5,16,9,31.238999974448234
transition_warm,0.5,8,0.5,16,9,35.872100037522614
transition_first,0.75,4,0.25,4,0,34.41889997338876
transition_warm,0.75,4,0.25,4,0,30.228199961129576
transition_first,0.75,4,0.25,4,1,31.45900001982227
transition_warm,0.75,4,0.25,4,1,27.661200030706823
transition_first,0.75,4,0.25,4,2,33.69660000316799
transition_warm,0.75,4,0.25,4,2,29.99519999139011
transition_first,0.75,4,0.25,4,3,31.34510002564639
transition_warm,0.75,4,0.25,4,3,31.655099999625236
transition_first,0.75,4,0.25,4,4,28.80659996299073
transition_warm,0.75,4,0.25,4,4,28.490600001532584
transition_first,0.75,4,0.25,4,5,38.95600000396371
transition_warm,0.75,4,0.25,4,5,31.607299984898418
transition_first,0.75,4,0.25,4,6,28.22169999126345
transition_warm,0.75,4,0.25,4,6,30.107400030829012
transition_first,0.75,4,0.25,4,7,29.351299977861345
transition_warm,0.75,4,0.25,4,7,30.549699964467436
transition_first,0.75,4,0.25,4,8,32.095299975480884
transition_warm,0.75,4,0.25,4,8,38.28119998797774
transition_first,0.75,4,0.25,4,9,37.19850000925362
transition_warm,0.75,4,0.25,4,9,30.47219995642081
transition_first,1.0,8,0.25,8,0,31.00389998871833
transition_warm,1.0,8,0.25,8,0,27.559999958612025
transition_first,1.0,8,0.25,8,1,30.35359998466447
transition_warm,1.0,8,0.25,8,1,30.578200006857514
transition_first,1.0,8,0.25,8,2,26.12080000108108
transition_warm,1.0,8,0.25,8,2,29.426800028886646
transition_first,1.0,8,0.25,8,3,35.43990000616759
transition_warm,1.0,8,0.25,8,3,26.76239999709651
transition_first,1.0,8,0.25,8,4,34.79089995380491
transition_warm,1.0,8,0.25,8,4,28.594100032933056
transition_first,1.0,8,0.25,8,5,30.698299990035594
transition_warm,1.0,8,0.25,8,5,34.482299990486354
transition_first,1.0,8,0.25,8,6,40.46729998663068
transition_warm,1.0,8,0.25,8,6,33.05059997364879
transition_first,1.0,8,0.25,8,7,30.653800000436604
transition_warm,1.0,8,0.25,8,7,31.255099980626255
transition_first,1.0,8,0.25,8,8,33.97049999330193
transition_warm,1.0,8,0.25,8,8,36.018399987369776
transition_first,1.0,8,0.25,8,9,29.240000003483146
transition_warm,1.0,8,0.25,8,9,32.86910004680976
transition_first,0.25,4,1.0,16,0,53.35890001151711
transition_warm,0.25,4,1.0,16,0,31.93459997419268
transition_first,0.25,4,1.0,16,1,35.88440001476556
transition_warm,0.25,4,1.0,16,1,34.88120000110939
transition_first,0.25,4,1.0,16,2,33.73630001442507
transition_warm,0.25,4,1.0,16,2,44.45529996883124
transition_first,0.25,4,1.0,16,3,33.02370000164956
transition_warm,0.25,4,1.0,16,3,37.05400001490489
transition_first,0.25,4,1.0,16,4,32.49020001385361
transition_warm,0.25,4,1.0,16,4,34.72759999567643
transition_first,0.25,4,1.0,16,5,35.92629998456687
transition_warm,0.25,4,1.0,16,5,45.520199986640364
transition_first,0.25,4,1.0,16,6,32.836100028362125
transition_warm,0.25,4,1.0,16,6,36.81020002113655
transition_first,0.25,4,1.0,16,7,31.625800009351224
transition_warm,0.25,4,1.0,16,7,32.144299999345094
transition_first,0.25,4,1.0,16,8,39.217400015331805
transition_warm,0.25,4,1.0,16,8,38.50850003072992
transition_first,0.25,4,1.0,16,9,46.08979995828122
transition_warm,0.25,4,1.0,16,9,39.79299997445196
transition_first,0.25,32,0.75,16,0,32.17139997286722
transition_warm,0.25,32,0.75,16,0,30.322199978400022
transition_first,0.25,32,0.75,16,1,28.889000008348376
transition_warm,0.25,32,0.75,16,1,29.449000023305416
transition_first,0.25,32,0.75,16,2,29.364400019403547
transition_warm,0.25,32,0.75,16,2,31.67669998947531
transition_first,0.25,32,0.75,16,3,35.8669999986887
transition_warm,0.25,32,0.75,16,3,35.720899992156774
transition_first,0.25,32,0.75,16,4,29.428000038024038
transition_warm,0.25,32,0.75,16,4,29.256599955260754
transition_first,0.25,32,0.75,16,5,32.831399992574006
transition_warm,0.25,32,0.75,16,5,27.89699996355921
transition_first,0.25,32,0.75,16,6,31.099999963771552
transition_warm,0.25,32,0.75,16,6,31.4426000113599
transition_first,0.25,32,0.75,16,7,30.07080004317686
transition_warm,0.25,32,0.75,16,7,29.889400000683963
transition_first,0.25,32,0.75,16,8,29.649200034327805
transition_warm,0.25,32,0.75,16,8,29.579699970781803
transition_first,0.25,32,0.75,16,9,34.9424000014551
transition_warm,0.25,32,0.75,16,9,39.085299998987466
transition_first,0.5,8,0.25,4,0,29.0546000469476
transition_warm,0.5,8,0.25,4,0,29.23680003732443
transition_first,0.5,8,0.25,4,1,41.081200004555285
transition_warm,0.5,8,0.25,4,1,33.90169999329373
transition_first,0.5,8,0.25,4,2,29.719099984504282
transition_warm,0.5,8,0.25,4,2,33.034699968993664
transition_first,0.5,8,0.25,4,3,28.113999986089766
transition_warm,0.5,8,0.25,4,3,35.04019998945296
transition_first,0.5,8,0.25,4,4,28.261300001759082
transition_warm,0.5,8,0.25,4,4,29.967400012537837
transition_first,0.5,8,0.25,4,5,39.543199993204325
transition_warm,0.5,8,0.25,4,5,38.532799982931465
transition_first,0.5,8,0.25,4,6,39.34740001568571
transition_warm,0.5,8,0.25,4,6,28.129399986937642
transition_first,0.5,8,0.25,4,7,32.880700018722564
transition_warm,0.5,8,0.25,4,7,40.74890003539622
transition_first,0.5,8,0.25,4,8,31.569299986585975
transition_warm,0.5,8,0.25,4,8,31.220700009725988
transition_first,0.5,8,0.25,4,9,52.37619997933507
transition_warm,0.5,8,0.25,4,9,39.99030002159998
transition_first,1.0,32,0.5,32,0,10.840900009498
transition_warm,1.0,32,0.5,32,0,12.371599965263158
transition_first,1.0,32,0.5,32,1,9.794300014618784
transition_warm,1.0,32,0.5,32,1,10.730299982242286
transition_first,1.0,32,0.5,32,2,11.41279999865219
transition_warm,1.0,32,0.5,32,2,12.201600009575486
transition_first,1.0,32,0.5,32,3,10.598699969705194
transition_warm,1.0,32,0.5,32,3,15.565200010314584
transition_first,1.0,32,0.5,32,4,15.492199978325516
transition_warm,1.0,32,0.5,32,4,13.083099969662726
transition_first,1.0,32,0.5,32,5,13.379100011661649
transition_warm,1.0,32,0.5,32,5,9.41860000602901
transition_first,1.0,32,0.5,32,6,11.628399952314794
transition_warm,1.0,32,0.5,32,6,19.15539999026805
transition_first,1.0,32,0.5,32,7,12.73740001488477
transition_warm,1.0,32,0.5,32,7,9.705500036943704
transition_first,1.0,32,0.5,32,8,16.3394000264816
transition_warm,1.0,32,0.5,32,8,14.080100052524358
transition_first,1.0,32,0.5,32,9,10.324799979571253
transition_warm,1.0,32,0.5,32,9,12.875399959739298
transition_first,0.5,16,1.0,32,0,10.117499972693622
transition_warm,0.5,16,1.0,32,0,10.375000012572855
transition_first,0.5,16,1.0,32,1,9.102000040002167
transition_warm,0.5,16,1.0,32,1,12.293900013901293
transition_first,0.5,16,1.0,32,2,10.829500039108098
transition_warm,0.5,16,1.0,32,2,9.57549997838214
transition_first,0.5,16,1.0,32,3,11.505900009069592
transition_warm,0.5,16,1.0,32,3,11.836999969091266
transition_first,0.5,16,1.0,32,4,9.376700036227703
transition_warm,0.5,16,1.0,32,4,9.123500029090792
transition_first,0.5,16,1.0,32,5,12.78190000448376
transition_warm,0.5,16,1.0,32,5,9.806099988054484
transition_first,0.5,16,1.0,32,6,15.907499997410923
transition_warm,0.5,16,1.0,32,6,9.209100040607154
transition_first,0.5,16,1.0,32,7,9.810099960304797
transition_warm,0.5,16,1.0,32,7,12.500000011641532
transition_first,0.5,16,1.0,32,8,11.149999976623803
transition_warm,0.5,16,1.0,32,8,10.96099999267608
transition_first,0.5,16,1.0,32,9,13.70189996669069
transition_warm,0.5,16,1.0,32,9,11.843700020108372
transition_first,0.25,16,0.25,32,0,13.689200044609606
transition_warm,0.25,16,0.25,32,0,9.26890003029257
transition_first,0.25,16,0.25,32,1,10.120200051460415
transition_warm,0.25,16,0.25,32,1,9.642900025937706
transition_first,0.25,16,0.25,32,2,10.95189998159185
transition_warm,0.25,16,0.25,32,2,11.468200013041496
transition_first,0.25,16,0.25,32,3,11.867900029756129
transition_warm,0.25,16,0.25,32,3,16.240999975707382
transition_first,0.25,16,0.25,32,4,15.07680001668632
transition_warm,0.25,16,0.25,32,4,15.0294000050053
transition_first,0.25,16,0.25,32,5,11.146500008180737
transition_warm,0.25,16,0.25,32,5,10.791099979542196
transition_first,0.25,16,0.25,32,6,10.25549997575581
transition_warm,0.25,16,0.25,32,6,9.469499986153096
transition_first,0.25,16,0.25,32,7,13.30780005082488
transition_warm,0.25,16,0.25,32,7,12.647600029595196
transition_first,0.25,16,0.25,32,8,14.104000001680106
transition_warm,0.25,16,0.25,32,8,9.98610001988709
transition_first,0.25,16,0.25,32,9,11.406500008888543
transition_warm,0.25,16,0.25,32,9,10.351599950809032
transition_first,0.75,32,1.0,8,0,31.87960002105683
transition_warm,0.75,32,1.0,8,0,36.09779995167628
transition_first,0.75,32,1.0,8,1,36.969900014810264
transition_warm,0.75,32,1.0,8,1,31.63659997517243
transition_first,0.75,32,1.0,8,2,34.90500000771135
transition_warm,0.75,32,1.0,8,2,34.52719998313114
transition_first,0.75,32,1.0,8,3,35.87570000672713
transition_warm,0.75,32,1.0,8,3,36.67280002264306
transition_first,0.75,32,1.0,8,4,34.06530001666397
transition_warm,0.75,32,1.0,8,4,36.40839998843148
transition_first,0.75,32,1.0,8,5,35.02840001601726
transition_warm,0.75,32,1.0,8,5,31.67969995411113
transition_first,0.75,32,1.0,8,6,39.32600002735853
transition_warm,0.75,32,1.0,8,6,33.31420000176877
transition_first,0.75,32,1.0,8,7,38.775799970608205
transition_warm,0.75,32,1.0,8,7,33.70899998117238
transition_first,0.75,32,1.0,8,8,35.48269998282194
transition_warm,0.75,32,1.0,8,8,38.098599994555116
transition_first,0.75,32,1.0,8,9,38.0079000024125
transition_warm,0.75,32,1.0,8,9,34.818499989341944
transition_first,0.5,32,0.5,4,0,31.529099971521646
transition_warm,0.5,32,0.5,4,0,33.91239995835349
transition_first,0.5,32,0.5,4,1,27.183700003661215
transition_warm,0.5,32,0.5,4,1,28.88370002619922
transition_first,0.5,32,0.5,4,2,29.855299973860383
transition_warm,0.5,32,0.5,4,2,38.87920000124723
transition_first,0.5,32,0.5,4,3,60.81689998973161
transition_warm,0.5,32,0.5,4,3,29.72849999787286
transition_first,0.5,32,0.5,4,4,28.435999993234873
transition_warm,0.5,32,0.5,4,4,33.537000010255724
transition_first,0.5,32,0.5,4,5,29.3194999685511
transition_warm,0.5,32,0.5,4,5,37.500400037970394
transition_first,0.5,32,0.5,4,6,30.1465000375174
transition_warm,0.5,32,0.5,4,6,30.43650003382936
transition_first,0.5,32,0.5,4,7,33.671799988951534
transition_warm,0.5,32,0.5,4,7,27.455199975520372
transition_first,0.5,32,0.5,4,8,31.11239999998361
transition_warm,0.5,32,0.5,4,8,27.047300012782216
transition_first,0.5,32,0.5,4,9,38.92020002240315
transition_warm,0.5,32,0.5,4,9,37.131100019905716
transition_first,0.5,8,0.5,32,0,12.75220001116395
transition_warm,0.5,8,0.5,32,0,15.743599971756339
transition_first,0.5,8,0.5,32,1,11.637099960353225
transition_warm,0.5,8,0.5,32,1,11.954000045079738
transition_first,0.5,8,0.5,32,2,11.289299989584833
transition_warm,0.5,8,0.5,32,2,12.444699998013675
transition_first,0.5,8,0.5,32,3,12.6765999593772
transition_warm,0.5,8,0.5,32,3,15.053500013891608
transition_first,0.5,8,0.5,32,4,13.00839998293668
transition_warm,0.5,8,0.5,32,4,16.965199960395694
transition_first,0.5,8,0.5,32,5,10.572900006081909
transition_warm,0.5,8,0.5,32,5,12.631600024178624
transition_first,0.5,8,0.5,32,6,10.940800013486296
transition_warm,0.5,8,0.5,32,6,9.238800033926964
transition_first,0.5,8,0.5,32,7,12.499100004788488
transition_warm,0.5,8,0.5,32,7,12.470199959352612
transition_first,0.5,8,0.5,32,8,10.288900055456907
transition_warm,0.5,8,0.5,32,8,11.085800011642277
transition_first,0.5,8,0.5,32,9,13.02920002490282
transition_warm,0.5,8,0.5,32,9,11.379400035366416
transition_first,0.25,4,0.5,16,0,30.935199989471585
transition_warm,0.25,4,0.5,16,0,32.967999984975904
transition_first,0.25,4,0.5,16,1,30.094799993094057
transition_warm,0.25,4,0.5,16,1,27.477399969939142
transition_first,0.25,4,0.5,16,2,28.260699997190386
transition_warm,0.25,4,0.5,16,2,30.84419999504462
transition_first,0.25,4,0.5,16,3,35.39249999448657
transition_warm,0.25,4,0.5,16,3,34.12760002538562
transition_first,0.25,4,0.5,16,4,30.681799980811775
transition_warm,0.25,4,0.5,16,4,29.10009998595342
transition_first,0.25,4,0.5,16,5,28.582400002051145
transition_warm,0.25,4,0.5,16,5,30.472800019197166
transition_first,0.25,4,0.5,16,6,42.727200023364276
transition_warm,0.25,4,0.5,16,6,28.00839999690652
transition_first,0.25,4,0.5,16,7,28.243200038559735
transition_warm,0.25,4,0.5,16,7,31.23229998163879
transition_first,0.25,4,0.5,16,8,28.150000027380884
transition_warm,0.25,4,0.5,16,8,28.976300032809377
transition_first,0.25,4,0.5,16,9,28.641799988690764
transition_warm,0.25,4,0.5,16,9,32.12400001939386
transition_first,0.5,4,1.0,32,0,11.097800044808537
transition_warm,0.5,4,1.0,32,0,11.643400008324534
transition_first,0.5,4,1.0,32,1,11.00529998075217
transition_warm,0.5,4,1.0,32,1,9.605699975509197
transition_first,0.5,4,1.0,32,2,9.650200023315847
transition_warm,0.5,4,1.0,32,2,11.95199997164309
transition_first,0.5,4,1.0,32,3,9.593900002073497
transition_warm,0.5,4,1.0,32,3,10.818500013556331
transition_first,0.5,4,1.0,32,4,12.085900001693517
transition_warm,0.5,4,1.0,32,4,13.204500020947307
transition_first,0.5,4,1.0,32,5,10.311299993190914
transition_warm,0.5,4,1.0,32,5,9.048999985679984
transition_first,0.5,4,1.0,32,6,9.373200009576976
transition_warm,0.5,4,1.0,32,6,11.981100018601865
transition_first,0.5,4,1.0,32,7,11.781300010625273
transition_warm,0.5,4,1.0,32,7,11.561300023458898
transition_first,0.5,4,1.0,32,8,10.421000013593584
transition_warm,0.5,4,1.0,32,8,10.577899985946715
transition_first,0.5,4,1.0,32,9,9.348199993837625
transition_warm,0.5,4,1.0,32,9,10.919200023636222
transition_first,0.75,4,0.5,16,0,34.39699998125434
transition_warm,0.75,4,0.5,16,0,28.120299975853413
transition_first,0.75,4,0.5,16,1,30.0821999553591
transition_warm,0.75,4,0.5,16,1,29.56959995208308
transition_first,0.75,4,0.5,16,2,29.188300017267466
transition_warm,0.75,4,0.5,16,2,33.79690001020208
transition_first,0.75,4,0.5,16,3,34.76569999475032
transition_warm,0.75,4,0.5,16,3,32.473200000822544
transition_first,0.75,4,0.5,16,4,46.964399982243776
transition_warm,0.75,4,0.5,16,4,32.18589996686205
transition_first,0.75,4,0.5,16,5,26.740300003439188
transition_warm,0.75,4,0.5,16,5,33.74909999547526
transition_first,0.75,4,0.5,16,6,34.267300041392446
transition_warm,0.75,4,0.5,16,6,29.69279995886609
transition_first,0.75,4,0.5,16,7,29.214799986220896
transition_warm,0.75,4,0.5,16,7,31.535100017208606
transition_first,0.75,4,0.5,16,8,32.45360002620146
transition_warm,0.75,4,0.5,16,8,32.136699999682605
transition_first,0.75,4,0.5,16,9,29.075500031467527
transition_warm,0.75,4,0.5,16,9,36.97529999772087
transition_first,1.0,32,0.75,4,0,31.103699991945177
transition_warm,1.0,32,0.75,4,0,32.65770000871271
transition_first,1.0,32,0.75,4,1,41.53420001966879
transition_warm,1.0,32,0.75,4,1,33.03530003177002
transition_first,1.0,32,0.75,4,2,28.678199974820018
transition_warm,1.0,32,0.75,4,2,30.073000001721084
transition_first,1.0,32,0.75,4,3,32.5345000019297
transition_warm,1.0,32,0.75,4,3,36.144300014711916
transition_first,1.0,32,0.75,4,4,32.31240005698055
transition_warm,1.0,32,0.75,4,4,39.734199992381036
transition_first,1.0,32,0.75,4,5,33.748899993952364
transition_warm,1.0,32,0.75,4,5,31.967599992640316
transition_first,1.0,32,0.75,4,6,36.94919997360557
transition_warm,1.0,32,0.75,4,6,36.91100003197789
transition_first,1.0,32,0.75,4,7,37.8774999990128
transition_warm,1.0,32,0.75,4,7,32.89619996212423
transition_first,1.0,32,0.75,4,8,28.42139999847859
transition_warm,1.0,32,0.75,4,8,34.50050001265481
transition_first,1.0,32,0.75,4,9,30.543800035957247
transition_warm,1.0,32,0.75,4,9,30.52089997800067
transition_first,1.0,16,0.5,16,0,32.94820000883192
transition_warm,1.0,16,0.5,16,0,27.413800009526312
transition_first,1.0,16,0.5,16,1,29.432900017127395
transition_warm,1.0,16,0.5,16,1,32.86519995890558
transition_first,1.0,16,0.5,16,2,29.756100033409894
transition_warm,1.0,16,0.5,16,2,30.746599950361997
transition_first,1.0,16,0.5,16,3,29.141300008632243
transition_warm,1.0,16,0.5,16,3,30.733300023712218
transition_first,1.0,16,0.5,16,4,35.382899979595095
transition_warm,1.0,16,0.5,16,4,26.456199993845075
transition_first,1.0,16,0.5,16,5,32.5600000214763
transition_warm,1.0,16,0.5,16,5,32.880700018722564
transition_first,1.0,16,0.5,16,6,30.66899999976158
transition_warm,1.0,16,0.5,16,6,31.444399966858327
transition_first,1.0,16,0.5,16,7,36.261399975046515
transition_warm,1.0,16,0.5,16,7,40.91330000665039
transition_first,1.0,16,0.5,16,8,32.80309995170683
transition_warm,1.0,16,0.5,16,8,35.243800026364625
transition_first,1.0,16,0.5,16,9,27.78880001278594
transition_warm,1.0,16,0.5,16,9,28.703799995128065
transition_first,0.75,8,0.25,16,0,28.801399981603026
transition_warm,0.75,8,0.25,16,0,32.098199997562915
transition_first,0.75,8,0.25,16,1,32.942599966190755
transition_warm,0.75,8,0.25,16,1,25.64960002200678
transition_first,0.75,8,0.25,16,2,27.29549998184666
transition_warm,0.75,8,0.25,16,2,33.60989998327568
transition_first,0.75,8,0.25,16,3,31.119099992793053
transition_warm,0.75,8,0.25,16,3,46.4471000013873
transition_first,0.75,8,0.25,16,4,28.636000002734363
transition_warm,0.75,8,0.25,16,4,29.96379998512566
transition_first,0.75,8,0.25,16,5,29.23669997835532
transition_warm,0.75,8,0.25,16,5,29.072400007862598
transition_first,0.75,8,0.25,16,6,43.09120000107214
transition_warm,0.75,8,0.25,16,6,37.02559997327626
transition_first,0.75,8,0.25,16,7,32.06080000381917
transition_warm,0.75,8,0.25,16,7,32.11650002049282
transition_first,0.75,8,0.25,16,8,48.592900042422116
transition_warm,0.75,8,0.25,16,8,28.70609995443374
transition_first,0.75,8,0.25,16,9,34.25490000518039
transition_warm,0.75,8,0.25,16,9,38.034999975934625
transition_first,0.5,4,0.25,4,0,35.5379999964498
transition_warm,0.5,4,0.25,4,0,41.46839998429641
transition_first,0.5,4,0.25,4,1,34.230500052217394
transition_warm,0.5,4,0.25,4,1,27.56499999668449
transition_first,0.5,4,0.25,4,2,29.363400011789054
transition_warm,0.5,4,0.25,4,2,37.48769999947399
transition_first,0.5,4,0.25,4,3,41.25860001659021
transition_warm,0.5,4,0.25,4,3,29.169200046453625
transition_first,0.5,4,0.25,4,4,29.48700002161786
transition_warm,0.5,4,0.25,4,4,31.867199984844774
transition_first,0.5,4,0.25,4,5,28.298099990934134
transition_warm,0.5,4,0.25,4,5,35.27389996452257
transition_first,0.5,4,0.25,4,6,38.171299966052175
transition_warm,0.5,4,0.25,4,6,31.222799967508763
transition_first,0.5,4,0.25,4,7,28.094600012991577
transition_warm,0.5,4,0.25,4,7,35.246799991000444
transition_first,0.5,4,0.25,4,8,40.59719998622313
transition_warm,0.5,4,0.25,4,8,32.732300052884966
transition_first,0.5,4,0.25,4,9,38.67750003701076
transition_warm,0.5,4,0.25,4,9,29.622200003359467
transition_first,0.75,16,1.0,8,0,38.19980000844225
transition_warm,0.75,16,1.0,8,0,35.414300044067204
transition_first,0.75,16,1.0,8,1,34.70459999516606
transition_warm,0.75,16,1.0,8,1,34.0357999666594
transition_first,0.75,16,1.0,8,2,33.87069999007508
transition_warm,0.75,16,1.0,8,2,34.8367000115104
transition_first,0.75,16,1.0,8,3,36.93519998341799
transition_warm,0.75,16,1.0,8,3,37.24639996653423
transition_first,0.75,16,1.0,8,4,31.08129999600351
transition_warm,0.75,16,1.0,8,4,34.22019997378811
transition_first,0.75,16,1.0,8,5,43.68910001358017
transition_warm,0.75,16,1.0,8,5,33.43509999103844
transition_first,0.75,16,1.0,8,6,33.713300013914704
transition_warm,0.75,16,1.0,8,6,33.76620000926778
transition_first,0.75,16,1.0,8,7,33.44309999374673
transition_warm,0.75,16,1.0,8,7,35.55900003993884
transition_first,0.75,16,1.0,8,8,38.9380999840796
transition_warm,0.75,16,1.0,8,8,37.24149998743087
transition_first,0.75,16,1.0,8,9,50.25800003204495
transition_warm,0.75,16,1.0,8,9,33.218300028238446
transition_first,0.5,32,0.75,4,0,32.34309999970719
transition_warm,0.5,32,0.75,4,0,29.198399977758527
transition_first,0.5,32,0.75,4,1,32.089499989524484
transition_warm,0.5,32,0.75,4,1,29.507100000046194
transition_first,0.5,32,0.75,4,2,28.158799977973104
transition_warm,0.5,32,0.75,4,2,33.16990000894293
transition_first,0.5,32,0.75,4,3,29.348600015509874
transition_warm,0.5,32,0.75,4,3,29.075299971736968
transition_first,0.5,32,0.75,4,4,30.100900039542466
transition_warm,0.5,32,0.75,4,4,30.689500039443374
transition_first,0.5,32,0.75,4,5,37.15420002117753
transition_warm,0.5,32,0.75,4,5,35.153300035744905
transition_first,0.5,32,0.75,4,6,36.769900005310774
transition_warm,0.5,32,0.75,4,6,30.560199986211956
transition_first,0.5,32,0.75,4,7,30.043000006116927
transition_warm,0.5,32,0.75,4,7,30.788600037340075
transition_first,0.5,32,0.75,4,8,30.96569998888299
transition_warm,0.5,32,0.75,4,8,30.828599992673844
transition_first,0.5,32,0.75,4,9,32.03380003105849
transition_warm,0.5,32,0.75,4,9,27.2658999892883
transition_first,0.5,32,1.0,16,0,34.29949999554083
transition_warm,0.5,32,1.0,16,0,47.54469997715205
transition_first,0.5,32,1.0,16,1,32.932200003415346
transition_warm,0.5,32,1.0,16,1,32.952899986412376
transition_first,0.5,32,1.0,16,2,34.32259999681264
transition_warm,0.5,32,1.0,16,2,36.387300002388656
transition_first,0.5,32,1.0,16,3,36.58849996281788
transition_warm,0.5,32,1.0,16,3,44.151099980808794
transition_first,0.5,32,1.0,16,4,31.09589999075979
transition_warm,0.5,32,1.0,16,4,48.578099987935275
transition_first,0.5,32,1.0,16,5,39.21100002480671
transition_warm,0.5,32,1.0,16,5,34.217000007629395
transition_first,0.5,32,1.0,16,6,40.15590000199154
transition_warm,0.5,32,1.0,16,6,34.64999998686835
transition_first,0.5,32,1.0,16,7,35.80630000215024
transition_warm,0.5,32,1.0,16,7,31.722199986688793
transition_first,0.5,32,1.0,16,8,36.1523000174202
transition_warm,0.5,32,1.0,16,8,33.200600009877235
transition_first,0.5,32,1.0,16,9,33.20740000344813
transition_warm,0.5,32,1.0,16,9,34.72579998197034
transition_first,0.5,16,1.0,16,0,33.26540003763512
transition_warm,0.5,16,1.0,16,0,39.29790004622191
transition_first,0.5,16,1.0,16,1,32.323300023563206
transition_warm,0.5,16,1.0,16,1,32.11510000983253
transition_first,0.5,16,1.0,16,2,31.919899978674948
transition_warm,0.5,16,1.0,16,2,33.71400001924485
transition_first,0.5,16,1.0,16,3,40.08950002025813
transition_warm,0.5,16,1.0,16,3,39.81550002936274
transition_first,0.5,16,1.0,16,4,32.819600019138306
transition_warm,0.5,16,1.0,16,4,60.06410002009943
transition_first,0.5,16,1.0,16,5,36.28559998469427
transition_warm,0.5,16,1.0,16,5,37.903200020082295
transition_first,0.5,16,1.0,16,6,32.22029999596998
transition_warm,0.5,16,1.0,16,6,37.00620000017807
transition_first,0.5,16,1.0,16,7,33.224400016479194
transition_warm,0.5,16,1.0,16,7,37.076600012369454
transition_first,0.5,16,1.0,16,8,33.24320004321635
transition_warm,0.5,16,1.0,16,8,35.341700015123934
transition_first,0.5,16,1.0,16,9,33.56260003056377
transition_warm,0.5,16,1.0,16,9,42.67609998350963
transition_first,0.5,16,1.0,8,0,31.97030001319945
transition_warm,0.5,16,1.0,8,0,33.802200050558895
transition_first,0.5,16,1.0,8,1,33.31259998958558
transition_warm,0.5,16,1.0,8,1,33.307100005913526
transition_first,0.5,16,1.0,8,2,34.44999997736886
transition_warm,0.5,16,1.0,8,2,34.06209999229759
transition_first,0.5,16,1.0,8,3,33.68999995291233
transition_warm,0.5,16,1.0,8,3,33.858200011309236
transition_first,0.5,16,1.0,8,4,32.48709999024868
transition_warm,0.5,16,1.0,8,4,34.46260001510382
transition_first,0.5,16,1.0,8,5,40.18890002043918
transition_warm,0.5,16,1.0,8,5,49.6228999691084
transition_first,0.5,16,1.0,8,6,33.25440001208335
transition_warm,0.5,16,1.0,8,6,38.29080000286922
transition_first,0.5,16,1.0,8,7,32.974399975501
transition_warm,0.5,16,1.0,8,7,36.447999998927116
transition_first,0.5,16,1.0,8,8,32.86300000036135
transition_warm,0.5,16,1.0,8,8,33.11969997594133
transition_first,0.5,16,1.0,8,9,32.82089997082949
transition_warm,0.5,16,1.0,8,9,33.07240002322942
transition_first,0.5,32,0.25,32,0,10.555899993050843
transition_warm,0.5,32,0.25,32,0,11.582400009501725
transition_first,0.5,32,0.25,32,1,10.376900027040392
transition_warm,0.5,32,0.25,32,1,10.356799990404397
transition_first,0.5,32,0.25,32,2,10.79949998529628
transition_warm,0.5,32,0.25,32,2,10.728200024459511
transition_first,0.5,32,0.25,32,3,11.521700012963265
transition_warm,0.5,32,0.25,32,3,10.54589997511357
transition_first,0.5,32,0.25,32,4,10.995799966622144
transition_warm,0.5,32,0.25,32,4,12.597399996593595
transition_first,0.5,32,0.25,32,5,12.45890004793182
transition_warm,0.5,32,0.25,32,5,11.47199998376891
transition_first,0.5,32,0.25,32,6,11.534999997820705
transition_warm,0.5,32,0.25,32,6,12.519400042947382
transition_first,0.5,32,0.25,32,7,10.490200016647577
transition_warm,0.5,32,0.25,32,7,12.106599984690547
transition_first,0.5,32,0.25,32,8,10.436800017487258
transition_warm,0.5,32,0.25,32,8,9.075600013602525
transition_first,0.5,32,0.25,32,9,12.806400016415864
transition_warm,0.5,32,0.25,32,9,10.981099971104413
transition_first,0.5,16,1.0,4,0,32.158799993339926
transition_warm,0.5,16,1.0,4,0,33.48139999434352
transition_first,0.5,16,1.0,4,1,34.63549999287352
transition_warm,0.5,16,1.0,4,1,32.899799989536405
transition_first,0.5,16,1.0,4,2,31.48689999943599
transition_warm,0.5,16,1.0,4,2,35.193299991078675
transition_first,0.5,16,1.0,4,3,37.815499992575496
transition_warm,0.5,16,1.0,4,3,38.6714999913238
transition_first,0.5,16,1.0,4,4,51.76839994965121
transition_warm,0.5,16,1.0,4,4,36.97340004146099
transition_first,0.5,16,1.0,4,5,36.65329999057576
transition_warm,0.5,16,1.0,4,5,35.94820003490895
transition_first,0.5,16,1.0,4,6,35.65029997844249
transition_warm,0.5,16,1.0,4,6,43.3754000114277
transition_first,0.5,16,1.0,4,7,40.232100000139326
transition_warm,0.5,16,1.0,4,7,33.08369999285787
transition_first,0.5,16,1.0,4,8,32.59550000075251
transition_warm,0.5,16,1.0,4,8,34.04410002985969
transition_first,0.5,16,1.0,4,9,33.22100004879758
transition_warm,0.5,16,1.0,4,9,35.025999997742474
transition_first,1.0,32,0.75,32,0,12.895399995613843
transition_warm,1.0,32,0.75,32,0,12.396399979479611
transition_first,1.0,32,0.75,32,1,9.64529998600483
transition_warm,1.0,32,0.75,32,1,10.396700003184378
transition_first,1.0,32,0.75,32,2,12.440100021194667
transition_warm,1.0,32,0.75,32,2,10.590799967758358
transition_first,1.0,32,0.75,32,3,12.221399985719472
transition_warm,1.0,32,0.75,32,3,12.053100042976439
transition_first,1.0,32,0.75,32,4,12.314099993091077
transition_warm,1.0,32,0.75,32,4,11.934000009205192
transition_first,1.0,32,0.75,32,5,10.329400014597923
transition_warm,1.0,32,0.75,32,5,9.962600015569478
transition_first,1.0,32,0.75,32,6,9.937800001353025
transition_warm,1.0,32,0.75,32,6,10.61569998273626
transition_first,1.0,32,0.75,32,7,9.960099996533245
transition_warm,1.0,32,0.75,32,7,10.437500022817403
transition_first,1.0,32,0.75,32,8,12.403100030496716
transition_warm,1.0,32,0.75,32,8,16.700400039553642
transition_first,1.0,32,0.75,32,9,14.034399995580316
transition_warm,1.0,32,0.75,32,9,11.792899982538074
transition_first,0.25,16,0.75,16,0,30.951199994888157
transition_warm,0.25,16,0.75,16,0,32.95550000621006
transition_first,0.25,16,0.75,16,1,32.45040000183508
transition_warm,0.25,16,0.75,16,1,30.90170002542436
transition_first,0.25,16,0.75,16,2,49.357299983967096
transition_warm,0.25,16,0.75,16,2,32.43429999565706
transition_first,0.25,16,0.75,16,3,31.828199978917837
transition_warm,0.25,16,0.75,16,3,37.92309999698773
transition_first,0.25,16,0.75,16,4,34.391900000628084
transition_warm,0.25,16,0.75,16,4,29.515800008084625
transition_first,0.25,16,0.75,16,5,29.462200007401407
transition_warm,0.25,16,0.75,16,5,31.54490003362298
transition_first,0.25,16,0.75,16,6,30.623700004070997
transition_warm,0.25,16,0.75,16,6,29.003500007092953
transition_first,0.25,16,0.75,16,7,32.22009999444708
transition_warm,0.25,16,0.75,16,7,29.296200023964047
transition_first,0.25,16,0.75,16,8,29.446200001984835
transition_warm,0.25,16,0.75,16,8,30.807699949946254
transition_first,0.25,16,0.75,16,9,32.00300002936274
transition_warm,0.25,16,0.75,16,9,31.36269998503849
transition_first,0.75,16,0.5,4,0,30.169599980581552
transition_warm,0.75,16,0.5,4,0,44.69070001505315
transition_first,0.75,16,0.5,4,1,47.79649997362867
transition_warm,0.75,16,0.5,4,1,43.410199985373765
transition_first,0.75,16,0.5,4,2,26.409199985209852
transition_warm,0.75,16,0.5,4,2,28.340200020466
transition_first,0.75,16,0.5,4,3,32.044999999925494
transition_warm,0.75,16,0.5,4,3,31.149699992965907
transition_first,0.75,16,0.5,4,4,39.78990000905469
transition_warm,0.75,16,0.5,4,4,43.167199997697026
transition_first,0.75,16,0.5,4,5,31.255399982910603
transition_warm,0.75,16,0.5,4,5,29.572400031611323
transition_first,0.75,16,0.5,4,6,33.44540001126006
transition_warm,0.75,16,0.5,4,6,34.8995000240393
transition_first,0.75,16,0.5,4,7,40.230700047686696
transition_warm,0.75,16,0.5,4,7,29.24969996092841
transition_first,0.75,16,0.5,4,8,35.086600051727146
transition_warm,0.75,16,0.5,4,8,29.98769999248907
transition_first,0.75,16,0.5,4,9,32.29489998193458
transition_warm,0.75,16,0.5,4,9,27.667999966070056
transition_first,0.5,8,1.0,16,0,35.39059998001903
transition_warm,0.5,8,1.0,16,0,38.13490003813058
transition_first,0.5,8,1.0,16,1,38.273399986792356
transition_warm,0.5,8,1.0,16,1,40.39729997748509
transition_first,0.5,8,1.0,16,2,37.03150001820177
transition_warm,0.5,8,1.0,16,2,37.346000026445836
transition_first,0.5,8,1.0,16,3,35.272999957669526
transition_warm,0.5,8,1.0,16,3,34.218500019051135
transition_first,0.5,8,1.0,16,4,32.26680000079796
transition_warm,0.5,8,1.0,16,4,32.62589999940246
transition_first,0.5,8,1.0,16,5,39.5532000111416
transition_warm,0.5,8,1.0,16,5,37.978900014422834
transition_first,0.5,8,1.0,16,6,35.34850000869483
transition_warm,0.5,8,1.0,16,6,33.02400000393391
transition_first,0.5,8,1.0,16,7,32.85050002159551
transition_warm,0.5,8,1.0,16,7,33.419699990190566
transition_first,0.5,8,1.0,16,8,36.03700001258403
transition_warm,0.5,8,1.0,16,8,36.12730000168085
transition_first,0.5,8,1.0,16,9,39.42290000850335
transition_warm,0.5,8,1.0,16,9,34.50489998795092
transition_first,0.75,32,0.25,32,0,10.903399961534888
transition_warm,0.75,32,0.25,32,0,10.102699976414442
transition_first,0.75,32,0.25,32,1,12.655299971811473
transition_warm,0.75,32,0.25,32,1,13.02330003818497
transition_first,0.75,32,0.25,32,2,10.077199956867844
transition_warm,0.75,32,0.25,32,2,8.693400013726205
transition_first,0.75,32,0.25,32,3,10.409700043965131
transition_warm,0.75,32,0.25,32,3,9.370699990540743
transition_first,0.75,32,0.25,32,4,10.990899987518787
transition_warm,0.75,32,0.25,32,4,10.526500002015382
transition_first,0.75,32,0.25,32,5,11.179399967659265
transition_warm,0.75,32,0.25,32,5,11.894800001755357
transition_first,0.75,32,0.25,32,6,12.545200006570667
transition_warm,0.75,32,0.25,32,6,11.64250000147149
transition_first,0.75,32,0.25,32,7,9.424800053238869
transition_warm,0.75,32,0.25,32,7,11.266899993643165
transition_first,0.75,32,0.25,32,8,10.997599980328232
transition_warm,0.75,32,0.25,32,8,11.578099976759404
transition_first,0.75,32,0.25,32,9,10.55339997401461
transition_warm,0.75,32,0.25,32,9,10.938299994450063
transition_first,0.5,8,0.5,4,0,28.509499970823526
transition_warm,0.5,8,0.5,4,0,34.55789998406544
transition_first,0.5,8,0.5,4,1,32.27480000350624
transition_warm,0.5,8,0.5,4,1,27.82620000652969
transition_first,0.5,8,0.5,4,2,26.032099965959787
transition_warm,0.5,8,0.5,4,2,31.89719998044893
transition_first,0.5,8,0.5,4,3,34.59700004896149
transition_warm,0.5,8,0.5,4,3,26.67639998253435
transition_first,0.5,8,0.5,4,4,34.74489995278418
transition_warm,0.5,8,0.5,4,4,29.200599994510412
transition_first,0.5,8,0.5,4,5,31.94339998299256
transition_warm,0.5,8,0.5,4,5,36.408199986908585
transition_first,0.5,8,0.5,4,6,32.26340003311634
transition_warm,0.5,8,0.5,4,6,34.52570002991706
transition_first,0.5,8,0.5,4,7,32.5033999979496
transition_warm,0.5,8,0.5,4,7,37.483899970538914
transition_first,0.5,8,0.5,4,8,38.041100022383034
transition_warm,0.5,8,0.5,4,8,41.87010001624003
transition_first,0.5,8,0.5,4,9,47.35770000843331
transition_warm,0.5,8,0.5,4,9,31.15369996521622
transition_first,1.0,4,1.0,8,0,34.25630001584068
transition_warm,1.0,4,1.0,8,0,33.413800003472716
transition_first,1.0,4,1.0,8,1,34.751700004562736
transition_warm,1.0,4,1.0,8,1,35.73499998310581
transition_first,1.0,4,1.0,8,2,37.66400000313297
transition_warm,1.0,4,1.0,8,2,35.74670001398772
transition_first,1.0,4,1.0,8,3,35.682299989275634
transition_warm,1.0,4,1.0,8,3,35.51399998832494
transition_first,1.0,4,1.0,8,4,39.156400016509
transition_warm,1.0,4,1.0,8,4,38.83430000860244
transition_first,1.0,4,1.0,8,5,36.56909998971969
transition_warm,1.0,4,1.0,8,5,39.26990000763908
transition_first,1.0,4,1.0,8,6,31.367500021588057
transition_warm,1.0,4,1.0,8,6,31.769499997608364
transition_first,1.0,4,1.0,8,7,38.013499986846
transition_warm,1.0,4,1.0,8,7,38.106299994979054
transition_first,1.0,4,1.0,8,8,34.68160005286336
transition_warm,1.0,4,1.0,8,8,36.400900047738105
transition_first,1.0,4,1.0,8,9,31.70910000335425
transition_warm,1.0,4,1.0,8,9,33.60999998403713
transition_first,0.5,4,0.25,16,0,27.296599990222603
transition_warm,0.5,4,0.25,16,0,28.212200035341084
transition_first,0.5,4,0.25,16,1,29.94490001583472
transition_warm,0.5,4,0.25,16,1,35.052500024903566
transition_first,0.5,4,0.25,16,2,30.31339996960014
transition_warm,0.5,4,0.25,16,2,31.462900049518794
transition_first,0.5,4,0.25,16,3,31.867099984083325
transition_warm,0.5,4,0.25,16,3,28.157300024759024
transition_first,0.5,4,0.25,16,4,38.319499988574535
transition_warm,0.5,4,0.25,16,4,28.324600018095225
transition_first,0.5,4,0.25,16,5,29.051700024865568
transition_warm,0.5,4,0.25,16,5,32.44879998965189
transition_first,0.5,4,0.25,16,6,30.59380000922829
transition_warm,0.5,4,0.25,16,6,28.73260003980249
transition_first,0.5,4,0.25,16,7,30.622999998740852
transition_warm,0.5,4,0.25,16,7,36.6857000044547
transition_first,0.5,4,0.25,16,8,34.63690000353381
transition_warm,0.5,4,0.25,16,8,36.29959997488186
transition_first,0.5,4,0.25,16,9,38.49830001126975
transition_warm,0.5,4,0.25,16,9,37.940100010018796
transition_first,0.25,16,1.0,16,0,46.40939994715154
transition_warm,0.25,16,1.0,16,0,43.943700031377375
transition_first,0.25,16,1.0,16,1,37.454299977980554
transition_warm,0.25,16,1.0,16,1,31.902399961836636
transition_first,0.25,16,1.0,16,2,31.58770001027733
transition_warm,0.25,16,1.0,16,2,34.29119999054819
transition_first,0.25,16,1.0,16,3,35.495299962349236
transition_warm,0.25,16,1.0,16,3,32.791699981316924
transition_first,0.25,16,1.0,16,4,32.71240001777187
transition_warm,0.25,16,1.0,16,4,33.545800019055605
transition_first,0.25,16,1.0,16,5,35.74490000028163
transition_warm,0.25,16,1.0,16,5,35.723700013477355
transition_first,0.25,16,1.0,16,6,35.07100004935637
transition_warm,0.25,16,1.0,16,6,39.12460000719875
transition_first,0.25,16,1.0,16,7,34.14970001904294
transition_warm,0.25,16,1.0,16,7,32.14009996736422
transition_first,0.25,16,1.0,16,8,45.59150000568479
transition_warm,0.25,16,1.0,16,8,31.54329996323213
transition_first,0.25,16,1.0,16,9,34.05880002537742
transition_warm,0.25,16,1.0,16,9,33.2600999972783
transition_first,1.0,16,1.0,4,0,33.86670001782477
transition_warm,1.0,16,1.0,4,0,33.852400025352836
transition_first,1.0,16,1.0,4,1,35.68780003115535
transition_warm,1.0,16,1.0,4,1,32.514500024262816
transition_first,1.0,16,1.0,4,2,33.95830001682043
transition_warm,1.0,16,1.0,4,2,33.698300016112626
transition_first,1.0,16,1.0,4,3,32.5035999994725
transition_warm,1.0,16,1.0,4,3,37.07449999637902
transition_first,1.0,16,1.0,4,4,36.25340003054589
transition_warm,1.0,16,1.0,4,4,33.31140003865585
transition_first,1.0,16,1.0,4,5,41.12439998425543
transition_warm,1.0,16,1.0,4,5,37.346000026445836
transition_first,1.0,16,1.0,4,6,33.33000000566244
transition_warm,1.0,16,1.0,4,6,39.12600001785904
transition_first,1.0,16,1.0,4,7,35.98960000090301
transition_warm,1.0,16,1.0,4,7,37.294300040230155
transition_first,1.0,16,1.0,4,8,34.12999998545274
transition_warm,1.0,16,1.0,4,8,33.82219997001812
transition_first,1.0,16,1.0,4,9,42.497299960814416
transition_warm,1.0,16,1.0,4,9,40.611599979456514
transition_first,0.5,4,0.75,32,0,11.506500013638288
transition_warm,0.5,4,0.75,32,0,11.639099975582212
transition_first,0.5,4,0.75,32,1,12.342800037004054
transition_warm,0.5,4,0.75,32,1,19.444100034888834
transition_first,0.5,4,0.75,32,2,12.927700008731335
transition_warm,0.5,4,0.75,32,2,12.781199999153614
transition_first,0.5,4,0.75,32,3,10.822300042491406
transition_warm,0.5,4,0.75,32,3,9.864000021480024
transition_first,0.5,4,0.75,32,4,10.804900026414543
transition_warm,0.5,4,0.75,32,4,9.714199986774474
transition_first,0.5,4,0.75,32,5,12.530400010291487
transition_warm,0.5,4,0.75,32,5,16.65639999555424
transition_first,0.5,4,0.75,32,6,11.684499972034246
transition_warm,0.5,4,0.75,32,6,12.728200003039092
transition_first,0.5,4,0.75,32,7,12.677500024437904
transition_warm,0.5,4,0.75,32,7,14.92280000820756
transition_first,0.5,4,0.75,32,8,14.31820000289008
transition_warm,0.5,4,0.75,32,8,12.685000023338944
transition_first,0.5,4,0.75,32,9,15.906699991319329
transition_warm,0.5,4,0.75,32,9,11.621899961028248
transition_first,0.25,32,1.0,8,0,31.947000010404736
transition_warm,0.25,32,1.0,8,0,30.477199994493276
transition_first,0.25,32,1.0,8,1,32.25869999732822
transition_warm,0.25,32,1.0,8,1,38.72129996307194
transition_first,0.25,32,1.0,8,2,36.38810000848025
transition_warm,0.25,32,1.0,8,2,35.677799955010414
transition_first,0.25,32,1.0,8,3,37.49509999761358
transition_warm,0.25,32,1.0,8,3,37.12580003775656
transition_first,0.25,32,1.0,8,4,33.92000001622364
transition_warm,0.25,32,1.0,8,4,51.36710003716871
transition_first,0.25,32,1.0,8,5,35.978800035081804
transition_warm,0.25,32,1.0,8,5,33.445000008214265
transition_first,0.25,32,1.0,8,6,33.281999989412725
transition_warm,0.25,32,1.0,8,6,33.564999990630895
transition_first,0.25,32,1.0,8,7,32.481800008099526
transition_warm,0.25,32,1.0,8,7,34.339700010605156
transition_first,0.25,32,1.0,8,8,36.62259998964146
transition_warm,0.25,32,1.0,8,8,40.73350003454834
transition_first,0.25,32,1.0,8,9,31.71080001629889
transition_warm,0.25,32,1.0,8,9,34.70769996056333
transition_first,0.25,8,1.0,16,0,31.88840002985671
transition_warm,0.25,8,1.0,16,0,34.104500024113804
transition_first,0.25,8,1.0,16,1,33.572499989531934
transition_warm,0.25,8,1.0,16,1,35.7304000062868
transition_first,0.25,8,1.0,16,2,32.31640002923086
transition_warm,0.25,8,1.0,16,2,31.595900014508516
transition_first,0.25,8,1.0,16,3,32.28959999978542
transition_warm,0.25,8,1.0,16,3,33.37780002038926
transition_first,0.25,8,1.0,16,4,35.05780000705272
transition_warm,0.25,8,1.0,16,4,34.04559998307377
transition_first,0.25,8,1.0,16,5,34.11230002529919
transition_warm,0.25,8,1.0,16,5,33.508700027596205
transition_first,0.25,8,1.0,16,6,37.9819999798201
transition_warm,0.25,8,1.0,16,6,42.153599963057786
transition_first,0.25,8,1.0,16,7,37.2819000040181
transition_warm,0.25,8,1.0,16,7,33.20999996503815
transition_first,0.25,8,1.0,16,8,32.132199965417385
transition_warm,0.25,8,1.0,16,8,34.6305999555625
transition_first,0.25,8,1.0,16,9,48.8424000213854
transition_warm,0.25,8,1.0,16,9,40.42089998256415
transition_first,1.0,32,0.5,4,0,30.15789994969964
transition_warm,1.0,32,0.5,4,0,33.98980002384633
transition_first,1.0,32,0.5,4,1,33.34680001717061
transition_warm,1.0,32,0.5,4,1,36.34040005272254
transition_first,1.0,32,0.5,4,2,31.006600009277463
transition_warm,1.0,32,0.5,4,2,28.23930000886321
transition_first,1.0,32,0.5,4,3,40.715300012379885
transition_warm,1.0,32,0.5,4,3,31.33580001303926
transition_first,1.0,32,0.5,4,4,40.68639996694401
transition_warm,1.0,32,0.5,4,4,29.953099961858243
transition_first,1.0,32,0.5,4,5,28.873000002931803
transition_warm,1.0,32,0.5,4,5,29.896599997300655
transition_first,1.0,32,0.5,4,6,35.10380000807345
transition_warm,1.0,32,0.5,4,6,33.125100017059594
transition_first,1.0,32,0.5,4,7,30.146499979309738
transition_warm,1.0,32,0.5,4,7,31.92979999585077
transition_first,1.0,32,0.5,4,8,26.928999985102564
transition_warm,1.0,32,0.5,4,8,30.861299950629473
transition_first,1.0,32,0.5,4,9,30.54619999602437
transition_warm,1.0,32,0.5,4,9,32.83089998876676
transition_first,1.0,16,0.25,16,0,31.465400010347366
transition_warm,1.0,16,0.25,16,0,27.634199999738485
transition_first,1.0,16,0.25,16,1,31.18039999390021
transition_warm,1.0,16,0.25,16,1,29.088799958117306
transition_first,1.0,16,0.25,16,2,32.83119999105111
transition_warm,1.0,16,0.25,16,2,45.530600007623434
transition_first,1.0,16,0.25,16,3,55.6998000247404
transition_warm,1.0,16,0.25,16,3,25.965599983464926
transition_first,1.0,16,0.25,16,4,41.95750004146248
transition_warm,1.0,16,0.25,16,4,53.93980001099408
transition_first,1.0,16,0.25,16,5,29.536699992604554
transition_warm,1.0,16,0.25,16,5,27.716999989934266
transition_first,1.0,16,0.25,16,6,33.54350000154227
transition_warm,1.0,16,0.25,16,6,35.16100003616884
transition_first,1.0,16,0.25,16,7,35.97680001985282
transition_warm,1.0,16,0.25,16,7,28.475600003730506
transition_first,1.0,16,0.25,16,8,29.329100041650236
transition_warm,1.0,16,0.25,16,8,33.91539998119697
transition_first,1.0,16,0.25,16,9,39.19640003005043
transition_warm,1.0,16,0.25,16,9,36.03399998974055
transition_first,0.5,8,0.25,32,0,12.447200017049909
transition_warm,0.5,8,0.25,32,0,17.525099974591285
transition_first,0.5,8,0.25,32,1,11.597400007303804
transition_warm,0.5,8,0.25,32,1,18.46539997495711
transition_first,0.5,8,0.25,32,2,14.719200029503554
transition_warm,0.5,8,0.25,32,2,14.969100011512637
transition_first,0.5,8,0.25,32,3,13.485000003129244
transition_warm,0.5,8,0.25,32,3,13.230299984570593
transition_first,0.5,8,0.25,32,4,12.99970003310591
transition_warm,0.5,8,0.25,32,4,10.411700000986457
transition_first,0.5,8,0.25,32,5,12.21289997920394
transition_warm,0.5,8,0.25,32,5,13.152800034731627
transition_first,0.5,8,0.25,32,6,9.307000029366463
transition_warm,0.5,8,0.25,32,6,10.687599948141724
transition_first,0.5,8,0.25,32,7,9.895200026221573
transition_warm,0.5,8,0.25,32,7,11.563399981241673
transition_first,0.5,8,0.25,32,8,12.963399989530444
transition_warm,0.5,8,0.25,32,8,10.828200029209256
transition_first,0.5,8,0.25,32,9,11.086600017733872
transition_warm,0.5,8,0.25,32,9,11.467800009995699
transition_first,0.75,8,0.5,8,0,29.24820000771433
transition_warm,0.75,8,0.5,8,0,29.342199966777116
transition_first,0.75,8,0.5,8,1,29.13290000287816
transition_warm,0.75,8,0.5,8,1,30.320400022901595
transition_first,0.75,8,0.5,8,2,34.059800032991916
transition_warm,0.75,8,0.5,8,2,27.294999978039414
transition_first,0.75,8,0.5,8,3,36.89220000524074
transition_warm,0.75,8,0.5,8,3,35.285400052089244
transition_first,0.75,8,0.5,8,4,32.78820001287386
transition_warm,0.75,8,0.5,8,4,26.786700007505715
transition_first,0.75,8,0.5,8,5,31.34470002260059
transition_warm,0.75,8,0.5,8,5,30.258100014179945
transition_first,0.75,8,0.5,8,6,33.922199974767864
transition_warm,0.75,8,0.5,8,6,31.588499958161265
transition_first,0.75,8,0.5,8,7,31.256499991286546
transition_warm,0.75,8,0.5,8,7,32.37169998465106
transition_first,0.75,8,0.5,8,8,38.03119994699955
transition_warm,0.75,8,0.5,8,8,34.44739995757118
transition_first,0.75,8,0.5,8,9,43.48389996448532
transition_warm,0.75,8,0.5,8,9,40.68610002286732
transition_first,0.5,4,1.0,8,0,39.664699987042695
transition_warm,0.5,4,1.0,8,0,37.927000026684254
transition_first,0.5,4,1.0,8,1,31.834400026127696
transition_warm,0.5,4,1.0,8,1,42.66000003553927
transition_first,0.5,4,1.0,8,2,38.2872000336647
transition_warm,0.5,4,1.0,8,2,32.28909999597818
transition_first,0.5,4,1.0,8,3,48.16160001792014
transition_warm,0.5,4,1.0,8,3,36.47960000671446
transition_first,0.5,4,1.0,8,4,37.091400008648634
transition_warm,0.5,4,1.0,8,4,35.80429998692125
transition_first,0.5,4,1.0,8,5,40.58720002649352
transition_warm,0.5,4,1.0,8,5,44.48560002492741
transition_first,0.5,4,1.0,8,6,34.021200030110776
transition_warm,0.5,4,1.0,8,6,33.24999997857958
transition_first,0.5,4,1.0,8,7,33.24369998881593
transition_warm,0.5,4,1.0,8,7,33.36750000016764
transition_first,0.5,4,1.0,8,8,41.818899975623935
transition_warm,0.5,4,1.0,8,8,37.16419998090714
transition_first,0.5,4,1.0,8,9,42.3074999707751
transition_warm,0.5,4,1.0,8,9,34.64109997730702
transition_first,0.25,4,0.75,16,0,30.041399993933737
transition_warm,0.25,4,0.75,16,0,35.69959994638339
transition_first,0.25,4,0.75,16,1,32.82009996473789
transition_warm,0.25,4,0.75,16,1,30.92869999818504
transition_first,0.25,4,0.75,16,2,30.533700017258525
transition_warm,0.25,4,0.75,16,2,34.6506999921985
transition_first,0.25,4,0.75,16,3,40.17920000478625
transition_warm,0.25,4,0.75,16,3,30.56849999120459
transition_first,0.25,4,0.75,16,4,31.228200008627027
transition_warm,0.25,4,0.75,16,4,31.104000052437186
transition_first,0.25,4,0.75,16,5,29.482900048606098
transition_warm,0.25,4,0.75,16,5,29.864000040106475
transition_first,0.25,4,0.75,16,6,30.482300033327192
transition_warm,0.25,4,0.75,16,6,39.706100011244416
transition_first,0.25,4,0.75,16,7,38.202400028239936
transition_warm,0.25,4,0.75,16,7,37.20660001272336
transition_first,0.25,4,0.75,16,8,32.08099998300895
transition_warm,0.25,4,0.75,16,8,30.023499974049628
transition_first,0.25,4,0.75,16,9,31.13590000430122
transition_warm,0.25,4,0.75,16,9,30.197100015357137
transition_first,0.25,4,0.5,8,0,42.10540000349283
transition_warm,0.25,4,0.5,8,0,32.15650003403425
transition_first,0.25,4,0.5,8,1,32.74179995059967
transition_warm,0.25,4,0.5,8,1,37.646799988579005
transition_first,0.25,4,0.5,8,2,29.342400026507676
transition_warm,0.25,4,0.5,8,2,32.27100003277883
transition_first,0.25,4,0.5,8,3,26.539099984802306
transition_warm,0.25,4,0.5,8,3,34.210899961180985
transition_first,0.25,4,0.5,8,4,30.4809000226669
transition_warm,0.25,4,0.5,8,4,32.33600000385195
transition_first,0.25,4,0.5,8,5,33.1919000018388
transition_warm,0.25,4,0.5,8,5,29.548700025770813
transition_first,0.25,4,0.5,8,6,31.221000012010336
transition_warm,0.25,4,0.5,8,6,43.43950003385544
transition_first,0.25,4,0.5,8,7,35.993499972391874
transition_warm,0.25,4,0.5,8,7,37.20449999673292
transition_first,0.25,4,0.5,8,8,32.141300034709275
transition_warm,0.25,4,0.5,8,8,33.524900034535676
transition_first,0.25,4,0.5,8,9,43.69279998354614
transition_warm,0.25,4,0.5,8,9,44.96640001889318
transition_first,1.0,8,0.5,8,0,27.23469998454675
transition_warm,1.0,8,0.5,8,0,28.546299959998578
transition_first,1.0,8,0.5,8,1,33.800399978645146
transition_warm,1.0,8,0.5,8,1,32.250899996142834
transition_first,1.0,8,0.5,8,2,36.42860002582893
transition_warm,1.0,8,0.5,8,2,28.030999994371086
transition_first,1.0,8,0.5,8,3,34.43739999784157
transition_warm,1.0,8,0.5,8,3,35.26929998770356
transition_first,1.0,8,0.5,8,4,28.885100036859512
transition_warm,1.0,8,0.5,8,4,27.970900002401322
transition_first,1.0,8,0.5,8,5,29.350300028454512
transition_warm,1.0,8,0.5,8,5,28.828500013332814
transition_first,1.0,8,0.5,8,6,29.034400009550154
transition_warm,1.0,8,0.5,8,6,27.946899994276464
transition_first,1.0,8,0.5,8,7,31.963200017344207
transition_warm,1.0,8,0.5,8,7,42.96499997144565
transition_first,1.0,8,0.5,8,8,30.591600050684065
transition_warm,1.0,8,0.5,8,8,28.92820001579821
transition_first,1.0,8,0.5,8,9,34.62029999354854
transition_warm,1.0,8,0.5,8,9,30.235899961553514
transition_first,1.0,8,1.0,4,0,33.541199984028935
transition_warm,1.0,8,1.0,4,0,37.33339998871088
transition_first,1.0,8,1.0,4,1,38.66979997837916
transition_warm,1.0,8,1.0,4,1,31.73609997611493
transition_first,1.0,8,1.0,4,2,45.56189995491877
transition_warm,1.0,8,1.0,4,2,31.417100050020963
transition_first,1.0,8,1.0,4,3,33.99650001665577
transition_warm,1.0,8,1.0,4,3,32.831499993335456
transition_first,1.0,8,1.0,4,4,32.32759999809787
transition_warm,1.0,8,1.0,4,4,38.632000039797276
transition_first,1.0,8,1.0,4,5,35.723699955269694
transition_warm,1.0,8,1.0,4,5,35.46210000058636
transition_first,1.0,8,1.0,4,6,35.85509996628389
transition_warm,1.0,8,1.0,4,6,40.679600031580776
transition_first,1.0,8,1.0,4,7,45.70000001695007
transition_warm,1.0,8,1.0,4,7,33.43239997047931
transition_first,1.0,8,1.0,4,8,34.547300019767135
transition_warm,1.0,8,1.0,4,8,34.411000029649585
transition_first,1.0,8,1.0,4,9,43.998299981467426
transition_warm,1.0,8,1.0,4,9,33.19839999312535
transition_first,1.0,4,1.0,32,0,10.302000038791448
transition_warm,1.0,4,1.0,32,0,10.043299989774823
transition_first,1.0,4,1.0,32,1,13.98480002535507
transition_warm,1.0,4,1.0,32,1,11.874500021804124
transition_first,1.0,4,1.0,32,2,10.436200012918562
transition_warm,1.0,4,1.0,32,2,11.335999995935708
transition_first,1.0,4,1.0,32,3,11.839100043289363
transition_warm,1.0,4,1.0,32,3,10.717299999669194
transition_first,1.0,4,1.0,32,4,9.251300012692809
transition_warm,1.0,4,1.0,32,4,10.002999973949045
transition_first,1.0,4,1.0,32,5,12.31349998852238
transition_warm,1.0,4,1.0,32,5,12.510300031863153
transition_first,1.0,4,1.0,32,6,12.80550000956282
transition_warm,1.0,4,1.0,32,6,11.734500003512949
transition_first,1.0,4,1.0,32,7,10.378999984823167
transition_warm,1.0,4,1.0,32,7,10.31639997381717
transition_first,1.0,4,1.0,32,8,9.558200021274388
transition_warm,1.0,4,1.0,32,8,11.831699986942112
transition_first,1.0,4,1.0,32,9,13.313500036019832
transition_warm,1.0,4,1.0,32,9,14.357300009578466
transition_first,0.75,16,1.0,4,0,33.07479998329654
transition_warm,0.75,16,1.0,4,0,39.805400010664016
transition_first,0.75,16,1.0,4,1,34.18070002226159
transition_warm,0.75,16,1.0,4,1,39.30430003674701
transition_first,0.75,16,1.0,4,2,35.055599990300834
transition_warm,0.75,16,1.0,4,2,31.74319997197017
transition_first,0.75,16,1.0,4,3,34.96640000957996
transition_warm,0.75,16,1.0,4,3,43.45250001642853
transition_first,0.75,16,1.0,4,4,38.83179998956621
transition_warm,0.75,16,1.0,4,4,32.11060003377497
transition_first,0.75,16,1.0,4,5,35.45779996784404
transition_warm,0.75,16,1.0,4,5,44.62739999871701
transition_first,0.75,16,1.0,4,6,37.30339999310672
transition_warm,0.75,16,1.0,4,6,35.501700011081994
transition_first,0.75,16,1.0,4,7,37.22520003793761
transition_warm,0.75,16,1.0,4,7,36.65379999438301
transition_first,0.75,16,1.0,4,8,32.2557000326924
transition_warm,0.75,16,1.0,4,8,33.13930000877008
transition_first,0.75,16,1.0,4,9,39.687099982984364
transition_warm,0.75,16,1.0,4,9,33.719099999871105
transition_first,0.25,16,0.5,8,0,32.6647000038065
transition_warm,0.25,16,0.5,8,0,35.35969997756183
transition_first,0.25,16,0.5,8,1,31.60529996966943
transition_warm,0.25,16,0.5,8,1,40.946500026620924
transition_first,0.25,16,0.5,8,2,30.556300014723092
transition_warm,0.25,16,0.5,8,2,32.85469999536872
transition_first,0.25,16,0.5,8,3,30.26309999404475
transition_warm,0.25,16,0.5,8,3,26.22140001039952
transition_first,0.25,16,0.5,8,4,31.184299965389073
transition_warm,0.25,16,0.5,8,4,27.485999977216125
transition_first,0.25,16,0.5,8,5,44.24389998894185
transition_warm,0.25,16,0.5,8,5,32.049399975221604
transition_first,0.25,16,0.5,8,6,30.978100025095046
transition_warm,0.25,16,0.5,8,6,29.767300002276897
transition_first,0.25,16,0.5,8,7,29.014799976721406
transition_warm,0.25,16,0.5,8,7,38.63880003336817
transition_first,0.25,16,0.5,8,8,35.44930001953617
transition_warm,0.25,16,0.5,8,8,30.333200003951788
transition_first,0.25,16,0.5,8,9,31.038800021633506
transition_warm,0.25,16,0.5,8,9,29.978199978359044
transition_first,0.5,16,0.75,4,0,29.672500037122518
transition_warm,0.5,16,0.75,4,0,37.55670000100508
transition_first,0.5,16,0.75,4,1,31.002799980342388
transition_warm,0.5,16,0.75,4,1,32.44540002197027
transition_first,0.5,16,0.75,4,2,29.700700019020587
transition_warm,0.5,16,0.75,4,2,34.23279995331541
transition_first,0.5,16,0.75,4,3,30.490600038319826
transition_warm,0.5,16,0.75,4,3,29.50329997111112
transition_first,0.5,16,0.75,4,4,30.720400041900575
transition_warm,0.5,16,0.75,4,4,31.61419997923076
transition_first,0.5,16,0.75,4,5,35.150400013662875
transition_warm,0.5,16,0.75,4,5,51.505599985830486
transition_first,0.5,16,0.75,4,6,31.262700038496405
transition_warm,0.5,16,0.75,4,6,29.572600033134222
transition_first,0.5,16,0.75,4,7,35.00779997557402
transition_warm,0.5,16,0.75,4,7,31.735299970023334
transition_first,0.5,16,0.75,4,8,40.0670999661088
transition_warm,0.5,16,0.75,4,8,29.54479999607429
transition_first,0.5,16,0.75,4,9,32.34500001417473
transition_warm,0.5,16,0.75,4,9,37.69349999492988
transition_first,1.0,32,0.25,4,0,35.49749997910112
transition_warm,1.0,32,0.25,4,0,44.428199995309114
transition_first,1.0,32,0.25,4,1,29.902599984779954
transition_warm,1.0,32,0.25,4,1,39.41520000807941
transition_first,1.0,32,0.25,4,2,27.128599991556257
transition_warm,1.0,32,0.25,4,2,29.878299974370748
transition_first,1.0,32,0.25,4,3,37.10239997599274
transition_warm,1.0,32,0.25,4,3,37.89959999267012
transition_first,1.0,32,0.25,4,4,38.205300050321966
transition_warm,1.0,32,0.25,4,4,37.710299948230386
transition_first,1.0,32,0.25,4,5,31.573799962643534
transition_warm,1.0,32,0.25,4,5,29.549500031862408
transition_first,1.0,32,0.25,4,6,29.32850003708154
transition_warm,1.0,32,0.25,4,6,32.74400002555922
transition_first,1.0,32,0.25,4,7,35.403700021561235
transition_warm,1.0,32,0.25,4,7,31.009100028313696
transition_first,1.0,32,0.25,4,8,27.570499980356544
transition_warm,1.0,32,0.25,4,8,31.915800005663186
transition_first,1.0,32,0.25,4,9,31.619800021871924
transition_warm,1.0,32,0.25,4,9,29.269399994518608
transition_first,1.0,4,0.25,4,0,35.25289997924119
transition_warm,1.0,4,0.25,4,0,30.55680001853034
transition_first,1.0,4,0.25,4,1,45.62720004469156
transition_warm,1.0,4,0.25,4,1,36.54409997398034
transition_first,1.0,4,0.25,4,2,36.09020001022145
transition_warm,1.0,4,0.25,4,2,31.79229999659583
transition_first,1.0,4,0.25,4,3,29.64379999320954
transition_warm,1.0,4,0.25,4,3,30.93010000884533
transition_first,1.0,4,0.25,4,4,27.87769999122247
transition_warm,1.0,4,0.25,4,4,36.66629997314885
transition_first,1.0,4,0.25,4,5,35.06359999300912
transition_warm,1.0,4,0.25,4,5,30.76980001060292
transition_first,1.0,4,0.25,4,6,29.892099963035434
transition_warm,1.0,4,0.25,4,6,27.83480001380667
transition_first,1.0,4,0.25,4,7,26.857500022742897
transition_warm,1.0,4,0.25,4,7,30.614899995271116
transition_first,1.0,4,0.25,4,8,42.05839999485761
transition_warm,1.0,4,0.25,4,8,34.26220000255853
transition_first,1.0,4,0.25,4,9,28.92250003060326
transition_warm,1.0,4,0.25,4,9,30.87670000968501
transition_first,0.75,8,0.5,4,0,40.40160001022741
transition_warm,0.75,8,0.5,4,0,31.6412000101991
transition_first,0.75,8,0.5,4,1,31.934100028593093
transition_warm,0.75,8,0.5,4,1,35.505999985616654
transition_first,0.75,8,0.5,4,2,32.61300001759082
transition_warm,0.75,8,0.5,4,2,31.422299973201007
transition_first,0.75,8,0.5,4,3,34.63819995522499
transition_warm,0.75,8,0.5,4,3,41.83040000498295
transition_first,0.75,8,0.5,4,4,30.061500030569732
transition_warm,0.75,8,0.5,4,4,37.110400036908686
transition_first,0.75,8,0.5,4,5,32.41919999709353
transition_warm,0.75,8,0.5,4,5,28.637600014917552
transition_first,0.75,8,0.5,4,6,32.74619998410344
transition_warm,0.75,8,0.5,4,6,30.687899969052523
transition_first,0.75,8,0.5,4,7,36.74410004168749
transition_warm,0.75,8,0.5,4,7,36.45210003014654
transition_first,0.75,8,0.5,4,8,29.5314000104554
transition_warm,0.75,8,0.5,4,8,32.85870002582669
transition_first,0.75,8,0.5,4,9,34.08920002402738
transition_warm,0.75,8,0.5,4,9,37.066100048832595
transition_first,0.75,32,1.0,32,0,11.105099983979017
transition_warm,0.75,32,1.0,32,0,10.427900007925928
transition_first,0.75,32,1.0,32,1,12.946499977260828
transition_warm,0.75,32,1.0,32,1,12.142299965489656
transition_first,0.75,32,1.0,32,2,10.787899955175817
transition_warm,0.75,32,1.0,32,2,13.050700013991445
transition_first,0.75,32,1.0,32,3,11.359299998730421
transition_warm,0.75,32,1.0,32,3,9.009900037199259
transition_first,0.75,32,1.0,32,4,9.203399997204542
transition_warm,0.75,32,1.0,32,4,9.843499981798232
transition_first,0.75,32,1.0,32,5,10.607699980027974
transition_warm,0.75,32,1.0,32,5,11.064199963584542
transition_first,0.75,32,1.0,32,6,9.252299962099642
transition_warm,0.75,32,1.0,32,6,11.485300026834011
transition_first,0.75,32,1.0,32,7,11.073199973907322
transition_warm,0.75,32,1.0,32,7,11.734600004274398
transition_first,0.75,32,1.0,32,8,10.842499963473529
transition_warm,0.75,32,1.0,32,8,12.8691999707371
transition_first,0.75,32,1.0,32,9,11.680700001306832
transition_warm,0.75,32,1.0,32,9,10.866699973121285
transition_first,1.0,32,0.5,8,0,32.36079995986074
transition_warm,1.0,32,0.5,8,0,31.233099987730384
transition_first,1.0,32,0.5,8,1,37.38689998863265
transition_warm,1.0,32,0.5,8,1,30.08250001585111
transition_first,1.0,32,0.5,8,2,29.402799962554127
transition_warm,1.0,32,0.5,8,2,29.865600052289665
transition_first,1.0,32,0.5,8,3,47.050499997567385
transition_warm,1.0,32,0.5,8,3,29.903699993155897
transition_first,1.0,32,0.5,8,4,36.96900000795722
transition_warm,1.0,32,0.5,8,4,36.550500022713095
transition_first,1.0,32,0.5,8,5,107.96579997986555
transition_warm,1.0,32,0.5,8,5,30.00400000018999
transition_first,1.0,32,0.5,8,6,35.016999987419695
transition_warm,1.0,32,0.5,8,6,33.91559998271987
transition_first,1.0,32,0.5,8,7,29.920500004664063
transition_warm,1.0,32,0.5,8,7,31.345700030215085
transition_first,1.0,32,0.5,8,8,31.96430002572015
transition_warm,1.0,32,0.5,8,8,29.554600012488663
transition_first,1.0,32,0.5,8,9,31.775000039488077
transition_warm,1.0,32,0.5,8,9,33.036000037100166
transition_first,0.75,32,0.75,16,0,33.44580001430586
transition_warm,0.75,32,0.75,16,0,33.78650004742667
transition_first,0.75,32,0.75,16,1,35.74339998885989
transition_warm,0.75,32,0.75,16,1,28.56989996507764
transition_first,0.75,32,0.75,16,2,33.680599997751415
transition_warm,0.75,32,0.75,16,2,31.85470000607893
transition_first,0.75,32,0.75,16,3,41.967400000430644
transition_warm,0.75,32,0.75,16,3,30.614200048148632
transition_first,0.75,32,0.75,16,4,43.22409996530041
transition_warm,0.75,32,0.75,16,4,43.589700013399124
transition_first,0.75,32,0.75,16,5,35.412700031884015
transition_warm,0.75,32,0.75,16,5,31.50749998167157
transition_first,0.75,32,0.75,16,6,31.663000001572073
transition_warm,0.75,32,0.75,16,6,37.56329999305308
transition_first,0.75,32,0.75,16,7,32.76710002683103
transition_warm,0.75,32,0.75,16,7,29.545700002927333
transition_first,0.75,32,0.75,16,8,40.04759999224916
transition_warm,0.75,32,0.75,16,8,37.97940001823008
transition_first,0.75,32,0.75,16,9,32.2615000186488
transition_warm,0.75,32,0.75,16,9,31.323400035034865
transition_first,0.25,4,0.75,4,0,34.38640001695603
transition_warm,0.25,4,0.75,4,0,31.602000002749264
transition_first,0.25,4,0.75,4,1,36.73619998153299
transition_warm,0.25,4,0.75,4,1,39.10659998655319
transition_first,0.25,4,0.75,4,2,29.253699991386384
transition_warm,0.25,4,0.75,4,2,29.06460000667721
transition_first,0.25,4,0.75,4,3,32.75210002902895
transition_warm,0.25,4,0.75,4,3,34.49970000656322
transition_first,0.25,4,0.75,4,4,32.88859996246174
transition_warm,0.25,4,0.75,4,4,35.21609999006614
transition_first,0.25,4,0.75,4,5,27.60700002545491
transition_warm,0.25,4,0.75,4,5,37.14939998462796
transition_first,0.25,4,0.75,4,6,32.49620000133291
transition_warm,0.25,4,0.75,4,6,29.762900026980788
transition_first,0.25,4,0.75,4,7,35.98789998795837
transition_warm,0.25,4,0.75,4,7,33.49760000128299
transition_first,0.25,4,0.75,4,8,31.844399985857308
transition_warm,0.25,4,0.75,4,8,36.4137000287883
transition_first,0.25,4,0.75,4,9,30.659499985631555
transition_warm,0.25,4,0.75,4,9,31.471399997826666
transition_first,0.25,8,0.25,16,0,31.197700009215623
transition_warm,0.25,8,0.25,16,0,37.48420003103092
transition_first,0.25,8,0.25,16,1,42.20039997017011
transition_warm,0.25,8,0.25,16,1,31.237000017426908
transition_first,0.25,8,0.25,16,2,29.96870002243668
transition_warm,0.25,8,0.25,16,2,29.25289998529479
transition_first,0.25,8,0.25,16,3,33.41309999814257
transition_warm,0.25,8,0.25,16,3,30.326500011142343
transition_first,0.25,8,0.25,16,4,32.959099975414574
transition_warm,0.25,8,0.25,16,4,38.9514000271447
transition_first,0.25,8,0.25,16,5,38.84130000369623
transition_warm,0.25,8,0.25,16,5,44.58880005404353
transition_first,0.25,8,0.25,16,6,42.18529997160658
transition_warm,0.25,8,0.25,16,6,26.275199954397976
transition_first,0.25,8,0.25,16,7,31.545099976938218
transition_warm,0.25,8,0.25,16,7,28.325999970547855
transition_first,0.25,8,0.25,16,8,31.571900006383657
transition_warm,0.25,8,0.25,16,8,36.98330000042915
transition_first,0.25,8,0.25,16,9,30.822500004433095
transition_warm,0.25,8,0.25,16,9,32.72100002504885
transition_first,1.0,8,0.75,8,0,46.12680000718683
transition_warm,1.0,8,0.75,8,0,36.679200013168156
transition_first,1.0,8,0.75,8,1,34.10549997352064
transition_warm,1.0,8,0.75,8,1,29.921700013801455
transition_first,1.0,8,0.75,8,2,34.68539996538311
transition_warm,1.0,8,0.75,8,2,33.56559999519959
transition_first,1.0,8,0.75,8,3,32.067199994344264
transition_warm,1.0,8,0.75,8,3,28.791599965188652
transition_first,1.0,8,0.75,8,4,29.187000007368624
transition_warm,1.0,8,0.75,8,4,29.43659998709336
transition_first,1.0,8,0.75,8,5,30.52689996547997
transition_warm,1.0,8,0.75,8,5,30.454699997790158
transition_first,1.0,8,0.75,8,6,28.035700030159205
transition_warm,1.0,8,0.75,8,6,31.299699970986694
transition_first,1.0,8,0.75,8,7,50.27419998077676
transition_warm,1.0,8,0.75,8,7,31.082000001333654
transition_first,1.0,8,0.75,8,8,35.71960004046559
transition_warm,1.0,8,0.75,8,8,36.41439997591078
transition_first,1.0,8,0.75,8,9,30.83529998548329
transition_warm,1.0,8,0.75,8,9,29.056600003968924
transition_first,1.0,8,0.25,4,0,28.57849997235462
transition_warm,1.0,8,0.25,4,0,32.302700041327626
transition_first,1.0,8,0.25,4,1,35.18960002111271
transition_warm,1.0,8,0.25,4,1,42.96829999657348
transition_first,1.0,8,0.25,4,2,33.14770001452416
transition_warm,1.0,8,0.25,4,2,28.943700017407537
transition_first,1.0,8,0.25,4,3,29.715899960137904
transition_warm,1.0,8,0.25,4,3,34.42809998523444
transition_first,1.0,8,0.25,4,4,30.216399987693876
transition_warm,1.0,8,0.25,4,4,29.680199979338795
transition_first,1.0,8,0.25,4,5,30.823599954601377
transition_warm,1.0,8,0.25,4,5,32.41889999480918
transition_first,1.0,8,0.25,4,6,29.56410002661869
transition_warm,1.0,8,0.25,4,6,30.37739999126643
transition_first,1.0,8,0.25,4,7,41.610199958086014
transition_warm,1.0,8,0.25,4,7,41.48349998285994
transition_first,1.0,8,0.25,4,8,28.15630001714453
transition_warm,1.0,8,0.25,4,8,30.96720000030473
transition_first,1.0,8,0.25,4,9,31.05430002324283
transition_warm,1.0,8,0.25,4,9,36.00889997323975
transition_first,0.5,32,0.75,32,0,14.505699975416064
transition_warm,0.5,32,0.75,32,0,12.892399972770363
transition_first,0.5,32,0.75,32,1,9.365400008391589
transition_warm,0.5,32,0.75,32,1,10.874000028707087
transition_first,0.5,32,0.75,32,2,10.16969996271655
transition_warm,0.5,32,0.75,32,2,15.449200000148267
transition_first,0.5,32,0.75,32,3,17.405099992174655
transition_warm,0.5,32,0.75,32,3,13.603800034616143
transition_first,0.5,32,0.75,32,4,9.921599994413555
transition_warm,0.5,32,0.75,32,4,10.727499960921705
transition_first,0.5,32,0.75,32,5,10.789599968120456
transition_warm,0.5,32,0.75,32,5,12.68679997883737
transition_first,0.5,32,0.75,32,6,12.41590001154691
transition_warm,0.5,32,0.75,32,6,13.109799998346716
transition_first,0.5,32,0.75,32,7,12.265899975318462
transition_warm,0.5,32,0.75,32,7,10.243099997751415
transition_first,0.5,32,0.75,32,8,10.01709996489808
transition_warm,0.5,32,0.75,32,8,11.57559995772317
transition_first,0.5,32,0.75,32,9,11.31359999999404
transition_warm,0.5,32,0.75,32,9,12.491500005126
transition_first,0.5,4,0.75,4,0,31.62339999107644
transition_warm,0.5,4,0.75,4,0,29.879199981223792
transition_first,0.5,4,0.75,4,1,42.33989998465404
transition_warm,0.5,4,0.75,4,1,46.09330004313961
transition_first,0.5,4,0.75,4,2,51.158900023438036
transition_warm,0.5,4,0.75,4,2,45.9815000067465
transition_first,0.5,4,0.75,4,3,34.39350001281127
transition_warm,0.5,4,0.75,4,3,35.24290001951158
transition_first,0.5,4,0.75,4,4,34.7810999955982
transition_warm,0.5,4,0.75,4,4,32.705799967516214
transition_first,0.5,4,0.75,4,5,33.3719999762252
transition_warm,0.5,4,0.75,4,5,33.336699998471886
transition_first,0.5,4,0.75,4,6,35.97950004041195
transition_warm,0.5,4,0.75,4,6,31.577699992340058
transition_first,0.5,4,0.75,4,7,28.877399978227913
transition_warm,0.5,4,0.75,4,7,35.326800018083304
transition_first,0.5,4,0.75,4,8,30.87390004657209
transition_warm,0.5,4,0.75,4,8,34.4008999527432
transition_first,0.5,4,0.75,4,9,35.45530000701547
transition_warm,0.5,4,0.75,4,9,30.605100037064403
transition_first,0.25,8,0.25,32,0,12.754799972753972
transition_warm,0.25,8,0.25,32,0,10.94449998345226
transition_first,0.25,8,0.25,32,1,10.08509995881468
transition_warm,0.25,8,0.25,32,1,10.558800015132874
transition_first,0.25,8,0.25,32,2,11.090500047430396
transition_warm,0.25,8,0.25,32,2,10.986499954015017
transition_first,0.25,8,0.25,32,3,12.719199992716312
transition_warm,0.25,8,0.25,32,3,8.829300000797957
transition_first,0.25,8,0.25,32,4,11.824399989563972
transition_warm,0.25,8,0.25,32,4,12.391199998091906
transition_first,0.25,8,0.25,32,5,9.571500006131828
transition_warm,0.25,8,0.25,32,5,12.589699996169657
transition_first,0.25,8,0.25,32,6,11.734100000467151
transition_warm,0.25,8,0.25,32,6,11.542499996721745
transition_first,0.25,8,0.25,32,7,10.241499985568225
transition_warm,0.25,8,0.25,32,7,10.607899981550872
transition_first,0.25,8,0.25,32,8,10.985100001562387
transition_warm,0.25,8,0.25,32,8,12.53150001866743
transition_first,0.25,8,0.25,32,9,9.917000017594546
transition_warm,0.25,8,0.25,32,9,12.425200024154037
transition_first,1.0,4,0.25,16,0,27.638500032480806
transition_warm,1.0,4,0.25,16,0,28.3655000384897
transition_first,1.0,4,0.25,16,1,33.60819997033104
transition_warm,1.0,4,0.25,16,1,30.09739995468408
transition_first,1.0,4,0.25,16,2,39.53509998973459
transition_warm,1.0,4,0.25,16,2,37.959199980832636
transition_first,1.0,4,0.25,16,3,39.58559996681288
transition_warm,1.0,4,0.25,16,3,30.00079997582361
transition_first,1.0,4,0.25,16,4,29.41280003869906
transition_warm,1.0,4,0.25,16,4,30.3315999917686
transition_first,1.0,4,0.25,16,5,49.90159999579191
transition_warm,1.0,4,0.25,16,5,27.04379998613149
transition_first,1.0,4,0.25,16,6,40.52159999264404
transition_warm,1.0,4,0.25,16,6,40.84219998912886
transition_first,1.0,4,0.25,16,7,30.856399971526116
transition_warm,1.0,4,0.25,16,7,34.722200012765825
transition_first,1.0,4,0.25,16,8,29.256600013468415
transition_warm,1.0,4,0.25,16,8,28.497499995864928
transition_first,1.0,4,0.25,16,9,29.41139996983111
transition_warm,1.0,4,0.25,16,9,32.43280004244298
transition_first,0.25,8,0.75,16,0,31.749700021464378
transition_warm,0.25,8,0.75,16,0,30.582099978346378
transition_first,0.25,8,0.75,16,1,28.361400007270277
transition_warm,0.25,8,0.75,16,1,30.854800017550588
transition_first,0.25,8,0.75,16,2,39.10359996370971
transition_warm,0.25,8,0.75,16,2,33.69329997804016
transition_first,0.25,8,0.75,16,3,31.456900003831834
transition_warm,0.25,8,0.75,16,3,28.674300003331155
transition_first,0.25,8,0.75,16,4,30.599999998230487
transition_warm,0.25,8,0.75,16,4,33.83390000090003
transition_first,0.25,8,0.75,16,5,30.909699969924986
transition_warm,0.25,8,0.75,16,5,37.46800002409145
transition_first,0.25,8,0.75,16,6,37.328299949876964
transition_warm,0.25,8,0.75,16,6,34.107199986465275
transition_first,0.25,8,0.75,16,7,33.17200002493337
transition_warm,0.25,8,0.75,16,7,37.474899960216135
transition_first,0.25,8,0.75,16,8,30.432900006417185
transition_warm,0.25,8,0.75,16,8,33.59260002616793
transition_first,0.25,8,0.75,16,9,32.71800000220537
transition_warm,0.25,8,0.75,16,9,31.149599992204458
transition_first,1.0,4,0.25,8,0,46.2116000126116
transition_warm,1.0,4,0.25,8,0,34.85340002225712
transition_first,1.0,4,0.25,8,1,49.47619995800778
transition_warm,1.0,4,0.25,8,1,32.55140001419932
transition_first,1.0,4,0.25,8,2,40.746500017121434
transition_warm,1.0,4,0.25,8,2,32.975399983115494
transition_first,1.0,4,0.25,8,3,37.51130000455305
transition_warm,1.0,4,0.25,8,3,35.76479997718707
transition_first,1.0,4,0.25,8,4,27.901099994778633
transition_warm,1.0,4,0.25,8,4,29.045899980701506
transition_first,1.0,4,0.25,8,5,29.82769999653101
transition_warm,1.0,4,0.25,8,5,35.061399976257235
transition_first,1.0,4,0.25,8,6,28.75200001290068
transition_warm,1.0,4,0.25,8,6,28.073100023902953
transition_first,1.0,4,0.25,8,7,28.398199996445328
transition_warm,1.0,4,0.25,8,7,32.0495999767445
transition_first,1.0,4,0.25,8,8,30.908699962310493
transition_warm,1.0,4,0.25,8,8,29.704499989748
transition_first,1.0,4,0.25,8,9,29.45889998227358
transition_warm,1.0,4,0.25,8,9,27.062199951615185
transition_first,0.75,16,0.25,8,0,31.31189994746819
transition_warm,0.75,16,0.25,8,0,30.117599992081523
transition_first,0.75,16,0.25,8,1,30.305199965368956
transition_warm,0.75,16,0.25,8,1,56.57329998211935
transition_first,0.75,16,0.25,8,2,33.243399986531585
transition_warm,0.75,16,0.25,8,2,29.415199998766184
transition_first,0.75,16,0.25,8,3,42.83059999579564
transition_warm,0.75,16,0.25,8,3,35.18159996019676
transition_first,0.75,16,0.25,8,4,29.95519997784868
transition_warm,0.75,16,0.25,8,4,34.1601999825798
transition_first,0.75,16,0.25,8,5,32.184200012125075
transition_warm,0.75,16,0.25,8,5,27.30600000359118
transition_first,0.75,16,0.25,8,6,40.64359999028966
transition_warm,0.75,16,0.25,8,6,30.71359999012202
transition_first,0.75,16,0.25,8,7,31.499799981247634
transition_warm,0.75,16,0.25,8,7,42.383700027130544
transition_first,0.75,16,0.25,8,8,43.09210000792518
transition_warm,0.75,16,0.25,8,8,34.17200001422316
transition_first,0.75,16,0.25,8,9,32.32419997220859
transition_warm,0.75,16,0.25,8,9,35.93000001274049
transition_first,0.75,32,0.75,4,0,31.55199997127056
transition_warm,0.75,32,0.75,4,0,40.47279997030273
transition_first,0.75,32,0.75,4,1,41.47900000680238
transition_warm,0.75,32,0.75,4,1,31.19650000007823
transition_first,0.75,32,0.75,4,2,31.107500020880252
transition_warm,0.75,32,0.75,4,2,27.269599959254265
transition_first,0.75,32,0.75,4,3,34.98830000171438
transition_warm,0.75,32,0.75,4,3,38.824599992949516
transition_first,0.75,32,0.75,4,4,37.24909998709336
transition_warm,0.75,32,0.75,4,4,34.873199998401105
transition_first,0.75,32,0.75,4,5,33.94299995852634
transition_warm,0.75,32,0.75,4,5,35.0847999798134
transition_first,0.75,32,0.75,4,6,41.37420002371073
transition_warm,0.75,32,0.75,4,6,36.55309998430312
transition_first,0.75,32,0.75,4,7,41.95059998892248
transition_warm,0.75,32,0.75,4,7,31.535399961285293
transition_first,0.75,32,0.75,4,8,30.619600031059235
transition_warm,0.75,32,0.75,4,8,30.44419997604564
transition_first,0.75,32,0.75,4,9,35.42060003383085
transition_warm,0.75,32,0.75,4,9,30.650699976831675
transition_first,1.0,4,0.5,16,0,28.459699999075383
transition_warm,1.0,4,0.5,16,0,30.943599995225668
transition_first,1.0,4,0.5,16,1,30.579900019802153
transition_warm,1.0,4,0.5,16,1,31.18499997071922
transition_first,1.0,4,0.5,16,2,29.005700023844838
transition_warm,1.0,4,0.5,16,2,29.129200032912195
transition_first,1.0,4,0.5,16,3,43.306500010658056
transition_warm,1.0,4,0.5,16,3,31.729600043036044
transition_first,1.0,4,0.5,16,4,38.368300010915846
transition_warm,1.0,4,0.5,16,4,37.77679998893291
transition_first,1.0,4,0.5,16,5,36.147399980109185
transition_warm,1.0,4,0.5,16,5,36.40590002760291
transition_first,1.0,4,0.5,16,6,37.947400007396936
transition_warm,1.0,4,0.5,16,6,33.62539998488501
transition_first,1.0,4,0.5,16,7,33.854000037536025
transition_warm,1.0,4,0.5,16,7,35.559299984015524
transition_first,1.0,4,0.5,16,8,29.898000007960945
transition_warm,1.0,4,0.5,16,8,26.822399988304824
transition_first,1.0,4,0.5,16,9,30.05439997650683
transition_warm,1.0,4,0.5,16,9,28.8171999854967
transition_first,0.5,16,0.25,16,0,28.56560004875064
transition_warm,0.5,16,0.25,16,0,32.82139997463673
transition_first,0.5,16,0.25,16,1,29.696899990085512
transition_warm,0.5,16,0.25,16,1,34.09000003011897
transition_first,0.5,16,0.25,16,2,29.845000011846423
transition_warm,0.5,16,0.25,16,2,36.58960002940148
transition_first,0.5,16,0.25,16,3,36.3449000287801
transition_warm,0.5,16,0.25,16,3,32.584200031124055
transition_first,0.5,16,0.25,16,4,37.19020000426099
transition_warm,0.5,16,0.25,16,4,28.55670003918931
transition_first,0.5,16,0.25,16,5,28.097999980673194
transition_warm,0.5,16,0.25,16,5,27.51330001046881
transition_first,0.5,16,0.25,16,6,35.624900017865
transition_warm,0.5,16,0.25,16,6,28.64850003970787
transition_first,0.5,16,0.25,16,7,27.290199999697506
transition_warm,0.5,16,0.25,16,7,29.298000037670135
transition_first,0.5,16,0.25,16,8,43.131700018420815
transition_warm,0.5,16,0.25,16,8,37.99829998752102
transition_first,0.5,16,0.25,16,9,33.92840002197772
transition_warm,0.5,16,0.25,16,9,28.925000049639493
transition_first,0.75,16,1.0,16,0,38.4611000190489
transition_warm,0.75,16,1.0,16,0,36.73310001613572
transition_first,0.75,16,1.0,16,1,33.187300025019795
transition_warm,0.75,16,1.0,16,1,35.543000034522265
transition_first,0.75,16,1.0,16,2,33.96710002562031
transition_warm,0.75,16,1.0,16,2,34.18020001845434
transition_first,0.75,16,1.0,16,3,31.644399976357818
transition_warm,0.75,16,1.0,16,3,33.791600028052926
transition_first,0.75,16,1.0,16,4,33.57650001998991
transition_warm,0.75,16,1.0,16,4,33.08590000960976
transition_first,0.75,16,1.0,16,5,35.563600016757846
transition_warm,0.75,16,1.0,16,5,33.395899983588606
transition_first,0.75,16,1.0,16,6,36.478000052738935
transition_warm,0.75,16,1.0,16,6,35.69200000492856
transition_first,0.75,16,1.0,16,7,41.86559998197481
transition_warm,0.75,16,1.0,16,7,33.630200021434575
transition_first,0.75,16,1.0,16,8,36.92300000693649
transition_warm,0.75,16,1.0,16,8,37.66219998942688
transition_first,0.75,16,1.0,16,9,34.83160003088415
transition_warm,0.75,16,1.0,16,9,33.20669999811798
transition_first,1.0,8,0.75,4,0,32.57879999000579
transition_warm,1.0,8,0.75,4,0,35.388899967074394
transition_first,1.0,8,0.75,4,1,40.18690000521019
transition_warm,1.0,8,0.75,4,1,33.31059997435659
transition_first,1.0,8,0.75,4,2,35.73649999452755
transition_warm,1.0,8,0.75,4,2,35.84989998489618
transition_first,1.0,8,0.75,4,3,34.90690002217889
transition_warm,1.0,8,0.75,4,3,34.181399969384074
transition_first,1.0,8,0.75,4,4,31.286399986129254
transition_warm,1.0,8,0.75,4,4,35.59300000779331
transition_first,1.0,8,0.75,4,5,31.74800000851974
transition_warm,1.0,8,0.75,4,5,28.220599982887506
transition_first,1.0,8,0.75,4,6,31.995800032746047
transition_warm,1.0,8,0.75,4,6,33.18319999380037
transition_first,1.0,8,0.75,4,7,30.51949996734038
transition_warm,1.0,8,0.75,4,7,29.309700010344386
transition_first,1.0,8,0.75,4,8,33.59839995391667
transition_warm,1.0,8,0.75,4,8,30.810300027951598
transition_first,1.0,8,0.75,4,9,40.7810999895446
transition_warm,1.0,8,0.75,4,9,41.30019998410717
transition_first,1.0,16,0.5,4,0,35.65009997691959
transition_warm,1.0,16,0.5,4,0,35.996299993712455
transition_first,1.0,16,0.5,4,1,30.05870000924915
transition_warm,1.0,16,0.5,4,1,30.68140003597364
transition_first,1.0,16,0.5,4,2,44.43129996070638
transition_warm,1.0,16,0.5,4,2,31.81770001538098
transition_first,1.0,16,0.5,4,3,33.56700000585988
transition_warm,1.0,16,0.5,4,3,26.456199993845075
transition_first,1.0,16,0.5,4,4,29.07230000710115
transition_warm,1.0,16,0.5,4,4,29.898200009483844
transition_first,1.0,16,0.5,4,5,47.118599992245436
transition_warm,1.0,16,0.5,4,5,29.61279998999089
transition_first,1.0,16,0.5,4,6,28.194300015456975
transition_warm,1.0,16,0.5,4,6,31.65740001713857
transition_first,1.0,16,0.5,4,7,28.02309999242425
transition_warm,1.0,16,0.5,4,7,36.458599963225424
transition_first,1.0,16,0.5,4,8,35.402299952693284
transition_warm,1.0,16,0.5,4,8,29.838600021321326
transition_first,1.0,16,0.5,4,9,30.50930000608787
transition_warm,1.0,16,0.5,4,9,31.395800004247576
transition_first,1.0,8,0.75,32,0,11.721500020939857
transition_warm,1.0,8,0.75,32,0,12.51659996341914
transition_first,1.0,8,0.75,32,1,12.736600008793175
transition_warm,1.0,8,0.75,32,1,12.336299987509847
transition_first,1.0,8,0.75,32,2,11.961299984250218
transition_warm,1.0,8,0.75,32,2,9.408399986568838
transition_first,1.0,8,0.75,32,3,10.641700006090105
transition_warm,1.0,8,0.75,32,3,13.343900034669787
transition_first,1.0,8,0.75,32,4,12.63230002950877
transition_warm,1.0,8,0.75,32,4,11.80400000885129
transition_first,1.0,8,0.75,32,5,10.150799993425608
transition_warm,1.0,8,0.75,32,5,10.057499981485307
transition_first,1.0,8,0.75,32,6,11.089100036770105
transition_warm,1.0,8,0.75,32,6,9.736799984239042
transition_first,1.0,8,0.75,32,7,12.648900039494038
transition_warm,1.0,8,0.75,32,7,12.380600033793598
transition_first,1.0,8,0.75,32,8,14.403600012883544
transition_warm,1.0,8,0.75,32,8,14.007800025865436
transition_first,1.0,8,0.75,32,9,10.505900019779801
transition_warm,1.0,8,0.75,32,9,12.695199984591454
transition_first,1.0,4,0.25,32,0,12.068699987139553
transition_warm,1.0,4,0.25,32,0,10.257499990984797
transition_first,1.0,4,0.25,32,1,12.17879995238036
transition_warm,1.0,4,0.25,32,1,9.459599968977273
transition_first,1.0,4,0.25,32,2,14.15659999474883
transition_warm,1.0,4,0.25,32,2,12.45579996611923
transition_first,1.0,4,0.25,32,3,13.703300035558641
transition_warm,1.0,4,0.25,32,3,11.500599968712777
transition_first,1.0,4,0.25,32,4,9.912699984852225
transition_warm,1.0,4,0.25,32,4,10.206300008576363
transition_first,1.0,4,0.25,32,5,10.203200043179095
transition_warm,1.0,4,0.25,32,5,10.839700000360608
transition_first,1.0,4,0.25,32,6,16.11659995978698
transition_warm,1.0,4,0.25,32,6,15.073399990797043
transition_first,1.0,4,0.25,32,7,12.756399984937161
transition_warm,1.0,4,0.25,32,7,14.031599974259734
transition_first,1.0,4,0.25,32,8,13.831100019160658
transition_warm,1.0,4,0.25,32,8,13.263800006825477
transition_first,1.0,4,0.25,32,9,10.241199983283877
transition_warm,1.0,4,0.25,32,9,10.875199979636818
transition_first,1.0,4,1.0,16,0,38.310999982059
transition_warm,1.0,4,1.0,16,0,40.30140000395477
transition_first,1.0,4,1.0,16,1,36.49540001060814
transition_warm,1.0,4,1.0,16,1,33.58190000290051
transition_first,1.0,4,1.0,16,2,38.8696999871172
transition_warm,1.0,4,1.0,16,2,34.536799998022616
transition_first,1.0,4,1.0,16,3,35.366499971132725
transition_warm,1.0,4,1.0,16,3,31.59080003388226
transition_first,1.0,4,1.0,16,4,31.917300017084926
transition_warm,1.0,4,1.0,16,4,34.25159998005256
transition_first,1.0,4,1.0,16,5,36.14380001090467
transition_warm,1.0,4,1.0,16,5,34.05419999035075
transition_first,1.0,4,1.0,16,6,34.89169996464625
transition_warm,1.0,4,1.0,16,6,31.94030001759529
transition_first,1.0,4,1.0,16,7,42.77890000957996
transition_warm,1.0,4,1.0,16,7,32.923499995376915
transition_first,1.0,4,1.0,16,8,35.39379994617775
transition_warm,1.0,4,1.0,16,8,32.46189997298643
transition_first,1.0,4,1.0,16,9,30.685800011269748
transition_warm,1.0,4,1.0,16,9,34.77520000888035
transition_first,0.5,8,0.75,32,0,12.488700042013079
transition_warm,0.5,8,0.75,32,0,10.686099994927645
transition_first,0.5,8,0.75,32,1,9.563400002662092
transition_warm,0.5,8,0.75,32,1,11.155099957250059
transition_first,0.5,8,0.75,32,2,10.967899987008423
transition_warm,0.5,8,0.75,32,2,12.707100016996264
transition_first,0.5,8,0.75,32,3,10.195199982263148
transition_warm,0.5,8,0.75,32,3,13.271500007249415
transition_first,0.5,8,0.75,32,4,9.826800029259175
transition_warm,0.5,8,0.75,32,4,12.350000033620745
transition_first,0.5,8,0.75,32,5,13.20119999581948
transition_warm,0.5,8,0.75,32,5,13.63959995796904
transition_first,0.5,8,0.75,32,6,10.452500020619482
transition_warm,0.5,8,0.75,32,6,10.682800028007478
transition_first,0.5,8,0.75,32,7,11.5046999999322
transition_warm,0.5,8,0.75,32,7,10.245899960864335
transition_first,0.5,8,0.75,32,8,10.462700040079653
transition_warm,0.5,8,0.75,32,8,13.344200036954135
transition_first,0.5,8,0.75,32,9,10.227699996903539
transition_warm,0.5,8,0.75,32,9,10.627100011333823
transition_first,0.25,32,0.5,16,0,29.5936000184156
transition_warm,0.25,32,0.5,16,0,28.49710005102679
transition_first,0.25,32,0.5,16,1,34.14380003232509
transition_warm,0.25,32,0.5,16,1,31.33580001303926
transition_first,0.25,32,0.5,16,2,29.616400017403066
transition_warm,0.25,32,0.5,16,2,29.24559998791665
transition_first,0.25,32,0.5,16,3,30.06620000815019
transition_warm,0.25,32,0.5,16,3,33.68990001035854
transition_first,0.25,32,0.5,16,4,33.83349999785423
transition_warm,0.25,32,0.5,16,4,30.044800019823015
transition_first,0.25,32,0.5,16,5,31.962400011252612
transition_warm,0.25,32,0.5,16,5,35.53170000668615
transition_first,0.25,32,0.5,16,6,35.3960000211373
transition_warm,0.25,32,0.5,16,6,30.839000013656914
transition_first,0.25,32,0.5,16,7,29.56530003575608
transition_warm,0.25,32,0.5,16,7,42.72369999671355
transition_first,0.25,32,0.5,16,8,32.010800030548126
transition_warm,0.25,32,0.5,16,8,29.87039997242391
transition_first,0.25,32,0.5,16,9,31.36110003106296
transition_warm,0.25,32,0.5,16,9,33.15189998829737
transition_first,0.25,8,0.75,4,0,36.258500011172146
transition_warm,0.25,8,0.75,4,0,28.156000014860183
transition_first,0.25,8,0.75,4,1,29.579300025943667
transition_warm,0.25,8,0.75,4,1,29.46759999031201
transition_first,0.25,8,0.75,4,2,27.51480002189055
transition_warm,0.25,8,0.75,4,2,37.36449999269098
transition_first,0.25,8,0.75,4,3,36.41180001432076
transition_warm,0.25,8,0.75,4,3,38.56279997853562
transition_first,0.25,8,0.75,4,4,31.619799963664263
transition_warm,0.25,8,0.75,4,4,32.32439997373149
transition_first,0.25,8,0.75,4,5,36.49359999690205
transition_warm,0.25,8,0.75,4,5,35.91859998414293
transition_first,0.25,8,0.75,4,6,36.968300002627075
transition_warm,0.25,8,0.75,4,6,34.40629999386147
transition_first,0.25,8,0.75,4,7,28.782300010789186
transition_warm,0.25,8,0.75,4,7,32.256900041829795
transition_first,0.25,8,0.75,4,8,38.255700026638806
transition_warm,0.25,8,0.75,4,8,27.610199991613626
transition_first,0.25,8,0.75,4,9,30.21150000859052
transition_warm,0.25,8,0.75,4,9,34.25670001888648
transition_first,0.5,32,1.0,4,0,35.68259999155998
transition_warm,0.5,32,1.0,4,0,38.569699972867966
transition_first,0.5,32,1.0,4,1,33.593300031498075
transition_warm,0.5,32,1.0,4,1,31.433199997991323
transition_first,0.5,32,1.0,4,2,39.66879996005446
transition_warm,0.5,32,1.0,4,2,40.98579997662455
transition_first,0.5,32,1.0,4,3,42.87429997930303
transition_warm,0.5,32,1.0,4,3,36.12260002410039
transition_first,0.5,32,1.0,4,4,40.3896999778226
transition_warm,0.5,32,1.0,4,4,41.485800000373274
transition_first,0.5,32,1.0,4,5,33.89590000733733
transition_warm,0.5,32,1.0,4,5,34.13949999958277
transition_first,0.5,32,1.0,4,6,31.798900046851486
transition_warm,0.5,32,1.0,4,6,34.83699995558709
transition_first,0.5,32,1.0,4,7,32.54819998983294
transition_warm,0.5,32,1.0,4,7,37.0717000332661
transition_first,0.5,32,1.0,4,8,41.291399975307286
transition_warm,0.5,32,1.0,4,8,34.21870002057403
transition_first,0.5,32,1.0,4,9,33.38649997022003
transition_warm,0.5,32,1.0,4,9,35.55080003570765
transition_first,0.75,16,1.0,32,0,10.80970000475645
transition_warm,0.75,16,1.0,32,0,11.182699992787093
transition_first,0.75,16,1.0,32,1,10.388800001237541
transition_warm,0.75,16,1.0,32,1,11.375100002624094
transition_first,0.75,16,1.0,32,2,12.711899995338172
transition_warm,0.75,16,1.0,32,2,9.847799956332892
transition_first,0.75,16,1.0,32,3,10.2259999839589
transition_warm,0.75,16,1.0,32,3,10.08809998165816
transition_first,0.75,16,1.0,32,4,10.570100042968988
transition_warm,0.75,16,1.0,32,4,10.313200007658452
transition_first,0.75,16,1.0,32,5,11.151199985761195
transition_warm,0.75,16,1.0,32,5,11.164999974425882
transition_first,0.75,16,1.0,32,6,11.950300016906112
transition_warm,0.75,16,1.0,32,6,13.498399988748133
transition_first,0.75,16,1.0,32,7,11.232499964535236
transition_warm,0.75,16,1.0,32,7,11.559900012798607
transition_first,0.75,16,1.0,32,8,12.126400019042194
transition_warm,0.75,16,1.0,32,8,15.693900000769645
transition_first,0.75,16,1.0,32,9,11.113899992778897
transition_warm,0.75,16,1.0,32,9,9.531299991067499
transition_first,1.0,16,0.75,8,0,36.18329996243119
transition_warm,1.0,16,0.75,8,0,27.66620001057163
transition_first,1.0,16,0.75,8,1,30.579199956264347
transition_warm,1.0,16,0.75,8,1,44.49120000936091
transition_first,1.0,16,0.75,8,2,51.39830004191026
transition_warm,1.0,16,0.75,8,2,34.53190001891926
transition_first,1.0,16,0.75,8,3,36.80719999829307
transition_warm,1.0,16,0.75,8,3,31.698599981609732
transition_first,1.0,16,0.75,8,4,30.281499959528446
transition_warm,1.0,16,0.75,8,4,30.223800044041127
transition_first,1.0,16,0.75,8,5,29.13570002419874
transition_warm,1.0,16,0.75,8,5,30.074599955696613
transition_first,1.0,16,0.75,8,6,31.58609999809414
transition_warm,1.0,16,0.75,8,6,32.77910000178963
transition_first,1.0,16,0.75,8,7,28.86469999793917
transition_warm,1.0,16,0.75,8,7,30.39349999744445
transition_first,1.0,16,0.75,8,8,34.57199997501448
transition_warm,1.0,16,0.75,8,8,28.88220001477748
transition_first,1.0,16,0.75,8,9,29.953300021588802
transition_warm,1.0,16,0.75,8,9,31.20869997655973
transition_first,0.5,16,0.25,8,0,29.18170002521947
transition_warm,0.5,16,0.25,8,0,29.816899972502142
transition_first,0.5,16,0.25,8,1,29.277399997226894
transition_warm,0.5,16,0.25,8,1,37.51749999355525
transition_first,0.5,16,0.25,8,2,28.340999968349934
transition_warm,0.5,16,0.25,8,2,37.63569996226579
transition_first,0.5,16,0.25,8,3,31.819899973925203
transition_warm,0.5,16,0.25,8,3,30.42630001436919
transition_first,0.5,16,0.25,8,4,36.08310001436621
transition_warm,0.5,16,0.25,8,4,28.937700029928237
transition_first,0.5,16,0.25,8,5,49.170800019055605
transition_warm,0.5,16,0.25,8,5,44.90000003715977
transition_first,0.5,16,0.25,8,6,30.156199994962662
transition_warm,0.5,16,0.25,8,6,29.85589997842908
transition_first,0.5,16,0.25,8,7,32.08460001042113
transition_warm,0.5,16,0.25,8,7,31.71389998169616
transition_first,0.5,16,0.25,8,8,25.824999960605055
transition_warm,0.5,16,0.25,8,8,28.76069996273145
transition_first,0.5,16,0.25,8,9,39.75039999932051
transition_warm,0.5,16,0.25,8,9,35.27990001020953
transition_first,1.0,16,0.25,4,0,39.387499971780926
transition_warm,1.0,16,0.25,4,0,32.08420000737533
transition_first,1.0,16,0.25,4,1,26.580700010526925
transition_warm,1.0,16,0.25,4,1,29.36700003920123
transition_first,1.0,16,0.25,4,2,38.59679994639009
transition_warm,1.0,16,0.25,4,2,28.376300004310906
transition_first,1.0,16,0.25,4,3,32.60030003730208
transition_warm,1.0,16,0.25,4,3,40.48139997757971
transition_first,1.0,16,0.25,4,4,34.637399949133396
transition_warm,1.0,16,0.25,4,4,32.95520000392571
transition_first,1.0,16,0.25,4,5,41.556599957402796
transition_warm,1.0,16,0.25,4,5,30.75209999224171
transition_first,1.0,16,0.25,4,6,34.23140000086278
transition_warm,1.0,16,0.25,4,6,32.43640001164749
transition_first,1.0,16,0.25,4,7,35.86860001087189
transition_warm,1.0,16,0.25,4,7,29.509899963159114
transition_first,1.0,16,0.25,4,8,31.396000005770475
transition_warm,1.0,16,0.25,4,8,29.520199983380735
transition_first,1.0,16,0.25,4,9,31.192900030873716
transition_warm,1.0,16,0.25,4,9,32.19820000231266
transition_first,0.5,16,0.75,32,0,10.193300026003271
transition_warm,0.5,16,0.75,32,0,12.28120003361255
transition_first,0.5,16,0.75,32,1,12.878199981059879
transition_warm,0.5,16,0.75,32,1,12.16560002649203
transition_first,0.5,16,0.75,32,2,12.506900005973876
transition_warm,0.5,16,0.75,32,2,12.212800036650151
transition_first,0.5,16,0.75,32,3,12.158899975474924
transition_warm,0.5,16,0.75,32,3,13.23079998837784
transition_first,0.5,16,0.75,32,4,12.709399976301938
transition_warm,0.5,16,0.75,32,4,11.219899985007942
transition_first,0.5,16,0.75,32,5,11.666000005789101
transition_warm,0.5,16,0.75,32,5,10.844100033864379
transition_first,0.5,16,0.75,32,6,13.735100044868886
transition_warm,0.5,16,0.75,32,6,9.581199963577092
transition_first,0.5,16,0.75,32,7,10.127299989107996
transition_warm,0.5,16,0.75,32,7,13.066900020930916
transition_first,0.5,16,0.75,32,8,10.18149999435991
transition_warm,0.5,16,0.75,32,8,9.413499967195094
transition_first,0.5,16,0.75,32,9,10.371999989729375
transition_warm,0.5,16,0.75,32,9,12.76250003138557
transition_first,0.25,32,0.75,8,0,40.55789997801185
transition_warm,0.25,32,0.75,8,0,51.09730002004653
transition_first,0.25,32,0.75,8,1,39.52940000453964
transition_warm,0.25,32,0.75,8,1,58.843899983912706
transition_first,0.25,32,0.75,8,2,30.59659997234121
transition_warm,0.25,32,0.75,8,2,27.942500018980354
transition_first,0.25,32,0.75,8,3,30.25889996206388
transition_warm,0.25,32,0.75,8,3,30.31690005445853
transition_first,0.25,32,0.75,8,4,31.50189999723807
transition_warm,0.25,32,0.75,8,4,42.226299992762506
transition_first,0.25,32,0.75,8,5,33.84829999413341
transition_warm,0.25,32,0.75,8,5,46.874199993908405
transition_first,0.25,32,0.75,8,6,30.377699993550777
transition_warm,0.25,32,0.75,8,6,30.375000031199306
transition_first,0.25,32,0.75,8,7,29.656299971975386
transition_warm,0.25,32,0.75,8,7,32.141199975740165
transition_first,0.25,32,0.75,8,8,28.99350004736334
transition_warm,0.25,32,0.75,8,8,34.57919997163117
transition_first,0.25,32,0.75,8,9,27.881199959665537
transition_warm,0.25,32,0.75,8,9,29.501300014089793
transition_first,0.75,16,0.25,32,0,12.948299990966916
transition_warm,0.75,16,0.25,32,0,12.752900016494095
transition_first,0.75,16,0.25,32,1,12.61889998568222
transition_warm,0.75,16,0.25,32,1,12.487699976190925
transition_first,0.75,16,0.25,32,2,10.824800003319979
transition_warm,0.75,16,0.25,32,2,10.214600013568997
transition_first,0.75,16,0.25,32,3,9.453099977690727
transition_warm,0.75,16,0.25,32,3,11.886200052686036
transition_first,0.75,16,0.25,32,4,9.443000017199665
transition_warm,0.75,16,0.25,32,4,11.94469997426495
transition_first,0.75,16,0.25,32,5,13.342100020963699
transition_warm,0.75,16,0.25,32,5,9.163299982901663
transition_first,0.75,16,0.25,32,6,12.586899974849075
transition_warm,0.75,16,0.25,32,6,14.883199997711927
transition_first,0.75,16,0.25,32,7,11.48240000475198
transition_warm,0.75,16,0.25,32,7,12.715999968349934
transition_first,0.75,16,0.25,32,8,15.384100028313696
transition_warm,0.75,16,0.25,32,8,14.564599958248436
transition_first,0.75,16,0.25,32,9,12.433799973223358
transition_warm,0.75,16,0.25,32,9,11.099800001829863
transition_first,0.25,4,0.75,8,0,35.22379999049008
transition_warm,0.25,4,0.75,8,0,34.06469995388761
transition_first,0.25,4,0.75,8,1,39.5526000065729
transition_warm,0.25,4,0.75,8,1,30.28379997704178
transition_first,0.25,4,0.75,8,2,35.0355000118725
transition_warm,0.25,4,0.75,8,2,27.56960003171116
transition_first,0.25,4,0.75,8,3,47.057999996468425
transition_warm,0.25,4,0.75,8,3,27.69100002478808
transition_first,0.25,4,0.75,8,4,36.04019997874275
transition_warm,0.25,4,0.75,8,4,29.320599976927042
transition_first,0.25,4,0.75,8,5,31.139399972744286
transition_warm,0.25,4,0.75,8,5,28.825299988966435
transition_first,0.25,4,0.75,8,6,32.75979997124523
transition_warm,0.25,4,0.75,8,6,35.99429997848347
transition_first,0.25,4,0.75,8,7,34.917599987238646
transition_warm,0.25,4,0.75,8,7,33.8871999992989
transition_first,0.25,4,0.75,8,8,32.884999993257225
transition_warm,0.25,4,0.75,8,8,35.34810000564903
transition_first,0.25,4,0.75,8,9,32.17740001855418
transition_warm,0.25,4,0.75,8,9,32.13760000653565
transition_first,0.75,4,0.75,8,0,30.679700023029
transition_warm,0.75,4,0.75,8,0,54.74210000829771
transition_first,0.75,4,0.75,8,1,33.87359995394945
transition_warm,0.75,4,0.75,8,1,27.67799998400733
transition_first,0.75,4,0.75,8,2,42.34280000673607
transition_warm,0.75,4,0.75,8,2,33.68849999969825
transition_first,0.75,4,0.75,8,3,29.449199966620654
transition_warm,0.75,4,0.75,8,3,31.972100026905537
transition_first,0.75,4,0.75,8,4,29.318500019144267
transition_warm,0.75,4,0.75,8,4,30.052500020246953
transition_first,0.75,4,0.75,8,5,28.965700010303408
transition_warm,0.75,4,0.75,8,5,30.386799946427345
transition_first,0.75,4,0.75,8,6,32.60839998256415
transition_warm,0.75,4,0.75,8,6,29.380499967373908
transition_first,0.75,4,0.75,8,7,34.52300000935793
transition_warm,0.75,4,0.75,8,7,36.35700000450015
transition_first,0.75,4,0.75,8,8,32.28089999174699
transition_warm,0.75,4,0.75,8,8,36.4368999726139
transition_first,0.75,4,0.75,8,9,29.343599977437407
transition_warm,0.75,4,0.75,8,9,98.44060003524646
transition_first,0.5,4,0.5,8,0,29.142699961084872
transition_warm,0.5,4,0.5,8,0,30.028800014406443
transition_first,0.5,4,0.5,8,1,31.125799985602498
transition_warm,0.5,4,0.5,8,1,28.61719997599721
transition_first,0.5,4,0.5,8,2,28.741299989633262
transition_warm,0.5,4,0.5,8,2,29.209500004071742
transition_first,0.5,4,0.5,8,3,32.455099979415536
transition_warm,0.5,4,0.5,8,3,28.303999977651983
transition_first,0.5,4,0.5,8,4,30.335299961734563
transition_warm,0.5,4,0.5,8,4,40.48220004187897
transition_first,0.5,4,0.5,8,5,28.516899968963116
transition_warm,0.5,4,0.5,8,5,29.964299988932908
transition_first,0.5,4,0.5,8,6,41.2662000162527
transition_warm,0.5,4,0.5,8,6,34.54830002738163
transition_first,0.5,4,0.5,8,7,33.28270005295053
transition_warm,0.5,4,0.5,8,7,27.897800027858466
transition_first,0.5,4,0.5,8,8,30.55199998198077
transition_warm,0.5,4,0.5,8,8,31.508200045209378
transition_first,0.5,4,0.5,8,9,41.39329999452457
transition_warm,0.5,4,0.5,8,9,37.19150001415983
transition_first,0.75,16,0.75,8,0,35.77299998141825
transition_warm,0.75,16,0.75,8,0,32.802000001538545
transition_first,0.75,16,0.75,8,1,38.23389997705817
transition_warm,0.75,16,0.75,8,1,38.712199951987714
transition_first,0.75,16,0.75,8,2,35.66809999756515
transition_warm,0.75,16,0.75,8,2,36.71519999625161
transition_first,0.75,16,0.75,8,3,37.37600002204999
transition_warm,0.75,16,0.75,8,3,32.26900001754984
transition_first,0.75,16,0.75,8,4,38.470599974971265
transition_warm,0.75,16,0.75,8,4,33.04519999073818
transition_first,0.75,16,0.75,8,5,34.28530000383034
transition_warm,0.75,16,0.75,8,5,33.23080000700429
transition_first,0.75,16,0.75,8,6,30.453699990175664
transition_warm,0.75,16,0.75,8,6,32.28410001611337
transition_first,0.75,16,0.75,8,7,36.64060001028702
transition_warm,0.75,16,0.75,8,7,30.726800032425672
transition_first,0.75,16,0.75,8,8,30.44270002283156
transition_warm,0.75,16,0.75,8,8,29.739300021901727
transition_first,0.75,16,0.75,8,9,33.556199981831014
transition_warm,0.75,16,0.75,8,9,53.8739999756217
transition_first,0.75,8,0.75,32,0,10.112599993590266
transition_warm,0.75,8,0.75,32,0,9.756999963428825
transition_first,0.75,8,0.75,32,1,10.625599999912083
transition_warm,0.75,8,0.75,32,1,10.529500024858862
transition_first,0.75,8,0.75,32,2,10.870800004340708
transition_warm,0.75,8,0.75,32,2,11.921099969185889
transition_first,0.75,8,0.75,32,3,13.109599996823817
transition_warm,0.75,8,0.75,32,3,12.203000020235777
transition_first,0.75,8,0.75,32,4,10.401900042779744
transition_warm,0.75,8,0.75,32,4,11.231800017412752
transition_first,0.75,8,0.75,32,5,16.596400004345924
transition_warm,0.75,8,0.75,32,5,15.76879998901859
transition_first,0.75,8,0.75,32,6,11.227099981624633
transition_warm,0.75,8,0.75,32,6,10.251599946059287
transition_first,0.75,8,0.75,32,7,11.69419998768717
transition_warm,0.75,8,0.75,32,7,12.1196000254713
transition_first,0.75,8,0.75,32,8,9.970099956262857
transition_warm,0.75,8,0.75,32,8,9.679100010544062
transition_first,0.75,8,0.75,32,9,10.74009999865666
transition_warm,0.75,8,0.75,32,9,13.368699990678579
transition_first,1.0,16,0.5,32,0,12.834099994506687
transition_warm,1.0,16,0.5,32,0,10.999699996318668
transition_first,1.0,16,0.5,32,1,11.481699999421835
transition_warm,1.0,16,0.5,32,1,9.96230001328513
transition_first,1.0,16,0.5,32,2,11.38899999205023
transition_warm,1.0,16,0.5,32,2,12.569700018502772
transition_first,1.0,16,0.5,32,3,9.702900017146021
transition_warm,1.0,16,0.5,32,3,9.9280999857001
transition_first,1.0,16,0.5,32,4,13.20270000724122
transition_warm,1.0,16,0.5,32,4,12.823500030208379
transition_first,1.0,16,0.5,32,5,12.84689997555688
transition_warm,1.0,16,0.5,32,5,10.593200044240803
transition_first,1.0,16,0.5,32,6,11.406700010411441
transition_warm,1.0,16,0.5,32,6,10.944099980406463
transition_first,1.0,16,0.5,32,7,11.433799983933568
transition_warm,1.0,16,0.5,32,7,17.228799988515675
transition_first,1.0,16,0.5,32,8,14.868800004478544
transition_warm,1.0,16,0.5,32,8,20.525300002191216
transition_first,1.0,16,0.5,32,9,10.233700042590499
transition_warm,1.0,16,0.5,32,9,9.918800031300634
transition_first,1.0,32,0.75,16,0,33.98459998425096
transition_warm,1.0,32,0.75,16,0,42.717000003904104
transition_first,1.0,32,0.75,16,1,32.50450000632554
transition_warm,1.0,32,0.75,16,1,32.08380000432953
transition_first,1.0,32,0.75,16,2,30.176400032360107
transition_warm,1.0,32,0.75,16,2,32.55919995717704
transition_first,1.0,32,0.75,16,3,31.677299994044006
transition_warm,1.0,32,0.75,16,3,29.987100046128035
transition_first,1.0,32,0.75,16,4,35.49350000685081
transition_warm,1.0,32,0.75,16,4,27.808699989691377
transition_first,1.0,32,0.75,16,5,29.05429998645559
transition_warm,1.0,32,0.75,16,5,34.806800016667694
transition_first,1.0,32,0.75,16,6,34.85659998841584
transition_warm,1.0,32,0.75,16,6,51.298500038683414
transition_first,1.0,32,0.75,16,7,32.18340000603348
transition_warm,1.0,32,0.75,16,7,39.25040003377944
transition_first,1.0,32,0.75,16,8,37.87419997388497
transition_warm,1.0,32,0.75,16,8,30.286299996078014
transition_first,1.0,32,0.75,16,9,38.49030000856146
transition_warm,1.0,32,0.75,16,9,40.96449998905882
transition_first,0.5,32,1.0,32,0,12.281699979212135
transition_warm,0.5,32,1.0,32,0,11.915799987036735
transition_first,0.5,32,1.0,32,1,10.872999962884933
transition_warm,0.5,32,1.0,32,1,11.020100035239011
transition_first,0.5,32,1.0,32,2,12.575200002174824
transition_warm,0.5,32,1.0,32,2,11.928800027817488
transition_first,0.5,32,1.0,32,3,11.925099999643862
transition_warm,0.5,32,1.0,32,3,9.112100000493228
transition_first,0.5,32,1.0,32,4,10.767300031147897
transition_warm,0.5,32,1.0,32,4,11.434799991548061
transition_first,0.5,32,1.0,32,5,11.930999986361712
transition_warm,0.5,32,1.0,32,5,10.118599981069565
transition_first,0.5,32,1.0,32,6,10.557400004472584
transition_warm,0.5,32,1.0,32,6,10.221200005616993
transition_first,0.5,32,1.0,32,7,11.414800013881177
transition_warm,0.5,32,1.0,32,7,11.501500033773482
transition_first,0.5,32,1.0,32,8,11.971200001426041
transition_warm,0.5,32,1.0,32,8,9.459800028707832
transition_first,0.5,32,1.0,32,9,10.681499959900975
transition_warm,0.5,32,1.0,32,9,10.45999996131286
transition_first,0.75,8,0.25,8,0,31.434200005605817
transition_warm,0.75,8,0.25,8,0,30.497900035697967
transition_first,0.75,8,0.25,8,1,28.033900016453117
transition_warm,0.75,8,0.25,8,1,29.50310002779588
transition_first,0.75,8,0.25,8,2,31.004699994809926
transition_warm,0.75,8,0.25,8,2,37.41519997129217
transition_first,0.75,8,0.25,8,3,61.6751000052318
transition_warm,0.75,8,0.25,8,3,31.29470004932955
transition_first,0.75,8,0.25,8,4,33.49050000542775
transition_warm,0.75,8,0.25,8,4,37.5056000193581
transition_first,0.75,8,0.25,8,5,35.744499997235835
transition_warm,0.75,8,0.25,8,5,37.7277999650687
transition_first,0.75,8,0.25,8,6,28.68359995773062
transition_warm,0.75,8,0.25,8,6,29.98890000162646
transition_first,0.75,8,0.25,8,7,30.31659999396652
transition_warm,0.75,8,0.25,8,7,29.957500053569674
transition_first,0.75,8,0.25,8,8,41.83999996166676
transition_warm,0.75,8,0.25,8,8,40.60319997370243
transition_first,0.75,8,0.25,8,9,29.295500018633902
transition_warm,0.75,8,0.25,8,9,29.709800030104816
transition_first,1.0,8,1.0,16,0,40.42120004305616
transition_warm,1.0,8,1.0,16,0,37.98699995968491
transition_first,1.0,8,1.0,16,1,34.85590004129335
transition_warm,1.0,8,1.0,16,1,32.249500043690205
transition_first,1.0,8,1.0,16,2,33.337000000756234
transition_warm,1.0,8,1.0,16,2,41.75510001368821
transition_first,1.0,8,1.0,16,3,33.44760002801195
transition_warm,1.0,8,1.0,16,3,31.972600030712783
transition_first,1.0,8,1.0,16,4,37.0633999700658
transition_warm,1.0,8,1.0,16,4,51.09580000862479
transition_first,1.0,8,1.0,16,5,39.95119995670393
transition_warm,1.0,8,1.0,16,5,33.90979999676347
transition_first,1.0,8,1.0,16,6,32.3612000211142
transition_warm,1.0,8,1.0,16,6,37.49479999532923
transition_first,1.0,8,1.0,16,7,34.542799985501915
transition_warm,1.0,8,1.0,16,7,38.9378999825567
transition_first,1.0,8,1.0,16,8,38.89909997815266
transition_warm,1.0,8,1.0,16,8,37.95460000401363
transition_first,1.0,8,1.0,16,9,38.06540003279224
transition_warm,1.0,8,1.0,16,9,39.61089998483658
transition_first,0.25,8,0.5,4,0,33.78650004742667
transition_warm,0.25,8,0.5,4,0,31.021200004033744
transition_first,0.25,8,0.5,4,1,31.211800000164658
transition_warm,0.25,8,0.5,4,1,38.620400009676814
transition_first,0.25,8,0.5,4,2,37.87870000815019
transition_warm,0.25,8,0.5,4,2,46.91899998579174
transition_first,0.25,8,0.5,4,3,30.90790001442656
transition_warm,0.25,8,0.5,4,3,31.200100027490407
transition_first,0.25,8,0.5,4,4,33.332099963445216
transition_warm,0.25,8,0.5,4,4,40.620299987494946
transition_first,0.25,8,0.5,4,5,30.3256000042893
transition_warm,0.25,8,0.5,4,5,31.99210000457242
transition_first,0.25,8,0.5,4,6,27.484400023240596
transition_warm,0.25,8,0.5,4,6,31.261499971151352
transition_first,0.25,8,0.5,4,7,27.569300029426813
transition_warm,0.25,8,0.5,4,7,32.587099994998425
transition_first,0.25,8,0.5,4,8,46.619499975349754
transition_warm,0.25,8,0.5,4,8,38.29200001200661
transition_first,0.25,8,0.5,4,9,39.023199991788715
transition_warm,0.25,8,0.5,4,9,29.736600001342595
transition_first,1.0,4,0.75,8,0,31.401499989442527
transition_warm,1.0,4,0.75,8,0,30.734899977687746
transition_first,1.0,4,0.75,8,1,31.022699957247823
transition_warm,1.0,4,0.75,8,1,28.67179998429492
transition_first,1.0,4,0.75,8,2,33.82690000580624
transition_warm,1.0,4,0.75,8,2,31.37610002886504
transition_first,1.0,4,0.75,8,3,32.88690000772476
transition_warm,1.0,4,0.75,8,3,29.949700052384287
transition_first,1.0,4,0.75,8,4,47.27229999843985
transition_warm,1.0,4,0.75,8,4,30.334000010043383
transition_first,1.0,4,0.75,8,5,32.74520003469661
transition_warm,1.0,4,0.75,8,5,32.57039998425171
transition_first,1.0,4,0.75,8,6,29.630700009875
transition_warm,1.0,4,0.75,8,6,28.55640003690496
transition_first,1.0,4,0.75,8,7,37.50099998433143
transition_warm,1.0,4,0.75,8,7,32.23230002913624
transition_first,1.0,4,0.75,8,8,31.706699985079467
transition_warm,1.0,4,0.75,8,8,36.92749998299405
transition_first,1.0,4,0.75,8,9,32.57180005311966
transition_warm,1.0,4,0.75,8,9,28.26599997933954
transition_first,0.75,4,0.5,4,0,29.631800018250942
transition_warm,0.75,4,0.5,4,0,29.201600002124906
transition_first,0.75,4,0.5,4,1,29.482799989636987
transition_warm,0.75,4,0.5,4,1,28.424100019037724
transition_first,0.75,4,0.5,4,2,26.370300038252026
transition_warm,0.75,4,0.5,4,2,31.832600012421608
transition_first,0.75,4,0.5,4,3,29.87949998350814
transition_warm,0.75,4,0.5,4,3,28.08829996502027
transition_first,0.75,4,0.5,4,4,33.25719997519627
transition_warm,0.75,4,0.5,4,4,35.162199987098575
transition_first,0.75,4,0.5,4,5,35.93489999184385
transition_warm,0.75,4,0.5,4,5,27.306999952998012
transition_first,0.75,4,0.5,4,6,30.265300010796636
transition_warm,0.75,4,0.5,4,6,28.154300001915544
transition_first,0.75,4,0.5,4,7,33.33000000566244
transition_warm,0.75,4,0.5,4,7,33.90350000699982
transition_first,0.75,4,0.5,4,8,35.16430000308901
transition_warm,0.75,4,0.5,4,8,26.96079999441281
transition_first,0.75,4,0.5,4,9,31.658500025514513
transition_warm,0.75,4,0.5,4,9,27.088999981060624
transition_first,1.0,16,0.75,32,0,10.803200013469905
transition_warm,1.0,16,0.75,32,0,10.418999998364598
transition_first,1.0,16,0.75,32,1,15.71379997767508
transition_warm,1.0,16,0.75,32,1,12.113999982830137
transition_first,1.0,16,0.75,32,2,12.641000037547201
transition_warm,1.0,16,0.75,32,2,11.002699960954487
transition_first,1.0,16,0.75,32,3,12.357299972791225
transition_warm,1.0,16,0.75,32,3,10.470199980773032
transition_first,1.0,16,0.75,32,4,10.271099978126585
transition_warm,1.0,16,0.75,32,4,12.225400016177446
transition_first,1.0,16,0.75,32,5,10.147300024982542
transition_warm,1.0,16,0.75,32,5,11.05730002745986
transition_first,1.0,16,0.75,32,6,11.727599950972944
transition_warm,1.0,16,0.75,32,6,11.598099954426289
transition_first,1.0,16,0.75,32,7,13.462000002618879
transition_warm,1.0,16,0.75,32,7,12.458099983632565
transition_first,1.0,16,0.75,32,8,9.867999993730336
transition_warm,1.0,16,0.75,32,8,10.298100009094924
transition_first,1.0,16,0.75,32,9,13.036300020758063
transition_warm,1.0,16,0.75,32,9,10.25259995367378
transition_first,0.25,4,1.0,4,0,49.289399990811944
transition_warm,0.25,4,1.0,4,0,60.654799977783114
transition_first,0.25,4,1.0,4,1,37.45489998254925
transition_warm,0.25,4,1.0,4,1,38.6228000279516
transition_first,0.25,4,1.0,4,2,35.4440999799408
transition_warm,0.25,4,1.0,4,2,31.725100008770823
transition_first,0.25,4,1.0,4,3,31.891799997538328
transition_warm,0.25,4,1.0,4,3,34.80720001971349
transition_first,0.25,4,1.0,4,4,36.8224999983795
transition_warm,0.25,4,1.0,4,4,33.05029997136444
transition_first,0.25,4,1.0,4,5,35.74469999875873
transition_warm,0.25,4,1.0,4,5,34.520600049290806
transition_first,0.25,4,1.0,4,6,34.841999993659556
transition_warm,0.25,4,1.0,4,6,32.94390003429726
transition_first,0.25,4,1.0,4,7,34.2841999954544
transition_warm,0.25,4,1.0,4,7,33.64989999681711
transition_first,0.25,4,1.0,4,8,32.93450002092868
transition_warm,0.25,4,1.0,4,8,38.86530001182109
transition_first,0.25,4,1.0,4,9,34.24309997353703
transition_warm,0.25,4,1.0,4,9,35.13230005046353
transition_first,0.5,4,0.75,8,0,33.89419999439269
transition_warm,0.5,4,0.75,8,0,28.389899991452694
transition_first,0.5,4,0.75,8,1,28.976799978408962
transition_warm,0.5,4,0.75,8,1,42.37870004726574
transition_first,0.5,4,0.75,8,2,29.268199985381216
transition_warm,0.5,4,0.75,8,2,33.36429997580126
transition_first,0.5,4,0.75,8,3,40.30860000057146
transition_warm,0.5,4,0.75,8,3,33.60019996762276
transition_first,0.5,4,0.75,8,4,31.760199985001236
transition_warm,0.5,4,0.75,8,4,35.57879995787516
transition_first,0.5,4,0.75,8,5,35.172400006558746
transition_warm,0.5,4,0.75,8,5,35.60439997818321
transition_first,0.5,4,0.75,8,6,42.907999944873154
transition_warm,0.5,4,0.75,8,6,35.359199973754585
transition_first,0.5,4,0.75,8,7,29.700700019020587
transition_warm,0.5,4,0.75,8,7,31.632600002922118
transition_first,0.5,4,0.75,8,8,31.38760000001639
transition_warm,0.5,4,0.75,8,8,37.959399982355535
transition_first,0.5,4,0.75,8,9,29.968899965751916
transition_warm,0.5,4,0.75,8,9,29.178199998568743
transition_first,0.75,4,0.25,8,0,27.042699977755547
transition_warm,0.75,4,0.25,8,0,29.586800024844706
transition_first,0.75,4,0.25,8,1,26.95339999627322
transition_warm,0.75,4,0.25,8,1,32.62479999102652
transition_first,0.75,4,0.25,8,2,43.391100014559925
transition_warm,0.75,4,0.25,8,2,42.334600002504885
transition_first,0.75,4,0.25,8,3,37.24049997981638
transition_warm,0.75,4,0.25,8,3,49.26020000129938
transition_first,0.75,4,0.25,8,4,36.31579998182133
transition_warm,0.75,4,0.25,8,4,32.004799984861165
transition_first,0.75,4,0.25,8,5,30.45880002900958
transition_warm,0.75,4,0.25,8,5,31.82620002189651
transition_first,0.75,4,0.25,8,6,35.77749995747581
transition_warm,0.75,4,0.25,8,6,36.37049999088049
transition_first,0.75,4,0.25,8,7,29.853199957869947
transition_warm,0.75,4,0.25,8,7,32.14470000239089
transition_first,0.75,4,0.25,8,8,32.193100021686405
transition_warm,0.75,4,0.25,8,8,32.21879998454824
transition_first,0.75,4,0.25,8,9,36.843699985183775
transition_warm,0.75,4,0.25,8,9,42.3690999741666
transition_first,0.25,16,0.5,32,0,16.452800016850233
transition_warm,0.25,16,0.5,32,0,12.234499969054013
transition_first,0.25,16,0.5,32,1,11.123600008431822
transition_warm,0.25,16,0.5,32,1,9.544799977447838
transition_first,0.25,16,0.5,32,2,10.22890000604093
transition_warm,0.25,16,0.5,32,2,10.710300004575402
transition_first,0.25,16,0.5,32,3,11.004999978467822
transition_warm,0.25,16,0.5,32,3,10.007900011260062
transition_first,0.25,16,0.5,32,4,12.081799970474094
transition_warm,0.25,16,0.5,32,4,12.618599983397871
transition_first,0.25,16,0.5,32,5,15.147199970670044
transition_warm,0.25,16,0.5,32,5,10.58439997723326
transition_first,0.25,16,0.5,32,6,13.04990000789985
transition_warm,0.25,16,0.5,32,6,12.82619999255985
transition_first,0.25,16,0.5,32,7,11.396699992474169
transition_warm,0.25,16,0.5,32,7,12.610199977643788
transition_first,0.25,16,0.5,32,8,12.746500025968999
transition_warm,0.25,16,0.5,32,8,12.428899994120002
transition_first,0.25,16,0.5,32,9,12.959800020325929
transition_warm,0.25,16,0.5,32,9,13.722500007133931
transition_first,1.0,16,0.75,16,0,34.37509998911992
transition_warm,1.0,16,0.75,16,0,34.23370001837611
transition_first,1.0,16,0.75,16,1,32.8377999830991
transition_warm,1.0,16,0.75,16,1,34.35520001221448
transition_first,1.0,16,0.75,16,2,32.722099975217134
transition_warm,1.0,16,0.75,16,2,33.84270000969991
transition_first,1.0,16,0.75,16,3,37.15859999647364
transition_warm,1.0,16,0.75,16,3,41.68500000378117
transition_first,1.0,16,0.75,16,4,34.52540002763271
transition_warm,1.0,16,0.75,16,4,41.781899984925985
transition_first,1.0,16,0.75,16,5,32.0435999892652
transition_warm,1.0,16,0.75,16,5,37.226099986582994
transition_first,1.0,16,0.75,16,6,33.83550001308322
transition_warm,1.0,16,0.75,16,6,34.92109995568171
transition_first,1.0,16,0.75,16,7,31.2502000015229
transition_warm,1.0,16,0.75,16,7,32.14080003090203
transition_first,1.0,16,0.75,16,8,36.19760001311079
transition_warm,1.0,16,0.75,16,8,29.773599992040545
transition_first,1.0,16,0.75,16,9,31.13320004194975
transition_warm,1.0,16,0.75,16,9,28.530600015074015
transition_first,0.75,32,0.25,4,0,29.985699977260083
transition_warm,0.75,32,0.25,4,0,30.584299995098263
transition_first,0.75,32,0.25,4,1,30.13869997812435
transition_warm,0.75,32,0.25,4,1,29.410199960693717
transition_first,0.75,32,0.25,4,2,32.95329998945817
transition_warm,0.75,32,0.25,4,2,28.86309998575598
transition_first,0.75,32,0.25,4,3,36.01009998237714
transition_warm,0.75,32,0.25,4,3,29.725100030191243
transition_first,0.75,32,0.25,4,4,27.358899998944253
transition_warm,0.75,32,0.25,4,4,29.275999986566603
transition_first,0.75,32,0.25,4,5,31.15080000134185
transition_warm,0.75,32,0.25,4,5,33.27359998365864
transition_first,0.75,32,0.25,4,6,47.81610000645742
transition_warm,0.75,32,0.25,4,6,30.711400031577796
transition_first,0.75,32,0.25,4,7,31.40870004426688
transition_warm,0.75,32,0.25,4,7,38.3243000251241
transition_first,0.75,32,0.25,4,8,29.758399992715567
transition_warm,0.75,32,0.25,4,8,33.52250001626089
transition_first,0.75,32,0.25,4,9,29.99489998910576
transition_warm,0.75,32,0.25,4,9,37.78409998631105
transition_first,0.25,8,1.0,4,0,35.76900000916794
transition_warm,0.25,8,1.0,4,0,36.805500043556094
transition_first,0.25,8,1.0,4,1,32.812600024044514
transition_warm,0.25,8,1.0,4,1,33.18540001055226
transition_first,0.25,8,1.0,4,2,38.5468999738805
transition_warm,0.25,8,1.0,4,2,35.86999996332452
transition_first,0.25,8,1.0,4,3,33.676099963486195
transition_warm,0.25,8,1.0,4,3,36.180099996272475
transition_first,0.25,8,1.0,4,4,42.18819999368861
transition_warm,0.25,8,1.0,4,4,49.86069997539744
transition_first,0.25,8,1.0,4,5,35.06259998539463
transition_warm,0.25,8,1.0,4,5,34.086500003468245
transition_first,0.25,8,1.0,4,6,36.747600010130554
transition_warm,0.25,8,1.0,4,6,36.93150001345202
transition_first,0.25,8,1.0,4,7,34.785900032147765
transition_warm,0.25,8,1.0,4,7,39.81369995744899
transition_first,0.25,8,1.0,4,8,41.956900036893785
transition_warm,0.25,8,1.0,4,8,42.38970001460984
transition_first,0.25,8,1.0,4,9,36.73589997924864
transition_warm,0.25,8,1.0,4,9,33.34839997114614
transition_first,0.25,8,1.0,32,0,13.226599956396967
transition_warm,0.25,8,1.0,32,0,11.584999971091747
transition_first,0.25,8,1.0,32,1,10.552199964877218
transition_warm,0.25,8,1.0,32,1,10.342499997932464
transition_first,0.25,8,1.0,32,2,9.68529999954626
transition_warm,0.25,8,1.0,32,2,9.828199981711805
transition_first,0.25,8,1.0,32,3,11.887100001331419
transition_warm,0.25,8,1.0,32,3,13.444899988826364
transition_first,0.25,8,1.0,32,4,9.937299997545779
transition_warm,0.25,8,1.0,32,4,10.728500026743859
transition_first,0.25,8,1.0,32,5,11.042000027373433
transition_warm,0.25,8,1.0,32,5,11.725599993951619
transition_first,0.25,8,1.0,32,6,9.97999997343868
transition_warm,0.25,8,1.0,32,6,10.899699991568923
transition_first,0.25,8,1.0,32,7,15.430200030095875
transition_warm,0.25,8,1.0,32,7,12.442900042515248
transition_first,0.25,8,1.0,32,8,10.803599958308041
transition_warm,0.25,8,1.0,32,8,10.725100000854582
transition_first,0.25,8,1.0,32,9,9.342700010165572
transition_warm,0.25,8,1.0,32,9,9.462299989536405
transition_first,0.75,16,0.5,32,0,10.709299996960908
transition_warm,0.75,16,0.5,32,0,15.269599971361458
transition_first,0.75,16,0.5,32,1,13.40420002816245
transition_warm,0.75,16,0.5,32,1,19.441899959929287
transition_first,0.75,16,0.5,32,2,12.581599992699921
transition_warm,0.75,16,0.5,32,2,10.42449998203665
transition_first,0.75,16,0.5,32,3,13.514999998733401
transition_warm,0.75,16,0.5,32,3,10.383799963165075
transition_first,0.75,16,0.5,32,4,11.56240003183484
transition_warm,0.75,16,0.5,32,4,9.583799983374774
transition_first,0.75,16,0.5,32,5,14.358600019477308
transition_warm,0.75,16,0.5,32,5,11.519000050611794
transition_first,0.75,16,0.5,32,6,10.561699979007244
transition_warm,0.75,16,0.5,32,6,10.13710000552237
transition_first,0.75,16,0.5,32,7,13.673200039193034
transition_warm,0.75,16,0.5,32,7,19.82230000430718
transition_first,0.75,16,0.5,32,8,10.349199990741909
transition_warm,0.75,16,0.5,32,8,12.286000011954457
transition_first,0.75,16,0.5,32,9,10.993300005793571
transition_warm,0.75,16,0.5,32,9,12.816699978429824
transition_first,0.5,32,0.75,16,0,29.21440004138276
transition_warm,0.5,32,0.75,16,0,35.14240001095459
transition_first,0.5,32,0.75,16,1,31.131000025197864
transition_warm,0.5,32,0.75,16,1,31.27959999255836
transition_first,0.5,32,0.75,16,2,29.54469999531284
transition_warm,0.5,32,0.75,16,2,31.366099952720106
transition_first,0.5,32,0.75,16,3,31.425299996044487
transition_warm,0.5,32,0.75,16,3,37.76939999079332
transition_first,0.5,32,0.75,16,4,42.28490003151819
transition_warm,0.5,32,0.75,16,4,34.9792999913916
transition_first,0.5,32,0.75,16,5,49.07489998731762
transition_warm,0.5,32,0.75,16,5,41.75319999922067
transition_first,0.5,32,0.75,16,6,38.0756999948062
transition_warm,0.5,32,0.75,16,6,34.286600013729185
transition_first,0.5,32,0.75,16,7,29.97720002895221
transition_warm,0.5,32,0.75,16,7,29.794300033245236
transition_first,0.5,32,0.75,16,8,36.15859994897619
transition_warm,0.5,32,0.75,16,8,43.014499999117106
transition_first,0.5,32,0.75,16,9,31.007400015369058
transition_warm,0.5,32,0.75,16,9,37.91269997600466
transition_first,0.25,8,0.5,32,0,18.85659998515621
transition_warm,0.25,8,0.5,32,0,11.168500001076609
transition_first,0.25,8,0.5,32,1,10.690499970223755
transition_warm,0.25,8,0.5,32,1,9.296400006860495
transition_first,0.25,8,0.5,32,2,13.425799959804863
transition_warm,0.25,8,0.5,32,2,11.394199973437935
transition_first,0.25,8,0.5,32,3,13.078499992843717
transition_warm,0.25,8,0.5,32,3,12.326000025495887
transition_first,0.25,8,0.5,32,4,13.995399989653379
transition_warm,0.25,8,0.5,32,4,13.290199975017458
transition_first,0.25,8,0.5,32,5,10.60530001996085
transition_warm,0.25,8,0.5,32,5,9.455899999011308
transition_first,0.25,8,0.5,32,6,10.231499967630953
transition_warm,0.25,8,0.5,32,6,11.203299975022674
transition_first,0.25,8,0.5,32,7,12.373799982015043
transition_warm,0.25,8,0.5,32,7,13.372499961405993
transition_first,0.25,8,0.5,32,8,11.216500017326325
transition_warm,0.25,8,0.5,32,8,9.51780000468716
transition_first,0.25,8,0.5,32,9,10.742499958723783
transition_warm,0.25,8,0.5,32,9,11.295600037556142
transition_first,0.5,4,0.25,32,0,12.443399988114834
transition_warm,0.5,4,0.25,32,0,12.577699963003397
transition_first,0.5,4,0.25,32,1,9.25549998646602
transition_warm,0.5,4,0.25,32,1,9.676699992269278
transition_first,0.5,4,0.25,32,2,15.33610001206398
transition_warm,0.5,4,0.25,32,2,15.68290003342554
transition_first,0.5,4,0.25,32,3,12.687299982644618
transition_warm,0.5,4,0.25,32,3,9.7296999883838
transition_first,0.5,4,0.25,32,4,10.016899963375181
transition_warm,0.5,4,0.25,32,4,10.613100021146238
transition_first,0.5,4,0.25,32,5,10.245800018310547
transition_warm,0.5,4,0.25,32,5,10.590700025204569
transition_first,0.5,4,0.25,32,6,11.736099957488477
transition_warm,0.5,4,0.25,32,6,9.382599964737892
transition_first,0.5,4,0.25,32,7,11.286199965979904
transition_warm,0.5,4,0.25,32,7,10.323000024072826
transition_first,0.5,4,0.25,32,8,11.714300024323165
transition_warm,0.5,4,0.25,32,8,14.010799990501255
transition_first,0.5,4,0.25,32,9,9.71780001418665
transition_warm,0.5,4,0.25,32,9,8.954500022809952
transition_first,0.75,16,0.75,4,0,30.706899997312576
transition_warm,0.75,16,0.75,4,0,35.343200026545674
transition_first,0.75,16,0.75,4,1,31.37760004028678
transition_warm,0.75,16,0.75,4,1,32.93310001026839
transition_first,0.75,16,0.75,4,2,36.55850002542138
transition_warm,0.75,16,0.75,4,2,37.64429996954277
transition_first,0.75,16,0.75,4,3,33.60829997109249
transition_warm,0.75,16,0.75,4,3,33.16290001384914
transition_first,0.75,16,0.75,4,4,34.30230001686141
transition_warm,0.75,16,0.75,4,4,32.06769999815151
transition_first,0.75,16,0.75,4,5,35.74979997938499
transition_warm,0.75,16,0.75,4,5,32.46819996275008
transition_first,0.75,16,0.75,4,6,33.71039999183267
transition_warm,0.75,16,0.75,4,6,30.538299994077533
transition_first,0.75,16,0.75,4,7,30.760599998757243
transition_warm,0.75,16,0.75,4,7,30.3762000403367
transition_first,0.75,16,0.75,4,8,30.88109998498112
transition_warm,0.75,16,0.75,4,8,35.28149996418506
transition_first,0.75,16,0.75,4,9,32.58030000142753
transition_warm,0.75,16,0.75,4,9,30.408799997530878
transition_first,1.0,8,0.5,16,0,32.11229998851195
transition_warm,1.0,8,0.5,16,0,44.622100016567856
transition_first,1.0,8,0.5,16,1,31.49740002118051
transition_warm,1.0,8,0.5,16,1,25.91930003836751
transition_first,1.0,8,0.5,16,2,40.03410000586882
transition_warm,1.0,8,0.5,16,2,28.685700031928718
transition_first,1.0,8,0.5,16,3,38.54869998758659
transition_warm,1.0,8,0.5,16,3,36.45690000848845
transition_first,1.0,8,0.5,16,4,40.14569998253137
transition_warm,1.0,8,0.5,16,4,46.50919995037839
transition_first,1.0,8,0.5,16,5,30.544299981556833
transition_warm,1.0,8,0.5,16,5,29.467299988027662
transition_first,1.0,8,0.5,16,6,34.13179999915883
transition_warm,1.0,8,0.5,16,6,35.27860000031069
transition_first,1.0,8,0.5,16,7,41.54700000071898
transition_warm,1.0,8,0.5,16,7,35.79559997888282
transition_first,1.0,8,0.5,16,8,28.398499998729676
transition_warm,1.0,8,0.5,16,8,33.26190001098439
transition_first,1.0,8,0.5,16,9,32.41899999557063
transition_warm,1.0,8,0.5,16,9,31.015400018077344
transition_first,0.5,4,1.0,4,0,33.114499994553626
transition_warm,0.5,4,1.0,4,0,33.75070000765845
transition_first,0.5,4,1.0,4,1,32.02230000169948
transition_warm,0.5,4,1.0,4,1,35.80549999605864
transition_first,0.5,4,1.0,4,2,46.75209999550134
transition_warm,0.5,4,1.0,4,2,33.44099997775629
transition_first,0.5,4,1.0,4,3,37.17450000112876
transition_warm,0.5,4,1.0,4,3,48.09300001943484
transition_first,0.5,4,1.0,4,4,32.7821999671869
transition_warm,0.5,4,1.0,4,4,35.78999999444932
transition_first,0.5,4,1.0,4,5,37.048200028948486
transition_warm,0.5,4,1.0,4,5,34.08840001793578
transition_first,0.5,4,1.0,4,6,33.200600009877235
transition_warm,0.5,4,1.0,4,6,36.615699995309114
transition_first,0.5,4,1.0,4,7,41.33209999417886
transition_warm,0.5,4,1.0,4,7,32.66759996768087
transition_first,0.5,4,1.0,4,8,40.55909998714924
transition_warm,0.5,4,1.0,4,8,43.948000005912036
transition_first,0.5,4,1.0,4,9,31.1197999981232
transition_warm,0.5,4,1.0,4,9,52.46909998822957
transition_first,0.75,4,1.0,16,0,35.064199997577816
transition_warm,0.75,4,1.0,16,0,39.53539999201894
transition_first,0.75,4,1.0,16,1,33.2297999993898
transition_warm,0.75,4,1.0,16,1,34.17729999637231
transition_first,0.75,4,1.0,16,2,37.2934999759309
transition_warm,0.75,4,1.0,16,2,38.298700004816055
transition_first,0.75,4,1.0,16,3,34.13440001895651
transition_warm,0.75,4,1.0,16,3,37.81609999714419
transition_first,0.75,4,1.0,16,4,45.47100001946092
transition_warm,0.75,4,1.0,16,4,38.45599998021498
transition_first,0.75,4,1.0,16,5,31.735199969261885
transition_warm,0.75,4,1.0,16,5,33.69930002372712
transition_first,0.75,4,1.0,16,6,37.8651000210084
transition_warm,0.75,4,1.0,16,6,34.41019996535033
transition_first,0.75,4,1.0,16,7,36.63750004488975
transition_warm,0.75,4,1.0,16,7,38.41490001650527
transition_first,0.75,4,1.0,16,8,32.269799965433776
transition_warm,0.75,4,1.0,16,8,39.055800007190555
transition_first,0.75,4,1.0,16,9,38.89029996935278
transition_warm,0.75,4,1.0,16,9,33.797399955801666
transition_first,0.75,32,0.5,32,0,11.010400019586086
transition_warm,0.75,32,0.5,32,0,10.133899981155992
transition_first,0.75,32,0.5,32,1,13.34920001681894
transition_warm,0.75,32,0.5,32,1,16.717399994377047
transition_first,0.75,32,0.5,32,2,15.341699996497482
transition_warm,0.75,32,0.5,32,2,12.619899993296713
transition_first,0.75,32,0.5,32,3,9.909400017932057
transition_warm,0.75,32,0.5,32,3,11.38449995778501
transition_first,0.75,32,0.5,32,4,11.468100012280047
transition_warm,0.75,32,0.5,32,4,10.403000051155686
transition_first,0.75,32,0.5,32,5,9.856200020294636
transition_warm,0.75,32,0.5,32,5,12.707300018519163
transition_first,0.75,32,0.5,32,6,12.003000010736287
transition_warm,0.75,32,0.5,32,6,9.774000034667552
transition_first,0.75,32,0.5,32,7,11.885899992194027
transition_warm,0.75,32,0.5,32,7,12.455599964596331
transition_first,0.75,32,0.5,32,8,10.86169999325648
transition_warm,0.75,32,0.5,32,8,11.544500011950731
transition_first,0.75,32,0.5,32,9,12.723300023935735
transition_warm,0.75,32,0.5,32,9,12.893499981146306
transition_first,0.75,32,0.5,16,0,28.77580001950264
transition_warm,0.75,32,0.5,16,0,27.62770000845194
transition_first,0.75,32,0.5,16,1,33.065599971450865
transition_warm,0.75,32,0.5,16,1,29.767100000754
transition_first,0.75,32,0.5,16,2,42.72659996058792
transition_warm,0.75,32,0.5,16,2,31.24710003612563
transition_first,0.75,32,0.5,16,3,28.579399979207665
transition_warm,0.75,32,0.5,16,3,28.909999993629754
transition_first,0.75,32,0.5,16,4,39.34120002668351
transition_warm,0.75,32,0.5,16,4,35.89519998058677
transition_first,0.75,32,0.5,16,5,39.05510000186041
transition_warm,0.75,32,0.5,16,5,42.09360003005713
transition_first,0.75,32,0.5,16,6,35.20849999040365
transition_warm,0.75,32,0.5,16,6,27.434100047685206
transition_first,0.75,32,0.5,16,7,33.610799990128726
transition_warm,0.75,32,0.5,16,7,29.649200034327805
transition_first,0.75,32,0.5,16,8,29.24359997268766
transition_warm,0.75,32,0.5,16,8,30.385199992451817
transition_first,0.75,32,0.5,16,9,36.28479997860268
transition_warm,0.75,32,0.5,16,9,32.45249995961785
transition_first,1.0,4,0.5,8,0,28.493500023614615
transition_warm,1.0,4,0.5,8,0,35.212800023145974
transition_first,1.0,4,0.5,8,1,29.2586000286974
transition_warm,1.0,4,0.5,8,1,39.45710003608838
transition_first,1.0,4,0.5,8,2,30.159200017806143
transition_warm,1.0,4,0.5,8,2,30.86009999969974
transition_first,1.0,4,0.5,8,3,30.702099960763007
transition_warm,1.0,4,0.5,8,3,29.915599967353046
transition_first,1.0,4,0.5,8,4,28.929199965205044
transition_warm,1.0,4,0.5,8,4,27.79359999112785
transition_first,1.0,4,0.5,8,5,35.83000000799075
transition_warm,1.0,4,0.5,8,5,31.02210001088679
transition_first,1.0,4,0.5,8,6,29.171900008805096
transition_warm,1.0,4,0.5,8,6,28.363000019453466
transition_first,1.0,4,0.5,8,7,33.44979998655617
transition_warm,1.0,4,0.5,8,7,38.694199989549816
transition_first,1.0,4,0.5,8,8,31.509699998423457
transition_warm,1.0,4,0.5,8,8,31.609700003173202
transition_first,1.0,4,0.5,8,9,33.187199966050684
transition_warm,1.0,4,0.5,8,9,39.235300035215914
transition_first,0.5,16,0.25,32,0,10.846999997738749
transition_warm,0.5,16,0.25,32,0,9.078200033400208
transition_first,0.5,16,0.25,32,1,12.624000024516135
transition_warm,0.5,16,0.25,32,1,12.981000007130206
transition_first,0.5,16,0.25,32,2,12.122199987061322
transition_warm,0.5,16,0.25,32,2,13.264500012155622
transition_first,0.5,16,0.25,32,3,12.622800015378743
transition_warm,0.5,16,0.25,32,3,11.46030001109466
transition_first,0.5,16,0.25,32,4,15.725899953395128
transition_warm,0.5,16,0.25,32,4,12.80249998671934
transition_first,0.5,16,0.25,32,5,13.23090004734695
transition_warm,0.5,16,0.25,32,5,12.28999998420477
transition_first,0.5,16,0.25,32,6,14.00399999693036
transition_warm,0.5,16,0.25,32,6,14.898199995514005
transition_first,0.5,16,0.25,32,7,10.699500038754195
transition_warm,0.5,16,0.25,32,7,12.837700021918863
transition_first,0.5,16,0.25,32,8,11.297000048216432
transition_warm,0.5,16,0.25,32,8,10.852899984456599
transition_first,0.5,16,0.25,32,9,9.79929999448359
transition_warm,0.5,16,0.25,32,9,8.968299953266978
transition_first,0.25,32,0.5,32,0,9.903800033498555
transition_warm,0.25,32,0.5,32,0,8.993000024929643
transition_first,0.25,32,0.5,32,1,11.67360000545159
transition_warm,0.25,32,0.5,32,1,12.513800000306219
transition_first,0.25,32,0.5,32,2,12.745500018354505
transition_warm,0.25,32,0.5,32,2,9.712199971545488
transition_first,0.25,32,0.5,32,3,12.43080000858754
transition_warm,0.25,32,0.5,32,3,12.98490003682673
transition_first,0.25,32,0.5,32,4,11.834600009024143
transition_warm,0.25,32,0.5,32,4,16.25470002181828
transition_first,0.25,32,0.5,32,5,12.76710000820458
transition_warm,0.25,32,0.5,32,5,11.0765999997966
transition_first,0.25,32,0.5,32,6,13.315999996848404
transition_warm,0.25,32,0.5,32,6,11.500799970235676
transition_first,0.25,32,0.5,32,7,11.140699964016676
transition_warm,0.25,32,0.5,32,7,12.142900028266013
transition_first,0.25,32,0.5,32,8,12.375199992675334
transition_warm,0.25,32,0.5,32,8,10.947300004772842
transition_first,0.25,32,0.5,32,9,12.567500001750886
transition_warm,0.25,32,0.5,32,9,12.934800004586577
transition_first,0.5,32,0.25,16,0,36.022900021634996
transition_warm,0.5,32,0.25,16,0,32.99419995164499
transition_first,0.5,32,0.25,16,1,29.1770999901928
transition_warm,0.5,32,0.25,16,1,37.541700003203005
transition_first,0.5,32,0.25,16,2,29.241699958220124
transition_warm,0.5,32,0.25,16,2,30.55500000482425
transition_first,0.5,32,0.25,16,3,36.932900024112314
transition_warm,0.5,32,0.25,16,3,87.7749000210315
transition_first,0.5,32,0.25,16,4,32.91639999952167
transition_warm,0.5,32,0.25,16,4,28.956199996173382
transition_first,0.5,32,0.25,16,5,31.86629997799173
transition_warm,0.5,32,0.25,16,5,35.439300001598895
transition_first,0.5,32,0.25,16,6,32.56389999296516
transition_warm,0.5,32,0.25,16,6,29.567999998107553
transition_first,0.5,32,0.25,16,7,29.053499980363995
transition_warm,0.5,32,0.25,16,7,29.34020000975579
transition_first,0.5,32,0.25,16,8,34.54190003685653
transition_warm,0.5,32,0.25,16,8,37.8095000050962
transition_first,0.5,32,0.25,16,9,28.005799977108836
transition_warm,0.5,32,0.25,16,9,35.14240001095459
transition_first,0.5,8,0.75,8,0,29.210099950432777
transition_warm,0.5,8,0.75,8,0,32.8072999836877
transition_first,0.5,8,0.75,8,1,31.098500010557473
transition_warm,0.5,8,0.75,8,1,33.36140001192689
transition_first,0.5,8,0.75,8,2,33.3849000162445
transition_warm,0.5,8,0.75,8,2,31.87390003586188
transition_first,0.5,8,0.75,8,3,28.82599999429658
transition_warm,0.5,8,0.75,8,3,32.04020002158359
transition_first,0.5,8,0.75,8,4,45.374999986961484
transition_warm,0.5,8,0.75,8,4,33.708699978888035
transition_first,0.5,8,0.75,8,5,27.809099992737174
transition_warm,0.5,8,0.75,8,5,29.503599973395467
transition_first,0.5,8,0.75,8,6,30.49570001894608
transition_warm,0.5,8,0.75,8,6,45.229699986521155
transition_first,0.5,8,0.75,8,7,34.96140002971515
transition_warm,0.5,8,0.75,8,7,32.99380000680685
transition_first,0.5,8,0.75,8,8,32.416899979580194
transition_warm,0.5,8,0.75,8,8,30.24250001180917
transition_first,0.5,8,0.75,8,9,35.147499991580844
transition_warm,0.5,8,0.75,8,9,31.499800039455295
transition_first,0.75,4,0.5,8,0,28.63370004342869
transition_warm,0.75,4,0.5,8,0,32.193900027778
transition_first,0.75,4,0.5,8,1,35.75099998852238
transition_warm,0.75,4,0.5,8,1,41.55259998515248
transition_first,0.75,4,0.5,8,2,29.326499963644892
transition_warm,0.75,4,0.5,8,2,29.896799998823553
transition_first,0.75,4,0.5,8,3,40.009799995459616
transition_warm,0.75,4,0.5,8,3,30.699099996127188
transition_first,0.75,4,0.5,8,4,30.437300039920956
transition_warm,0.75,4,0.5,8,4,29.711399984080344
transition_first,0.75,4,0.5,8,5,28.081999975256622
transition_warm,0.75,4,0.5,8,5,32.57730003679171
transition_first,0.75,4,0.5,8,6,30.02350003225729
transition_warm,0.75,4,0.5,8,6,40.1111000101082
transition_first,0.75,4,0.5,8,7,34.240500011947006
transition_warm,0.75,4,0.5,8,7,28.76209997339174
transition_first,0.75,4,0.5,8,8,49.25030004233122
transition_warm,0.75,4,0.5,8,8,38.55240001576021
transition_first,0.75,4,0.5,8,9,29.937899962533265
transition_warm,0.75,4,0.5,8,9,35.79059999901801
transition_first,0.75,8,1.0,4,0,35.29059997526929
transition_warm,0.75,8,1.0,4,0,36.62490000715479
transition_first,0.75,8,1.0,4,1,33.2609000033699
transition_warm,0.75,8,1.0,4,1,37.82810003031045
transition_first,0.75,8,1.0,4,2,37.08209999604151
transition_warm,0.75,8,1.0,4,2,35.574199981056154
transition_first,0.75,8,1.0,4,3,36.79859999101609
transition_warm,0.75,8,1.0,4,3,33.98680000100285
transition_first,0.75,8,1.0,4,4,36.89759998815134
transition_warm,0.75,8,1.0,4,4,37.56619995692745
transition_first,0.75,8,1.0,4,5,37.513499963097274
transition_warm,0.75,8,1.0,4,5,39.09550001844764
transition_first,0.75,8,1.0,4,6,32.98819996416569
transition_warm,0.75,8,1.0,4,6,38.852300029248
transition_first,0.75,8,1.0,4,7,43.52539998944849
transition_warm,0.75,8,1.0,4,7,32.61059999931604
transition_first,0.75,8,1.0,4,8,32.17050002422184
transition_warm,0.75,8,1.0,4,8,35.11689999140799
transition_first,0.75,8,1.0,4,9,36.609800008591264
transition_warm,0.75,8,1.0,4,9,38.16449997248128
transition_first,1.0,32,0.25,32,0,11.642700002994388
transition_warm,1.0,32,0.25,32,0,12.920500012114644
transition_first,1.0,32,0.25,32,1,12.871000042650849
transition_warm,1.0,32,0.25,32,1,9.215800033416599
transition_first,1.0,32,0.25,32,2,12.720800004899502
transition_warm,1.0,32,0.25,32,2,12.591500009875745
transition_first,1.0,32,0.25,32,3,12.898200016934425
transition_warm,1.0,32,0.25,32,3,14.433300006203353
transition_first,1.0,32,0.25,32,4,12.979099992662668
transition_warm,1.0,32,0.25,32,4,9.05699998838827
transition_first,1.0,32,0.25,32,5,12.151499977335334
transition_warm,1.0,32,0.25,32,5,16.62519999081269
transition_first,1.0,32,0.25,32,6,10.179600038100034
transition_warm,1.0,32,0.25,32,6,12.608799966983497
transition_first,1.0,32,0.25,32,7,14.942399982828647
transition_warm,1.0,32,0.25,32,7,10.461999976541847
transition_first,1.0,32,0.25,32,8,12.359699991066009
transition_warm,1.0,32,0.25,32,8,13.836199999786913
transition_first,1.0,32,0.25,32,9,15.361500030849129
transition_warm,1.0,32,0.25,32,9,15.117100032512099
transition_first,0.75,4,0.25,32,0,9.520300023723394
transition_warm,0.75,4,0.25,32,0,10.319199995137751
transition_first,0.75,4,0.25,32,1,12.063900008797646
transition_warm,0.75,4,0.25,32,1,9.450900019146502
transition_first,0.75,4,0.25,32,2,12.259999988600612
transition_warm,0.75,4,0.25,32,2,12.92399998055771
transition_first,0.75,4,0.25,32,3,9.403300005942583
transition_warm,0.75,4,0.25,32,3,9.823700005654246
transition_first,0.75,4,0.25,32,4,11.450299993157387
transition_warm,0.75,4,0.25,32,4,12.733099982142448
transition_first,0.75,4,0.25,32,5,12.105800036806613
transition_warm,0.75,4,0.25,32,5,10.873999970499426
transition_first,0.75,4,0.25,32,6,12.564499978907406
transition_warm,0.75,4,0.25,32,6,13.209299999289215
transition_first,0.75,4,0.25,32,7,11.713900021277368
transition_warm,0.75,4,0.25,32,7,13.555899960920215
transition_first,0.75,4,0.25,32,8,11.971600004471838
transition_warm,0.75,4,0.25,32,8,12.56990002002567
transition_first,0.75,4,0.25,32,9,12.705000001005828
transition_warm,0.75,4,0.25,32,9,12.555900029838085
transition_first,1.0,16,1.0,32,0,10.470899986103177
transition_warm,1.0,16,1.0,32,0,9.756099956575781
transition_first,1.0,16,1.0,32,1,11.592799972277135
transition_warm,1.0,16,1.0,32,1,10.25569997727871
transition_first,1.0,16,1.0,32,2,12.021200032904744
transition_warm,1.0,16,1.0,32,2,11.181000038050115
transition_first,1.0,16,1.0,32,3,11.14770001731813
transition_warm,1.0,16,1.0,32,3,10.167400003410876
transition_first,1.0,16,1.0,32,4,10.337900021113455
transition_warm,1.0,16,1.0,32,4,11.796300008427352
transition_first,1.0,16,1.0,32,5,10.787300008814782
transition_warm,1.0,16,1.0,32,5,11.090999993029982
transition_first,1.0,16,1.0,32,6,10.542400006670505
transition_warm,1.0,16,1.0,32,6,9.67930001206696
transition_first,1.0,16,1.0,32,7,15.924500010441989
transition_warm,1.0,16,1.0,32,7,15.49330004490912
transition_first,1.0,16,1.0,32,8,9.768399992026389
transition_warm,1.0,16,1.0,32,8,9.955499961506575
transition_first,1.0,16,1.0,32,9,11.849700007587671
transition_warm,1.0,16,1.0,32,9,12.867399957031012
transition_first,0.75,4,1.0,4,0,32.514599966816604
transition_warm,0.75,4,1.0,4,0,34.61759997298941
transition_first,0.75,4,1.0,4,1,41.459099971689284
transition_warm,0.75,4,1.0,4,1,35.6119999778457
transition_first,0.75,4,1.0,4,2,33.01780001493171
transition_warm,0.75,4,1.0,4,2,40.263300004880875
transition_first,0.75,4,1.0,4,3,36.95099998731166
transition_warm,0.75,4,1.0,4,3,33.149000024423
transition_first,0.75,4,1.0,4,4,34.756500041112304
transition_warm,0.75,4,1.0,4,4,35.13809997821227
transition_first,0.75,4,1.0,4,5,32.51239995006472
transition_warm,0.75,4,1.0,4,5,38.20130001986399
transition_first,0.75,4,1.0,4,6,33.65459997439757
transition_warm,0.75,4,1.0,4,6,35.673300037160516
transition_first,0.75,4,1.0,4,7,39.775999961420894
transition_warm,0.75,4,1.0,4,7,40.938900026958436
transition_first,0.75,4,1.0,4,8,49.78800000390038
transition_warm,0.75,4,1.0,4,8,35.666200041305274
transition_first,0.75,4,1.0,4,9,32.28270000545308
transition_warm,0.75,4,1.0,4,9,32.83099998952821
transition_first,0.75,32,0.25,8,0,28.371900029014796
transition_warm,0.75,32,0.25,8,0,29.324300005100667
transition_first,0.75,32,0.25,8,1,30.60830000322312
transition_warm,0.75,32,0.25,8,1,28.17999996477738
transition_first,0.75,32,0.25,8,2,35.40010005235672
transition_warm,0.75,32,0.25,8,2,34.08270003274083
transition_first,0.75,32,0.25,8,3,30.149600002914667
transition_warm,0.75,32,0.25,8,3,48.29479998443276
transition_first,0.75,32,0.25,8,4,34.934200055431575
transition_warm,0.75,32,0.25,8,4,31.968099996447563
transition_first,0.75,32,0.25,8,5,29.268900048919022
transition_warm,0.75,32,0.25,8,5,34.991800028365105
transition_first,0.75,32,0.25,8,6,30.460699985269457
transition_warm,0.75,32,0.25,8,6,30.081300006713718
transition_first,0.75,32,0.25,8,7,29.767100000754
transition_warm,0.75,32,0.25,8,7,35.08319996763021
transition_first,0.75,32,0.25,8,8,28.105199977289885
transition_warm,0.75,32,0.25,8,8,27.680200000759214
transition_first,0.75,32,0.25,8,9,30.883700004778802
transition_warm,0.75,32,0.25,8,9,37.065799988340586
transition_first,1.0,32,0.5,16,0,29.6247000223957
transition_warm,1.0,32,0.5,16,0,31.01610002340749
transition_first,1.0,32,0.5,16,1,35.157700011041015
transition_warm,1.0,32,0.5,16,1,29.42039998015389
transition_first,1.0,32,0.5,16,2,45.951200008857995
transition_warm,1.0,32,0.5,16,2,30.423599993810058
transition_first,1.0,32,0.5,16,3,35.82920000189915
transition_warm,1.0,32,0.5,16,3,32.94770000502467
transition_first,1.0,32,0.5,16,4,30.791800003498793
transition_warm,1.0,32,0.5,16,4,42.27139998693019
transition_first,1.0,32,0.5,16,5,28.18610001122579
transition_warm,1.0,32,0.5,16,5,34.8307000240311
transition_first,1.0,32,0.5,16,6,31.542800017632544
transition_warm,1.0,32,0.5,16,6,36.046799970790744
transition_first,1.0,32,0.5,16,7,29.357299965340644
transition_warm,1.0,32,0.5,16,7,32.898299978114665
transition_first,1.0,32,0.5,16,8,27.34149998286739
transition_warm,1.0,32,0.5,16,8,30.72840004460886
transition_first,1.0,32,0.5,16,9,32.57330000633374
transition_warm,1.0,32,0.5,16,9,31.210799992550164
transition_first,0.75,16,0.5,8,0,35.6506000389345
transition_warm,0.75,16,0.5,8,0,29.516000009607524
transition_first,0.75,16,0.5,8,1,30.834099976345897
transition_warm,0.75,16,0.5,8,1,39.2610999988392
transition_first,0.75,16,0.5,8,2,31.46020002895966
transition_warm,0.75,16,0.5,8,2,26.559799967799336
transition_first,0.75,16,0.5,8,3,31.141200044658035
transition_warm,0.75,16,0.5,8,3,35.56790004950017
transition_first,0.75,16,0.5,8,4,30.958499992266297
transition_warm,0.75,16,0.5,8,4,33.637800021097064
transition_first,0.75,16,0.5,8,5,35.50469997571781
transition_warm,0.75,16,0.5,8,5,32.94529998674989
transition_first,0.75,16,0.5,8,6,38.383300008717924
transition_warm,0.75,16,0.5,8,6,42.6123000215739
transition_first,0.75,16,0.5,8,7,34.42159999394789
transition_warm,0.75,16,0.5,8,7,32.15829998953268
transition_first,0.75,16,0.5,8,8,37.56480000447482
transition_warm,0.75,16,0.5,8,8,29.73750000819564
transition_first,0.75,16,0.5,8,9,33.26799999922514
transition_warm,0.75,16,0.5,8,9,33.379699976649135
transition_first,1.0,8,0.5,32,0,13.796000042930245
transition_warm,1.0,8,0.5,32,0,9.61549999192357
transition_first,1.0,8,0.5,32,1,11.204199981875718
transition_warm,1.0,8,0.5,32,1,12.754899973515421
transition_first,1.0,8,0.5,32,2,9.858299978077412
transition_warm,1.0,8,0.5,32,2,9.379800001624972
transition_first,1.0,8,0.5,32,3,9.959200047887862
transition_warm,1.0,8,0.5,32,3,10.88389998767525
transition_first,1.0,8,0.5,32,4,12.089100026059896
transition_warm,1.0,8,0.5,32,4,12.960199965164065
transition_first,1.0,8,0.5,32,5,12.548900034744292
transition_warm,1.0,8,0.5,32,5,8.968900016043335
transition_first,1.0,8,0.5,32,6,13.049600005615503
transition_warm,1.0,8,0.5,32,6,9.1594000114128
transition_first,1.0,8,0.5,32,7,11.802599998190999
transition_warm,1.0,8,0.5,32,7,13.348499953281134
transition_first,1.0,8,0.5,32,8,11.366099992301315
transition_warm,1.0,8,0.5,32,8,11.407199956011027
transition_first,1.0,8,0.5,32,9,16.71390002593398
transition_warm,1.0,8,0.5,32,9,15.57170000160113
transition_first,0.5,16,0.75,16,0,35.334000014699996
transition_warm,0.5,16,0.75,16,0,33.66360004292801
transition_first,0.5,16,0.75,16,1,36.74100001808256
transition_warm,0.5,16,0.75,16,1,34.64979998534545
transition_first,0.5,16,0.75,16,2,34.95140001177788
transition_warm,0.5,16,0.75,16,2,27.68230001674965
transition_first,0.5,16,0.75,16,3,33.431599964387715
transition_warm,0.5,16,0.75,16,3,34.29320000577718
transition_first,0.5,16,0.75,16,4,28.290699992794544
transition_warm,0.5,16,0.75,16,4,30.02609999384731
transition_first,0.5,16,0.75,16,5,28.802900051232427
transition_warm,0.5,16,0.75,16,5,29.970900039188564
transition_first,0.5,16,0.75,16,6,36.22509998967871
transition_warm,0.5,16,0.75,16,6,31.80990001419559
transition_first,0.5,16,0.75,16,7,30.58610000880435
transition_warm,0.5,16,0.75,16,7,33.57169998344034
transition_first,0.5,16,0.75,16,8,32.835999969393015
transition_warm,0.5,16,0.75,16,8,38.4667000034824
transition_first,0.5,16,0.75,16,9,49.732099985703826
transition_warm,0.5,16,0.75,16,9,33.48839998943731
transition_first,0.25,8,0.5,16,0,36.289500014390796
transition_warm,0.25,8,0.5,16,0,30.076300026848912
transition_first,0.25,8,0.5,16,1,29.758500051684678
transition_warm,0.25,8,0.5,16,1,30.604700034018606
transition_first,0.25,8,0.5,16,2,35.6430999818258
transition_warm,0.25,8,0.5,16,2,32.93049999047071
transition_first,0.25,8,0.5,16,3,28.792800032533705
transition_warm,0.25,8,0.5,16,3,28.10180000960827
transition_first,0.25,8,0.5,16,4,30.699099996127188
transition_warm,0.25,8,0.5,16,4,31.298600020818412
transition_first,0.25,8,0.5,16,5,27.524399978574365
transition_warm,0.25,8,0.5,16,5,29.505400045309216
transition_first,0.25,8,0.5,16,6,28.873800009023398
transition_warm,0.25,8,0.5,16,6,34.459999995306134
transition_first,0.25,8,0.5,16,7,40.87009996874258
transition_warm,0.25,8,0.5,16,7,30.761699948925525
transition_first,0.25,8,0.5,16,8,28.645800019148737
transition_warm,0.25,8,0.5,16,8,30.3505000192672
transition_first,0.25,8,0.5,16,9,36.246599978767335
transition_warm,0.25,8,0.5,16,9,32.98179997364059
transition_first,0.5,32,0.75,8,0,35.91520001646131
transition_warm,0.5,32,0.75,8,0,29.743799997959286
transition_first,0.5,32,0.75,8,1,35.34619999118149
transition_warm,0.5,32,0.75,8,1,30.487700016237795
transition_first,0.5,32,0.75,8,2,31.829899991862476
transition_warm,0.5,32,0.75,8,2,34.892499970737845
transition_first,0.5,32,0.75,8,3,33.40910002589226
transition_warm,0.5,32,0.75,8,3,29.647500021383166
transition_first,0.5,32,0.75,8,4,37.896000023465604
transition_warm,0.5,32,0.75,8,4,29.61130003677681
transition_first,0.5,32,0.75,8,5,35.56420002132654
transition_warm,0.5,32,0.75,8,5,32.57430001394823
transition_first,0.5,32,0.75,8,6,36.0647999914363
transition_warm,0.5,32,0.75,8,6,30.46899999026209
transition_first,0.5,32,0.75,8,7,36.502900009509176
transition_warm,0.5,32,0.75,8,7,37.63390000676736
transition_first,0.5,32,0.75,8,8,33.83819997543469
transition_warm,0.5,32,0.75,8,8,30.142399948090315
transition_first,0.5,32,0.75,8,9,35.83740000613034
transition_warm,0.5,32,0.75,8,9,45.427999983076006
transition_first,0.25,8,0.25,4,0,40.40890000760555
transition_warm,0.25,8,0.25,4,0,33.739800041075796
transition_first,0.25,8,0.25,4,1,29.213599977083504
transition_warm,0.25,8,0.25,4,1,36.33500001160428
transition_first,0.25,8,0.25,4,2,41.68929997831583
transition_warm,0.25,8,0.25,4,2,34.022799984086305
transition_first,0.25,8,0.25,4,3,38.230700010899454
transition_warm,0.25,8,0.25,4,3,29.691800009459257
transition_first,0.25,8,0.25,4,4,29.202100005932152
transition_warm,0.25,8,0.25,4,4,32.720299961511046
transition_first,0.25,8,0.25,4,5,34.185900003649294
transition_warm,0.25,8,0.25,4,5,40.69380002329126
transition_first,0.25,8,0.25,4,6,27.837499976158142
transition_warm,0.25,8,0.25,4,6,38.930200040340424
transition_first,0.25,8,0.25,4,7,29.571599967312068
transition_warm,0.25,8,0.25,4,7,28.084099991247058
transition_first,0.25,8,0.25,4,8,27.16800000052899
transition_warm,0.25,8,0.25,4,8,31.943699985276908
transition_first,0.25,8,0.25,4,9,33.33810000913218
transition_warm,0.25,8,0.25,4,9,29.3814999749884
transition_first,0.25,4,1.0,8,0,31.101400032639503
transition_warm,0.25,4,1.0,8,0,40.131299989297986
transition_first,0.25,4,1.0,8,1,33.108800009358674
transition_warm,0.25,4,1.0,8,1,36.81379999034107
transition_first,0.25,4,1.0,8,2,44.665199995506555
transition_warm,0.25,4,1.0,8,2,33.00559998024255
transition_first,0.25,4,1.0,8,3,33.87700003804639
transition_warm,0.25,4,1.0,8,3,32.48539997730404
transition_first,0.25,4,1.0,8,4,37.22820000257343
transition_warm,0.25,4,1.0,8,4,40.091399976518005
transition_first,0.25,4,1.0,8,5,42.75870003039017
transition_warm,0.25,4,1.0,8,5,38.99149998323992
transition_first,0.25,4,1.0,8,6,33.231700013857335
transition_warm,0.25,4,1.0,8,6,38.852800033055246
transition_first,0.25,4,1.0,8,7,34.58549996139482
transition_warm,0.25,4,1.0,8,7,36.38970002066344
transition_first,0.25,4,1.0,8,8,34.49660004116595
transition_warm,0.25,4,1.0,8,8,36.41329996753484
transition_first,0.25,4,1.0,8,9,37.316199974156916
transition_warm,0.25,4,1.0,8,9,33.87629997450858
transition_first,0.25,4,0.5,4,0,40.67489999579266
transition_warm,0.25,4,0.5,4,0,35.36400001030415
transition_first,0.25,4,0.5,4,1,32.40879997611046
transition_warm,0.25,4,0.5,4,1,31.55539999715984
transition_first,0.25,4,0.5,4,2,34.71660002833232
transition_warm,0.25,4,0.5,4,2,29.5742999878712
transition_first,0.25,4,0.5,4,3,33.186899963766336
transition_warm,0.25,4,0.5,4,3,44.07890001311898
transition_first,0.25,4,0.5,4,4,30.407299986109138
transition_warm,0.25,4,0.5,4,4,30.794800026342273
transition_first,0.25,4,0.5,4,5,28.72699999716133
transition_warm,0.25,4,0.5,4,5,29.311500024050474
transition_first,0.25,4,0.5,4,6,32.1686000097543
transition_warm,0.25,4,0.5,4,6,36.751899984665215
transition_first,0.25,4,0.5,4,7,28.49450003122911
transition_warm,0.25,4,0.5,4,7,39.43440003786236
transition_first,0.25,4,0.5,4,8,30.530399992130697
transition_warm,0.25,4,0.5,4,8,33.84569997433573
transition_first,0.25,4,0.5,4,9,41.77549999440089
transition_warm,0.25,4,0.5,4,9,33.50100002717227
transition_first,1.0,8,0.25,32,0,11.763199989218265
transition_warm,1.0,8,0.25,32,0,13.463200011756271
transition_first,1.0,8,0.25,32,1,12.888299999758601
transition_warm,1.0,8,0.25,32,1,12.870099977590144
transition_first,1.0,8,0.25,32,2,13.128100021276623
transition_warm,1.0,8,0.25,32,2,14.714099990669638
transition_first,1.0,8,0.25,32,3,9.642000019084662
transition_warm,1.0,8,0.25,32,3,10.707200039178133
transition_first,1.0,8,0.25,32,4,11.892499984242022
transition_warm,1.0,8,0.25,32,4,9.371399995870888
transition_first,1.0,8,0.25,32,5,12.774900009389967
transition_warm,1.0,8,0.25,32,5,14.741700026206672
transition_first,1.0,8,0.25,32,6,13.560899998992682
transition_warm,1.0,8,0.25,32,6,8.82590003311634
transition_first,1.0,8,0.25,32,7,10.164299979805946
transition_warm,1.0,8,0.25,32,7,10.146700020413846
transition_first,1.0,8,0.25,32,8,10.478799988050014
transition_warm,1.0,8,0.25,32,8,12.324200011789799
transition_first,1.0,8,0.25,32,9,10.3815000038594
transition_warm,1.0,8,0.25,32,9,11.226499977055937
transition_first,0.5,16,0.75,8,0,31.048999982886016
transition_warm,0.5,16,0.75,8,0,28.6010000272654
transition_first,0.5,16,0.75,8,1,34.56930001266301
transition_warm,0.5,16,0.75,8,1,28.683400014415383
transition_first,0.5,16,0.75,8,2,30.118700000457466
transition_warm,0.5,16,0.75,8,2,33.33350003231317
transition_first,0.5,16,0.75,8,3,33.63369998987764
transition_warm,0.5,16,0.75,8,3,33.869200036861
transition_first,0.5,16,0.75,8,4,28.35609996691346
transition_warm,0.5,16,0.75,8,4,32.54349995404482
transition_first,0.5,16,0.75,8,5,26.513899967540056
transition_warm,0.5,16,0.75,8,5,31.199199962429702
transition_first,0.5,16,0.75,8,6,30.561899999156594
transition_warm,0.5,16,0.75,8,6,32.47999999439344
transition_first,0.5,16,0.75,8,7,33.25580002274364
transition_warm,0.5,16,0.75,8,7,31.104499998036772
transition_first,0.5,16,0.75,8,8,30.77870002016425
transition_warm,0.5,16,0.75,8,8,30.697599984705448
transition_first,0.5,16,0.75,8,9,37.02210000483319
transition_warm,0.5,16,0.75,8,9,36.03830002248287
transition_first,0.25,16,0.75,32,0,14.449900016188622
transition_warm,0.25,16,0.75,32,0,10.126399982254952
transition_first,0.25,16,0.75,32,1,15.026099979877472
transition_warm,0.25,16,0.75,32,1,15.028800000436604
transition_first,0.25,16,0.75,32,2,10.053900012280792
transition_warm,0.25,16,0.75,32,2,10.371000040322542
transition_first,0.25,16,0.75,32,3,14.087499992456287
transition_warm,0.25,16,0.75,32,3,10.085000016260892
transition_first,0.25,16,0.75,32,4,10.139300022274256
transition_warm,0.25,16,0.75,32,4,10.692099982406944
transition_first,0.25,16,0.75,32,5,11.955599999055266
transition_warm,0.25,16,0.75,32,5,11.867799970787019
transition_first,0.25,16,0.75,32,6,11.567700013983995
transition_warm,0.25,16,0.75,32,6,13.397300033830106
transition_first,0.25,16,0.75,32,7,12.665699992794544
transition_warm,0.25,16,0.75,32,7,12.664499983657151
transition_first,0.25,16,0.75,32,8,10.118899983353913
transition_warm,0.25,16,0.75,32,8,9.699399990495294
transition_first,0.25,16,0.75,32,9,10.024899966083467
transition_warm,0.25,16,0.75,32,9,11.117500020191073
transition_first,1.0,8,0.5,4,0,41.814399999566376
transition_warm,1.0,8,0.5,4,0,35.48929997486994
transition_first,1.0,8,0.5,4,1,29.61879997747019
transition_warm,1.0,8,0.5,4,1,33.129299990832806
transition_first,1.0,8,0.5,4,2,33.61810004571453
transition_warm,1.0,8,0.5,4,2,41.34379996685311
transition_first,1.0,8,0.5,4,3,30.583699990529567
transition_warm,1.0,8,0.5,4,3,31.54029999859631
transition_first,1.0,8,0.5,4,4,33.71479996712878
transition_warm,1.0,8,0.5,4,4,31.441900006029755
transition_first,1.0,8,0.5,4,5,28.305199986789376
transition_warm,1.0,8,0.5,4,5,31.662800000049174
transition_first,1.0,8,0.5,4,6,34.9786999868229
transition_warm,1.0,8,0.5,4,6,26.540699996985495
transition_first,1.0,8,0.5,4,7,33.26830000150949
transition_warm,1.0,8,0.5,4,7,34.88849999848753
transition_first,1.0,8,0.5,4,8,29.969099967274815
transition_warm,1.0,8,0.5,4,8,44.709499983582646
transition_first,1.0,8,0.5,4,9,29.813400004059076
transition_warm,1.0,8,0.5,4,9,37.32460003811866
transition_first,0.75,8,0.25,32,0,9.779600019101053
transition_warm,0.75,8,0.25,32,0,10.118999984115362
transition_first,0.75,8,0.25,32,1,12.097000028006732
transition_warm,0.75,8,0.25,32,1,9.671600011643022
transition_first,0.75,8,0.25,32,2,10.733000002801418
transition_warm,0.75,8,0.25,32,2,10.623800044413656
transition_first,0.75,8,0.25,32,3,12.945999973453581
transition_warm,0.75,8,0.25,32,3,12.531600019428879
transition_first,0.75,8,0.25,32,4,10.21730003412813
transition_warm,0.75,8,0.25,32,4,15.047000022605062
transition_first,0.75,8,0.25,32,5,14.050900004804134
transition_warm,0.75,8,0.25,32,5,12.492500012740493
transition_first,0.75,8,0.25,32,6,9.155900042969733
transition_warm,0.75,8,0.25,32,6,11.664200050290674
transition_first,0.75,8,0.25,32,7,10.472699999809265
transition_warm,0.75,8,0.25,32,7,10.303599992766976
transition_first,0.75,8,0.25,32,8,17.239600012544543
transition_warm,0.75,8,0.25,32,8,13.497899984940886
transition_first,0.75,8,0.25,32,9,10.94010000815615
transition_warm,0.75,8,0.25,32,9,10.535300010815263
transition_first,0.5,8,1.0,32,0,9.998099994845688
transition_warm,0.5,8,1.0,32,0,29.505299986340106
transition_first,0.5,8,1.0,32,1,17.164000018965453
transition_warm,0.5,8,1.0,32,1,10.343300004024059
transition_first,0.5,8,1.0,32,2,15.678900002967566
transition_warm,0.5,8,1.0,32,2,14.533599955029786
transition_first,0.5,8,1.0,32,3,11.446500022429973
transition_warm,0.5,8,1.0,32,3,10.286700038705021
transition_first,0.5,8,1.0,32,4,10.83360001211986
transition_warm,0.5,8,1.0,32,4,10.505699960049242
transition_first,0.5,8,1.0,32,5,11.961599986534566
transition_warm,0.5,8,1.0,32,5,10.550100007094443
transition_first,0.5,8,1.0,32,6,12.032500002533197
transition_warm,0.5,8,1.0,32,6,12.811799999326468
transition_first,0.5,8,1.0,32,7,14.473000017460436
transition_warm,0.5,8,1.0,32,7,12.418199970852584
transition_first,0.5,8,1.0,32,8,11.83219999074936
transition_warm,0.5,8,1.0,32,8,13.135800021700561
transition_first,0.5,8,1.0,32,9,10.217500035651028
transition_warm,0.5,8,1.0,32,9,10.410299990326166
transition_first,0.25,32,1.0,16,0,35.458399972412735
transition_warm,0.25,32,1.0,16,0,32.353200018405914
transition_first,0.25,32,1.0,16,1,36.96590004255995
transition_warm,0.25,32,1.0,16,1,36.666200030595064
transition_first,0.25,32,1.0,16,2,38.29170000972226
transition_warm,0.25,32,1.0,16,2,37.43319999193773
transition_first,0.25,32,1.0,16,3,38.02510001696646
transition_warm,0.25,32,1.0,16,3,33.462800027336925
transition_first,0.25,32,1.0,16,4,38.08719996595755
transition_warm,0.25,32,1.0,16,4,32.043399987742305
transition_first,0.25,32,1.0,16,5,36.48549999343231
transition_warm,0.25,32,1.0,16,5,33.85810001054779
transition_first,0.25,32,1.0,16,6,37.81619999790564
transition_warm,0.25,32,1.0,16,6,43.41859999112785
transition_first,0.25,32,1.0,16,7,40.06239998852834
transition_warm,0.25,32,1.0,16,7,35.345199983567
transition_first,0.25,32,1.0,16,8,51.28119996516034
transition_warm,0.25,32,1.0,16,8,43.04630000842735
transition_first,0.25,32,1.0,16,9,32.62729995185509
transition_warm,0.25,32,1.0,16,9,34.11520004738122
transition_first,0.25,16,0.75,8,0,31.822400051169097
transition_warm,0.25,16,0.75,8,0,36.01809998508543
transition_first,0.25,16,0.75,8,1,29.67219997663051
transition_warm,0.25,16,0.75,8,1,32.945800048764795
transition_first,0.25,16,0.75,8,2,31.79819998331368
transition_warm,0.25,16,0.75,8,2,31.04089997941628
transition_first,0.25,16,0.75,8,3,33.57429994503036
transition_warm,0.25,16,0.75,8,3,31.11079998780042
transition_first,0.25,16,0.75,8,4,30.808200011961162
transition_warm,0.25,16,0.75,8,4,31.967899994924664
transition_first,0.25,16,0.75,8,5,36.194799991790205
transition_warm,0.25,16,0.75,8,5,40.02559999935329
transition_first,0.25,16,0.75,8,6,33.490800007712096
transition_warm,0.25,16,0.75,8,6,33.02920004352927
transition_first,0.25,16,0.75,8,7,31.87400003662333
transition_warm,0.25,16,0.75,8,7,32.690999971237034
transition_first,0.25,16,0.75,8,8,33.95710000768304
transition_warm,0.25,16,0.75,8,8,47.69440001109615
transition_first,0.25,16,0.75,8,9,31.575499975588173
transition_warm,0.25,16,0.75,8,9,29.46019999217242
transition_first,1.0,32,1.0,4,0,46.835799992550164
transition_warm,1.0,32,1.0,4,0,53.278000035788864
transition_first,1.0,32,1.0,4,1,35.90540000004694
transition_warm,1.0,32,1.0,4,1,39.37860002042726
transition_first,1.0,32,1.0,4,2,34.47399998549372
transition_warm,1.0,32,1.0,4,2,36.09959996538237
transition_first,1.0,32,1.0,4,3,32.55110001191497
transition_warm,1.0,32,1.0,4,3,35.691299999598414
transition_first,1.0,32,1.0,4,4,33.17300003254786
transition_warm,1.0,32,1.0,4,4,34.55559996655211
transition_first,1.0,32,1.0,4,5,39.7324999794364
transition_warm,1.0,32,1.0,4,5,37.029099999926984
transition_first,1.0,32,1.0,4,6,37.44649997679517
transition_warm,1.0,32,1.0,4,6,38.390600006096065
transition_first,1.0,32,1.0,4,7,34.692400018684566
transition_warm,1.0,32,1.0,4,7,33.06970000267029
transition_first,1.0,32,1.0,4,8,31.48110001347959
transition_warm,1.0,32,1.0,4,8,32.51809999346733
transition_first,1.0,32,1.0,4,9,35.45620001386851
transition_warm,1.0,32,1.0,4,9,31.94650000659749
transition_first,0.5,8,0.25,16,0,34.80610001133755
transition_warm,0.5,8,0.25,16,0,31.35820000898093
transition_first,0.5,8,0.25,16,1,42.99940000055358
transition_warm,0.5,8,0.25,16,1,42.383500025607646
transition_first,0.5,8,0.25,16,2,37.54099999787286
transition_warm,0.5,8,0.25,16,2,39.14499998791143
transition_first,0.5,8,0.25,16,3,38.64290000637993
transition_warm,0.5,8,0.25,16,3,39.41939998185262
transition_first,0.5,8,0.25,16,4,36.62339999573305
transition_warm,0.5,8,0.25,16,4,37.488500005565584
transition_first,0.5,8,0.25,16,5,38.55990001466125
transition_warm,0.5,8,0.25,16,5,46.500900003593415
transition_first,0.5,8,0.25,16,6,33.90480001689866
transition_warm,0.5,8,0.25,16,6,36.13500000210479
transition_first,0.5,8,0.25,16,7,49.70750003121793
transition_warm,0.5,8,0.25,16,7,49.08840003190562
transition_first,0.5,8,0.25,16,8,44.226499972864985
transition_warm,0.5,8,0.25,16,8,38.95449999254197
transition_first,0.5,8,0.25,16,9,45.93170003499836
transition_warm,0.5,8,0.25,16,9,38.71689998777583
transition_first,1.0,32,0.75,8,0,37.094300030730665
transition_warm,1.0,32,0.75,8,0,44.044299982488155
transition_first,1.0,32,0.75,8,1,36.6548000019975
transition_warm,1.0,32,0.75,8,1,34.4772000098601
transition_first,1.0,32,0.75,8,2,44.27830001804978
transition_warm,1.0,32,0.75,8,2,38.31329999957234
transition_first,1.0,32,0.75,8,3,36.997699993662536
transition_warm,1.0,32,0.75,8,3,36.233199993148446
transition_first,1.0,32,0.75,8,4,31.78049996495247
transition_warm,1.0,32,0.75,8,4,44.5179000380449
transition_first,1.0,32,0.75,8,5,37.13780001271516
transition_warm,1.0,32,0.75,8,5,36.20180004509166
transition_first,1.0,32,0.75,8,6,35.23099998710677
transition_warm,1.0,32,0.75,8,6,35.84919997956604
transition_first,1.0,32,0.75,8,7,37.96859999420121
transition_warm,1.0,32,0.75,8,7,34.120599972084165
transition_first,1.0,32,0.75,8,8,38.412800000514835
transition_warm,1.0,32,0.75,8,8,35.8981000026688
transition_first,1.0,32,0.75,8,9,46.45150003489107
transition_warm,1.0,32,0.75,8,9,37.97910001594573
transition_first,0.75,32,0.5,8,0,53.28769999323413
transition_warm,0.75,32,0.5,8,0,40.504599979612976
transition_first,0.75,32,0.5,8,1,38.41959999408573
transition_warm,0.75,32,0.5,8,1,37.904399971012026
transition_first,0.75,32,0.5,8,2,39.8249999852851
transition_warm,0.75,32,0.5,8,2,44.06260000541806
transition_first,0.75,32,0.5,8,3,33.05109997745603
transition_warm,0.75,32,0.5,8,3,31.72110003652051
transition_first,0.75,32,0.5,8,4,31.34159999899566
transition_warm,0.75,32,0.5,8,4,29.30039999773726
transition_first,0.75,32,0.5,8,5,32.95520000392571
transition_warm,0.75,32,0.5,8,5,29.893899976741523
transition_first,0.75,32,0.5,8,6,38.10090001206845
transition_warm,0.75,32,0.5,8,6,37.26529999403283
transition_first,0.75,32,0.5,8,7,36.85490001225844
transition_warm,0.75,32,0.5,8,7,33.142799977213144
transition_first,0.75,32,0.5,8,8,30.25429998524487
transition_warm,0.75,32,0.5,8,8,32.68450003815815
transition_first,0.75,32,0.5,8,9,30.247500049881637
transition_warm,0.75,32,0.5,8,9,32.94180001830682
transition_first,0.25,16,0.5,4,0,32.14690001914278
transition_warm,0.25,16,0.5,4,0,44.36319996602833
transition_first,0.25,16,0.5,4,1,36.70649998821318
transition_warm,0.25,16,0.5,4,1,38.65260002203286
transition_first,0.25,16,0.5,4,2,29.834800050593913
transition_warm,0.25,16,0.5,4,2,31.253499968443066
transition_first,0.25,16,0.5,4,3,29.438400000799447
transition_warm,0.25,16,0.5,4,3,28.038799995556474
transition_first,0.25,16,0.5,4,4,33.41179998824373
transition_warm,0.25,16,0.5,4,4,37.52030001487583
transition_first,0.25,16,0.5,4,5,36.27729997970164
transition_warm,0.25,16,0.5,4,5,32.18320000451058
transition_first,0.25,16,0.5,4,6,30.647800012957305
transition_warm,0.25,16,0.5,4,6,29.934999998658895
transition_first,0.25,16,0.5,4,7,30.82599997287616
transition_warm,0.25,16,0.5,4,7,37.07870002835989
transition_first,0.25,16,0.5,4,8,43.42910001287237
transition_warm,0.25,16,0.5,4,8,43.136199994478375
transition_first,0.25,16,0.5,4,9,30.026000051293522
transition_warm,0.25,16,0.5,4,9,53.96839999593794
transition_first,0.75,4,1.0,8,0,34.79969996260479
transition_warm,0.75,4,1.0,8,0,35.40290001546964
transition_first,0.75,4,1.0,8,1,37.497000012081116
transition_warm,0.75,4,1.0,8,1,36.74259997205809
transition_first,0.75,4,1.0,8,2,35.45070003019646
transition_warm,0.75,4,1.0,8,2,51.5478000161238
transition_first,0.75,4,1.0,8,3,38.71689998777583
transition_warm,0.75,4,1.0,8,3,35.39849998196587
transition_first,0.75,4,1.0,8,4,36.27669997513294
transition_warm,0.75,4,1.0,8,4,42.771700012963265
transition_first,0.75,4,1.0,8,5,31.32690000347793
transition_warm,0.75,4,1.0,8,5,47.049300046637654
transition_first,0.75,4,1.0,8,6,39.230800000950694
transition_warm,0.75,4,1.0,8,6,37.11540001677349
transition_first,0.75,4,1.0,8,7,35.34070000750944
transition_warm,0.75,4,1.0,8,7,32.9508000286296
transition_first,0.75,4,1.0,8,8,33.298199996352196
transition_warm,0.75,4,1.0,8,8,32.90210000704974
transition_first,0.75,4,1.0,8,9,39.32919999351725
transition_warm,0.75,4,1.0,8,9,36.635699972976
transition_first,1.0,32,0.25,16,0,30.96239996375516
transition_warm,1.0,32,0.25,16,0,27.946599991992116
transition_first,1.0,32,0.25,16,1,34.17279996210709
transition_warm,1.0,32,0.25,16,1,26.862500002607703
transition_first,1.0,32,0.25,16,2,30.437399982474744
transition_warm,1.0,32,0.25,16,2,33.86100003262982
transition_first,1.0,32,0.25,16,3,51.1689999839291
transition_warm,1.0,32,0.25,16,3,38.67099998751655
transition_first,1.0,32,0.25,16,4,30.265599954873323
transition_warm,1.0,32,0.25,16,4,38.39590004645288
transition_first,1.0,32,0.25,16,5,32.50460000708699
transition_warm,1.0,32,0.25,16,5,28.052100038621575
transition_first,1.0,32,0.25,16,6,37.24620002321899
transition_warm,1.0,32,0.25,16,6,33.854200039058924
transition_first,1.0,32,0.25,16,7,39.23689998919144
transition_warm,1.0,32,0.25,16,7,38.0585000384599
transition_first,1.0,32,0.25,16,8,35.92009999556467
transition_warm,1.0,32,0.25,16,8,26.441299996804446
transition_first,1.0,32,0.25,16,9,32.78069995576516
transition_warm,1.0,32,0.25,16,9,35.141300002578646
transition_first,0.75,16,0.25,4,0,27.807499980553985
transition_warm,0.75,16,0.25,4,0,32.14770002523437
transition_first,0.75,16,0.25,4,1,36.35870001744479
transition_warm,0.75,16,0.25,4,1,33.62510004080832
transition_first,0.75,16,0.25,4,2,33.26489997562021
transition_warm,0.75,16,0.25,4,2,35.06189998006448
transition_first,0.75,16,0.25,4,3,34.041900013107806
transition_warm,0.75,16,0.25,4,3,34.882000007200986
transition_first,0.75,16,0.25,4,4,35.600600007455796
transition_warm,0.75,16,0.25,4,4,42.551200021989644
transition_first,0.75,16,0.25,4,5,38.844099966809154
transition_warm,0.75,16,0.25,4,5,33.28309999778867
transition_first,0.75,16,0.25,4,6,32.60390000650659
transition_warm,0.75,16,0.25,4,6,27.658200007863343
transition_first,0.75,16,0.25,4,7,33.72850001323968
transition_warm,0.75,16,0.25,4,7,39.08580000279471
transition_first,0.75,16,0.25,4,8,36.0480000381358
transition_warm,0.75,16,0.25,4,8,30.73310002218932
transition_first,0.75,16,0.25,4,9,34.56479997839779
transition_warm,0.75,16,0.25,4,9,32.34460001112893
transition_first,0.5,4,0.5,16,0,42.149399989284575
transition_warm,0.5,4,0.5,16,0,40.898699953686446
transition_first,0.5,4,0.5,16,1,31.613999977707863
transition_warm,0.5,4,0.5,16,1,37.8964000265114
transition_first,0.5,4,0.5,16,2,35.47750000143424
transition_warm,0.5,4,0.5,16,2,34.972699999343604
transition_first,0.5,4,0.5,16,3,29.472999973222613
transition_warm,0.5,4,0.5,16,3,28.274199983570725
transition_first,0.5,4,0.5,16,4,35.568299994338304
transition_warm,0.5,4,0.5,16,4,28.32529996521771
transition_first,0.5,4,0.5,16,5,32.25300001213327
transition_warm,0.5,4,0.5,16,5,41.96320002665743
transition_first,0.5,4,0.5,16,6,35.931100021116436
transition_warm,0.5,4,0.5,16,6,32.99510001670569
transition_first,0.5,4,0.5,16,7,36.809499957598746
transition_warm,0.5,4,0.5,16,7,28.62729999469593
transition_first,0.5,4,0.5,16,8,31.62159997737035
transition_warm,0.5,4,0.5,16,8,28.09000003617257
transition_first,0.5,4,0.5,16,9,32.280299987178296
transition_warm,0.5,4,0.5,16,9,27.566200005821884
transition_first,1.0,16,0.5,8,0,33.2726999768056
transition_warm,1.0,16,0.5,8,0,38.55699999257922
transition_first,1.0,16,0.5,8,1,26.14719996927306
transition_warm,1.0,16,0.5,8,1,34.72039999905974
transition_first,1.0,16,0.5,8,2,34.20170000754297
transition_warm,1.0,16,0.5,8,2,32.566600013524294
transition_first,1.0,16,0.5,8,3,29.49290000833571
transition_warm,1.0,16,0.5,8,3,28.43670005677268
transition_first,1.0,16,0.5,8,4,31.41910000704229
transition_warm,1.0,16,0.5,8,4,34.985899983439595
transition_first,1.0,16,0.5,8,5,34.21740001067519
transition_warm,1.0,16,0.5,8,5,29.650800046510994
transition_first,1.0,16,0.5,8,6,43.72110002441332
transition_warm,1.0,16,0.5,8,6,38.497400004416704
transition_first,1.0,16,0.5,8,7,26.64550003828481
transition_warm,1.0,16,0.5,8,7,38.53369998978451
transition_first,1.0,16,0.5,8,8,27.126300032250583
transition_warm,1.0,16,0.5,8,8,30.38790001301095
transition_first,1.0,16,0.5,8,9,35.854100016877055
transition_warm,1.0,16,0.5,8,9,33.714800025336444
transition_first,0.75,8,0.5,32,0,13.431600003968924
transition_warm,0.75,8,0.5,32,0,12.618299981113523
transition_first,0.75,8,0.5,32,1,11.59349997760728
transition_warm,0.75,8,0.5,32,1,10.101699968799949
transition_first,0.75,8,0.5,32,2,15.639399993233383
transition_warm,0.75,8,0.5,32,2,10.479199991095811
transition_first,0.75,8,0.5,32,3,12.61579996207729
transition_warm,0.75,8,0.5,32,3,12.783900019712746
transition_first,0.75,8,0.5,32,4,12.642300047446042
transition_warm,0.75,8,0.5,32,4,11.744400020688772
transition_first,0.75,8,0.5,32,5,12.956899998243898
transition_warm,0.75,8,0.5,32,5,12.650999997276813
transition_first,0.75,8,0.5,32,6,11.770600045565516
transition_warm,0.75,8,0.5,32,6,10.593599989078939
transition_first,0.75,8,0.5,32,7,9.999800007790327
transition_warm,0.75,8,0.5,32,7,12.379699968732893
transition_first,0.75,8,0.5,32,8,13.100999989546835
transition_warm,0.75,8,0.5,32,8,12.742799997795373
transition_first,0.75,8,0.5,32,9,13.745600008405745
transition_warm,0.75,8,0.5,32,9,13.105300022289157
transition_first,0.25,32,0.75,32,0,11.71059999614954
transition_warm,0.25,32,0.75,32,0,10.143699997570366
transition_first,0.25,32,0.75,32,1,10.905599978286773
transition_warm,0.25,32,0.75,32,1,10.712700022850186
transition_first,0.25,32,0.75,32,2,12.912800011690706
transition_warm,0.25,32,0.75,32,2,12.988600006792694
transition_first,0.25,32,0.75,32,3,9.967299993149936
transition_warm,0.25,32,0.75,32,3,14.223100035451353
transition_first,0.25,32,0.75,32,4,13.03370000096038
transition_warm,0.25,32,0.75,32,4,12.220899981912225
transition_first,0.25,32,0.75,32,5,10.119300044607371
transition_warm,0.25,32,0.75,32,5,11.227999988477677
transition_first,0.25,32,0.75,32,6,19.49929998954758
transition_warm,0.25,32,0.75,32,6,15.15990000916645
transition_first,0.25,32,0.75,32,7,12.848899990785867
transition_warm,0.25,32,0.75,32,7,10.407499969005585
transition_first,0.25,32,0.75,32,8,11.309699970297515
transition_warm,0.25,32,0.75,32,8,10.729700035881251
transition_first,0.25,32,0.75,32,9,10.478099982719868
transition_warm,0.25,32,0.75,32,9,10.172799986321479
transition_first,0.75,4,0.5,32,0,16.065599978901446
transition_warm,0.75,4,0.5,32,0,13.199799985159189
transition_first,0.75,4,0.5,32,1,13.037400029134005
transition_warm,0.75,4,0.5,32,1,12.37740000942722
transition_first,0.75,4,0.5,32,2,13.806700007990003
transition_warm,0.75,4,0.5,32,2,12.731099966913462
transition_first,0.75,4,0.5,32,3,17.7657000022009
transition_warm,0.75,4,0.5,32,3,12.731199967674911
transition_first,0.75,4,0.5,32,4,11.490900011267513
transition_warm,0.75,4,0.5,32,4,11.431200022343546
transition_first,0.75,4,0.5,32,5,12.588399986270815
transition_warm,0.75,4,0.5,32,5,11.686699988786131
transition_first,0.75,4,0.5,32,6,13.898400007747114
transition_warm,0.75,4,0.5,32,6,14.270499988924712
transition_first,0.75,4,0.5,32,7,13.325300009455532
transition_warm,0.75,4,0.5,32,7,10.65999997081235
transition_first,0.75,4,0.5,32,8,11.932499997783452
transition_warm,0.75,4,0.5,32,8,13.323499995749444
transition_first,0.75,4,0.5,32,9,11.412100051529706
transition_warm,0.75,4,0.5,32,9,10.996799974236637
transition_first,0.25,16,0.25,4,0,34.593500022310764
transition_warm,0.25,16,0.25,4,0,36.86029999516904
transition_first,0.25,16,0.25,4,1,27.93099998962134
transition_warm,0.25,16,0.25,4,1,28.512899996712804
transition_first,0.25,16,0.25,4,2,31.84549999423325
transition_warm,0.25,16,0.25,4,2,31.849700026214123
transition_first,0.25,16,0.25,4,3,29.384099994786084
transition_warm,0.25,16,0.25,4,3,27.696299948729575
transition_first,0.25,16,0.25,4,4,28.544100001454353
transition_warm,0.25,16,0.25,4,4,33.44309999374673
transition_first,0.25,16,0.25,4,5,34.95260002091527
transition_warm,0.25,16,0.25,4,5,29.857799992896616
transition_first,0.25,16,0.25,4,6,33.80709997145459
transition_warm,0.25,16,0.25,4,6,29.35670001897961
transition_first,0.25,16,0.25,4,7,28.847899986431003
transition_warm,0.25,16,0.25,4,7,30.462399998214096
transition_first,0.25,16,0.25,4,8,28.95350003382191
transition_warm,0.25,16,0.25,4,8,30.0279000075534
transition_first,0.25,16,0.25,4,9,30.08230001432821
transition_warm,0.25,16,0.25,4,9,28.12239999184385
transition_first,0.75,32,1.0,16,0,37.974500039126724
transition_warm,0.75,32,1.0,16,0,34.882300009485334
transition_first,0.75,32,1.0,16,1,32.84129995154217
transition_warm,0.75,32,1.0,16,1,45.3292999882251
transition_first,0.75,32,1.0,16,2,34.019800019450486
transition_warm,0.75,32,1.0,16,2,47.511200013104826
transition_first,0.75,32,1.0,16,3,34.21610000077635
transition_warm,0.75,32,1.0,16,3,37.78050001710653
transition_first,0.75,32,1.0,16,4,33.981199958361685
transition_warm,0.75,32,1.0,16,4,42.63480001827702
transition_first,0.75,32,1.0,16,5,34.82950001489371
transition_warm,0.75,32,1.0,16,5,38.90439996030182
transition_first,0.75,32,1.0,16,6,45.22919998271391
transition_warm,0.75,32,1.0,16,6,51.551799988374114
transition_first,0.75,32,1.0,16,7,36.32750001270324
transition_warm,0.75,32,1.0,16,7,34.965300001204014
transition_first,0.75,32,1.0,16,8,54.97840000316501
transition_warm,0.75,32,1.0,16,8,39.06979999737814
transition_first,0.75,32,1.0,16,9,37.83079999266192
transition_warm,0.75,32,1.0,16,9,36.67969995876774
transition_first,0.25,4,0.75,32,0,16.4309999672696
transition_warm,0.25,4,0.75,32,0,11.268300004303455
transition_first,0.25,4,0.75,32,1,12.789800006430596
transition_warm,0.25,4,0.75,32,1,9.318900003563613
transition_first,0.25,4,0.75,32,2,11.586399981752038
transition_warm,0.25,4,0.75,32,2,11.25420001335442
transition_first,0.25,4,0.75,32,3,10.823400050867349
transition_warm,0.25,4,0.75,32,3,11.38769998215139
transition_first,0.25,4,0.75,32,4,11.692700034473091
transition_warm,0.25,4,0.75,32,4,14.10629996098578
transition_first,0.25,4,0.75,32,5,12.169599998742342
transition_warm,0.25,4,0.75,32,5,15.954100003000349
transition_first,0.25,4,0.75,32,6,10.492600034922361
transition_warm,0.25,4,0.75,32,6,12.582700001075864
transition_first,0.25,4,0.75,32,7,12.514200003352016
transition_warm,0.25,4,0.75,32,7,13.416500005405396
transition_first,0.25,4,0.75,32,8,10.84539998555556
transition_warm,0.25,4,0.75,32,8,9.466999967116863
transition_first,0.25,4,0.75,32,9,11.0765999997966
transition_warm,0.25,4,0.75,32,9,10.604800016153604
transition_first,0.5,8,0.75,16,0,32.07280003698543
transition_warm,0.5,8,0.75,16,0,28.761799971107394
transition_first,0.5,8,0.75,16,1,28.417499968782067
transition_warm,0.5,8,0.75,16,1,44.29599997820333
transition_first,0.5,8,0.75,16,2,35.396300023421645
transition_warm,0.5,8,0.75,16,2,28.04649999598041
transition_first,0.5,8,0.75,16,3,32.27870003320277
transition_warm,0.5,8,0.75,16,3,28.73999997973442
transition_first,0.5,8,0.75,16,4,35.96470004413277
transition_warm,0.5,8,0.75,16,4,30.56679997825995
transition_first,0.5,8,0.75,16,5,30.88529995875433
transition_warm,0.5,8,0.75,16,5,33.603499992750585
transition_first,0.5,8,0.75,16,6,34.614100004546344
transition_warm,0.5,8,0.75,16,6,35.84910003701225
transition_first,0.5,8,0.75,16,7,35.49669997300953
transition_warm,0.5,8,0.75,16,7,36.78049996960908
transition_first,0.5,8,0.75,16,8,45.05289997905493
transition_warm,0.5,8,0.75,16,8,33.61470001982525
transition_first,0.5,8,0.75,16,9,35.74210003716871
transition_warm,0.5,8,0.75,16,9,54.01449999772012
transition_first,0.75,16,0.25,16,0,31.825399957597256
transition_warm,0.75,16,0.25,16,0,27.593899983912706
transition_first,0.75,16,0.25,16,1,29.536499991081655
transition_warm,0.75,16,0.25,16,1,28.334999980870634
transition_first,0.75,16,0.25,16,2,37.62719995575026
transition_warm,0.75,16,0.25,16,2,32.53749996656552
transition_first,0.75,16,0.25,16,3,32.950200024060905
transition_warm,0.75,16,0.25,16,3,29.47240002686158
transition_first,0.75,16,0.25,16,4,29.82610004255548
transition_warm,0.75,16,0.25,16,4,33.84469996672124
transition_first,0.75,16,0.25,16,5,36.76210000412539
transition_warm,0.75,16,0.25,16,5,35.80920002423227
transition_first,0.75,16,0.25,16,6,33.74680003616959
transition_warm,0.75,16,0.25,16,6,31.923000002279878
transition_first,0.75,16,0.25,16,7,27.843199961353093
transition_warm,0.75,16,0.25,16,7,34.59809999912977
transition_first,0.75,16,0.25,16,8,32.96969999792054
transition_warm,0.75,16,0.25,16,8,31.239999982062727
transition_first,0.75,16,0.25,16,9,29.02590000303462
transition_warm,0.75,16,0.25,16,9,31.888799974694848
transition_first,0.75,4,1.0,32,0,11.142499977722764
transition_warm,0.75,4,1.0,32,0,14.040099980775267
transition_first,0.75,4,1.0,32,1,12.253900000359863
transition_warm,0.75,4,1.0,32,1,10.758699965663254
transition_first,0.75,4,1.0,32,2,16.775299969594926
transition_warm,0.75,4,1.0,32,2,9.214899968355894
transition_first,0.75,4,1.0,32,3,11.874000017996877
transition_warm,0.75,4,1.0,32,3,13.538300001528114
transition_first,0.75,4,1.0,32,4,9.15490003535524
transition_warm,0.75,4,1.0,32,4,10.522599972318858
transition_first,0.75,4,1.0,32,5,10.619600012432784
transition_warm,0.75,4,1.0,32,5,13.019499951042235
transition_first,0.75,4,1.0,32,6,10.699699982069433
transition_warm,0.75,4,1.0,32,6,8.701700018718839
transition_first,0.75,4,1.0,32,7,11.942599958274513
transition_warm,0.75,4,1.0,32,7,11.578399979043752
transition_first,0.75,4,1.0,32,8,11.87210000352934
transition_warm,0.75,4,1.0,32,8,12.05869996920228
transition_first,0.75,4,1.0,32,9,12.000499991700053
transition_warm,0.75,4,1.0,32,9,11.754499981179833
transition_first,0.25,32,1.0,32,0,9.710000013001263
transition_warm,0.25,32,1.0,32,0,9.522600041236728
transition_first,0.25,32,1.0,32,1,9.90599999204278
transition_warm,0.25,32,1.0,32,1,10.072800039779395
transition_first,0.25,32,1.0,32,2,11.985000048298389
transition_warm,0.25,32,1.0,32,2,9.698399982880801
transition_first,0.25,32,1.0,32,3,9.307900036219507
transition_warm,0.25,32,1.0,32,3,9.612299967557192
transition_first,0.25,32,1.0,32,4,10.969499999191612
transition_warm,0.25,32,1.0,32,4,9.036600007675588
transition_first,0.25,32,1.0,32,5,9.76819999050349
transition_warm,0.25,32,1.0,32,5,10.6425000121817
transition_first,0.25,32,1.0,32,6,11.723500036168844
transition_warm,0.25,32,1.0,32,6,11.708699981682003
transition_first,0.25,32,1.0,32,7,10.333799989894032
transition_warm,0.25,32,1.0,32,7,9.697400033473969
transition_first,0.25,32,1.0,32,8,9.469399985391647
transition_warm,0.25,32,1.0,32,8,10.018999979365617
transition_first,0.25,32,1.0,32,9,11.595399992074817
transition_warm,0.25,32,1.0,32,9,9.842699975706637
transition_first,0.5,16,0.5,32,0,13.469800003804266
transition_warm,0.5,16,0.5,32,0,10.518900002352893
transition_first,0.5,16,0.5,32,1,12.46910000918433
transition_warm,0.5,16,0.5,32,1,12.514800007920712
transition_first,0.5,16,0.5,32,2,10.562999988906085
transition_warm,0.5,16,0.5,32,2,9.557400015182793
transition_first,0.5,16,0.5,32,3,13.809300027787685
transition_warm,0.5,16,0.5,32,3,14.715800003614277
transition_first,0.5,16,0.5,32,4,12.519899988546968
transition_warm,0.5,16,0.5,32,4,13.263800006825477
transition_first,0.5,16,0.5,32,5,12.575399945490062
transition_warm,0.5,16,0.5,32,5,11.510400043334812
transition_first,0.5,16,0.5,32,6,10.72680001379922
transition_warm,0.5,16,0.5,32,6,10.981300030834973
transition_first,0.5,16,0.5,32,7,11.248699971474707
transition_warm,0.5,16,0.5,32,7,11.414800013881177
transition_first,0.5,16,0.5,32,8,10.20520000020042
transition_warm,0.5,16,0.5,32,8,12.361900007817894
transition_first,0.5,16,0.5,32,9,12.426600034814328
transition_warm,0.5,16,0.5,32,9,12.723700026981533
transition_first,0.25,32,0.25,8,0,32.19220001483336
transition_warm,0.25,32,0.25,8,0,26.955300010740757
transition_first,0.25,32,0.25,8,1,37.61659999145195
transition_warm,0.25,32,0.25,8,1,31.69580001849681
transition_first,0.25,32,0.25,8,2,28.05839997017756
transition_warm,0.25,32,0.25,8,2,32.9378999886103
transition_first,0.25,32,0.25,8,3,34.136799979023635
transition_warm,0.25,32,0.25,8,3,34.95230001863092
transition_first,0.25,32,0.25,8,4,29.40820000367239
transition_warm,0.25,32,0.25,8,4,33.37189997546375
transition_first,0.25,32,0.25,8,5,33.90340000623837
transition_warm,0.25,32,0.25,8,5,41.250100010074675
transition_first,0.25,32,0.25,8,6,36.350199952721596
transition_warm,0.25,32,0.25,8,6,29.254799999762326
transition_first,0.25,32,0.25,8,7,40.43850000016391
transition_warm,0.25,32,0.25,8,7,28.128699981607497
transition_first,0.25,32,0.25,8,8,35.683499998413026
transition_warm,0.25,32,0.25,8,8,35.6251000193879
transition_first,0.25,32,0.25,8,9,28.359799995087087
transition_warm,0.25,32,0.25,8,9,33.07639999547973
transition_first,0.75,8,1.0,8,0,35.492399998474866
transition_warm,0.75,8,1.0,8,0,31.699600047431886
transition_first,0.75,8,1.0,8,1,39.44349999073893
transition_warm,0.75,8,1.0,8,1,42.30299999471754
transition_first,0.75,8,1.0,8,2,32.920800033025444
transition_warm,0.75,8,1.0,8,2,34.83789996244013
transition_first,0.75,8,1.0,8,3,37.63589996378869
transition_warm,0.75,8,1.0,8,3,47.23480000393465
transition_first,0.75,8,1.0,8,4,32.31430001324043
transition_warm,0.75,8,1.0,8,4,42.76540002319962
transition_first,0.75,8,1.0,8,5,32.7526000328362
transition_warm,0.75,8,1.0,8,5,34.14449997944757
transition_first,0.75,8,1.0,8,6,35.1655000122264
transition_warm,0.75,8,1.0,8,6,36.69290000107139
transition_first,0.75,8,1.0,8,7,31.73579997383058
transition_warm,0.75,8,1.0,8,7,33.31640001852065
transition_first,0.75,8,1.0,8,8,37.45200001867488
transition_warm,0.75,8,1.0,8,8,37.68589999526739
transition_first,0.75,8,1.0,8,9,37.49009995954111
transition_warm,0.75,8,1.0,8,9,44.00629998417571
transition_first,0.75,32,0.75,8,0,40.6133999931626
transition_warm,0.75,32,0.75,8,0,39.263299957383424
transition_first,0.75,32,0.75,8,1,28.20549998432398
transition_warm,0.75,32,0.75,8,1,29.708000016398728
transition_first,0.75,32,0.75,8,2,33.975300029851496
transition_warm,0.75,32,0.75,8,2,31.673300021793693
transition_first,0.75,32,0.75,8,3,33.10230001807213
transition_warm,0.75,32,0.75,8,3,30.421500036027282
transition_first,0.75,32,0.75,8,4,28.839899983722717
transition_warm,0.75,32,0.75,8,4,28.701899980660528
transition_first,0.75,32,0.75,8,5,32.29619999183342
transition_warm,0.75,32,0.75,8,5,38.543400005437434
transition_first,0.75,32,0.75,8,6,29.90899997530505
transition_warm,0.75,32,0.75,8,6,30.555500008631498
transition_first,0.75,32,0.75,8,7,32.83730003749952
transition_warm,0.75,32,0.75,8,7,43.630999978631735
transition_first,0.75,32,0.75,8,8,40.63249996397644
transition_warm,0.75,32,0.75,8,8,49.55559998052195
transition_first,0.75,32,0.75,8,9,33.23860000818968
transition_warm,0.75,32,0.75,8,9,29.515500005800277
transition_first,0.25,8,1.0,8,0,31.751899980008602
transition_warm,0.25,8,1.0,8,0,46.954400022514164
transition_first,0.25,8,1.0,8,1,32.627100008539855
transition_warm,0.25,8,1.0,8,1,33.0058999825269
transition_first,0.25,8,1.0,8,2,38.633399992249906
transition_warm,0.25,8,1.0,8,2,36.88880003755912
transition_first,0.25,8,1.0,8,3,35.7553000212647
transition_warm,0.25,8,1.0,8,3,41.03620001114905
transition_first,0.25,8,1.0,8,4,31.389699957799166
transition_warm,0.25,8,1.0,8,4,35.664400027599186
transition_first,0.25,8,1.0,8,5,38.95600000396371
transition_warm,0.25,8,1.0,8,5,38.63029996864498
transition_first,0.25,8,1.0,8,6,33.3047000458464
transition_warm,0.25,8,1.0,8,6,32.908699999097735
transition_first,0.25,8,1.0,8,7,31.488999957218766
transition_warm,0.25,8,1.0,8,7,31.941200024448335
transition_first,0.25,8,1.0,8,8,40.63750000204891
transition_warm,0.25,8,1.0,8,8,32.384200021624565
transition_first,0.25,8,1.0,8,9,34.837800019886345
transition_warm,0.25,8,1.0,8,9,33.57660002075136
transition_first,1.0,4,0.75,32,0,13.644599996041507
transition_warm,1.0,4,0.75,32,0,14.902300026733428
transition_first,1.0,4,0.75,32,1,11.481399997137487
transition_warm,1.0,4,0.75,32,1,17.376900010276586
transition_first,1.0,4,0.75,32,2,10.890500037930906
transition_warm,1.0,4,0.75,32,2,14.286400051787496
transition_first,1.0,4,0.75,32,3,19.80459998594597
transition_warm,1.0,4,0.75,32,3,11.73570001265034
transition_first,1.0,4,0.75,32,4,12.770799978170544
transition_warm,1.0,4,0.75,32,4,12.72850000532344
transition_first,1.0,4,0.75,32,5,12.662199966143817
transition_warm,1.0,4,0.75,32,5,10.514200024772435
transition_first,1.0,4,0.75,32,6,9.583300037775189
transition_warm,1.0,4,0.75,32,6,10.643500019796193
transition_first,1.0,4,0.75,32,7,12.554500019177794
transition_warm,1.0,4,0.75,32,7,12.647300027310848
transition_first,1.0,4,0.75,32,8,10.681199957616627
transition_warm,1.0,4,0.75,32,8,12.25289999274537
transition_first,1.0,4,0.75,32,9,11.37730001937598
transition_warm,1.0,4,0.75,32,9,10.705699969548732
transition_first,0.75,32,0.25,16,0,29.962899978272617
transition_warm,0.75,32,0.25,16,0,30.54940002039075
transition_first,0.75,32,0.25,16,1,30.433200008701533
transition_warm,0.75,32,0.25,16,1,29.767800006084144
transition_first,0.75,32,0.25,16,2,37.88750001695007
transition_warm,0.75,32,0.25,16,2,37.06260002218187
transition_first,0.75,32,0.25,16,3,34.59830000065267
transition_warm,0.75,32,0.25,16,3,31.11229999922216
transition_first,0.75,32,0.25,16,4,29.75079999305308
transition_warm,0.75,32,0.25,16,4,35.42080003535375
transition_first,0.75,32,0.25,16,5,38.670699985232204
transition_warm,0.75,32,0.25,16,5,32.97360002761707
transition_first,0.75,32,0.25,16,6,28.68390001822263
transition_warm,0.75,32,0.25,16,6,33.656799991149455
transition_first,0.75,32,0.25,16,7,34.51710002264008
transition_warm,0.75,32,0.25,16,7,38.29029999906197
transition_first,0.75,32,0.25,16,8,31.638600048609078
transition_warm,0.75,32,0.25,16,8,27.88810001220554
transition_first,0.75,32,0.25,16,9,28.62170001026243
transition_warm,0.75,32,0.25,16,9,28.161499998532236
transition_first,0.25,8,0.75,32,0,12.642200046684593
transition_warm,0.25,8,0.75,32,0,12.455300020519644
transition_first,0.25,8,0.75,32,1,13.338499993551522
transition_warm,0.25,8,0.75,32,1,12.213099980726838
transition_first,0.25,8,0.75,32,2,12.573300045914948
transition_warm,0.25,8,0.75,32,2,12.364199967123568
transition_first,0.25,8,0.75,32,3,9.897699987050146
transition_warm,0.25,8,0.75,32,3,10.616399988066405
transition_first,0.25,8,0.75,32,4,11.44079997902736
transition_warm,0.25,8,0.75,32,4,12.957400002051145
transition_first,0.25,8,0.75,32,5,13.327099964953959
transition_warm,0.25,8,0.75,32,5,12.058600026648492
transition_first,0.25,8,0.75,32,6,13.403699966147542
transition_warm,0.25,8,0.75,32,6,17.52880000276491
transition_first,0.25,8,0.75,32,7,17.277600010856986
transition_warm,0.25,8,0.75,32,7,14.016799977980554
transition_first,0.25,8,0.75,32,8,11.927900020964444
transition_warm,0.25,8,0.75,32,8,10.68369997665286
transition_first,0.25,8,0.75,32,9,11.488799995277077
transition_warm,0.25,8,0.75,32,9,11.619600001722574
transition_first,0.5,4,1.0,16,0,44.53250003280118
transition_warm,0.5,4,1.0,16,0,38.33459998713806
transition_first,0.5,4,1.0,16,1,39.128199976403266
transition_warm,0.5,4,1.0,16,1,37.4238999793306
transition_first,0.5,4,1.0,16,2,38.36889995727688
transition_warm,0.5,4,1.0,16,2,32.16760000213981
transition_first,0.5,4,1.0,16,3,38.371399976313114
transition_warm,0.5,4,1.0,16,3,54.274900001473725
transition_first,0.5,4,1.0,16,4,31.33470000466332
transition_warm,0.5,4,1.0,16,4,33.29709998797625
transition_first,0.5,4,1.0,16,5,40.381899976637214
transition_warm,0.5,4,1.0,16,5,38.40570000465959
transition_first,0.5,4,1.0,16,6,33.66549999918789
transition_warm,0.5,4,1.0,16,6,36.92039998713881
transition_first,0.5,4,1.0,16,7,35.83280002931133
transition_warm,0.5,4,1.0,16,7,45.777799969073385
transition_first,0.5,4,1.0,16,8,35.12489999411628
transition_warm,0.5,4,1.0,16,8,43.98260003654286
transition_first,0.5,4,1.0,16,9,36.08759999042377
transition_warm,0.5,4,1.0,16,9,35.52279999712482
transition_first,0.25,32,0.25,4,0,33.78759999759495
transition_warm,0.25,32,0.25,4,0,33.13120000530034
transition_first,0.25,32,0.25,4,1,36.107600026298314
transition_warm,0.25,32,0.25,4,1,29.89000000525266
transition_first,0.25,32,0.25,4,2,32.62529999483377
transition_warm,0.25,32,0.25,4,2,27.59200002765283
transition_first,0.25,32,0.25,4,3,33.15279999515042
transition_warm,0.25,32,0.25,4,3,30.321999976877123
transition_first,0.25,32,0.25,4,4,27.38170005613938
transition_warm,0.25,32,0.25,4,4,30.022099963389337
transition_first,0.25,32,0.25,4,5,30.487400013953447
transition_warm,0.25,32,0.25,4,5,29.542299977038056
transition_first,0.25,32,0.25,4,6,29.90930003579706
transition_warm,0.25,32,0.25,4,6,37.73370000999421
transition_first,0.25,32,0.25,4,7,40.69200000958517
transition_warm,0.25,32,0.25,4,7,35.005000012461096
transition_first,0.25,32,0.25,4,8,29.19619996100664
transition_warm,0.25,32,0.25,4,8,29.545500001404434
transition_first,0.25,32,0.25,4,9,33.191599999554455
transition_warm,0.25,32,0.25,4,9,35.689599986653775
transition_first,0.75,8,1.0,16,0,41.719599976204336
transition_warm,0.75,8,1.0,16,0,63.942499982658774
transition_first,0.75,8,1.0,16,1,30.59540002141148
transition_warm,0.75,8,1.0,16,1,39.83549994882196
transition_first,0.75,8,1.0,16,2,33.27650000574067
transition_warm,0.75,8,1.0,16,2,35.69750004680827
transition_first,0.75,8,1.0,16,3,74.803699972108
transition_warm,0.75,8,1.0,16,3,39.90699996938929
transition_first,0.75,8,1.0,16,4,33.70100003667176
transition_warm,0.75,8,1.0,16,4,39.547499967738986
transition_first,0.75,8,1.0,16,5,33.31389999948442
transition_warm,0.75,8,1.0,16,5,38.88429998187348
transition_first,0.75,8,1.0,16,6,38.374099996872246
transition_warm,0.75,8,1.0,16,6,41.48889996577054
transition_first,0.75,8,1.0,16,7,37.51609998289496
transition_warm,0.75,8,1.0,16,7,33.70809997431934
transition_first,0.75,8,1.0,16,8,32.81459998106584
transition_warm,0.75,8,1.0,16,8,35.9541000216268
transition_first,0.75,8,1.0,16,9,36.705999984405935
transition_warm,0.75,8,1.0,16,9,40.050100011285394
transition_first,1.0,32,0.25,8,0,32.41159999743104
transition_warm,1.0,32,0.25,8,0,30.881499988026917
transition_first,1.0,32,0.25,8,1,51.368099986575544
transition_warm,1.0,32,0.25,8,1,29.767200001515448
transition_first,1.0,32,0.25,8,2,40.58380000060424
transition_warm,1.0,32,0.25,8,2,44.912499957717955
transition_first,1.0,32,0.25,8,3,30.31790000386536
transition_warm,1.0,32,0.25,8,3,31.778200005646795
transition_first,1.0,32,0.25,8,4,32.9508000286296
transition_warm,1.0,32,0.25,8,4,30.24089999962598
transition_first,1.0,32,0.25,8,5,36.321000021416694
transition_warm,1.0,32,0.25,8,5,34.046800050418824
transition_first,1.0,32,0.25,8,6,36.662900005467236
transition_warm,1.0,32,0.25,8,6,28.16069999244064
transition_first,1.0,32,0.25,8,7,32.438799971714616
transition_warm,1.0,32,0.25,8,7,35.08549998514354
transition_first,1.0,32,0.25,8,8,35.10659997118637
transition_warm,1.0,32,0.25,8,8,36.54679999453947
transition_first,1.0,32,0.25,8,9,31.40400000847876
transition_warm,1.0,32,0.25,8,9,31.532399996649474
transition_first,0.75,32,0.5,4,0,36.29379998892546
transition_warm,0.75,32,0.5,4,0,34.14340002927929
transition_first,0.75,32,0.5,4,1,27.125600026920438
transition_warm,0.75,32,0.5,4,1,31.695600016973913
transition_first,0.75,32,0.5,4,2,42.36169997602701
transition_warm,0.75,32,0.5,4,2,46.77900002570823
transition_first,0.75,32,0.5,4,3,30.521799984853715
transition_warm,0.75,32,0.5,4,3,32.84589998656884
transition_first,0.75,32,0.5,4,4,33.960699976887554
transition_warm,0.75,32,0.5,4,4,30.0023999880068
transition_first,0.75,32,0.5,4,5,35.12850002152845
transition_warm,0.75,32,0.5,4,5,39.90910004358739
transition_first,0.75,32,0.5,4,6,35.479199956171215
transition_warm,0.75,32,0.5,4,6,39.915099972859025
transition_first,0.75,32,0.5,4,7,35.387600015383214
transition_warm,0.75,32,0.5,4,7,29.860900016501546
transition_first,0.75,32,0.5,4,8,34.79589999187738
transition_warm,0.75,32,0.5,4,8,30.046000028960407
transition_first,0.75,32,0.5,4,9,34.350200032349676
transition_warm,0.75,32,0.5,4,9,27.246100013144314
transition_first,0.25,4,0.25,16,0,29.140900005586445
transition_warm,0.25,4,0.25,16,0,30.18020000308752
transition_first,0.25,4,0.25,16,1,36.44569998141378
transition_warm,0.25,4,0.25,16,1,33.349999983329326
transition_first,0.25,4,0.25,16,2,29.355500009842217
transition_warm,0.25,4,0.25,16,2,29.224099998828024
transition_first,0.25,4,0.25,16,3,30.795399972703308
transition_warm,0.25,4,0.25,16,3,27.601199981290847
transition_first,0.25,4,0.25,16,4,28.84069998981431
transition_warm,0.25,4,0.25,16,4,37.572900007944554
transition_first,0.25,4,0.25,16,5,33.655199978966266
transition_warm,0.25,4,0.25,16,5,35.72270000586286
transition_first,0.25,4,0.25,16,6,29.189500026404858
transition_warm,0.25,4,0.25,16,6,28.454700019210577
transition_first,0.25,4,0.25,16,7,33.44259998993948
transition_warm,0.25,4,0.25,16,7,38.11449999921024
transition_first,0.25,4,0.25,16,8,34.73660000599921
transition_warm,0.25,4,0.25,16,8,32.73580002132803
transition_first,0.25,4,0.25,16,9,36.18520003510639
transition_warm,0.25,4,0.25,16,9,34.89050001371652
transition_first,0.25,4,0.25,8,0,29.91350000957027
transition_warm,0.25,4,0.25,8,0,48.22320002131164
transition_first,0.25,4,0.25,8,1,35.74829996796325
transition_warm,0.25,4,0.25,8,1,27.94020000146702
transition_first,0.25,4,0.25,8,2,36.271899996791035
transition_warm,0.25,4,0.25,8,2,34.36140000121668
transition_first,0.25,4,0.25,8,3,30.765799980144948
transition_warm,0.25,4,0.25,8,3,33.661399967968464
transition_first,0.25,4,0.25,8,4,35.834699985571206
transition_warm,0.25,4,0.25,8,4,33.32729998510331
transition_first,0.25,4,0.25,8,5,32.29930001543835
transition_warm,0.25,4,0.25,8,5,41.27950000111014
transition_first,0.25,4,0.25,8,6,38.537199958227575
transition_warm,0.25,4,0.25,8,6,33.55249995365739
transition_first,0.25,4,0.25,8,7,30.25170002365485
transition_warm,0.25,4,0.25,8,7,28.284200001507998
transition_first,0.25,4,0.25,8,8,35.05080001195893
transition_warm,0.25,4,0.25,8,8,34.83580000465736
transition_first,0.25,4,0.25,8,9,31.315699976403266
transition_warm,0.25,4,0.25,8,9,37.27079997770488
transition_first,1.0,32,1.0,16,0,32.173799991142005
transition_warm,1.0,32,1.0,16,0,32.01700001955032
transition_first,1.0,32,1.0,16,1,46.31199996219948
transition_warm,1.0,32,1.0,16,1,36.58090002136305
transition_first,1.0,32,1.0,16,2,33.21299998788163
transition_warm,1.0,32,1.0,16,2,32.523400033824146
transition_first,1.0,32,1.0,16,3,37.61550004128367
transition_warm,1.0,32,1.0,16,3,41.441400011535734
transition_first,1.0,32,1.0,16,4,35.74369999114424
transition_warm,1.0,32,1.0,16,4,35.55869997944683
transition_first,1.0,32,1.0,16,5,33.664099988527596
transition_warm,1.0,32,1.0,16,5,33.630100020673126
transition_first,1.0,32,1.0,16,6,37.44729998288676
transition_warm,1.0,32,1.0,16,6,48.206400009803474
transition_first,1.0,32,1.0,16,7,36.23540000990033
transition_warm,1.0,32,1.0,16,7,38.934300013352185
transition_first,1.0,32,1.0,16,8,35.560799995437264
transition_warm,1.0,32,1.0,16,8,34.80940003646538
transition_first,1.0,32,1.0,16,9,39.078000001609325
transition_warm,1.0,32,1.0,16,9,38.20799995446578
transition_first,1.0,4,0.75,16,0,37.348899990320206
transition_warm,1.0,4,0.75,16,0,29.806200007442385
transition_first,1.0,4,0.75,16,1,35.674999991897494
transition_warm,1.0,4,0.75,16,1,32.66779996920377
transition_first,1.0,4,0.75,16,2,30.236200022045523
transition_warm,1.0,4,0.75,16,2,29.151100025046617
transition_first,1.0,4,0.75,16,3,29.653199948370457
transition_warm,1.0,4,0.75,16,3,32.582900021225214
transition_first,1.0,4,0.75,16,4,34.29940005298704
transition_warm,1.0,4,0.75,16,4,35.42909998213872
transition_first,1.0,4,0.75,16,5,36.575799982529134
transition_warm,1.0,4,0.75,16,5,38.27259998070076
transition_first,1.0,4,0.75,16,6,29.824000026565045
transition_warm,1.0,4,0.75,16,6,29.891700018197298
transition_first,1.0,4,0.75,16,7,27.911600016523153
transition_warm,1.0,4,0.75,16,7,30.606299987994134
transition_first,1.0,4,0.75,16,8,32.19800000078976
transition_warm,1.0,4,0.75,16,8,41.328500024974346
transition_first,1.0,4,0.75,16,9,45.64970004139468
transition_warm,1.0,4,0.75,16,9,31.846300000324845
transition_first,0.75,32,1.0,4,0,34.93760002311319
transition_warm,0.75,32,1.0,4,0,43.38549997191876
transition_first,0.75,32,1.0,4,1,35.332600004039705
transition_warm,0.75,32,1.0,4,1,42.39740001503378
transition_first,0.75,32,1.0,4,2,38.829400029499084
transition_warm,0.75,32,1.0,4,2,33.49200001684949
transition_first,0.75,32,1.0,4,3,31.87359997536987
transition_warm,0.75,32,1.0,4,3,33.053799998015165
transition_first,0.75,32,1.0,4,4,31.94790001725778
transition_warm,0.75,32,1.0,4,4,33.320499991532415
transition_first,0.75,32,1.0,4,5,37.36489999573678
transition_warm,0.75,32,1.0,4,5,33.77360000740737
transition_first,0.75,32,1.0,4,6,39.205800043419
transition_warm,0.75,32,1.0,4,6,37.29609999572858
transition_first,0.75,32,1.0,4,7,42.911000025924295
transition_warm,0.75,32,1.0,4,7,37.965400028042495
transition_first,0.75,32,1.0,4,8,45.6463000155054
transition_warm,0.75,32,1.0,4,8,37.67040005186573
transition_first,0.75,32,1.0,4,9,33.82680000504479
transition_warm,0.75,32,1.0,4,9,37.386099982541054
transition_first,0.75,4,0.75,32,0,11.804100009612739
transition_warm,0.75,4,0.75,32,0,10.104899993166327
transition_first,0.75,4,0.75,32,1,15.076000010594726
transition_warm,0.75,4,0.75,32,1,13.200399989727885
transition_first,0.75,4,0.75,32,2,11.254000011831522
transition_warm,0.75,4,0.75,32,2,9.951199986971915
transition_first,0.75,4,0.75,32,3,11.428099998738617
transition_warm,0.75,4,0.75,32,3,12.59360002586618
transition_first,0.75,4,0.75,32,4,10.06739999866113
transition_warm,0.75,4,0.75,32,4,13.885900028981268
transition_first,0.75,4,0.75,32,5,11.20400003856048
transition_warm,0.75,4,0.75,32,5,10.310799989383668
transition_first,0.75,4,0.75,32,6,9.61110001662746
transition_warm,0.75,4,0.75,32,6,10.486000042874366
transition_first,0.75,4,0.75,32,7,11.654599977191538
transition_warm,0.75,4,0.75,32,7,12.378200015518814
transition_first,0.75,4,0.75,32,8,12.873400002717972
transition_warm,0.75,4,0.75,32,8,10.663699998985976
transition_first,0.75,4,0.75,32,9,11.011500027962029
transition_warm,0.75,4,0.75,32,9,10.064000030979514
transition_first,1.0,8,0.25,16,0,38.47899998072535
transition_warm,1.0,8,0.25,16,0,30.23340000072494
transition_first,1.0,8,0.25,16,1,40.16279999632388
transition_warm,1.0,8,0.25,16,1,30.48989997478202
transition_first,1.0,8,0.25,16,2,35.004899953491986
transition_warm,1.0,8,0.25,16,2,31.775399984326214
transition_first,1.0,8,0.25,16,3,26.92079998087138
transition_warm,1.0,8,0.25,16,3,27.736600022763014
transition_first,1.0,8,0.25,16,4,33.170800015795976
transition_warm,1.0,8,0.25,16,4,36.61970002576709
transition_first,1.0,8,0.25,16,5,37.94660000130534
transition_warm,1.0,8,0.25,16,5,29.78470001835376
transition_first,1.0,8,0.25,16,6,32.17029996449128
transition_warm,1.0,8,0.25,16,6,40.8624000265263
transition_first,1.0,8,0.25,16,7,35.050900012720376
transition_warm,1.0,8,0.25,16,7,32.412500004284084
transition_first,1.0,8,0.25,16,8,31.249399995431304
transition_warm,1.0,8,0.25,16,8,32.0071000023745
transition_first,1.0,8,0.25,16,9,29.884399962611496
transition_warm,1.0,8,0.25,16,9,31.403700006194413
transition_first,0.5,8,1.0,4,0,34.72090000286698
transition_warm,0.5,8,1.0,4,0,36.455800000112504
transition_first,0.5,8,1.0,4,1,35.767900000792
transition_warm,0.5,8,1.0,4,1,34.37889995984733
transition_first,0.5,8,1.0,4,2,37.10580000188202
transition_warm,0.5,8,1.0,4,2,39.855799986980855
transition_first,0.5,8,1.0,4,3,33.907399978488684
transition_warm,0.5,8,1.0,4,3,35.88490001857281
transition_first,0.5,8,1.0,4,4,35.499799996614456
transition_warm,0.5,8,1.0,4,4,33.677399973385036
transition_first,0.5,8,1.0,4,5,46.71749996487051
transition_warm,0.5,8,1.0,4,5,46.36830004164949
transition_first,0.5,8,1.0,4,6,34.93050002725795
transition_warm,0.5,8,1.0,4,6,37.28940000291914
transition_first,0.5,8,1.0,4,7,37.57819999009371
transition_warm,0.5,8,1.0,4,7,42.12900000857189
transition_first,0.5,8,1.0,4,8,34.11579999374226
transition_warm,0.5,8,1.0,4,8,37.78109996346757
transition_first,0.5,8,1.0,4,9,39.39859999809414
transition_warm,0.5,8,1.0,4,9,34.88859999924898
transition_first,0.5,32,1.0,8,0,38.37809996912256
transition_warm,0.5,32,1.0,8,0,38.698799966368824
transition_first,0.5,32,1.0,8,1,32.136599998921156
transition_warm,0.5,32,1.0,8,1,33.15360000124201
transition_first,0.5,32,1.0,8,2,33.95109996199608
transition_warm,0.5,32,1.0,8,2,36.089500004891306
transition_first,0.5,32,1.0,8,3,30.999100010376424
transition_warm,0.5,32,1.0,8,3,44.71799999009818
transition_first,0.5,32,1.0,8,4,31.76979999989271
transition_warm,0.5,32,1.0,8,4,35.21520004142076
transition_first,0.5,32,1.0,8,5,36.95370000787079
transition_warm,0.5,32,1.0,8,5,32.130499952472746
transition_first,0.5,32,1.0,8,6,54.47159998584539
transition_warm,0.5,32,1.0,8,6,41.02159995818511
transition_first,0.5,32,1.0,8,7,36.64000000571832
transition_warm,0.5,32,1.0,8,7,38.7141999672167
transition_first,0.5,32,1.0,8,8,36.603799962904304
transition_warm,0.5,32,1.0,8,8,36.29189997445792
transition_first,0.5,32,1.0,8,9,33.25909998966381
transition_warm,0.5,32,1.0,8,9,35.90239997720346
transition_first,0.25,4,0.5,32,0,12.553500011563301
transition_warm,0.25,4,0.5,32,0,10.421000013593584
transition_first,0.25,4,0.5,32,1,11.885200045071542
transition_warm,0.25,4,0.5,32,1,12.685899971984327
transition_first,0.25,4,0.5,32,2,11.65870000841096
transition_warm,0.25,4,0.5,32,2,12.948399991728365
transition_first,0.25,4,0.5,32,3,11.986500001512468
transition_warm,0.25,4,0.5,32,3,12.225299957208335
transition_first,0.25,4,0.5,32,4,10.002600029110909
transition_warm,0.25,4,0.5,32,4,12.79070001328364
transition_first,0.25,4,0.5,32,5,11.632699985057116
transition_warm,0.25,4,0.5,32,5,9.21849999576807
transition_first,0.25,4,0.5,32,6,12.756899988744408
transition_warm,0.25,4,0.5,32,6,12.873100000433624
transition_first,0.25,4,0.5,32,7,13.625400024466217
transition_warm,0.25,4,0.5,32,7,17.069300054572523
transition_first,0.25,4,0.5,32,8,12.466699990909547
transition_warm,0.25,4,0.5,32,8,15.374300011899322
transition_first,0.25,4,0.5,32,9,13.538700004573911
transition_warm,0.25,4,0.5,32,9,17.7661000052467
transition_first,0.5,8,0.75,4,0,34.39970000181347
transition_warm,0.5,8,0.75,4,0,29.886499978601933
transition_first,0.5,8,0.75,4,1,28.398700000252575
transition_warm,0.5,8,0.75,4,1,30.77459998894483
transition_first,0.5,8,0.75,4,2,30.13739996822551
transition_warm,0.5,8,0.75,4,2,32.819800020661205
transition_first,0.5,8,0.75,4,3,29.293600004166365
transition_warm,0.5,8,0.75,4,3,35.197599965613335
transition_first,0.5,8,0.75,4,4,33.44440000364557
transition_warm,0.5,8,0.75,4,4,32.43369999108836
transition_first,0.5,8,0.75,4,5,32.59239997714758
transition_warm,0.5,8,0.75,4,5,34.86950002843514
transition_first,0.5,8,0.75,4,6,35.79150000587106
transition_warm,0.5,8,0.75,4,6,33.828800020273775
transition_first,0.5,8,0.75,4,7,35.9796000411734
transition_warm,0.5,8,0.75,4,7,35.00550001626834
transition_first,0.5,8,0.75,4,8,31.53139998903498
transition_warm,0.5,8,0.75,4,8,31.86500002630055
transition_first,0.5,8,0.75,4,9,33.31870003603399
transition_warm,0.5,8,0.75,4,9,33.48879999248311
transition_first,0.5,8,1.0,8,0,33.658200001809746
transition_warm,0.5,8,1.0,8,0,31.545800040476024
transition_first,0.5,8,1.0,8,1,36.859399988316
transition_warm,0.5,8,1.0,8,1,37.75570000289008
transition_first,0.5,8,1.0,8,2,34.47850001975894
transition_warm,0.5,8,1.0,8,2,35.17739998642355
transition_first,0.5,8,1.0,8,3,34.14530004374683
transition_warm,0.5,8,1.0,8,3,33.55810005450621
transition_first,0.5,8,1.0,8,4,37.621700030285865
transition_warm,0.5,8,1.0,8,4,34.92989996448159
transition_first,0.5,8,1.0,8,5,33.60299998894334
transition_warm,0.5,8,1.0,8,5,33.16729998914525
transition_first,0.5,8,1.0,8,6,37.36299998126924
transition_warm,0.5,8,1.0,8,6,37.829199980478734
transition_first,0.5,8,1.0,8,7,33.9811000158079
transition_warm,0.5,8,1.0,8,7,32.30489999987185
transition_first,0.5,8,1.0,8,8,34.419999981764704
transition_warm,0.5,8,1.0,8,8,34.23839999595657
transition_first,0.5,8,1.0,8,9,32.785499992314726
transition_warm,0.5,8,1.0,8,9,35.33619997324422
transition_first,0.25,32,0.5,4,0,32.78649999992922
transition_warm,0.25,32,0.5,4,0,31.652300036512315
transition_first,0.25,32,0.5,4,1,39.69950001919642
transition_warm,0.25,32,0.5,4,1,37.486899993382394
transition_first,0.25,32,0.5,4,2,29.36980000231415
transition_warm,0.25,32,0.5,4,2,38.443899946287274
transition_first,0.25,32,0.5,4,3,35.56570003274828
transition_warm,0.25,32,0.5,4,3,32.258399995043874
transition_first,0.25,32,0.5,4,4,34.6933999680914
transition_warm,0.25,32,0.5,4,4,36.87989996979013
transition_first,0.25,32,0.5,4,5,37.195200042333454
transition_warm,0.25,32,0.5,4,5,36.5923999925144
transition_first,0.25,32,0.5,4,6,39.92640000069514
transition_warm,0.25,32,0.5,4,6,56.298599985893816
transition_first,0.25,32,0.5,4,7,42.73839999223128
transition_warm,0.25,32,0.5,4,7,37.66979998908937
transition_first,0.25,32,0.5,4,8,38.495599990710616
transition_warm,0.25,32,0.5,4,8,40.640999970491976
transition_first,0.25,32,0.5,4,9,45.063800003845245
transition_warm,0.25,32,0.5,4,9,34.13750004256144
transition_first,0.25,8,0.5,8,0,33.594800042919815
transition_warm,0.25,8,0.5,8,0,36.67229996062815
transition_first,0.25,8,0.5,8,1,47.00140003114939
transition_warm,0.25,8,0.5,8,1,57.621599989943206
transition_first,0.25,8,0.5,8,2,38.18500001216307
transition_warm,0.25,8,0.5,8,2,35.291099979076535
transition_first,0.25,8,0.5,8,3,29.76120001403615
transition_warm,0.25,8,0.5,8,3,31.04249999159947
transition_first,0.25,8,0.5,8,4,44.92269997717813
transition_warm,0.25,8,0.5,8,4,30.2574000088498
transition_first,0.25,8,0.5,8,5,39.29609997430816
transition_warm,0.25,8,0.5,8,5,32.84420003183186
transition_first,0.25,8,0.5,8,6,45.24249996757135
transition_warm,0.25,8,0.5,8,6,33.12780003761873
transition_first,0.25,8,0.5,8,7,35.63559998292476
transition_warm,0.25,8,0.5,8,7,33.03960000630468
transition_first,0.25,8,0.5,8,8,40.88050004793331
transition_warm,0.25,8,0.5,8,8,42.58379997918382
transition_first,0.25,8,0.5,8,9,32.933900016359985
transition_warm,0.25,8,0.5,8,9,33.13269995851442
transition_first,1.0,4,0.5,4,0,31.52440005214885
transition_warm,1.0,4,0.5,4,0,31.9757999968715
transition_first,1.0,4,0.5,4,1,34.90500000771135
transition_warm,1.0,4,0.5,4,1,28.1653999700211
transition_first,1.0,4,0.5,4,2,42.64629998942837
transition_warm,1.0,4,0.5,4,2,35.42480000760406
transition_first,1.0,4,0.5,4,3,30.705800047144294
transition_warm,1.0,4,0.5,4,3,36.79969999939203
transition_first,1.0,4,0.5,4,4,36.89059999305755
transition_warm,1.0,4,0.5,4,4,31.19980002520606
transition_first,1.0,4,0.5,4,5,33.25859998585656
transition_warm,1.0,4,0.5,4,5,28.406999947037548
transition_first,1.0,4,0.5,4,6,30.063999991398305
transition_warm,1.0,4,0.5,4,6,38.98710000794381
transition_first,1.0,4,0.5,4,7,43.62140002194792
transition_warm,1.0,4,0.5,4,7,36.83890000684187
transition_first,1.0,4,0.5,4,8,25.758600037079304
transition_warm,1.0,4,0.5,4,8,31.817000010050833
transition_first,1.0,4,0.5,4,9,39.182000036817044
transition_warm,1.0,4,0.5,4,9,39.095800020731986
transition_first,0.25,32,0.75,4,0,34.878999984357506
transition_warm,0.25,32,0.75,4,0,34.093900001607835
transition_first,0.25,32,0.75,4,1,36.00870002992451
transition_warm,0.25,32,0.75,4,1,34.67390005243942
transition_first,0.25,32,0.75,4,2,38.60660002101213
transition_warm,0.25,32,0.75,4,2,38.4862000355497
transition_first,0.25,32,0.75,4,3,36.02549998322502
transition_warm,0.25,32,0.75,4,3,32.77450002497062
transition_first,0.25,32,0.75,4,4,32.88670000620186
transition_warm,0.25,32,0.75,4,4,31.75359999295324
transition_first,0.25,32,0.75,4,5,30.10490001179278
transition_warm,0.25,32,0.75,4,5,29.440000012982637
transition_first,0.25,32,0.75,4,6,42.344799963757396
transition_warm,0.25,32,0.75,4,6,30.346699990332127
transition_first,0.25,32,0.75,4,7,29.16720003122464
transition_warm,0.25,32,0.75,4,7,31.311200000345707
transition_first,0.25,32,0.75,4,8,33.022699994035065
transition_warm,0.25,32,0.75,4,8,30.88669996941462
transition_first,0.25,32,0.75,4,9,29.424000007566065
transition_warm,0.25,32,0.75,4,9,34.85350002301857
transition_first,0.25,16,0.75,4,0,29.98049999587238
transition_warm,0.25,16,0.75,4,0,30.314000032376498
transition_first,0.25,16,0.75,4,1,32.10200002649799
transition_warm,0.25,16,0.75,4,1,32.41129999514669
transition_first,0.25,16,0.75,4,2,31.480500008910894
transition_warm,0.25,16,0.75,4,2,30.382300028577447
transition_first,0.25,16,0.75,4,3,32.18480001669377
transition_warm,0.25,16,0.75,4,3,28.62619998631999
transition_first,0.25,16,0.75,4,4,35.01940000569448
transition_warm,0.25,16,0.75,4,4,35.7990000047721
transition_first,0.25,16,0.75,4,5,35.11080000316724
transition_warm,0.25,16,0.75,4,5,40.68090004147962
transition_first,0.25,16,0.75,4,6,31.2497999984771
transition_warm,0.25,16,0.75,4,6,40.55130004417151
transition_first,0.25,16,0.75,4,7,35.18559999065474
transition_warm,0.25,16,0.75,4,7,30.413500033318996
transition_first,0.25,16,0.75,4,8,31.015000015031546
transition_warm,0.25,16,0.75,4,8,29.84530001413077
transition_first,0.25,16,0.75,4,9,30.16690001823008
transition_warm,0.25,16,0.75,4,9,32.48910000547767
transition_first,0.25,16,1.0,8,0,32.97350002685562
transition_warm,0.25,16,1.0,8,0,39.13370001828298
transition_first,0.25,16,1.0,8,1,33.7821000139229
transition_warm,0.25,16,1.0,8,1,38.62850001314655
transition_first,0.25,16,1.0,8,2,35.00340000027791
transition_warm,0.25,16,1.0,8,2,41.52369999792427
transition_first,0.25,16,1.0,8,3,35.535499977413565
transition_warm,0.25,16,1.0,8,3,33.696900005452335
transition_first,0.25,16,1.0,8,4,39.16429996024817
transition_warm,0.25,16,1.0,8,4,31.945199996698648
transition_first,0.25,16,1.0,8,5,39.30589999072254
transition_warm,0.25,16,1.0,8,5,34.507500007748604
transition_first,0.25,16,1.0,8,6,35.10939999250695
transition_warm,0.25,16,1.0,8,6,33.63659995375201
transition_first,0.25,16,1.0,8,7,34.15550000499934
transition_warm,0.25,16,1.0,8,7,34.747600031550974
transition_first,0.25,16,1.0,8,8,33.914499974343926
transition_warm,0.25,16,1.0,8,8,38.46439998596907
transition_first,0.25,16,1.0,8,9,43.69160003261641
transition_warm,0.25,16,1.0,8,9,34.010900009889156
transition_first,0.75,4,0.75,16,0,29.85409996472299
transition_warm,0.75,4,0.75,16,0,30.856099969241768
transition_first,0.75,4,0.75,16,1,30.119200004264712
transition_warm,0.75,4,0.75,16,1,42.59329999331385
transition_first,0.75,4,0.75,16,2,33.831699984148145
transition_warm,0.75,4,0.75,16,2,28.772299992851913
transition_first,0.75,4,0.75,16,3,34.87639996455982
transition_warm,0.75,4,0.75,16,3,36.45590000087395
transition_first,0.75,4,0.75,16,4,34.46260001510382
transition_warm,0.75,4,0.75,16,4,32.19619998708367
transition_first,0.75,4,0.75,16,5,30.223499983549118
transition_warm,0.75,4,0.75,16,5,33.89720001723617
transition_first,0.75,4,0.75,16,6,38.72620000038296
transition_warm,0.75,4,0.75,16,6,45.13410001527518
transition_first,0.75,4,0.75,16,7,31.384200032334775
transition_warm,0.75,4,0.75,16,7,33.8812000118196
transition_first,0.75,4,0.75,16,8,31.203199992887676
transition_warm,0.75,4,0.75,16,8,28.369200008455664
transition_first,0.75,4,0.75,16,9,34.42089998861775
transition_warm,0.75,4,0.75,16,9,39.99189997557551
transition_first,0.75,8,1.0,32,0,11.707099969498813
transition_warm,0.75,8,1.0,32,0,11.389700055588037
transition_first,0.75,8,1.0,32,1,10.662799992132932
transition_warm,0.75,8,1.0,32,1,12.06930004991591
transition_first,0.75,8,1.0,32,2,10.261699964758009
transition_warm,0.75,8,1.0,32,2,12.471300025936216
transition_first,0.75,8,1.0,32,3,10.140199970919639
transition_warm,0.75,8,1.0,32,3,11.910800007171929
transition_first,0.75,8,1.0,32,4,11.125600023660809
transition_warm,0.75,8,1.0,32,4,11.910000001080334
transition_first,0.75,8,1.0,32,5,10.097499995026737
transition_warm,0.75,8,1.0,32,5,9.508299990557134
transition_first,0.75,8,1.0,32,6,12.409699964337051
transition_warm,0.75,8,1.0,32,6,11.52840000577271
transition_first,0.75,8,1.0,32,7,11.929000029340386
transition_warm,0.75,8,1.0,32,7,9.767799987457693
transition_first,0.75,8,1.0,32,8,9.533399948850274
transition_warm,0.75,8,1.0,32,8,10.50450000911951
transition_first,0.75,8,1.0,32,9,14.403100009076297
transition_warm,0.75,8,1.0,32,9,18.064700008835644
transition_first,0.5,32,0.25,4,0,34.7553999745287
transition_warm,0.5,32,0.25,4,0,30.21709999302402
transition_first,0.5,32,0.25,4,1,31.07500000623986
transition_warm,0.5,32,0.25,4,1,35.32550000818446
transition_first,0.5,32,0.25,4,2,45.55390001041815
transition_warm,0.5,32,0.25,4,2,34.41299998667091
transition_first,0.5,32,0.25,4,3,33.47199998097494
transition_warm,0.5,32,0.25,4,3,33.76150003168732
transition_first,0.5,32,0.25,4,4,28.9786999928765
transition_warm,0.5,32,0.25,4,4,29.84099998138845
transition_first,0.5,32,0.25,4,5,32.080600038170815
transition_warm,0.5,32,0.25,4,5,31.71090001706034
transition_first,0.5,32,0.25,4,6,38.28939999220893
transition_warm,0.5,32,0.25,4,6,27.38609997322783
transition_first,0.5,32,0.25,4,7,39.08080002292991
transition_warm,0.5,32,0.25,4,7,37.88030002033338
transition_first,0.5,32,0.25,4,8,27.126099972520024
transition_warm,0.5,32,0.25,4,8,37.044100055936724
transition_first,0.5,32,0.25,4,9,27.88970002438873
transition_warm,0.5,32,0.25,4,9,33.96309999516234
transition_first,1.0,16,0.25,32,0,10.122100007720292
transition_warm,1.0,16,0.25,32,0,10.592400038149208
transition_first,1.0,16,0.25,32,1,10.163700033444911
transition_warm,1.0,16,0.25,32,1,14.120200008619577
transition_first,1.0,16,0.25,32,2,11.265200038906187
transition_warm,1.0,16,0.25,32,2,13.218600011896342
transition_first,1.0,16,0.25,32,3,12.902399990707636
transition_warm,1.0,16,0.25,32,3,10.967499983962625
transition_first,1.0,16,0.25,32,4,11.806299968156964
transition_warm,1.0,16,0.25,32,4,12.920600012876093
transition_first,1.0,16,0.25,32,5,14.313200023025274
transition_warm,1.0,16,0.25,32,5,10.263799980748445
transition_first,1.0,16,0.25,32,6,13.231299992185086
transition_warm,1.0,16,0.25,32,6,12.859700014814734
transition_first,1.0,16,0.25,32,7,10.42449998203665
transition_warm,1.0,16,0.25,32,7,9.88969998434186
transition_first,1.0,16,0.25,32,8,10.861299990210682
transition_warm,1.0,16,0.25,32,8,12.293700012378395
transition_first,1.0,16,0.25,32,9,11.863399995490909
transition_warm,1.0,16,0.25,32,9,9.4142000307329
transition_first,0.75,8,0.25,4,0,26.683300035074353
transition_warm,0.75,8,0.25,4,0,49.845100031234324
transition_first,0.75,8,0.25,4,1,27.84090000204742
transition_warm,0.75,8,0.25,4,1,44.703499996103346
transition_first,0.75,8,0.25,4,2,26.89119998831302
transition_warm,0.75,8,0.25,4,2,34.347100008744746
transition_first,0.75,8,0.25,4,3,40.19150004023686
transition_warm,0.75,8,0.25,4,3,31.681399967055768
transition_first,0.75,8,0.25,4,4,29.323199996724725
transition_warm,0.75,8,0.25,4,4,28.311600035522133
transition_first,0.75,8,0.25,4,5,33.01579999970272
transition_warm,0.75,8,0.25,4,5,29.484800004865974
transition_first,0.75,8,0.25,4,6,30.769100005272776
transition_warm,0.75,8,0.25,4,6,34.207899996545166
transition_first,0.75,8,0.25,4,7,30.05579998716712
transition_warm,0.75,8,0.25,4,7,39.72339996835217
transition_first,0.75,8,0.25,4,8,33.114799996837974
transition_warm,0.75,8,0.25,4,8,31.719300022814423
transition_first,0.75,8,0.25,4,9,36.07149998424575
transition_warm,0.75,8,0.25,4,9,32.03649999340996
transition_first,0.25,8,0.75,8,0,33.30100001767278
transition_warm,0.25,8,0.75,8,0,30.501299945171922
transition_first,0.25,8,0.75,8,1,30.90950002660975
transition_warm,0.25,8,0.75,8,1,31.91660001175478
transition_first,0.25,8,0.75,8,2,32.784099981654435
transition_warm,0.25,8,0.75,8,2,43.18999999668449
transition_first,0.25,8,0.75,8,3,31.546699989121407
transition_warm,0.25,8,0.75,8,3,30.32269998220727
transition_first,0.25,8,0.75,8,4,36.780199967324734
transition_warm,0.25,8,0.75,8,4,30.287600005976856
transition_first,0.25,8,0.75,8,5,29.311599966604263
transition_warm,0.25,8,0.75,8,5,36.08300001360476
transition_first,0.25,8,0.75,8,6,30.17600002931431
transition_warm,0.25,8,0.75,8,6,34.09050003392622
transition_first,0.25,8,0.75,8,7,30.986699974164367
transition_warm,0.25,8,0.75,8,7,34.93369999341667
transition_first,0.25,8,0.75,8,8,44.10040000220761
transition_warm,0.25,8,0.75,8,8,34.22120003961027
transition_first,0.25,8,0.75,8,9,42.25499997846782
transition_warm,0.25,8,0.75,8,9,32.66609995625913
transition_first,1.0,32,1.0,8,0,32.398699957411736
transition_warm,1.0,32,1.0,8,0,39.89860002184287
transition_first,1.0,32,1.0,8,1,40.91320000588894
transition_warm,1.0,32,1.0,8,1,34.95980001753196
transition_first,1.0,32,1.0,8,2,32.97050000401214
transition_warm,1.0,32,1.0,8,2,38.61490002600476
transition_first,1.0,32,1.0,8,3,37.837900046724826
transition_warm,1.0,32,1.0,8,3,37.93170000426471
transition_first,1.0,32,1.0,8,4,38.45509997336194
transition_warm,1.0,32,1.0,8,4,36.52200003853068
transition_first,1.0,32,1.0,8,5,38.37530000600964
transition_warm,1.0,32,1.0,8,5,32.92720002355054
transition_first,1.0,32,1.0,8,6,39.22199999215081
transition_warm,1.0,32,1.0,8,6,37.89830004097894
transition_first,1.0,32,1.0,8,7,34.55670003313571
transition_warm,1.0,32,1.0,8,7,39.36170000815764
transition_first,1.0,32,1.0,8,8,35.19450000021607
transition_warm,1.0,32,1.0,8,8,35.9168000286445
transition_first,1.0,32,1.0,8,9,42.58840001421049
transition_warm,1.0,32,1.0,8,9,32.46890002628788
transition_first,1.0,4,0.75,4,0,32.405000005383044
transition_warm,1.0,4,0.75,4,0,28.111499967053533
transition_first,1.0,4,0.75,4,1,29.837500012945384
transition_warm,1.0,4,0.75,4,1,29.42159998929128
transition_first,1.0,4,0.75,4,2,32.62940002605319
transition_warm,1.0,4,0.75,4,2,28.565599990542978
transition_first,1.0,4,0.75,4,3,30.51499999128282
transition_warm,1.0,4,0.75,4,3,33.36880001006648
transition_first,1.0,4,0.75,4,4,31.393999990541488
transition_warm,1.0,4,0.75,4,4,31.252199958544225
transition_first,1.0,4,0.75,4,5,40.56200000923127
transition_warm,1.0,4,0.75,4,5,35.28180002467707
transition_first,1.0,4,0.75,4,6,34.53049995005131
transition_warm,1.0,4,0.75,4,6,30.17899999395013
transition_first,1.0,4,0.75,4,7,28.206099988892674
transition_warm,1.0,4,0.75,4,7,28.918500000145286
transition_first,1.0,4,0.75,4,8,30.81740002380684
transition_warm,1.0,4,0.75,4,8,33.11489999759942
transition_first,1.0,4,0.75,4,9,38.048300018999726
transition_warm,1.0,4,0.75,4,9,32.0631000213325
transition_first,0.5,16,0.25,4,0,30.296400014776736
transition_warm,0.5,16,0.25,4,0,43.47309999866411
transition_first,0.5,16,0.25,4,1,28.775000013411045
transition_warm,0.5,16,0.25,4,1,33.19490002468228
transition_first,0.5,16,0.25,4,2,57.77559999842197
transition_warm,0.5,16,0.25,4,2,47.400299983564764
transition_first,0.5,16,0.25,4,3,34.27400003420189
transition_warm,0.5,16,0.25,4,3,43.68679999606684
transition_first,0.5,16,0.25,4,4,33.124800014775246
transition_warm,0.5,16,0.25,4,4,26.512200012803078
transition_first,0.5,16,0.25,4,5,31.57739999005571
transition_warm,0.5,16,0.25,4,5,32.22690004622564
transition_first,0.5,16,0.25,4,6,32.56680001504719
transition_warm,0.5,16,0.25,4,6,32.01779996743426
transition_first,0.5,16,0.25,4,7,48.8739000284113
transition_warm,0.5,16,0.25,4,7,32.700999989174306
transition_first,0.5,16,0.25,4,8,27.926199953071773
transition_warm,0.5,16,0.25,4,8,35.24889994878322
transition_first,0.5,16,0.25,4,9,36.217099986970425
transition_warm,0.5,16,0.25,4,9,27.718900004401803
transition_first,0.25,32,0.25,16,0,38.272000034339726
transition_warm,0.25,32,0.25,16,0,31.773400027304888
transition_first,0.25,32,0.25,16,1,30.987099977210164
transition_warm,0.25,32,0.25,16,1,46.20360000990331
transition_first,0.25,32,0.25,16,2,42.08990000188351
transition_warm,0.25,32,0.25,16,2,43.04969997610897
transition_first,0.25,32,0.25,16,3,29.727899993304163
transition_warm,0.25,32,0.25,16,3,41.770300013013184
transition_first,0.25,32,0.25,16,4,26.390000013634562
transition_warm,0.25,32,0.25,16,4,28.94609997747466
transition_first,0.25,32,0.25,16,5,32.13050001068041
transition_warm,0.25,32,0.25,16,5,32.207800017204136
transition_first,0.25,32,0.25,16,6,31.70490002958104
transition_warm,0.25,32,0.25,16,6,34.714600013103336
transition_first,0.25,32,0.25,16,7,35.0472999853082
transition_warm,0.25,32,0.25,16,7,27.61709998594597
transition_first,0.25,32,0.25,16,8,32.217000029049814
transition_warm,0.25,32,0.25,16,8,35.27530003339052
transition_first,0.25,32,0.25,16,9,28.001400001812726
transition_warm,0.25,32,0.25,16,9,32.702900003641844
transition_first,0.75,8,0.5,16,0,33.6381999659352
transition_warm,0.75,8,0.5,16,0,46.820799994748086
transition_first,0.75,8,0.5,16,1,30.33869998762384
transition_warm,0.75,8,0.5,16,1,29.056400002446026
transition_first,0.75,8,0.5,16,2,30.237599974498153
transition_warm,0.75,8,0.5,16,2,35.63900000881404
transition_first,0.75,8,0.5,16,3,37.41029999218881
transition_warm,0.75,8,0.5,16,3,32.13619999587536
transition_first,0.75,8,0.5,16,4,30.772000027354807
transition_warm,0.75,8,0.5,16,4,36.65349999209866
transition_first,0.75,8,0.5,16,5,43.63559995545074
transition_warm,0.75,8,0.5,16,5,37.0888999896124
transition_first,0.75,8,0.5,16,6,32.000400009565055
transition_warm,0.75,8,0.5,16,6,32.20850002253428
transition_first,0.75,8,0.5,16,7,35.17940000165254
transition_warm,0.75,8,0.5,16,7,31.792800000403076
transition_first,0.75,8,0.5,16,8,40.284099988639355
transition_warm,0.75,8,0.5,16,8,31.788599968422204
transition_first,0.75,8,0.5,16,9,33.25279999990016
transition_warm,0.75,8,0.5,16,9,33.10900001088157
transition_first,0.75,16,0.5,16,0,30.232699995394796
transition_warm,0.75,16,0.5,16,0,27.30170002905652
transition_first,0.75,16,0.5,16,1,31.47680003894493
transition_warm,0.75,16,0.5,16,1,36.166600009892136
transition_first,0.75,16,0.5,16,2,36.40350000932813
transition_warm,0.75,16,0.5,16,2,50.966500013601035
transition_first,0.75,16,0.5,16,3,32.61630004271865
transition_warm,0.75,16,0.5,16,3,29.358700034208596
transition_first,0.75,16,0.5,16,4,34.03699997579679
transition_warm,0.75,16,0.5,16,4,27.48210000572726
transition_first,0.75,16,0.5,16,5,31.98949998477474
transition_warm,0.75,16,0.5,16,5,29.26909999223426
transition_first,0.75,16,0.5,16,6,29.390999989118427
transition_warm,0.75,16,0.5,16,6,36.01900005014613
transition_first,0.75,16,0.5,16,7,27.927600021939725
transition_warm,0.75,16,0.5,16,7,31.037000007927418
transition_first,0.75,16,0.5,16,8,30.34789999946952
transition_warm,0.75,16,0.5,16,8,34.75400002207607
transition_first,0.75,16,0.5,16,9,34.19549996033311
transition_warm,0.75,16,0.5,16,9,30.95240000402555
transition_first,0.25,16,1.0,32,0,11.07790000969544
transition_warm,0.25,16,1.0,32,0,11.699800030328333
transition_first,0.25,16,1.0,32,1,10.161800018977374
transition_warm,0.25,16,1.0,32,1,10.722799983341247
transition_first,0.25,16,1.0,32,2,12.646400020457804
transition_warm,0.25,16,1.0,32,2,12.114400044083595
transition_first,0.25,16,1.0,32,3,11.893500050064176
transition_warm,0.25,16,1.0,32,3,11.812100012321025
transition_first,0.25,16,1.0,32,4,12.35799997812137
transition_warm,0.25,16,1.0,32,4,12.647899973671883
transition_first,0.25,16,1.0,32,5,10.708399990107864
transition_warm,0.25,16,1.0,32,5,11.729599966201931
transition_first,0.25,16,1.0,32,6,11.467800009995699
transition_warm,0.25,16,1.0,32,6,9.607599989976734
transition_first,0.25,16,1.0,32,7,10.166399995796382
transition_warm,0.25,16,1.0,32,7,11.976699985098094
transition_first,0.25,16,1.0,32,8,11.796100006904453
transition_warm,0.25,16,1.0,32,8,12.864299991633743
transition_first,0.25,16,1.0,32,9,11.758800013922155
transition_warm,0.25,16,1.0,32,9,11.026400025002658
transition_first,0.75,16,0.75,32,0,12.84699997631833
transition_warm,0.75,16,0.75,32,0,13.194900006055832
transition_first,0.75,16,0.75,32,1,10.66169998375699
transition_warm,0.75,16,0.75,32,1,19.43270000629127
transition_first,0.75,16,0.75,32,2,10.282500006724149
transition_warm,0.75,16,0.75,32,2,10.72540000313893
transition_first,0.75,16,0.75,32,3,10.734700015746057
transition_warm,0.75,16,0.75,32,3,10.694600001443177
transition_first,0.75,16,0.75,32,4,11.851700022816658
transition_warm,0.75,16,0.75,32,4,14.758600038476288
transition_first,0.75,16,0.75,32,5,12.490399996750057
transition_warm,0.75,16,0.75,32,5,14.708800008520484
transition_first,0.75,16,0.75,32,6,12.477800017222762
transition_warm,0.75,16,0.75,32,6,13.108399987686425
transition_first,0.75,16,0.75,32,7,12.703999993391335
transition_warm,0.75,16,0.75,32,7,9.989099984522909
transition_first,0.75,16,0.75,32,8,12.64089997857809
transition_warm,0.75,16,0.75,32,8,11.722899973392487
transition_first,0.75,16,0.75,32,9,10.605200019199401
transition_warm,0.75,16,0.75,32,9,10.284799966029823
transition_first,0.75,8,0.75,4,0,32.64250000938773
transition_warm,0.75,8,0.75,4,0,32.0691000088118
transition_first,0.75,8,0.75,4,1,33.542699995450675
transition_warm,0.75,8,0.75,4,1,34.96179997455329
transition_first,0.75,8,0.75,4,2,37.81959996558726
transition_warm,0.75,8,0.75,4,2,32.791699981316924
transition_first,0.75,8,0.75,4,3,30.353299982380122
transition_warm,0.75,8,0.75,4,3,27.375000005122274
transition_first,0.75,8,0.75,4,4,31.677299994044006
transition_warm,0.75,8,0.75,4,4,32.25449996534735
transition_first,0.75,8,0.75,4,5,31.528999970760196
transition_warm,0.75,8,0.75,4,5,33.066999982111156
transition_first,0.75,8,0.75,4,6,32.45599998626858
transition_warm,0.75,8,0.75,4,6,31.298500020056963
transition_first,0.75,8,0.75,4,7,36.243800015654415
transition_warm,0.75,8,0.75,4,7,35.215599986258894
transition_first,0.75,8,0.75,4,8,32.85420004976913
transition_warm,0.75,8,0.75,4,8,33.21779996622354
transition_first,0.75,8,0.75,4,9,30.772400030400604
transition_warm,0.75,8,0.75,4,9,30.0825999584049
transition_first,0.5,4,0.5,32,0,12.280400027520955
transition_warm,0.5,4,0.5,32,0,12.707100016996264
transition_first,0.5,4,0.5,32,1,15.542900015134364
transition_warm,0.5,4,0.5,32,1,15.188899997156113
transition_first,0.5,4,0.5,32,2,17.593599972315133
transition_warm,0.5,4,0.5,32,2,10.763300000689924
transition_first,0.5,4,0.5,32,3,15.189600002486259
transition_warm,0.5,4,0.5,32,3,12.62169994879514
transition_first,0.5,4,0.5,32,4,10.984900000039488
transition_warm,0.5,4,0.5,32,4,10.513100016396493
transition_first,0.5,4,0.5,32,5,10.577499982900918
transition_warm,0.5,4,0.5,32,5,11.792900040745735
transition_first,0.5,4,0.5,32,6,13.582999992650002
transition_warm,0.5,4,0.5,32,6,14.464400010183454
transition_first,0.5,4,0.5,32,7,14.243900019209832
transition_warm,0.5,4,0.5,32,7,14.418400009162724
transition_first,0.5,4,0.5,32,8,16.986100003123283
transition_warm,0.5,4,0.5,32,8,17.233700025826693
transition_first,0.5,4,0.5,32,9,15.913499984890223
transition_warm,0.5,4,0.5,32,9,12.532499968074262
transition_first,0.5,32,0.5,8,0,42.05640003783628
transition_warm,0.5,32,0.5,8,0,49.20470004435629
transition_first,0.5,32,0.5,8,1,40.22209998220205
transition_warm,0.5,32,0.5,8,1,38.70420000748709
transition_first,0.5,32,0.5,8,2,34.04559998307377
transition_warm,0.5,32,0.5,8,2,33.79120002500713
transition_first,0.5,32,0.5,8,3,32.124399964232
transition_warm,0.5,32,0.5,8,3,31.18210000684485
transition_first,0.5,32,0.5,8,4,33.6206000065431
transition_warm,0.5,32,0.5,8,4,36.698399984743446
transition_first,0.5,32,0.5,8,5,33.44680002192035
transition_warm,0.5,32,0.5,8,5,27.75319997454062
transition_first,0.5,32,0.5,8,6,28.647799976170063
transition_warm,0.5,32,0.5,8,6,28.179399960208684
transition_first,0.5,32,0.5,8,7,31.600299989804626
transition_warm,0.5,32,0.5,8,7,33.22250000201166
transition_first,0.5,32,0.5,8,8,29.642000037711114
transition_warm,0.5,32,0.5,8,8,27.625099988654256
transition_first,0.5,32,0.5,8,9,30.66469996701926
transition_warm,0.5,32,0.5,8,9,29.711399984080344
transition_first,1.0,16,1.0,8,0,36.06799995759502
transition_warm,1.0,16,1.0,8,0,36.95369994966313
transition_first,1.0,16,1.0,8,1,42.89410001365468
transition_warm,1.0,16,1.0,8,1,37.476500030606985
transition_first,1.0,16,1.0,8,2,37.77340002125129
transition_warm,1.0,16,1.0,8,2,38.306300004478544
transition_first,1.0,16,1.0,8,3,43.479899992235005
transition_warm,1.0,16,1.0,8,3,33.42019999399781
transition_first,1.0,16,1.0,8,4,46.98719998123124
transition_warm,1.0,16,1.0,8,4,37.343100004363805
transition_first,1.0,16,1.0,8,5,46.82879999745637
transition_warm,1.0,16,1.0,8,5,42.143300001043826
transition_first,1.0,16,1.0,8,6,45.52970000077039
transition_warm,1.0,16,1.0,8,6,35.85949999978766
transition_first,1.0,16,1.0,8,7,37.51380002358928
transition_warm,1.0,16,1.0,8,7,42.92539996095002
transition_first,1.0,16,1.0,8,8,40.894399979151785
transition_warm,1.0,16,1.0,8,8,35.70800001034513
transition_first,1.0,16,1.0,8,9,42.525700002443045
transition_warm,1.0,16,1.0,8,9,42.74429997894913
transition_first,0.25,16,0.25,8,0,42.432299989741296
transition_warm,0.25,16,0.25,8,0,53.805100033059716
transition_first,0.25,16,0.25,8,1,55.04900001687929
transition_warm,0.25,16,0.25,8,1,53.69669996434823
transition_first,0.25,16,0.25,8,2,55.84360001375899
transition_warm,0.25,16,0.25,8,2,44.88840000703931
transition_first,0.25,16,0.25,8,3,35.66850000061095
transition_warm,0.25,16,0.25,8,3,34.99960002955049
transition_first,0.25,16,0.25,8,4,40.42849998222664
transition_warm,0.25,16,0.25,8,4,39.24900002311915
transition_first,0.25,16,0.25,8,5,43.077300011646
transition_warm,0.25,16,0.25,8,5,52.83719999715686
transition_first,0.25,16,0.25,8,6,35.99449998000637
transition_warm,0.25,16,0.25,8,6,40.390699985437095
transition_first,0.25,16,0.25,8,7,40.89570004725829
transition_warm,0.25,16,0.25,8,7,37.743199965916574
transition_first,0.25,16,0.25,8,8,39.49360002297908
transition_warm,0.25,16,0.25,8,8,41.08940000878647
transition_first,0.25,16,0.25,8,9,38.65050000604242
transition_warm,0.25,16,0.25,8,9,37.46239998145029
transition_first,0.5,16,0.5,8,0,34.28919997531921
transition_warm,0.5,16,0.5,8,0,38.7143999687396
transition_first,0.5,16,0.5,8,1,37.02099999645725
transition_warm,0.5,16,0.5,8,1,38.70869998354465
transition_first,0.5,16,0.5,8,2,45.383599994238466
transition_warm,0.5,16,0.5,8,2,45.50930002005771
transition_first,0.5,16,0.5,8,3,40.33970000455156
transition_warm,0.5,16,0.5,8,3,39.59899995243177
transition_first,0.5,16,0.5,8,4,30.679100018460304
transition_warm,0.5,16,0.5,8,4,27.607599971815944
transition_first,0.5,16,0.5,8,5,28.595900046639144
transition_warm,0.5,16,0.5,8,5,42.644300032407045
transition_first,0.5,16,0.5,8,6,30.699099996127188
transition_warm,0.5,16,0.5,8,6,35.59230000246316
transition_first,0.5,16,0.5,8,7,28.70160003658384
transition_warm,0.5,16,0.5,8,7,31.037100008688867
transition_first,0.5,16,0.5,8,8,42.12019999977201
transition_warm,0.5,16,0.5,8,8,30.20089998608455
transition_first,0.5,16,0.5,8,9,32.74049999890849
transition_warm,0.5,16,0.5,8,9,52.941299974918365
transition_first,0.25,16,1.0,4,0,36.52740002144128
transition_warm,0.25,16,1.0,4,0,36.33070003706962
transition_first,0.25,16,1.0,4,1,40.53919995203614
transition_warm,0.25,16,1.0,4,1,35.314599983394146
transition_first,0.25,16,1.0,4,2,35.180100006982684
transition_warm,0.25,16,1.0,4,2,38.44660002505407
transition_first,0.25,16,1.0,4,3,49.36070000985637
transition_warm,0.25,16,1.0,4,3,33.23810000438243
transition_first,0.25,16,1.0,4,4,37.28500002762303
transition_warm,0.25,16,1.0,4,4,34.95649999240413
transition_first,0.25,16,1.0,4,5,39.075300039257854
transition_warm,0.25,16,1.0,4,5,36.57489997567609
transition_first,0.25,16,1.0,4,6,36.36050003115088
transition_warm,0.25,16,1.0,4,6,37.22089994698763
transition_first,0.25,16,1.0,4,7,35.800699959509075
transition_warm,0.25,16,1.0,4,7,31.90019994508475
transition_first,0.25,16,1.0,4,8,35.93770001316443
transition_warm,0.25,16,1.0,4,8,33.664099988527596
transition_first,0.25,16,1.0,4,9,34.382899990305305
transition_warm,0.25,16,1.0,4,9,53.7631000042893
transition_first,0.5,32,0.5,16,0,33.46679999958724
transition_warm,0.5,32,0.5,16,0,31.329300021752715
transition_first,0.5,32,0.5,16,1,45.699500013142824
transition_warm,0.5,32,0.5,16,1,34.84989999560639
transition_first,0.5,32,0.5,16,2,34.22929998487234
transition_warm,0.5,32,0.5,16,2,31.9568999693729
transition_first,0.5,32,0.5,16,3,34.048000001348555
transition_warm,0.5,32,0.5,16,3,32.82019996549934
transition_first,0.5,32,0.5,16,4,31.91240003798157
transition_warm,0.5,32,0.5,16,4,30.308799992781132
transition_first,0.5,32,0.5,16,5,31.69299999717623
transition_warm,0.5,32,0.5,16,5,31.987299968022853
transition_first,0.5,32,0.5,16,6,29.29279999807477
transition_warm,0.5,32,0.5,16,6,33.636100008152425
transition_first,0.5,32,0.5,16,7,36.120800010394305
transition_warm,0.5,32,0.5,16,7,55.60130003141239
transition_first,0.5,32,0.5,16,8,41.538399993442
transition_warm,0.5,32,0.5,16,8,47.69999999552965
transition_first,0.5,32,0.5,16,9,31.79199999431148
transition_warm,0.5,32,0.5,16,9,30.106999969575554
transition_first,0.75,8,0.75,16,0,31.799000047612935
transition_warm,0.75,8,0.75,16,0,33.714600023813546
transition_first,0.75,8,0.75,16,1,36.354799987748265
transition_warm,0.75,8,0.75,16,1,41.34289996000007
transition_first,0.75,8,0.75,16,2,31.330499972682446
transition_warm,0.75,8,0.75,16,2,33.244899997953326
transition_first,0.75,8,0.75,16,3,30.483399983495474
transition_warm,0.75,8,0.75,16,3,44.616300030611455
transition_first,0.75,8,0.75,16,4,35.76100000645965
transition_warm,0.75,8,0.75,16,4,35.0528999697417
transition_first,0.75,8,0.75,16,5,32.99209999386221
transition_warm,0.75,8,0.75,16,5,33.088100026361644
transition_first,0.75,8,0.75,16,6,34.37479998683557
transition_warm,0.75,8,0.75,16,6,29.96419998817146
transition_first,0.75,8,0.75,16,7,31.655200000386685
transition_warm,0.75,8,0.75,16,7,33.74179999809712
transition_first,0.75,8,0.75,16,8,40.124099992681295
transition_warm,0.75,8,0.75,16,8,35.62779998173937
transition_first,0.75,8,0.75,16,9,29.526200029067695
transition_warm,0.75,8,0.75,16,9,37.64579998096451
transition_first,0.5,4,0.75,16,0,28.538000013213605
transition_warm,0.5,4,0.75,16,0,30.894899973645806
transition_first,0.5,4,0.75,16,1,40.03470001043752
transition_warm,0.5,4,0.75,16,1,34.268599993083626
transition_first,0.5,4,0.75,16,2,36.54319996712729
transition_warm,0.5,4,0.75,16,2,41.546399996150285
transition_first,0.5,4,0.75,16,3,38.1690000067465
transition_warm,0.5,4,0.75,16,3,29.984100023284554
transition_first,0.5,4,0.75,16,4,34.74820003611967
transition_warm,0.5,4,0.75,16,4,28.290099988225847
transition_first,0.5,4,0.75,16,5,29.5369999948889
transition_warm,0.5,4,0.75,16,5,34.4827999942936
transition_first,0.5,4,0.75,16,6,33.38340000482276
transition_warm,0.5,4,0.75,16,6,32.17940003378317
transition_first,0.5,4,0.75,16,7,32.361799967475235
transition_warm,0.5,4,0.75,16,7,35.34260002197698
transition_first,0.5,4,0.75,16,8,29.810700041707605
transition_warm,0.5,4,0.75,16,8,30.44110001064837
transition_first,0.5,4,0.75,16,9,30.211800010874867
transition_warm,0.5,4,0.75,16,9,32.882099971175194
transition_first,0.25,32,0.5,8,0,29.761800018604845
transition_warm,0.25,32,0.5,8,0,33.77160005038604
transition_first,0.25,32,0.5,8,1,31.959099986124784
transition_warm,0.25,32,0.5,8,1,27.314300008583814
transition_first,0.25,32,0.5,8,2,32.83129999181256
transition_warm,0.25,32,0.5,8,2,30.908799963071942
transition_first,0.25,32,0.5,8,3,59.62309997994453
transition_warm,0.25,32,0.5,8,3,38.58120000222698
transition_first,0.25,32,0.5,8,4,39.05910003231838
transition_warm,0.25,32,0.5,8,4,32.47680002823472
transition_first,0.25,32,0.5,8,5,34.107399987988174
transition_warm,0.25,32,0.5,8,5,34.19289999874309
transition_first,0.25,32,0.5,8,6,31.33020002860576
transition_warm,0.25,32,0.5,8,6,35.10999999707565
transition_first,0.25,32,0.5,8,7,32.34089998295531
transition_warm,0.25,32,0.5,8,7,35.27210000902414
transition_first,0.25,32,0.5,8,8,31.914099992718548
transition_warm,0.25,32,0.5,8,8,35.28440004447475
transition_first,0.25,32,0.5,8,9,40.273700025863945
transition_warm,0.25,32,0.5,8,9,25.77409998048097
transition_first,0.5,16,0.5,4,0,33.86739996494725
transition_warm,0.5,16,0.5,4,0,34.07120000338182
transition_first,0.5,16,0.5,4,1,29.311100021004677
transition_warm,0.5,16,0.5,4,1,34.6074000117369
transition_first,0.5,16,0.5,4,2,26.782399974763393
transition_warm,0.5,16,0.5,4,2,28.40680000372231
transition_first,0.5,16,0.5,4,3,28.662700031418353
transition_warm,0.5,16,0.5,4,3,29.718299978412688
transition_first,0.5,16,0.5,4,4,28.358199982903898
transition_warm,0.5,16,0.5,4,4,32.590000017080456
transition_first,0.5,16,0.5,4,5,30.94490000512451
transition_warm,0.5,16,0.5,4,5,34.83720001531765
transition_first,0.5,16,0.5,4,6,33.60269998665899
transition_warm,0.5,16,0.5,4,6,37.904600030742586
transition_first,0.5,16,0.5,4,7,28.00079999724403
transition_warm,0.5,16,0.5,4,7,30.863999971188605
transition_first,0.5,16,0.5,4,8,27.71799999754876
transition_warm,0.5,16,0.5,4,8,46.44329997245222
transition_first,0.5,16,0.5,4,9,41.16820002673194
transition_warm,0.5,16,0.5,4,9,32.788500015158206
transition_first,1.0,16,0.75,4,0,28.77289999742061
transition_warm,1.0,16,0.75,4,0,31.66779997991398
transition_first,1.0,16,0.75,4,1,29.42189999157563
transition_warm,1.0,16,0.75,4,1,37.52030001487583
transition_first,1.0,16,0.75,4,2,32.117799972184
transition_warm,1.0,16,0.75,4,2,33.09179999632761
transition_first,1.0,16,0.75,4,3,28.96820002933964
transition_warm,1.0,16,0.75,4,3,34.200599999167025
transition_first,1.0,16,0.75,4,4,35.29869997873902
transition_warm,1.0,16,0.75,4,4,32.180999987758696
transition_first,1.0,16,0.75,4,5,48.20670001208782
transition_warm,1.0,16,0.75,4,5,33.98480004398152
transition_first,1.0,16,0.75,4,6,38.988999964203686
transition_warm,1.0,16,0.75,4,6,42.072399985045195
transition_first,1.0,16,0.75,4,7,31.58960002474487
transition_warm,1.0,16,0.75,4,7,33.0068000475876
transition_first,1.0,16,0.75,4,8,33.362000016495585
transition_warm,1.0,16,0.75,4,8,31.114400015212595
transition_first,1.0,16,0.75,4,9,34.879199985880405
transition_warm,1.0,16,0.75,4,9,34.494099963922054
transition_first,0.5,8,0.25,8,0,35.93299997737631
transition_warm,0.5,8,0.25,8,0,35.87570000672713
transition_first,0.5,8,0.25,8,1,34.053699986543506
transition_warm,0.5,8,0.25,8,1,32.853699987754226
transition_first,0.5,8,0.25,8,2,27.825099998153746
transition_warm,0.5,8,0.25,8,2,37.71850001066923
transition_first,0.5,8,0.25,8,3,54.463199980091304
transition_warm,0.5,8,0.25,8,3,54.793600051198155
transition_first,0.5,8,0.25,8,4,30.231300042942166
transition_warm,0.5,8,0.25,8,4,28.782700013834983
transition_first,0.5,8,0.25,8,5,30.578399950172752
transition_warm,0.5,8,0.25,8,5,34.00159999728203
transition_first,0.5,8,0.25,8,6,34.72699999110773
transition_warm,0.5,8,0.25,8,6,30.59969999594614
transition_first,0.5,8,0.25,8,7,32.65920002013445
transition_warm,0.5,8,0.25,8,7,31.320300011429936
transition_first,0.5,8,0.25,8,8,44.25440001068637
transition_warm,0.5,8,0.25,8,8,30.976800015196204
transition_first,0.5,8,0.25,8,9,30.221299966797233
transition_warm,0.5,8,0.25,8,9,37.45010000420734
transition_first,1.0,8,0.75,16,0,31.01000003516674
transition_warm,1.0,8,0.75,16,0,28.736200009007007
transition_first,1.0,8,0.75,16,1,37.070400023367256
transition_warm,1.0,8,0.75,16,1,34.852600016165525
transition_first,1.0,8,0.75,16,2,34.298400045372546
transition_warm,1.0,8,0.75,16,2,31.780900026205927
transition_first,1.0,8,0.75,16,3,29.034600011073053
transition_warm,1.0,8,0.75,16,3,32.6342000043951
transition_first,1.0,8,0.75,16,4,33.63740001805127
transition_warm,1.0,8,0.75,16,4,36.13329998916015
transition_first,1.0,8,0.75,16,5,38.54510001838207
transition_warm,1.0,8,0.75,16,5,33.50299998419359
transition_first,1.0,8,0.75,16,6,35.722100001294166
transition_warm,1.0,8,0.75,16,6,33.84609997738153
transition_first,1.0,8,0.75,16,7,32.067199994344264
transition_warm,1.0,8,0.75,16,7,30.702300020493567
transition_first,1.0,8,0.75,16,8,28.831200033891946
transition_warm,1.0,8,0.75,16,8,40.83759995410219
transition_first,1.0,8,0.75,16,9,34.56079994793981
transition_warm,1.0,8,0.75,16,9,33.148699963930994
transition_first,1.0,16,0.25,8,0,34.90359999705106
transition_warm,1.0,16,0.25,8,0,30.373899964615703
transition_first,1.0,16,0.25,8,1,40.984899969771504
transition_warm,1.0,16,0.25,8,1,40.11549998540431
transition_first,1.0,16,0.25,8,2,28.084599995054305
transition_warm,1.0,16,0.25,8,2,29.429999995045364
transition_first,1.0,16,0.25,8,3,33.447899972088635
transition_warm,1.0,16,0.25,8,3,36.77030000835657
transition_first,1.0,16,0.25,8,4,25.901900022290647
transition_warm,1.0,16,0.25,8,4,29.77709996048361
transition_first,1.0,16,0.25,8,5,38.04320003837347
transition_warm,1.0,16,0.25,8,5,26.50169999105856
transition_first,1.0,16,0.25,8,6,37.4356999527663
transition_warm,1.0,16,0.25,8,6,42.28649998549372
transition_first,1.0,16,0.25,8,7,38.00599998794496
transition_warm,1.0,16,0.25,8,7,37.67879999941215
transition_first,1.0,16,0.25,8,8,38.2240999606438
transition_warm,1.0,16,0.25,8,8,37.04319999087602
transition_first,1.0,16,0.25,8,9,39.84899999340996
transition_warm,1.0,16,0.25,8,9,45.471100020222366
transition_first,1.0,8,1.0,32,0,11.09430001815781
transition_warm,1.0,8,1.0,32,0,12.814000016078353
transition_first,1.0,8,1.0,32,1,9.628100029658526
transition_warm,1.0,8,1.0,32,1,9.305700019467622
transition_first,1.0,8,1.0,32,2,11.690899962559342
transition_warm,1.0,8,1.0,32,2,9.835800039581954
transition_first,1.0,8,1.0,32,3,13.568199996370822
transition_warm,1.0,8,1.0,32,3,9.749099961481988
transition_first,1.0,8,1.0,32,4,9.402900002896786
transition_warm,1.0,8,1.0,32,4,13.14029999775812
transition_first,1.0,8,1.0,32,5,10.4379000258632
transition_warm,1.0,8,1.0,32,5,13.617799966596067
transition_first,1.0,8,1.0,32,6,12.43499998236075
transition_warm,1.0,8,1.0,32,6,13.032499991822988
transition_first,1.0,8,1.0,32,7,9.658300026785582
transition_warm,1.0,8,1.0,32,7,9.662700002081692
transition_first,1.0,8,1.0,32,8,10.620899964123964
transition_warm,1.0,8,1.0,32,8,9.874499985016882
transition_first,1.0,8,1.0,32,9,12.894900050014257
transition_warm,1.0,8,1.0,32,9,12.006299977656454
transition_first,0.25,4,0.25,32,0,12.128000031225383
transition_warm,0.25,4,0.25,32,0,12.529800005722791
transition_first,0.25,4,0.25,32,1,10.224299971014261
transition_warm,0.25,4,0.25,32,1,9.190799959469587
transition_first,0.25,4,0.25,32,2,10.025700030382723
transition_warm,0.25,4,0.25,32,2,16.207000007852912
transition_first,0.25,4,0.25,32,3,12.653600017074496
transition_warm,0.25,4,0.25,32,3,10.529600025620311
transition_first,0.25,4,0.25,32,4,11.184200004208833
transition_warm,0.25,4,0.25,32,4,10.265799995977432
transition_first,0.25,4,0.25,32,5,10.001800023019314
transition_warm,0.25,4,0.25,32,5,11.821500025689602
transition_first,0.25,4,0.25,32,6,9.623199992347509
transition_warm,0.25,4,0.25,32,6,9.88670001970604
transition_first,0.25,4,0.25,32,7,10.77140000415966
transition_warm,0.25,4,0.25,32,7,12.537500006146729
transition_first,0.25,4,0.25,32,8,13.024899992160499
transition_warm,0.25,4,0.25,32,8,12.21879996592179
transition_first,0.25,4,0.25,32,9,13.391099986620247
transition_warm,0.25,4,0.25,32,9,12.222799996379763
transition_first,1.0,4,0.5,32,0,10.016000014729798
transition_warm,1.0,4,0.5,32,0,13.835399993695319
transition_first,1.0,4,0.5,32,1,9.966200042981654
transition_warm,1.0,4,0.5,32,1,12.984999979380518
transition_first,1.0,4,0.5,32,2,11.759799963328987
transition_warm,1.0,4,0.5,32,2,11.704099946655333
transition_first,1.0,4,0.5,32,3,10.174499999266118
transition_warm,1.0,4,0.5,32,3,10.140499973203987
transition_first,1.0,4,0.5,32,4,11.925600003451109
transition_warm,1.0,4,0.5,32,4,12.465100036934018
transition_first,1.0,4,0.5,32,5,10.200600023381412
transition_warm,1.0,4,0.5,32,5,9.912099980283529
transition_first,1.0,4,0.5,32,6,9.60829999530688
transition_warm,1.0,4,0.5,32,6,10.173299990128726
transition_first,1.0,4,0.5,32,7,12.880599999334663
transition_warm,1.0,4,0.5,32,7,10.242599993944168
transition_first,1.0,4,0.5,32,8,17.4933000234887
transition_warm,1.0,4,0.5,32,8,16.87380002113059
transition_first,1.0,4,0.5,32,9,13.208000047598034
transition_warm,1.0,4,0.5,32,9,12.563600030262023
transition_first,0.5,32,0.25,8,0,31.070000026375055
transition_warm,0.5,32,0.25,8,0,33.10229995986447
transition_first,0.5,32,0.25,8,1,43.143699993379414
transition_warm,0.5,32,0.25,8,1,61.13200000254437
transition_first,0.5,32,0.25,8,2,32.99550001975149
transition_warm,0.5,32,0.25,8,2,31.420000013895333
transition_first,0.5,32,0.25,8,3,31.75210003973916
transition_warm,0.5,32,0.25,8,3,33.697000006213784
transition_first,0.5,32,0.25,8,4,39.43030000664294
transition_warm,0.5,32,0.25,8,4,45.03600002499297
transition_first,0.5,32,0.25,8,5,25.14729998074472
transition_warm,0.5,32,0.25,8,5,27.721200021915138
transition_first,0.5,32,0.25,8,6,33.86679996037856
transition_warm,0.5,32,0.25,8,6,35.3025000076741
transition_first,0.5,32,0.25,8,7,37.32440003659576
transition_warm,0.5,32,0.25,8,7,29.699500009883195
transition_first,0.5,32,0.25,8,8,38.65810000570491
transition_warm,0.5,32,0.25,8,8,34.447899961378425
transition_first,0.5,32,0.25,8,9,25.704599975142628
transition_warm,0.5,32,0.25,8,9,30.25589999742806
