record_type,from_width_mult,from_bit_width,width_mult,bit_width,sample_index,latency_ms
warm,,,0.25,4,0,36.06050001690164
warm,,,0.25,4,1,39.551899943035096
warm,,,0.25,4,2,30.040099984034896
warm,,,0.25,4,3,28.937599970959127
warm,,,0.25,4,4,32.899799989536405
warm,,,0.25,4,5,31.71359997941181
warm,,,0.25,4,6,40.77239998150617
warm,,,0.25,4,7,34.474499989300966
warm,,,0.25,4,8,26.627000013832003
warm,,,0.25,4,9,25.76190000399947
warm,,,0.25,4,10,24.962800031062216
warm,,,0.25,4,11,24.509800015948713
warm,,,0.25,4,12,25.767499988432974
warm,,,0.25,4,13,26.36359998723492
warm,,,0.25,4,14,28.659100004006177
warm,,,0.25,4,15,25.041599990800023
warm,,,0.25,4,16,25.962999963667244
warm,,,0.25,4,17,27.300800022203475
warm,,,0.25,4,18,24.823400017339736
warm,,,0.25,4,19,25.85859998362139
warm,,,0.25,4,20,24.12809996167198
warm,,,0.25,4,21,24.769900017417967
warm,,,0.25,4,22,29.056399944238365
warm,,,0.25,4,23,35.35499999998137
warm,,,0.25,4,24,48.163299972657114
warm,,,0.25,4,25,26.717500004451722
warm,,,0.25,4,26,25.85269999690354
warm,,,0.25,4,27,38.06880000047386
warm,,,0.25,4,28,26.475899969227612
warm,,,0.25,4,29,26.020899997092783
warm,,,0.25,4,30,32.51669998280704
warm,,,0.25,4,31,31.60420001950115
warm,,,0.25,4,32,26.523999986238778
warm,,,0.25,4,33,24.868100008461624
warm,,,0.25,4,34,33.941500005312264
warm,,,0.25,4,35,34.920600010082126
warm,,,0.25,4,36,33.05339999496937
warm,,,0.25,4,37,32.41280000656843
warm,,,0.25,4,38,26.82289999211207
warm,,,0.25,4,39,25.952299998607486
warm,,,0.25,4,40,28.495199978351593
warm,,,0.25,4,41,27.500499971210957
warm,,,0.25,4,42,30.94460000284016
warm,,,0.25,4,43,32.6593000208959
warm,,,0.25,4,44,26.016700023319572
warm,,,0.25,4,45,28.777899977285415
warm,,,0.25,4,46,35.44770000735298
warm,,,0.25,4,47,30.247699993196875
warm,,,0.25,4,48,27.613699960056692
warm,,,0.25,4,49,27.913799975067377
warm,,,0.25,4,50,27.481800003442913
warm,,,0.25,4,51,26.387999998405576
warm,,,0.25,4,52,27.591000020038337
warm,,,0.25,4,53,26.813400036189705
warm,,,0.25,4,54,26.815099990926683
warm,,,0.25,4,55,28.402800031471997
warm,,,0.25,4,56,33.38839998468757
warm,,,0.25,4,57,29.046400042716414
warm,,,0.25,4,58,28.02289999090135
warm,,,0.25,4,59,25.024699978530407
warm,,,0.25,4,60,26.615300041157752
warm,,,0.25,4,61,28.730900026857853
warm,,,0.25,4,62,34.74500001175329
warm,,,0.25,4,63,45.66270002396777
warm,,,0.25,4,64,32.65259996987879
warm,,,0.25,4,65,33.62549998564646
warm,,,0.25,4,66,46.797099988907576
warm,,,0.25,4,67,35.29339999658987
warm,,,0.25,4,68,26.336100010666996
warm,,,0.25,4,69,29.481699981261045
warm,,,0.25,4,70,26.155499974265695
warm,,,0.25,4,71,26.587900007143617
warm,,,0.25,4,72,33.286599966231734
warm,,,0.25,4,73,38.117899966891855
warm,,,0.25,4,74,35.972799989394844
warm,,,0.25,4,75,25.982199993450195
warm,,,0.25,4,76,26.21819998603314
warm,,,0.25,4,77,28.736500011291355
warm,,,0.25,4,78,38.70960004860535
warm,,,0.25,4,79,37.02570003224537
warm,,,0.25,4,80,25.8761000004597
warm,,,0.25,4,81,24.082799965981394
warm,,,0.25,4,82,24.647300015203655
warm,,,0.25,4,83,26.81989996926859
warm,,,0.25,4,84,26.98279998730868
warm,,,0.25,4,85,26.204599998891354
warm,,,0.25,4,86,29.38920003362
warm,,,0.25,4,87,25.61820001574233
warm,,,0.25,4,88,26.00939996773377
warm,,,0.25,4,89,25.165600003674626
warm,,,0.25,4,90,26.317999989259988
warm,,,0.25,4,91,24.830900016240776
warm,,,0.25,4,92,25.94000002136454
warm,,,0.25,4,93,25.389500020537525
warm,,,0.25,4,94,25.287600001320243
warm,,,0.25,4,95,27.639599982649088
warm,,,0.25,4,96,29.63489998364821
warm,,,0.25,4,97,25.240299990400672
warm,,,0.25,4,98,25.993600022047758
warm,,,0.25,4,99,25.69109998876229
warm,,,0.25,4,100,34.62659998331219
warm,,,0.25,4,101,36.285099980887026
warm,,,0.25,4,102,25.300999986939132
warm,,,0.25,4,103,24.248900008387864
warm,,,0.25,4,104,24.665200035087764
warm,,,0.25,4,105,29.444999992847443
warm,,,0.25,4,106,25.090400013141334
warm,,,0.25,4,107,24.700900015886873
warm,,,0.25,4,108,25.57530003832653
warm,,,0.25,4,109,27.186600025743246
warm,,,0.25,4,110,28.571000031661242
warm,,,0.25,4,111,25.382500025443733
warm,,,0.25,4,112,24.32650001719594
warm,,,0.25,4,113,25.660999992396683
warm,,,0.25,4,114,25.73860000120476
warm,,,0.25,4,115,25.775999994948506
warm,,,0.25,4,116,25.103599997237325
warm,,,0.25,4,117,25.509099999908358
warm,,,0.25,4,118,33.47720002057031
warm,,,0.25,4,119,28.9902999647893
warm,,,0.25,4,120,26.64370002457872
warm,,,0.25,4,121,25.25840001180768
warm,,,0.25,4,122,24.194199999328703
warm,,,0.25,4,123,25.79639997566119
warm,,,0.25,4,124,25.480100011918694
warm,,,0.25,4,125,27.84560003783554
warm,,,0.25,4,126,30.01889999723062
warm,,,0.25,4,127,24.384799995459616
warm,,,0.25,4,128,41.18150001158938
warm,,,0.25,4,129,24.94859998114407
warm,,,0.25,4,130,30.83240002160892
warm,,,0.25,4,131,31.83819999685511
warm,,,0.25,4,132,27.61839999584481
warm,,,0.25,4,133,25.440899946261197
warm,,,0.25,4,134,25.037899962626398
warm,,,0.25,4,135,24.76339996792376
warm,,,0.25,4,136,26.017999975010753
warm,,,0.25,4,137,25.862600014079362
warm,,,0.25,4,138,27.446300024166703
warm,,,0.25,4,139,24.54279997618869
warm,,,0.25,4,140,25.2494000014849
warm,,,0.25,4,141,24.81839997926727
warm,,,0.25,4,142,25.8334000245668
warm,,,0.25,4,143,24.076899979263544
warm,,,0.25,4,144,34.227200027089566
warm,,,0.25,4,145,34.02389999246225
warm,,,0.25,4,146,27.04980003181845
warm,,,0.25,4,147,51.42209999030456
warm,,,0.25,4,148,25.487700011581182
warm,,,0.25,4,149,73.73980002012104
warm,,,0.25,4,150,60.244199994485825
warm,,,0.25,4,151,41.99009999865666
warm,,,0.25,4,152,32.18229999765754
warm,,,0.25,4,153,25.000099965836853
warm,,,0.25,4,154,24.476899998262525
warm,,,0.25,4,155,24.87439999822527
warm,,,0.25,4,156,28.168999997433275
warm,,,0.25,4,157,25.38129995809868
warm,,,0.25,4,158,25.284699979238212
warm,,,0.25,4,159,28.756899992004037
warm,,,0.25,4,160,25.518100010231137
warm,,,0.25,4,161,25.875099992845207
warm,,,0.25,4,162,25.578900007531047
warm,,,0.25,4,163,25.631899945437908
warm,,,0.25,4,164,25.79909999622032
warm,,,0.25,4,165,34.23560003284365
warm,,,0.25,4,166,35.70219996618107
warm,,,0.25,4,167,28.102700016461313
warm,,,0.25,4,168,26.060700009111315
warm,,,0.25,4,169,27.203999983612448
warm,,,0.25,4,170,24.956999986898154
warm,,,0.25,4,171,27.746999985538423
warm,,,0.25,4,172,26.24540001852438
warm,,,0.25,4,173,34.93319998960942
warm,,,0.25,4,174,27.084800007287413
warm,,,0.25,4,175,26.97529998840764
warm,,,0.25,4,176,30.397299968171865
warm,,,0.25,4,177,25.416599994059652
warm,,,0.25,4,178,47.31759999413043
warm,,,0.25,4,179,34.999200026504695
warm,,,0.25,4,180,27.956100006122142
warm,,,0.25,4,181,36.38930001761764
warm,,,0.25,4,182,29.655000020284206
warm,,,0.25,4,183,26.340699987486005
warm,,,0.25,4,184,34.23879999900237
warm,,,0.25,4,185,26.421900023706257
warm,,,0.25,4,186,28.517600032500923
warm,,,0.25,4,187,26.55180002329871
warm,,,0.25,4,188,25.764400023035705
warm,,,0.25,4,189,26.949499966576695
warm,,,0.25,4,190,25.269899982959032
warm,,,0.25,4,191,25.67599999019876
warm,,,0.25,4,192,26.774899975862354
warm,,,0.25,4,193,25.896399980410933
warm,,,0.25,4,194,25.39630001410842
warm,,,0.25,4,195,35.88699997635558
warm,,,0.25,4,196,25.557400018442422
warm,,,0.25,4,197,33.41609996277839
warm,,,0.25,4,198,33.77370000816882
warm,,,0.25,4,199,25.48519999254495
warm,,,0.25,8,0,24.333500012289733
warm,,,0.25,8,1,25.94309998676181
warm,,,0.25,8,2,25.450200017075986
warm,,,0.25,8,3,25.72649996727705
warm,,,0.25,8,4,24.995100044179708
warm,,,0.25,8,5,25.586799951270223
warm,,,0.25,8,6,25.73839999968186
warm,,,0.25,8,7,24.840200028847903
warm,,,0.25,8,8,33.9922999846749
warm,,,0.25,8,9,34.110400010831654
warm,,,0.25,8,10,27.038500003982335
warm,,,0.25,8,11,25.280300003942102
warm,,,0.25,8,12,25.56340000592172
warm,,,0.25,8,13,28.86610000859946
warm,,,0.25,8,14,38.53899997193366
warm,,,0.25,8,15,25.9016000200063
warm,,,0.25,8,16,26.494799996726215
warm,,,0.25,8,17,26.041500037536025
warm,,,0.25,8,18,25.024699978530407
warm,,,0.25,8,19,25.918200029991567
warm,,,0.25,8,20,25.623299996368587
warm,,,0.25,8,21,25.430899986531585
warm,,,0.25,8,22,24.773199984338135
warm,,,0.25,8,23,25.146300031337887
warm,,,0.25,8,24,25.124399980995804
warm,,,0.25,8,25,25.826199969742447
warm,,,0.25,8,26,24.43600003607571
warm,,,0.25,8,27,26.243000000249594
warm,,,0.25,8,28,25.692099996376783
warm,,,0.25,8,29,25.937400001566857
warm,,,0.25,8,30,24.733499973081052
warm,,,0.25,8,31,28.838399972300977
warm,,,0.25,8,32,25.70150000974536
warm,,,0.25,8,33,26.441499998327345
warm,,,0.25,8,34,25.642799970228225
warm,,,0.25,8,35,26.220400002785027
warm,,,0.25,8,36,26.740400004200637
warm,,,0.25,8,37,26.55179996509105
warm,,,0.25,8,38,27.149300032760948
warm,,,0.25,8,39,26.652099972125143
warm,,,0.25,8,40,25.17699997406453
warm,,,0.25,8,41,24.83050001319498
warm,,,0.25,8,42,26.153000013437122
warm,,,0.25,8,43,41.431100049521774
warm,,,0.25,8,44,26.03470004396513
warm,,,0.25,8,45,24.999699962791055
warm,,,0.25,8,46,24.112100014463067
warm,,,0.25,8,47,24.618800031021237
warm,,,0.25,8,48,26.73099999083206
warm,,,0.25,8,49,25.06569999968633
warm,,,0.25,8,50,24.336500035133213
warm,,,0.25,8,51,25.55189997656271
warm,,,0.25,8,52,25.262499984819442
warm,,,0.25,8,53,29.817999980878085
warm,,,0.25,8,54,36.365300009492785
warm,,,0.25,8,55,28.029800043441355
warm,,,0.25,8,56,25.480899959802628
warm,,,0.25,8,57,24.165600014384836
warm,,,0.25,8,58,26.28220000769943
warm,,,0.25,8,59,26.370599982328713
warm,,,0.25,8,60,37.85169997718185
warm,,,0.25,8,61,27.644700021483004
warm,,,0.25,8,62,25.300099980086088
warm,,,0.25,8,63,24.509599956218153
warm,,,0.25,8,64,24.912699998822063
warm,,,0.25,8,65,26.92959998967126
warm,,,0.25,8,66,27.680200000759214
warm,,,0.25,8,67,24.196599959395826
warm,,,0.25,8,68,27.922699984628707
warm,,,0.25,8,69,25.841200025752187
warm,,,0.25,8,70,25.24629997787997
warm,,,0.25,8,71,25.70270001888275
warm,,,0.25,8,72,23.84459995664656
warm,,,0.25,8,73,36.08140000142157
warm,,,0.25,8,74,25.496500020381063
warm,,,0.25,8,75,51.36240000138059
warm,,,0.25,8,76,36.849799973424524
warm,,,0.25,8,77,26.592599984724075
warm,,,0.25,8,78,24.145400035195053
warm,,,0.25,8,79,26.156699983403087
warm,,,0.25,8,80,25.116700038779527
warm,,,0.25,8,81,28.073899971786886
warm,,,0.25,8,82,27.14119997108355
warm,,,0.25,8,83,24.477900005877018
warm,,,0.25,8,84,25.113800016697496
warm,,,0.25,8,85,24.976100015919656
warm,,,0.25,8,86,23.789600003510714
warm,,,0.25,8,87,25.865200033877045
warm,,,0.25,8,88,26.03309997357428
warm,,,0.25,8,89,33.474700001534075
warm,,,0.25,8,90,30.991000006906688
warm,,,0.25,8,91,27.625700051430613
warm,,,0.25,8,92,25.684699998237193
warm,,,0.25,8,93,24.795499979518354
warm,,,0.25,8,94,24.88059998722747
warm,,,0.25,8,95,26.93829999770969
warm,,,0.25,8,96,28.44970003934577
warm,,,0.25,8,97,24.703499977476895
warm,,,0.25,8,98,25.090000010095537
warm,,,0.25,8,99,25.795600027777255
warm,,,0.25,8,100,25.253299972973764
warm,,,0.25,8,101,24.8581999912858
warm,,,0.25,8,102,25.171599991153926
warm,,,0.25,8,103,31.428400019649416
warm,,,0.25,8,104,32.14139997726306
warm,,,0.25,8,105,26.201599976047873
warm,,,0.25,8,106,25.06419998826459
warm,,,0.25,8,107,24.300899996887892
warm,,,0.25,8,108,24.942000047303736
warm,,,0.25,8,109,25.91500000562519
warm,,,0.25,8,110,25.832400016952306
warm,,,0.25,8,111,23.874799953773618
warm,,,0.25,8,112,26.392900035716593
warm,,,0.25,8,113,25.87299997685477
warm,,,0.25,8,114,28.18190003745258
warm,,,0.25,8,115,27.443500002846122
warm,,,0.25,8,116,45.09819997474551
warm,,,0.25,8,117,25.703500024974346
warm,,,0.25,8,118,26.48960001533851
warm,,,0.25,8,119,24.757100036367774
warm,,,0.25,8,120,25.99449997069314
warm,,,0.25,8,121,25.88199998717755
warm,,,0.25,8,122,27.757300005760044
warm,,,0.25,8,123,30.673400033265352
warm,,,0.25,8,124,25.495000008959323
warm,,,0.25,8,125,25.620599975809455
warm,,,0.25,8,126,25.915200007148087
warm,,,0.25,8,127,26.084200013428926
warm,,,0.25,8,128,38.79879997111857
warm,,,0.25,8,129,26.925700018182397
warm,,,0.25,8,130,26.995500025805086
warm,,,0.25,8,131,34.36890000011772
warm,,,0.25,8,132,25.242800009436905
warm,,,0.25,8,133,25.347799994051456
warm,,,0.25,8,134,25.10590001475066
warm,,,0.25,8,135,24.6288999915123
warm,,,0.25,8,136,26.19149995734915
warm,,,0.25,8,137,25.93990002060309
warm,,,0.25,8,138,32.120299991220236
warm,,,0.25,8,139,25.623499997891486
warm,,,0.25,8,140,34.3019999563694
warm,,,0.25,8,141,27.456599986180663
warm,,,0.25,8,142,26.056000031530857
warm,,,0.25,8,143,30.32819996587932
warm,,,0.25,8,144,31.566500023473054
warm,,,0.25,8,145,29.69009999651462
warm,,,0.25,8,146,25.274899962823838
warm,,,0.25,8,147,28.643600002396852
warm,,,0.25,8,148,27.1785999648273
warm,,,0.25,8,149,31.818600022234023
warm,,,0.25,8,150,45.88049999438226
warm,,,0.25,8,151,28.4395000198856
warm,,,0.25,8,152,28.591100010089576
warm,,,0.25,8,153,28.87189999455586
warm,,,0.25,8,154,27.764900005422533
warm,,,0.25,8,155,27.15490001719445
warm,,,0.25,8,156,27.271300030406564
warm,,,0.25,8,157,37.43309999117628
warm,,,0.25,8,158,31.54640004504472
warm,,,0.25,8,159,38.05780003312975
warm,,,0.25,8,160,29.75370001513511
warm,,,0.25,8,161,34.48010003194213
warm,,,0.25,8,162,29.2568999575451
warm,,,0.25,8,163,27.964300010353327
warm,,,0.25,8,164,31.07629995793104
warm,,,0.25,8,165,29.665499983821064
warm,,,0.25,8,166,37.13920002337545
warm,,,0.25,8,167,39.34710001340136
warm,,,0.25,8,168,29.098300030454993
warm,,,0.25,8,169,35.02019995357841
warm,,,0.25,8,170,36.52289998717606
warm,,,0.25,8,171,38.70549995917827
warm,,,0.25,8,172,37.48349996749312
warm,,,0.25,8,173,43.14129997510463
warm,,,0.25,8,174,44.25109998555854
warm,,,0.25,8,175,30.756300024222583
warm,,,0.25,8,176,31.83370002079755
warm,,,0.25,8,177,27.12489996338263
warm,,,0.25,8,178,36.46229999139905
warm,,,0.25,8,179,30.687399965245277
warm,,,0.25,8,180,39.46280002128333
warm,,,0.25,8,181,27.955900004599243
warm,,,0.25,8,182,25.142300000879914
warm,,,0.25,8,183,25.742600031662732
warm,,,0.25,8,184,26.408399979118258
warm,,,0.25,8,185,27.804300014395267
warm,,,0.25,8,186,28.13550003338605
warm,,,0.25,8,187,27.897999971173704
warm,,,0.25,8,188,27.53710001707077
warm,,,0.25,8,189,28.49420002894476
warm,,,0.25,8,190,27.823599986732006
warm,,,0.25,8,191,27.5209000101313
warm,,,0.25,8,192,28.531899966765195
warm,,,0.25,8,193,32.96099998988211
warm,,,0.25,8,194,29.481399978976697
warm,,,0.25,8,195,25.379300001077354
warm,,,0.25,8,196,26.45110001321882
warm,,,0.25,8,197,26.79009997518733
warm,,,0.25,8,198,27.493499976117164
warm,,,0.25,8,199,26.38460003072396
warm,,,0.25,16,0,24.924299970734864
warm,,,0.25,16,1,29.530700005125254
warm,,,0.25,16,2,25.989799993112683
warm,,,0.25,16,3,25.55010002106428
warm,,,0.25,16,4,25.431199988815933
warm,,,0.25,16,5,24.622400000225753
warm,,,0.25,16,6,25.574299972504377
warm,,,0.25,16,7,25.12930001830682
warm,,,0.25,16,8,25.83930001128465
warm,,,0.25,16,9,24.841100035700947
warm,,,0.25,16,10,25.019199994858354
warm,,,0.25,16,11,33.20579999126494
warm,,,0.25,16,12,27.27020002203062
warm,,,0.25,16,13,25.300199980847538
warm,,,0.25,16,14,25.666499976068735
warm,,,0.25,16,15,34.24139996059239
warm,,,0.25,16,16,24.70099995844066
warm,,,0.25,16,17,25.05969995399937
warm,,,0.25,16,18,25.771900021936744
warm,,,0.25,16,19,25.64919996075332
warm,,,0.25,16,20,24.36670003226027
warm,,,0.25,16,21,26.478599989786744
warm,,,0.25,16,22,29.306699987500906
warm,,,0.25,16,23,34.09039997495711
warm,,,0.25,16,24,29.29699997184798
warm,,,0.25,16,25,36.458600021433085
warm,,,0.25,16,26,25.74419998563826
warm,,,0.25,16,27,28.201800014358014
warm,,,0.25,16,28,30.497000028844923
warm,,,0.25,16,29,26.60650003235787
warm,,,0.25,16,30,26.841599959880114
warm,,,0.25,16,31,34.26550002768636
warm,,,0.25,16,32,25.47619998222217
warm,,,0.25,16,33,25.976700009778142
warm,,,0.25,16,34,25.132699985988438
warm,,,0.25,16,35,26.38729999307543
warm,,,0.25,16,36,33.08459999971092
warm,,,0.25,16,37,35.13079998083413
warm,,,0.25,16,38,26.462400041054934
warm,,,0.25,16,39,24.9321999726817
warm,,,0.25,16,40,33.81890000309795
warm,,,0.25,16,41,26.12520003458485
warm,,,0.25,16,42,24.045999976806343
warm,,,0.25,16,43,25.257300003431737
warm,,,0.25,16,44,35.44110001530498
warm,,,0.25,16,45,51.255200000014156
warm,,,0.25,16,46,29.83779995702207
warm,,,0.25,16,47,25.12940001906827
warm,,,0.25,16,48,25.46589996200055
warm,,,0.25,16,49,26.87800000421703
warm,,,0.25,16,50,25.10109997820109
warm,,,0.25,16,51,24.366000026930124
warm,,,0.25,16,52,29.30340002058074
warm,,,0.25,16,53,27.674300014041364
warm,,,0.25,16,54,31.108800030779094
warm,,,0.25,16,55,25.517199945170432
warm,,,0.25,16,56,33.584200020413846
warm,,,0.25,16,57,25.747000006958842
warm,,,0.25,16,58,32.2928000241518
warm,,,0.25,16,59,24.857899989001453
warm,,,0.25,16,60,25.84200003184378
warm,,,0.25,16,61,27.17580000171438
warm,,,0.25,16,62,25.013500009663403
warm,,,0.25,16,63,24.237899982836097
warm,,,0.25,16,64,24.90849996684119
warm,,,0.25,16,65,24.786899972241372
warm,,,0.25,16,66,25.876500003505498
warm,,,0.25,16,67,24.42699996754527
warm,,,0.25,16,68,31.00580000318587
warm,,,0.25,16,69,25.170200038701296
warm,,,0.25,16,70,25.16029996331781
warm,,,0.25,16,71,25.826900033280253
warm,,,0.25,16,72,24.063499993644655
warm,,,0.25,16,73,26.432099984958768
warm,,,0.25,16,74,32.64450002461672
warm,,,0.25,16,75,24.937800015322864
warm,,,0.25,16,76,24.814300006255507
warm,,,0.25,16,77,23.81260000402108
warm,,,0.25,16,78,25.29570000478998
warm,,,0.25,16,79,25.24370001628995
warm,,,0.25,16,80,31.020700000226498
warm,,,0.25,16,81,26.162399968598038
warm,,,0.25,16,82,24.937800015322864
warm,,,0.25,16,83,29.083399975206703
warm,,,0.25,16,84,25.852999999187887
warm,,,0.25,16,85,24.97959998436272
warm,,,0.25,16,86,24.11320002283901
warm,,,0.25,16,87,24.610499967820942
warm,,,0.25,16,88,25.915200007148087
warm,,,0.25,16,89,25.06750001339242
warm,,,0.25,16,90,26.429499965161085
warm,,,0.25,16,91,24.342500022612512
warm,,,0.25,16,92,24.912799999583513
warm,,,0.25,16,93,30.34180001122877
warm,,,0.25,16,94,25.44349996605888
warm,,,0.25,16,95,35.0295000243932
warm,,,0.25,16,96,24.229699978604913
warm,,,0.25,16,97,26.101800031028688
warm,,,0.25,16,98,25.131299975328147
warm,,,0.25,16,99,24.90449999459088
warm,,,0.25,16,100,25.654800003394485
warm,,,0.25,16,101,24.531599949114025
warm,,,0.25,16,102,30.859599995892495
warm,,,0.25,16,103,29.8410999821499
warm,,,0.25,16,104,34.51440000208095
warm,,,0.25,16,105,29.26030004164204
warm,,,0.25,16,106,25.79159999731928
warm,,,0.25,16,107,25.919499981682748
warm,,,0.25,16,108,24.45670001907274
warm,,,0.25,16,109,25.830899947322905
warm,,,0.25,16,110,27.507899969350547
warm,,,0.25,16,111,27.594000042881817
warm,,,0.25,16,112,32.4842999689281
warm,,,0.25,16,113,30.896399985067546
warm,,,0.25,16,114,24.635599984321743
warm,,,0.25,16,115,25.63470002496615
warm,,,0.25,16,116,24.672600033227354
warm,,,0.25,16,117,24.69970000674948
warm,,,0.25,16,118,24.59450002061203
warm,,,0.25,16,119,25.475299975369126
warm,,,0.25,16,120,29.41439999267459
warm,,,0.25,16,121,25.933599972631782
warm,,,0.25,16,122,25.478099996689707
warm,,,0.25,16,123,24.568699998781085
warm,,,0.25,16,124,24.826800043229014
warm,,,0.25,16,125,25.060499960090965
warm,,,0.25,16,126,27.168700005859137
warm,,,0.25,16,127,29.295500018633902
warm,,,0.25,16,128,25.856199965346605
warm,,,0.25,16,129,25.911200034897774
warm,,,0.25,16,130,24.97819997370243
warm,,,0.25,16,131,26.34470001794398
warm,,,0.25,16,132,25.41409997502342
warm,,,0.25,16,133,25.851699989289045
warm,,,0.25,16,134,31.308300036471337
warm,,,0.25,16,135,32.480499998200685
warm,,,0.25,16,136,37.21510001923889
warm,,,0.25,16,137,25.596999970730394
warm,,,0.25,16,138,25.940500025171787
warm,,,0.25,16,139,24.531500006560236
warm,,,0.25,16,140,25.964699976611882
warm,,,0.25,16,141,26.377899979706854
warm,,,0.25,16,142,42.14700002921745
warm,,,0.25,16,143,26.742499961983413
warm,,,0.25,16,144,25.45570000074804
warm,,,0.25,16,145,26.588100008666515
warm,,,0.25,16,146,24.280900019221008
warm,,,0.25,16,147,24.78889998747036
warm,,,0.25,16,148,28.773400001227856
warm,,,0.25,16,149,25.476899987552315
warm,,,0.25,16,150,24.41989997169003
warm,,,0.25,16,151,25.043799949344248
warm,,,0.25,16,152,24.896099988836795
warm,,,0.25,16,153,26.19319997029379
warm,,,0.25,16,154,34.77010002825409
warm,,,0.25,16,155,34.77520000888035
warm,,,0.25,16,156,24.715200008358806
warm,,,0.25,16,157,25.17250005621463
warm,,,0.25,16,158,30.560000042896718
warm,,,0.25,16,159,25.897599989548326
warm,,,0.25,16,160,25.641199958045036
warm,,,0.25,16,161,24.982000002637506
warm,,,0.25,16,162,44.183799996972084
warm,,,0.25,16,163,48.41420002048835
warm,,,0.25,16,164,29.778299969621003
warm,,,0.25,16,165,31.98189998511225
warm,,,0.25,16,166,27.88070001406595
warm,,,0.25,16,167,25.039700034540147
warm,,,0.25,16,168,27.65389997512102
warm,,,0.25,16,169,36.38359997421503
warm,,,0.25,16,170,25.039599975571036
warm,,,0.25,16,171,26.204099995084107
warm,,,0.25,16,172,25.595100014470518
warm,,,0.25,16,173,25.063700042665005
warm,,,0.25,16,174,26.114400010555983
warm,,,0.25,16,175,25.38290002848953
warm,,,0.25,16,176,26.33089997107163
warm,,,0.25,16,177,25.733200018294156
warm,,,0.25,16,178,25.291299971286207
warm,,,0.25,16,179,24.02290003374219
warm,,,0.25,16,180,26.31049999035895
warm,,,0.25,16,181,24.806800007354468
warm,,,0.25,16,182,33.34379999432713
warm,,,0.25,16,183,45.94600002747029
warm,,,0.25,16,184,30.86500003701076
warm,,,0.25,16,185,25.531699997372925
warm,,,0.25,16,186,26.65559999877587
warm,,,0.25,16,187,25.218900002073497
warm,,,0.25,16,188,25.121500017121434
warm,,,0.25,16,189,27.577399974688888
warm,,,0.25,16,190,25.90300003066659
warm,,,0.25,16,191,24.693299958016723
warm,,,0.25,16,192,24.569100001826882
warm,,,0.25,16,193,33.493799972347915
warm,,,0.25,16,194,25.77549999114126
warm,,,0.25,16,195,29.080000007525086
warm,,,0.25,16,196,25.656199955847114
warm,,,0.25,16,197,27.78609999222681
warm,,,0.25,16,198,25.866299984045327
warm,,,0.25,16,199,26.53829997871071
warm,,,0.25,32,0,9.67340002534911
warm,,,0.25,32,1,8.98749998304993
warm,,,0.25,32,2,9.023600025102496
warm,,,0.25,32,3,9.555399999953806
warm,,,0.25,32,4,9.12080000853166
warm,,,0.25,32,5,9.243300009984523
warm,,,0.25,32,6,9.677599999122322
warm,,,0.25,32,7,10.16809995053336
warm,,,0.25,32,8,8.939200022723526
warm,,,0.25,32,9,9.08220000565052
warm,,,0.25,32,10,9.394099994096905
warm,,,0.25,32,11,9.248499991372228
warm,,,0.25,32,12,12.328599987085909
warm,,,0.25,32,13,13.2057000300847
warm,,,0.25,32,14,8.998000004794449
warm,,,0.25,32,15,9.280099999159575
warm,,,0.25,32,16,8.905099995899945
warm,,,0.25,32,17,9.648900013417006
warm,,,0.25,32,18,9.20670002233237
warm,,,0.25,32,19,8.918899984564632
warm,,,0.25,32,20,9.29570000153035
warm,,,0.25,32,21,9.303500002715737
warm,,,0.25,32,22,9.076399961486459
warm,,,0.25,32,23,8.877299958840013
warm,,,0.25,32,24,9.589499968569726
warm,,,0.25,32,25,9.248999995179474
warm,,,0.25,32,26,8.90890002483502
warm,,,0.25,32,27,9.392500040121377
warm,,,0.25,32,28,9.928799991030246
warm,,,0.25,32,29,9.204400004819036
warm,,,0.25,32,30,9.19919996522367
warm,,,0.25,32,31,9.149699995759875
warm,,,0.25,32,32,9.045600017998368
warm,,,0.25,32,33,8.706299995537847
warm,,,0.25,32,34,9.309199987910688
warm,,,0.25,32,35,9.92670003324747
warm,,,0.25,32,36,8.852800005115569
warm,,,0.25,32,37,8.73840000713244
warm,,,0.25,32,38,8.657999977003783
warm,,,0.25,32,39,9.523700049612671
warm,,,0.25,32,40,8.762700017541647
warm,,,0.25,32,41,8.720899990294129
warm,,,0.25,32,42,9.61120001738891
warm,,,0.25,32,43,9.146300028078258
warm,,,0.25,32,44,8.824200020171702
warm,,,0.25,32,45,8.583899994846433
warm,,,0.25,32,46,10.6425000121817
warm,,,0.25,32,47,8.94450000487268
warm,,,0.25,32,48,9.216700040269643
warm,,,0.25,32,49,10.493299982044846
warm,,,0.25,32,50,12.874100008048117
warm,,,0.25,32,51,11.728100012987852
warm,,,0.25,32,52,12.379500025417656
warm,,,0.25,32,53,13.172000006306916
warm,,,0.25,32,54,14.94060002733022
warm,,,0.25,32,55,13.285699998959899
warm,,,0.25,32,56,8.942299988120794
warm,,,0.25,32,57,10.082599997986108
warm,,,0.25,32,58,12.77879998087883
warm,,,0.25,32,59,9.010899986606091
warm,,,0.25,32,60,9.912700043059886
warm,,,0.25,32,61,9.875899995677173
warm,,,0.25,32,62,9.121500013861805
warm,,,0.25,32,63,9.001599973998964
warm,,,0.25,32,64,9.99479996971786
warm,,,0.25,32,65,9.017999982461333
warm,,,0.25,32,66,8.786800026427954
warm,,,0.25,32,67,10.501799988560379
warm,,,0.25,32,68,12.545300007332116
warm,,,0.25,32,69,8.986599976196885
warm,,,0.25,32,70,12.77430000482127
warm,,,0.25,32,71,13.039799989201128
warm,,,0.25,32,72,8.817699970677495
warm,,,0.25,32,73,8.759599993936718
warm,,,0.25,32,74,11.136299988720566
warm,,,0.25,32,75,11.753899976611137
warm,,,0.25,32,76,9.915900009218603
warm,,,0.25,32,77,10.740600002463907
warm,,,0.25,32,78,8.772799978032708
warm,,,0.25,32,79,8.703499974217266
warm,,,0.25,32,80,8.599599997978657
warm,,,0.25,32,81,9.355999995023012
warm,,,0.25,32,82,9.383700031321496
warm,,,0.25,32,83,11.946999991778284
warm,,,0.25,32,84,10.898399981670082
warm,,,0.25,32,85,9.271199989598244
warm,,,0.25,32,86,8.862700022291392
warm,,,0.25,32,87,12.095600017346442
warm,,,0.25,32,88,11.86910003889352
warm,,,0.25,32,89,9.128900012001395
warm,,,0.25,32,90,9.703900024760514
warm,,,0.25,32,91,9.032699977979064
warm,,,0.25,32,92,8.898700005374849
warm,,,0.25,32,93,8.665800036396831
warm,,,0.25,32,94,9.423899988178164
warm,,,0.25,32,95,9.434300009161234
warm,,,0.25,32,96,8.867800002917647
warm,,,0.25,32,97,8.8246000232175
warm,,,0.25,32,98,9.788199968170375
warm,,,0.25,32,99,14.655399951152503
warm,,,0.25,32,100,17.342699982691556
warm,,,0.25,32,101,10.026899981312454
warm,,,0.25,32,102,8.973699994385242
warm,,,0.25,32,103,9.732999955303967
warm,,,0.25,32,104,9.429600031580776
warm,,,0.25,32,105,8.995700045488775
warm,,,0.25,32,106,8.875800005625933
warm,,,0.25,32,107,10.181199992075562
warm,,,0.25,32,108,8.987799985334277
warm,,,0.25,32,109,9.542900021187961
warm,,,0.25,32,110,9.811100026126951
warm,,,0.25,32,111,9.304200008045882
warm,,,0.25,32,112,8.844099997077137
warm,,,0.25,32,113,8.783400000538677
warm,,,0.25,32,114,10.76829998055473
warm,,,0.25,32,115,8.891900011803955
warm,,,0.25,32,116,8.80070001585409
warm,,,0.25,32,117,8.760400000028312
warm,,,0.25,32,118,10.031199955847114
warm,,,0.25,32,119,8.869900018908083
warm,,,0.25,32,120,8.685600012540817
warm,,,0.25,32,121,10.683299973607063
warm,,,0.25,32,122,9.249499998986721
warm,,,0.25,32,123,9.080999996513128
warm,,,0.25,32,124,8.893500023987144
warm,,,0.25,32,125,10.064899979624897
warm,,,0.25,32,126,8.963299973402172
warm,,,0.25,32,127,8.74580000527203
warm,,,0.25,32,128,9.449100005440414
warm,,,0.25,32,129,9.146200027316809
warm,,,0.25,32,130,8.772000030148774
warm,,,0.25,32,131,9.013800008688122
warm,,,0.25,32,132,10.20809996407479
warm,,,0.25,32,133,9.167499956674874
warm,,,0.25,32,134,8.806900004856288
warm,,,0.25,32,135,10.68240002496168
warm,,,0.25,32,136,9.290700021665543
warm,,,0.25,32,137,8.742600039113313
warm,,,0.25,32,138,8.641400025226176
warm,,,0.25,32,139,9.230700030457228
warm,,,0.25,32,140,8.866199990734458
warm,,,0.25,32,141,8.661800005938858
warm,,,0.25,32,142,8.673200034536421
warm,,,0.25,32,143,9.361799980979413
warm,,,0.25,32,144,9.031000023242086
warm,,,0.25,32,145,8.674099983181804
warm,,,0.25,32,146,9.403300005942583
warm,,,0.25,32,147,10.314500017557293
warm,,,0.25,32,148,9.743899980094284
warm,,,0.25,32,149,9.482799971010536
warm,,,0.25,32,150,14.11359995836392
warm,,,0.25,32,151,10.601099987979978
warm,,,0.25,32,152,9.466200019232929
warm,,,0.25,32,153,13.430999999400228
warm,,,0.25,32,154,12.732700037304312
warm,,,0.25,32,155,15.02489997074008
warm,,,0.25,32,156,13.158600020688027
warm,,,0.25,32,157,8.770300017204136
warm,,,0.25,32,158,9.732899954542518
warm,,,0.25,32,159,8.82310001179576
warm,,,0.25,32,160,8.954100019764155
warm,,,0.25,32,161,8.783899946138263
warm,,,0.25,32,162,10.755199997220188
warm,,,0.25,32,163,9.987799974624068
warm,,,0.25,32,164,11.364599980879575
warm,,,0.25,32,165,11.22760004363954
warm,,,0.25,32,166,9.7432000329718
warm,,,0.25,32,167,9.395800007041544
warm,,,0.25,32,168,9.766100032720715
warm,,,0.25,32,169,10.222299955785275
warm,,,0.25,32,170,9.446200041566044
warm,,,0.25,32,171,9.60379996104166
warm,,,0.25,32,172,11.372100037988275
warm,,,0.25,32,173,9.253500029444695
warm,,,0.25,32,174,9.270899987313896
warm,,,0.25,32,175,10.003899980802089
warm,,,0.25,32,176,9.067100007086992
warm,,,0.25,32,177,9.678899950813502
warm,,,0.25,32,178,10.20670001162216
warm,,,0.25,32,179,10.225499980151653
warm,,,0.25,32,180,9.788500028662384
warm,,,0.25,32,181,9.4142000307329
warm,,,0.25,32,182,10.780800017528236
warm,,,0.25,32,183,9.180299995932728
warm,,,0.25,32,184,10.226400045212358
warm,,,0.25,32,185,12.689099996350706
warm,,,0.25,32,186,12.464400031603873
warm,,,0.25,32,187,17.409600026439875
warm,,,0.25,32,188,20.808100001886487
warm,,,0.25,32,189,12.433200026862323
warm,,,0.25,32,190,10.687300004065037
warm,,,0.25,32,191,10.130400012712926
warm,,,0.25,32,192,10.169999965000898
warm,,,0.25,32,193,9.847599954809994
warm,,,0.25,32,194,11.063799960538745
warm,,,0.25,32,195,11.309899971820414
warm,,,0.25,32,196,13.347200001589954
warm,,,0.25,32,197,16.99390000430867
warm,,,0.25,32,198,11.760100023820996
warm,,,0.25,32,199,9.2451999662444
warm,,,0.5,4,0,31.85909998137504
warm,,,0.5,4,1,27.282600000035018
warm,,,0.5,4,2,27.8184000053443
warm,,,0.5,4,3,25.133099989034235
warm,,,0.5,4,4,28.489299991633743
warm,,,0.5,4,5,28.021099977195263
warm,,,0.5,4,6,28.429400001186877
warm,,,0.5,4,7,27.521599957253784
warm,,,0.5,4,8,38.215900014620274
warm,,,0.5,4,9,34.50500004692003
warm,,,0.5,4,10,33.04460004437715
warm,,,0.5,4,11,30.135199951473624
warm,,,0.5,4,12,35.58419999899343
warm,,,0.5,4,13,31.427399953827262
warm,,,0.5,4,14,28.472599980887026
warm,,,0.5,4,15,27.641799999400973
warm,,,0.5,4,16,40.81730003235862
warm,,,0.5,4,17,27.553799969609827
warm,,,0.5,4,18,26.791399985086173
warm,,,0.5,4,19,38.883799978066236
warm,,,0.5,4,20,26.43909998005256
warm,,,0.5,4,21,27.41119998972863
warm,,,0.5,4,22,28.407400008291006
warm,,,0.5,4,23,29.084399982821196
warm,,,0.5,4,24,26.453299971763045
warm,,,0.5,4,25,26.294599985703826
warm,,,0.5,4,26,25.79480002168566
warm,,,0.5,4,27,27.46030001435429
warm,,,0.5,4,28,29.195400013122708
warm,,,0.5,4,29,27.01870002783835
warm,,,0.5,4,30,27.503699995577335
warm,,,0.5,4,31,26.044099999126047
warm,,,0.5,4,32,41.28669999772683
warm,,,0.5,4,33,46.73080000793561
warm,,,0.5,4,34,41.78319999482483
warm,,,0.5,4,35,28.35340000456199
warm,,,0.5,4,36,33.6090000346303
warm,,,0.5,4,37,42.00670000864193
warm,,,0.5,4,38,43.57229999732226
warm,,,0.5,4,39,26.791099982801825
warm,,,0.5,4,40,25.95199999632314
warm,,,0.5,4,41,41.82729998137802
warm,,,0.5,4,42,25.93980001984164
warm,,,0.5,4,43,25.45529999770224
warm,,,0.5,4,44,25.201699987519532
warm,,,0.5,4,45,25.308399985078722
warm,,,0.5,4,46,24.539500009268522
warm,,,0.5,4,47,29.137499979697168
warm,,,0.5,4,48,35.82229994935915
warm,,,0.5,4,49,26.43760002683848
warm,,,0.5,4,50,38.33040001336485
warm,,,0.5,4,51,30.112900014501065
warm,,,0.5,4,52,41.7674999916926
warm,,,0.5,4,53,46.665399975609034
warm,,,0.5,4,54,30.582399980630726
warm,,,0.5,4,55,32.62940002605319
warm,,,0.5,4,56,30.553199991118163
warm,,,0.5,4,57,38.75250002602115
warm,,,0.5,4,58,30.033899995032698
warm,,,0.5,4,59,28.544200002215803
warm,,,0.5,4,60,31.331200036220253
warm,,,0.5,4,61,25.43029998196289
warm,,,0.5,4,62,32.71569998469204
warm,,,0.5,4,63,36.99409996625036
warm,,,0.5,4,64,31.1566999880597
warm,,,0.5,4,65,26.862099999561906
warm,,,0.5,4,66,28.561799961607903
warm,,,0.5,4,67,34.08379998290911
warm,,,0.5,4,68,33.345900010317564
warm,,,0.5,4,69,28.99479999905452
warm,,,0.5,4,70,28.213899990078062
warm,,,0.5,4,71,30.311700014863163
warm,,,0.5,4,72,41.124099981971085
warm,,,0.5,4,73,29.737899953033775
warm,,,0.5,4,74,32.21629996551201
warm,,,0.5,4,75,41.027700004633516
warm,,,0.5,4,76,26.893200003542006
warm,,,0.5,4,77,25.89990000706166
warm,,,0.5,4,78,24.844300001859665
warm,,,0.5,4,79,25.62170004239306
warm,,,0.5,4,80,29.536600050050765
warm,,,0.5,4,81,32.25129999918863
warm,,,0.5,4,82,30.394200002774596
warm,,,0.5,4,83,33.61779998522252
warm,,,0.5,4,84,28.23659998830408
warm,,,0.5,4,85,25.604700029361993
warm,,,0.5,4,86,39.80650001903996
warm,,,0.5,4,87,28.95769994938746
warm,,,0.5,4,88,24.778800026979297
warm,,,0.5,4,89,26.451600017026067
warm,,,0.5,4,90,31.410700001288205
warm,,,0.5,4,91,36.5985999815166
warm,,,0.5,4,92,25.741699966602027
warm,,,0.5,4,93,27.041300025302917
warm,,,0.5,4,94,24.143400019966066
warm,,,0.5,4,95,25.662300002295524
warm,,,0.5,4,96,26.88090002629906
warm,,,0.5,4,97,25.658899976406246
warm,,,0.5,4,98,25.67040000576526
warm,,,0.5,4,99,24.97959998436272
warm,,,0.5,4,100,27.538300026208162
warm,,,0.5,4,101,25.662199943326414
warm,,,0.5,4,102,25.217399990651757
warm,,,0.5,4,103,24.724500020965934
warm,,,0.5,4,104,28.038899996317923
warm,,,0.5,4,105,29.98030005255714
warm,,,0.5,4,106,30.840700026601553
warm,,,0.5,4,107,28.37700000964105
warm,,,0.5,4,108,26.13969997037202
warm,,,0.5,4,109,25.861800007987767
warm,,,0.5,4,110,25.541100010741502
warm,,,0.5,4,111,27.907799987588078
warm,,,0.5,4,112,25.97270003752783
warm,,,0.5,4,113,24.918199982494116
warm,,,0.5,4,114,24.346499994862825
warm,,,0.5,4,115,30.26750002754852
warm,,,0.5,4,116,31.369399977847934
warm,,,0.5,4,117,25.829899997916073
warm,,,0.5,4,118,26.075600006151944
warm,,,0.5,4,119,25.675699987914413
warm,,,0.5,4,120,26.740800007246435
warm,,,0.5,4,121,25.71169997099787
warm,,,0.5,4,122,25.50290001090616
warm,,,0.5,4,123,25.78409999841824
warm,,,0.5,4,124,25.14729998074472
warm,,,0.5,4,125,25.52939997985959
warm,,,0.5,4,126,26.732199999969453
warm,,,0.5,4,127,27.42280001984909
warm,,,0.5,4,128,26.40209998935461
warm,,,0.5,4,129,37.390700017567724
warm,,,0.5,4,130,30.40669998154044
warm,,,0.5,4,131,25.84790001856163
warm,,,0.5,4,132,31.916200008708984
warm,,,0.5,4,133,25.800300005357713
warm,,,0.5,4,134,26.60060004564002
warm,,,0.5,4,135,25.08960000704974
warm,,,0.5,4,136,24.16630001971498
warm,,,0.5,4,137,25.87750001111999
warm,,,0.5,4,138,25.31629998702556
warm,,,0.5,4,139,25.700600002892315
warm,,,0.5,4,140,24.456000013742596
warm,,,0.5,4,141,26.156599982641637
warm,,,0.5,4,142,26.30730002420023
warm,,,0.5,4,143,26.216199970804155
warm,,,0.5,4,144,32.860000035725534
warm,,,0.5,4,145,35.089499957393855
warm,,,0.5,4,146,25.125899992417544
warm,,,0.5,4,147,25.351100019179285
warm,,,0.5,4,148,28.602999984286726
warm,,,0.5,4,149,27.293099963571876
warm,,,0.5,4,150,25.746300001628697
warm,,,0.5,4,151,25.780800031498075
warm,,,0.5,4,152,24.34289996745065
warm,,,0.5,4,153,25.749300024472177
warm,,,0.5,4,154,26.3161999755539
warm,,,0.5,4,155,25.807600002735853
warm,,,0.5,4,156,24.20789998723194
warm,,,0.5,4,157,31.1879999935627
warm,,,0.5,4,158,25.880099972710013
warm,,,0.5,4,159,25.741800025571138
warm,,,0.5,4,160,25.15619999030605
warm,,,0.5,4,161,24.53699999023229
warm,,,0.5,4,162,25.53819998865947
warm,,,0.5,4,163,25.319800013676286
warm,,,0.5,4,164,26.02009999100119
warm,,,0.5,4,165,30.10909998556599
warm,,,0.5,4,166,44.447199965361506
warm,,,0.5,4,167,28.77889998489991
warm,,,0.5,4,168,25.616600003559142
warm,,,0.5,4,169,25.543499970808625
warm,,,0.5,4,170,80.0936000305228
warm,,,0.5,4,171,135.83480002125725
warm,,,0.5,4,172,91.79239999502897
warm,,,0.5,4,173,111.13420000765473
warm,,,0.5,4,174,138.10400001239032
warm,,,0.5,4,175,150.48979996936396
warm,,,0.5,4,176,147.1216999925673
warm,,,0.5,4,177,99.58470001583919
warm,,,0.5,4,178,75.42330003343523
warm,,,0.5,4,179,104.56589999375865
warm,,,0.5,4,180,130.79879997530952
warm,,,0.5,4,181,61.878399981651455
warm,,,0.5,4,182,58.03299997933209
warm,,,0.5,4,183,32.556199992541224
warm,,,0.5,4,184,44.512599997688085
warm,,,0.5,4,185,56.5249000210315
warm,,,0.5,4,186,48.95859997486696
warm,,,0.5,4,187,52.818499971181154
warm,,,0.5,4,188,40.351999981794506
warm,,,0.5,4,189,38.227499986533076
warm,,,0.5,4,190,44.23150001093745
warm,,,0.5,4,191,27.204799989704043
warm,,,0.5,4,192,30.13870003633201
warm,,,0.5,4,193,30.355499999132007
warm,,,0.5,4,194,108.13620005501434
warm,,,0.5,4,195,86.62780001759529
warm,,,0.5,4,196,91.73810004722327
warm,,,0.5,4,197,58.44670004444197
warm,,,0.5,4,198,77.38410000456497
warm,,,0.5,4,199,88.53450004244223
warm,,,0.5,8,0,25.620999978855252
warm,,,0.5,8,1,25.952700001653284
warm,,,0.5,8,2,25.86130000418052
warm,,,0.5,8,3,25.022399961017072
warm,,,0.5,8,4,26.619300013408065
warm,,,0.5,8,5,25.928899995051324
warm,,,0.5,8,6,26.939300005324185
warm,,,0.5,8,7,26.19180001784116
warm,,,0.5,8,8,24.417699954938143
warm,,,0.5,8,9,26.433999999426305
warm,,,0.5,8,10,26.44210000289604
warm,,,0.5,8,11,37.02619997784495
warm,,,0.5,8,12,36.981900047976524
warm,,,0.5,8,13,33.54480001144111
warm,,,0.5,8,14,36.7307000560686
warm,,,0.5,8,15,28.465600044000894
warm,,,0.5,8,16,39.27009995095432
warm,,,0.5,8,17,28.834500000812113
warm,,,0.5,8,18,28.920300013851374
warm,,,0.5,8,19,33.23860000818968
warm,,,0.5,8,20,29.10449996124953
warm,,,0.5,8,21,28.7683000206016
warm,,,0.5,8,22,27.200300013646483
warm,,,0.5,8,23,28.6616999655962
warm,,,0.5,8,24,25.641500018537045
warm,,,0.5,8,25,26.666900026611984
warm,,,0.5,8,26,25.681299972347915
warm,,,0.5,8,27,27.275600004941225
warm,,,0.5,8,28,24.5664999820292
warm,,,0.5,8,29,26.10279998043552
warm,,,0.5,8,30,26.070700027048588
warm,,,0.5,8,31,25.981899991165847
warm,,,0.5,8,32,25.65130003495142
warm,,,0.5,8,33,24.700700014363974
warm,,,0.5,8,34,25.877200008835644
warm,,,0.5,8,35,27.915899991057813
warm,,,0.5,8,36,25.223599979653955
warm,,,0.5,8,37,24.355300003662705
warm,,,0.5,8,38,25.143300008494407
warm,,,0.5,8,39,25.31019999878481
warm,,,0.5,8,40,25.65700002014637
warm,,,0.5,8,41,25.31190001172945
warm,,,0.5,8,42,30.849000031594187
warm,,,0.5,8,43,27.742199948988855
warm,,,0.5,8,44,25.173000001814216
warm,,,0.5,8,45,27.444700011983514
warm,,,0.5,8,46,25.99900000495836
warm,,,0.5,8,47,25.16070002457127
warm,,,0.5,8,48,31.308800040278584
warm,,,0.5,8,49,27.26309996796772
warm,,,0.5,8,50,25.913599994964898
warm,,,0.5,8,51,26.554299984127283
warm,,,0.5,8,52,25.58130002580583
warm,,,0.5,8,53,26.03609999641776
warm,,,0.5,8,54,25.64369997708127
warm,,,0.5,8,55,25.5588999716565
warm,,,0.5,8,56,36.53819998726249
warm,,,0.5,8,57,28.22630002629012
warm,,,0.5,8,58,24.638300004880875
warm,,,0.5,8,59,31.29300003638491
warm,,,0.5,8,60,42.33849997399375
warm,,,0.5,8,61,32.26459998404607
warm,,,0.5,8,62,27.48819999396801
warm,,,0.5,8,63,25.333400000818074
warm,,,0.5,8,64,24.924199969973415
warm,,,0.5,8,65,25.71180002996698
warm,,,0.5,8,66,24.515700002666563
warm,,,0.5,8,67,25.16029996331781
warm,,,0.5,8,68,25.127500004600734
warm,,,0.5,8,69,25.854700012132525
warm,,,0.5,8,70,28.759800014086068
warm,,,0.5,8,71,40.761099953670055
warm,,,0.5,8,72,32.293599972035736
warm,,,0.5,8,73,29.239800001960248
warm,,,0.5,8,74,25.521199975628406
warm,,,0.5,8,75,25.560300040524453
warm,,,0.5,8,76,26.497999962884933
warm,,,0.5,8,77,31.66929999133572
warm,,,0.5,8,78,25.82739997887984
warm,,,0.5,8,79,24.326100014150143
warm,,,0.5,8,80,29.149400012101978
warm,,,0.5,8,81,33.78609998617321
warm,,,0.5,8,82,26.689899968914688
warm,,,0.5,8,83,25.85130004445091
warm,,,0.5,8,84,31.12689999397844
warm,,,0.5,8,85,26.05410001706332
warm,,,0.5,8,86,24.663699965458363
warm,,,0.5,8,87,31.002899981103837
warm,,,0.5,8,88,25.643199973274022
warm,,,0.5,8,89,25.89410002110526
warm,,,0.5,8,90,25.870499957818538
warm,,,0.5,8,91,25.043100002221763
warm,,,0.5,8,92,25.65379999577999
warm,,,0.5,8,93,25.938200007658452
warm,,,0.5,8,94,26.18869999423623
warm,,,0.5,8,95,25.54269996471703
warm,,,0.5,8,96,29.596799984574318
warm,,,0.5,8,97,43.36100001819432
warm,,,0.5,8,98,34.41200003726408
warm,,,0.5,8,99,24.934500048402697
warm,,,0.5,8,100,26.033999980427325
warm,,,0.5,8,101,26.616100047249347
warm,,,0.5,8,102,25.4655999597162
warm,,,0.5,8,103,25.110499991569668
warm,,,0.5,8,104,25.630700052715838
warm,,,0.5,8,105,25.43480001622811
warm,,,0.5,8,106,25.099300022702664
warm,,,0.5,8,107,26.193899975623935
warm,,,0.5,8,108,25.581699970643967
warm,,,0.5,8,109,26.693699997849762
warm,,,0.5,8,110,29.51219998067245
warm,,,0.5,8,111,26.23479999601841
warm,,,0.5,8,112,26.552300027105957
warm,,,0.5,8,113,24.824800028000027
warm,,,0.5,8,114,25.959899998269975
warm,,,0.5,8,115,25.1987999654375
warm,,,0.5,8,116,25.086300040129572
warm,,,0.5,8,117,26.50739997625351
warm,,,0.5,8,118,25.5899999756366
warm,,,0.5,8,119,30.42629995616153
warm,,,0.5,8,120,27.832699997816235
warm,,,0.5,8,121,26.83319995412603
warm,,,0.5,8,122,26.269900030456483
warm,,,0.5,8,123,24.971900042146444
warm,,,0.5,8,124,32.80419996008277
warm,,,0.5,8,125,36.53899999335408
warm,,,0.5,8,126,36.40769998310134
warm,,,0.5,8,127,25.215000030584633
warm,,,0.5,8,128,31.0147000127472
warm,,,0.5,8,129,29.841399984434247
warm,,,0.5,8,130,32.148599973879755
warm,,,0.5,8,131,26.341699995100498
warm,,,0.5,8,132,25.632600008975714
warm,,,0.5,8,133,30.203300004359335
warm,,,0.5,8,134,39.92760000983253
warm,,,0.5,8,135,25.837400055024773
warm,,,0.5,8,136,25.151400011964142
warm,,,0.5,8,137,25.451399968005717
warm,,,0.5,8,138,26.31350001320243
warm,,,0.5,8,139,25.92089999234304
warm,,,0.5,8,140,24.50589998625219
warm,,,0.5,8,141,25.302499998360872
warm,,,0.5,8,142,25.569199991878122
warm,,,0.5,8,143,26.94010001141578
warm,,,0.5,8,144,24.433900020085275
warm,,,0.5,8,145,25.875499995891005
warm,,,0.5,8,146,25.29109996976331
warm,,,0.5,8,147,28.231400006916374
warm,,,0.5,8,148,42.210299987345934
warm,,,0.5,8,149,25.938000006135553
warm,,,0.5,8,150,31.659500033129007
warm,,,0.5,8,151,32.18919999198988
warm,,,0.5,8,152,30.45419999398291
warm,,,0.5,8,153,35.338499990757555
warm,,,0.5,8,154,24.558399978559464
warm,,,0.5,8,155,25.74440004536882
warm,,,0.5,8,156,26.260499958880246
warm,,,0.5,8,157,27.319699991494417
warm,,,0.5,8,158,27.372099983040243
warm,,,0.5,8,159,25.660299987066537
warm,,,0.5,8,160,29.601500020362437
warm,,,0.5,8,161,35.00889998394996
warm,,,0.5,8,162,29.54630000749603
warm,,,0.5,8,163,25.377900048624724
warm,,,0.5,8,164,25.811600033193827
warm,,,0.5,8,165,35.62519996194169
warm,,,0.5,8,166,28.543499996885657
warm,,,0.5,8,167,25.688900030218065
warm,,,0.5,8,168,25.904799986165017
warm,,,0.5,8,169,25.763200013898313
warm,,,0.5,8,170,25.091799965593964
warm,,,0.5,8,171,25.212800013832748
warm,,,0.5,8,172,24.86870001303032
warm,,,0.5,8,173,26.004099985584617
warm,,,0.5,8,174,24.63900001021102
warm,,,0.5,8,175,25.281500013079494
warm,,,0.5,8,176,25.03610000712797
warm,,,0.5,8,177,25.553699990268797
warm,,,0.5,8,178,25.58760001556948
warm,,,0.5,8,179,26.54580003581941
warm,,,0.5,8,180,36.645399988628924
warm,,,0.5,8,181,25.430699985008687
warm,,,0.5,8,182,25.462199992034584
warm,,,0.5,8,183,26.53239999199286
warm,,,0.5,8,184,25.58600000338629
warm,,,0.5,8,185,25.426600011996925
warm,,,0.5,8,186,24.51600000495091
warm,,,0.5,8,187,25.125499989371747
warm,,,0.5,8,188,26.2555000372231
warm,,,0.5,8,189,25.53260000422597
warm,,,0.5,8,190,24.440000008326024
warm,,,0.5,8,191,25.408899993635714
warm,,,0.5,8,192,25.618800020311028
warm,,,0.5,8,193,28.25539995683357
warm,,,0.5,8,194,25.007400021422654
warm,,,0.5,8,195,30.551500036381185
warm,,,0.5,8,196,27.19479997176677
warm,,,0.5,8,197,33.62350002862513
warm,,,0.5,8,198,28.16990000428632
warm,,,0.5,8,199,25.577299995347857
warm,,,0.5,16,0,35.056900000199676
warm,,,0.5,16,1,30.9582999907434
warm,,,0.5,16,2,31.308599980548024
warm,,,0.5,16,3,25.678000005427748
warm,,,0.5,16,4,26.461000030394644
warm,,,0.5,16,5,33.35059998789802
warm,,,0.5,16,6,32.58649999042973
warm,,,0.5,16,7,34.67099997214973
warm,,,0.5,16,8,27.415000018663704
warm,,,0.5,16,9,31.078599975444376
warm,,,0.5,16,10,30.554700002539903
warm,,,0.5,16,11,32.675999973434955
warm,,,0.5,16,12,33.13459997298196
warm,,,0.5,16,13,24.752500001341105
warm,,,0.5,16,14,26.57409996027127
warm,,,0.5,16,15,35.3700999985449
warm,,,0.5,16,16,26.698300032876432
warm,,,0.5,16,17,24.834999989252537
warm,,,0.5,16,18,26.125500036869198
warm,,,0.5,16,19,24.37090000603348
warm,,,0.5,16,20,26.27020003274083
warm,,,0.5,16,21,25.556999957188964
warm,,,0.5,16,22,25.735000032000244
warm,,,0.5,16,23,24.27330001955852
warm,,,0.5,16,24,25.567699980456382
warm,,,0.5,16,25,25.35329997772351
warm,,,0.5,16,26,26.528600021265447
warm,,,0.5,16,27,25.29239997966215
warm,,,0.5,16,28,25.65069997217506
warm,,,0.5,16,29,33.65360002499074
warm,,,0.5,16,30,25.943199987523258
warm,,,0.5,16,31,25.974799995310605
warm,,,0.5,16,32,30.75359994545579
warm,,,0.5,16,33,24.98149999883026
warm,,,0.5,16,34,24.7026999713853
warm,,,0.5,16,35,26.355500041972846
warm,,,0.5,16,36,28.246100002434105
warm,,,0.5,16,37,26.16799995303154
warm,,,0.5,16,38,24.615700007416308
warm,,,0.5,16,39,34.00480002164841
warm,,,0.5,16,40,34.454100008588284
warm,,,0.5,16,41,25.42570000514388
warm,,,0.5,16,42,25.81850002752617
warm,,,0.5,16,43,25.117299985140562
warm,,,0.5,16,44,24.810399976558983
warm,,,0.5,16,45,25.812799984123558
warm,,,0.5,16,46,24.826799985021353
warm,,,0.5,16,47,25.71200003148988
warm,,,0.5,16,48,25.137699965853244
warm,,,0.5,16,49,24.36510002007708
warm,,,0.5,16,50,24.712499987799674
warm,,,0.5,16,51,25.189300009515136
warm,,,0.5,16,52,26.967699988745153
warm,,,0.5,16,53,26.022300007753074
warm,,,0.5,16,54,29.227899969555438
warm,,,0.5,16,55,27.41999999852851
warm,,,0.5,16,56,26.774600031785667
warm,,,0.5,16,57,25.67179995821789
warm,,,0.5,16,58,24.583099992014468
warm,,,0.5,16,59,25.67010000348091
warm,,,0.5,16,60,26.336500013712794
warm,,,0.5,16,61,26.591399975586683
warm,,,0.5,16,62,25.0510000041686
warm,,,0.5,16,63,24.568499997258186
warm,,,0.5,16,64,26.329100015573204
warm,,,0.5,16,65,26.86739998171106
warm,,,0.5,16,66,25.657399964984506
warm,,,0.5,16,67,24.42420000443235
warm,,,0.5,16,68,25.528800033498555
warm,,,0.5,16,69,25.04619996761903
warm,,,0.5,16,70,29.914200014900416
warm,,,0.5,16,71,26.46599995205179
warm,,,0.5,16,72,24.531300005037338
warm,,,0.5,16,73,25.303400005213916
warm,,,0.5,16,74,26.777899998705834
warm,,,0.5,16,75,26.531600044108927
warm,,,0.5,16,76,25.216299982275814
warm,,,0.5,16,77,26.618900010362267
warm,,,0.5,16,78,25.958499987609684
warm,,,0.5,16,79,27.22759998869151
warm,,,0.5,16,80,24.783200002275407
warm,,,0.5,16,81,25.965799984987825
warm,,,0.5,16,82,25.435800023842603
warm,,,0.5,16,83,25.66129999468103
warm,,,0.5,16,84,25.817899964749813
warm,,,0.5,16,85,27.468500018585473
warm,,,0.5,16,86,35.228800028562546
warm,,,0.5,16,87,25.32650000648573
warm,,,0.5,16,88,25.256199995055795
warm,,,0.5,16,89,25.62420000322163
warm,,,0.5,16,90,25.74750001076609
warm,,,0.5,16,91,24.43889999995008
warm,,,0.5,16,92,38.503399991896
warm,,,0.5,16,93,28.76090002246201
warm,,,0.5,16,94,32.46600000420585
warm,,,0.5,16,95,32.85930003039539
warm,,,0.5,16,96,25.30450001358986
warm,,,0.5,16,97,29.108799993991852
warm,,,0.5,16,98,34.34389998437837
warm,,,0.5,16,99,27.32539997668937
warm,,,0.5,16,100,25.074300006963313
warm,,,0.5,16,101,25.666899979114532
warm,,,0.5,16,102,24.886200029868633
warm,,,0.5,16,103,25.6836999906227
warm,,,0.5,16,104,33.65920000942424
warm,,,0.5,16,105,27.40399999311194
warm,,,0.5,16,106,24.31459998479113
warm,,,0.5,16,107,25.995199976023287
warm,,,0.5,16,108,25.133099989034235
warm,,,0.5,16,109,26.35790000203997
warm,,,0.5,16,110,24.7531000059098
warm,,,0.5,16,111,24.75620002951473
warm,,,0.5,16,112,26.098100002855062
warm,,,0.5,16,113,45.36539997207001
warm,,,0.5,16,114,29.66000000014901
warm,,,0.5,16,115,27.53870002925396
warm,,,0.5,16,116,25.853200000710785
warm,,,0.5,16,117,24.976099957711995
warm,,,0.5,16,118,24.490100040566176
warm,,,0.5,16,119,24.968599958810955
warm,,,0.5,16,120,25.515900051686913
warm,,,0.5,16,121,26.08969999710098
warm,,,0.5,16,122,25.13700001873076
warm,,,0.5,16,123,25.39169997908175
warm,,,0.5,16,124,25.352800032123923
warm,,,0.5,16,125,33.523599966429174
warm,,,0.5,16,126,25.806999998167157
warm,,,0.5,16,127,24.441100016701967
warm,,,0.5,16,128,25.584799994248897
warm,,,0.5,16,129,25.25239996612072
warm,,,0.5,16,130,26.351400010753423
warm,,,0.5,16,131,26.97539998916909
warm,,,0.5,16,132,24.52929998980835
warm,,,0.5,16,133,25.523899996187538
warm,,,0.5,16,134,26.297600008547306
warm,,,0.5,16,135,25.157099997159094
warm,,,0.5,16,136,25.742200028616935
warm,,,0.5,16,137,26.041499979328364
warm,,,0.5,16,138,25.75480000814423
warm,,,0.5,16,139,26.03940002154559
warm,,,0.5,16,140,24.638199945911765
warm,,,0.5,16,141,24.9710000352934
warm,,,0.5,16,142,25.99039999768138
warm,,,0.5,16,143,25.000000023283064
warm,,,0.5,16,144,25.13570000883192
warm,,,0.5,16,145,24.491799995303154
warm,,,0.5,16,146,25.654900004155934
warm,,,0.5,16,147,26.9683999940753
warm,,,0.5,16,148,24.93690000846982
warm,,,0.5,16,149,35.775700001977384
warm,,,0.5,16,150,26.29549999255687
warm,,,0.5,16,151,24.904100049752742
warm,,,0.5,16,152,25.05420002853498
warm,,,0.5,16,153,24.94579995982349
warm,,,0.5,16,154,26.895900024101138
warm,,,0.5,16,155,25.38860001368448
warm,,,0.5,16,156,25.65680001862347
warm,,,0.5,16,157,31.164899992290884
warm,,,0.5,16,158,25.4675000323914
warm,,,0.5,16,159,24.861699959728867
warm,,,0.5,16,160,25.62859997851774
warm,,,0.5,16,161,25.178100040648133
warm,,,0.5,16,162,26.27899998333305
warm,,,0.5,16,163,24.98870005365461
warm,,,0.5,16,164,26.201299973763525
warm,,,0.5,16,165,36.439499992411584
warm,,,0.5,16,166,27.5324999820441
warm,,,0.5,16,167,34.6187999821268
warm,,,0.5,16,168,41.8614000082016
warm,,,0.5,16,169,25.663200009148568
warm,,,0.5,16,170,25.18890000646934
warm,,,0.5,16,171,25.023299967870116
warm,,,0.5,16,172,25.122900027781725
warm,,,0.5,16,173,25.87149996543303
warm,,,0.5,16,174,34.450899984221905
warm,,,0.5,16,175,32.73710003122687
warm,,,0.5,16,176,27.659400017000735
warm,,,0.5,16,177,25.77529998961836
warm,,,0.5,16,178,26.51160000823438
warm,,,0.5,16,179,25.91010002652183
warm,,,0.5,16,180,25.76489996863529
warm,,,0.5,16,181,26.22860000701621
warm,,,0.5,16,182,36.295700003392994
warm,,,0.5,16,183,36.43839998403564
warm,,,0.5,16,184,25.982399994973093
warm,,,0.5,16,185,31.16710000904277
warm,,,0.5,16,186,27.401800034567714
warm,,,0.5,16,187,25.462299992796034
warm,,,0.5,16,188,24.816399964038283
warm,,,0.5,16,189,25.807800004258752
warm,,,0.5,16,190,26.140500034671277
warm,,,0.5,16,191,27.043400041293353
warm,,,0.5,16,192,24.740799970459193
warm,,,0.5,16,193,25.768399995286018
warm,,,0.5,16,194,25.842599978204817
warm,,,0.5,16,195,32.901400001719594
warm,,,0.5,16,196,33.31100003561005
warm,,,0.5,16,197,26.214800018351525
warm,,,0.5,16,198,34.283499990124255
warm,,,0.5,16,199,32.75960002792999
warm,,,0.5,32,0,8.724500017706305
warm,,,0.5,32,1,9.361399977933615
warm,,,0.5,32,2,9.00659995386377
warm,,,0.5,32,3,8.940399973653257
warm,,,0.5,32,4,8.94579995656386
warm,,,0.5,32,5,15.002399974036962
warm,,,0.5,32,6,9.362599987071007
warm,,,0.5,32,7,9.830099996179342
warm,,,0.5,32,8,12.6217000070028
warm,,,0.5,32,9,9.411700011696666
warm,,,0.5,32,10,9.381200012285262
warm,,,0.5,32,11,10.827799967955798
warm,,,0.5,32,12,9.618800017051399
warm,,,0.5,32,13,9.004399995319545
warm,,,0.5,32,14,9.719999972730875
warm,,,0.5,32,15,9.952099993824959
warm,,,0.5,32,16,8.857499982696027
warm,,,0.5,32,17,8.952300006058067
warm,,,0.5,32,18,9.814599994570017
warm,,,0.5,32,19,9.105500008445233
warm,,,0.5,32,20,8.756600029300898
warm,,,0.5,32,21,9.010100038722157
warm,,,0.5,32,22,9.53410001238808
warm,,,0.5,32,23,9.149299992714077
warm,,,0.5,32,24,9.290900023188442
warm,,,0.5,32,25,9.85699996817857
warm,,,0.5,32,26,9.083799959626049
warm,,,0.5,32,27,8.844099997077137
warm,,,0.5,32,28,8.760099997743964
warm,,,0.5,32,29,10.114500008057803
warm,,,0.5,32,30,8.893100020941347
warm,,,0.5,32,31,9.481000015512109
warm,,,0.5,32,32,9.899099997710437
warm,,,0.5,32,33,9.3831000267528
warm,,,0.5,32,34,8.953700016718358
warm,,,0.5,32,35,8.620499982498586
warm,,,0.5,32,36,10.169799963477999
warm,,,0.5,32,37,9.499399980995804
warm,,,0.5,32,38,9.019599994644523
warm,,,0.5,32,39,9.399499977007508
warm,,,0.5,32,40,9.373800014145672
warm,,,0.5,32,41,9.516599995549768
warm,,,0.5,32,42,8.797999995294958
warm,,,0.5,32,43,10.931900003924966
warm,,,0.5,32,44,9.161700028926134
warm,,,0.5,32,45,8.937800012063235
warm,,,0.5,32,46,8.99930001469329
warm,,,0.5,32,47,9.238399972673506
warm,,,0.5,32,48,8.99640005081892
warm,,,0.5,32,49,8.950799994636327
warm,,,0.5,32,50,9.366199956275523
warm,,,0.5,32,51,9.356900001876056
warm,,,0.5,32,52,8.834999985992908
warm,,,0.5,32,53,9.062700031790882
warm,,,0.5,32,54,9.912599984090775
warm,,,0.5,32,55,8.989399997517467
warm,,,0.5,32,56,8.845000003930181
warm,,,0.5,32,57,9.377599984873086
warm,,,0.5,32,58,9.501900000032037
warm,,,0.5,32,59,8.856199972797185
warm,,,0.5,32,60,9.607299987692386
warm,,,0.5,32,61,9.932900022249669
warm,,,0.5,32,62,8.897199993953109
warm,,,0.5,32,63,9.040400036610663
warm,,,0.5,32,64,9.50879999436438
warm,,,0.5,32,65,10.094799974467605
warm,,,0.5,32,66,9.342600009404123
warm,,,0.5,32,67,8.68830003309995
warm,,,0.5,32,68,10.89880004292354
warm,,,0.5,32,69,9.0288000064902
warm,,,0.5,32,70,8.964100037701428
warm,,,0.5,32,71,9.04980004997924
warm,,,0.5,32,72,9.249199996702373
warm,,,0.5,32,73,9.117199981119484
warm,,,0.5,32,74,8.804199984297156
warm,,,0.5,32,75,9.47350001661107
warm,,,0.5,32,76,9.068000013940036
warm,,,0.5,32,77,8.845700009260327
warm,,,0.5,32,78,8.789299987256527
warm,,,0.5,32,79,9.27199999568984
warm,,,0.5,32,80,8.912899997085333
warm,,,0.5,32,81,8.710999973118305
warm,,,0.5,32,82,8.987099980004132
warm,,,0.5,32,83,9.41130000865087
warm,,,0.5,32,84,8.951499999966472
warm,,,0.5,32,85,8.67920002201572
warm,,,0.5,32,86,9.212899953126907
warm,,,0.5,32,87,9.264299995265901
warm,,,0.5,32,88,9.217400045599788
warm,,,0.5,32,89,9.455299994442612
warm,,,0.5,32,90,9.394399996381253
warm,,,0.5,32,91,9.274399955756962
warm,,,0.5,32,92,8.928399998694658
warm,,,0.5,32,93,9.069199964869767
warm,,,0.5,32,94,9.478699997998774
warm,,,0.5,32,95,8.750599983613938
warm,,,0.5,32,96,8.82879999699071
warm,,,0.5,32,97,9.816200006753206
warm,,,0.5,32,98,9.937900002114475
warm,,,0.5,32,99,12.52099999692291
warm,,,0.5,32,100,10.533499997109175
warm,,,0.5,32,101,9.24370001303032
warm,,,0.5,32,102,9.033099981024861
warm,,,0.5,32,103,8.80660000257194
warm,,,0.5,32,104,10.415399970952421
warm,,,0.5,32,105,9.57549997838214
warm,,,0.5,32,106,9.125899989157915
warm,,,0.5,32,107,9.769399999640882
warm,,,0.5,32,108,9.17120004305616
warm,,,0.5,32,109,9.256899997126311
warm,,,0.5,32,110,9.124199976213276
warm,,,0.5,32,111,9.836199984420091
warm,,,0.5,32,112,9.015100018586963
warm,,,0.5,32,113,8.757200033869594
warm,,,0.5,32,114,9.418100002221763
warm,,,0.5,32,115,9.209799987729639
warm,,,0.5,32,116,8.94760002847761
warm,,,0.5,32,117,8.78450000891462
warm,,,0.5,32,118,9.375699970405549
warm,,,0.5,32,119,9.137700020801276
warm,,,0.5,32,120,8.893100020941347
warm,,,0.5,32,121,9.178100037388504
warm,,,0.5,32,122,9.878900018520653
warm,,,0.5,32,123,9.124399977736175
warm,,,0.5,32,124,9.144099953118712
warm,,,0.5,32,125,9.591399983037263
warm,,,0.5,32,126,9.565600019413978
warm,,,0.5,32,127,8.809400023892522
warm,,,0.5,32,128,8.69260000763461
warm,,,0.5,32,129,9.421099966857582
warm,,,0.5,32,130,16.00870001129806
warm,,,0.5,32,131,10.695900011342019
warm,,,0.5,32,132,11.606100015342236
warm,,,0.5,32,133,10.115800017956644
warm,,,0.5,32,134,12.048699951265007
warm,,,0.5,32,135,10.882899980060756
warm,,,0.5,32,136,9.832800016738474
warm,,,0.5,32,137,9.862100007012486
warm,,,0.5,32,138,15.957799972966313
warm,,,0.5,32,139,10.771600005682558
warm,,,0.5,32,140,9.298999968450516
warm,,,0.5,32,141,9.640200005378574
warm,,,0.5,32,142,8.973299991339445
warm,,,0.5,32,143,8.83780000731349
warm,,,0.5,32,144,9.978899965062737
warm,,,0.5,32,145,9.20819997554645
warm,,,0.5,32,146,9.226099995430559
warm,,,0.5,32,147,10.318499989807606
warm,,,0.5,32,148,13.349800021387637
warm,,,0.5,32,149,9.614899987354875
warm,,,0.5,32,150,13.8499999884516
warm,,,0.5,32,151,11.733799998182803
warm,,,0.5,32,152,11.833199998363853
warm,,,0.5,32,153,11.9252999429591
warm,,,0.5,32,154,10.766700026579201
warm,,,0.5,32,155,9.606200037524104
warm,,,0.5,32,156,9.651299973484129
warm,,,0.5,32,157,9.324499987997115
warm,,,0.5,32,158,8.833099971525371
warm,,,0.5,32,159,9.115399967413396
warm,,,0.5,32,160,9.406799974385649
warm,,,0.5,32,161,8.95190000301227
warm,,,0.5,32,162,8.859299996402115
warm,,,0.5,32,163,8.77270003547892
warm,,,0.5,32,164,9.586400003172457
warm,,,0.5,32,165,8.8050999911502
warm,,,0.5,32,166,9.151400008704513
warm,,,0.5,32,167,9.339399985037744
warm,,,0.5,32,168,9.090500010643154
warm,,,0.5,32,169,9.05539997620508
warm,,,0.5,32,170,8.748299966100603
warm,,,0.5,32,171,10.93419996323064
warm,,,0.5,32,172,8.952600008342415
warm,,,0.5,32,173,8.747599960770458
warm,,,0.5,32,174,9.573700022883713
warm,,,0.5,32,175,9.474499966017902
warm,,,0.5,32,176,9.072199987713248
warm,,,0.5,32,177,8.884299953933805
warm,,,0.5,32,178,9.686300007160753
warm,,,0.5,32,179,9.051400003954768
warm,,,0.5,32,180,8.794100023806095
warm,,,0.5,32,181,9.309799992479384
warm,,,0.5,32,182,9.323000034783036
warm,,,0.5,32,183,9.135900007095188
warm,,,0.5,32,184,9.070599975530058
warm,,,0.5,32,185,11.449400044512004
warm,,,0.5,32,186,10.300000023562461
warm,,,0.5,32,187,8.896599989384413
warm,,,0.5,32,188,9.734399965964258
warm,,,0.5,32,189,9.670100000221282
warm,,,0.5,32,190,8.954299963079393
warm,,,0.5,32,191,8.975300006568432
warm,,,0.5,32,192,9.509499999694526
warm,,,0.5,32,193,9.152400016319007
warm,,,0.5,32,194,8.87469999724999
warm,,,0.5,32,195,8.786300022620708
warm,,,0.5,32,196,9.773899975698441
warm,,,0.5,32,197,8.944800007157028
warm,,,0.5,32,198,8.943399996496737
warm,,,0.5,32,199,9.29850002285093
warm,,,0.75,4,0,26.23009996023029
warm,,,0.75,4,1,28.822699969168752
warm,,,0.75,4,2,41.60339996451512
warm,,,0.75,4,3,29.013500025030226
warm,,,0.75,4,4,26.464800001122057
warm,,,0.75,4,5,26.672700012568384
warm,,,0.75,4,6,27.331700024660677
warm,,,0.75,4,7,27.09860005415976
warm,,,0.75,4,8,28.52220000931993
warm,,,0.75,4,9,35.53440002724528
warm,,,0.75,4,10,27.404899999964982
warm,,,0.75,4,11,26.68079995783046
warm,,,0.75,4,12,28.22150004794821
warm,,,0.75,4,13,35.95420002238825
warm,,,0.75,4,14,27.651700016576797
warm,,,0.75,4,15,26.908400002866983
warm,,,0.75,4,16,27.592899976298213
warm,,,0.75,4,17,27.21269999165088
warm,,,0.75,4,18,27.232799970079213
warm,,,0.75,4,19,27.329400007147342
warm,,,0.75,4,20,26.829699985682964
warm,,,0.75,4,21,27.450100053101778
warm,,,0.75,4,22,26.601699995808303
warm,,,0.75,4,23,27.548599988222122
warm,,,0.75,4,24,27.50879997620359
warm,,,0.75,4,25,27.71019999636337
warm,,,0.75,4,26,26.922699995338917
warm,,,0.75,4,27,34.29310000501573
warm,,,0.75,4,28,28.688999998848885
warm,,,0.75,4,29,26.15029999287799
warm,,,0.75,4,30,29.97579996008426
warm,,,0.75,4,31,30.62500001396984
warm,,,0.75,4,32,29.40689999377355
warm,,,0.75,4,33,28.86919997399673
warm,,,0.75,4,34,27.265499986242503
warm,,,0.75,4,35,35.43430002173409
warm,,,0.75,4,36,26.64510003523901
warm,,,0.75,4,37,28.646400023717433
warm,,,0.75,4,38,27.23050001077354
warm,,,0.75,4,39,26.997099979780614
warm,,,0.75,4,40,26.80809999583289
warm,,,0.75,4,41,27.914199978113174
warm,,,0.75,4,42,31.72389999963343
warm,,,0.75,4,43,31.791199988219887
warm,,,0.75,4,44,27.15179999358952
warm,,,0.75,4,45,26.470800046809018
warm,,,0.75,4,46,27.44839998194948
warm,,,0.75,4,47,26.64669998921454
warm,,,0.75,4,48,26.312700007110834
warm,,,0.75,4,49,27.592299971729517
warm,,,0.75,4,50,26.10720001393929
warm,,,0.75,4,51,27.35319995554164
warm,,,0.75,4,52,26.652799977455288
warm,,,0.75,4,53,31.960499996785074
warm,,,0.75,4,54,28.29869999550283
warm,,,0.75,4,55,26.76949999295175
warm,,,0.75,4,56,26.01109998067841
warm,,,0.75,4,57,26.445799972862005
warm,,,0.75,4,58,26.855200005229563
warm,,,0.75,4,59,27.96380000654608
warm,,,0.75,4,60,27.07190002547577
warm,,,0.75,4,61,26.31070005008951
warm,,,0.75,4,62,27.579499990679324
warm,,,0.75,4,63,26.64679998997599
warm,,,0.75,4,64,26.71169996028766
warm,,,0.75,4,65,27.17730001313612
warm,,,0.75,4,66,36.07760003069416
warm,,,0.75,4,67,27.995199954602867
warm,,,0.75,4,68,26.392399973701686
warm,,,0.75,4,69,28.87059998465702
warm,,,0.75,4,70,26.987799967173487
warm,,,0.75,4,71,27.79490000102669
warm,,,0.75,4,72,26.51039999909699
warm,,,0.75,4,73,27.907300041988492
warm,,,0.75,4,74,27.95059996424243
warm,,,0.75,4,75,26.22449997579679
warm,,,0.75,4,76,27.68100000685081
warm,,,0.75,4,77,31.6842999891378
warm,,,0.75,4,78,26.86430001631379
warm,,,0.75,4,79,26.990800048224628
warm,,,0.75,4,80,26.340700045693666
warm,,,0.75,4,81,28.352299996186048
warm,,,0.75,4,82,27.45110000250861
warm,,,0.75,4,83,28.653099958319217
warm,,,0.75,4,84,39.80650001903996
warm,,,0.75,4,85,35.091300029307604
warm,,,0.75,4,86,27.08550001261756
warm,,,0.75,4,87,27.395199984312057
warm,,,0.75,4,88,27.133499970659614
warm,,,0.75,4,89,26.453399972524494
warm,,,0.75,4,90,28.041800018399954
warm,,,0.75,4,91,27.111100032925606
warm,,,0.75,4,92,27.274499996565282
warm,,,0.75,4,93,28.696199995465577
warm,,,0.75,4,94,28.357100032735616
warm,,,0.75,4,95,27.13550004409626
warm,,,0.75,4,96,27.604100003372878
warm,,,0.75,4,97,27.98190002795309
warm,,,0.75,4,98,26.662199990823865
warm,,,0.75,4,99,27.570099977310747
warm,,,0.75,4,100,26.00970002822578
warm,,,0.75,4,101,39.50529999565333
warm,,,0.75,4,102,26.494699995964766
warm,,,0.75,4,103,31.32400003960356
warm,,,0.75,4,104,27.562000032048672
warm,,,0.75,4,105,28.413699998054653
warm,,,0.75,4,106,31.436100020073354
warm,,,0.75,4,107,34.18099996633828
warm,,,0.75,4,108,36.39860003022477
warm,,,0.75,4,109,36.45519999554381
warm,,,0.75,4,110,28.972200001589954
warm,,,0.75,4,111,28.74470001552254
warm,,,0.75,4,112,26.79319999879226
warm,,,0.75,4,113,27.591499965637922
warm,,,0.75,4,114,26.68650000123307
warm,,,0.75,4,115,26.57990000443533
warm,,,0.75,4,116,26.67190000647679
warm,,,0.75,4,117,26.962400006596
warm,,,0.75,4,118,27.355300029739738
warm,,,0.75,4,119,26.389200007542968
warm,,,0.75,4,120,27.41420001257211
warm,,,0.75,4,121,39.840899989940226
warm,,,0.75,4,122,34.84579996438697
warm,,,0.75,4,123,27.619400003459305
warm,,,0.75,4,124,28.04370003286749
warm,,,0.75,4,125,32.33329998329282
warm,,,0.75,4,126,26.68529999209568
warm,,,0.75,4,127,26.94429998518899
warm,,,0.75,4,128,27.225499972701073
warm,,,0.75,4,129,26.8688999931328
warm,,,0.75,4,130,26.594099996145815
warm,,,0.75,4,131,26.94579999661073
warm,,,0.75,4,132,27.469700027722865
warm,,,0.75,4,133,32.80680003808811
warm,,,0.75,4,134,27.47940004337579
warm,,,0.75,4,135,37.012499989941716
warm,,,0.75,4,136,27.26460003759712
warm,,,0.75,4,137,26.25830000033602
warm,,,0.75,4,138,28.066499973647296
warm,,,0.75,4,139,26.83019998949021
warm,,,0.75,4,140,27.164099970832467
warm,,,0.75,4,141,26.920099975541234
warm,,,0.75,4,142,38.174399989657104
warm,,,0.75,4,143,29.451799986418337
warm,,,0.75,4,144,41.515200049616396
warm,,,0.75,4,145,38.89349999371916
warm,,,0.75,4,146,39.61839998373762
warm,,,0.75,4,147,35.499899997375906
warm,,,0.75,4,148,26.83950000209734
warm,,,0.75,4,149,26.375100016593933
warm,,,0.75,4,150,26.38000005390495
warm,,,0.75,4,151,28.779199987184256
warm,,,0.75,4,152,37.062799965497106
warm,,,0.75,4,153,28.56509998673573
warm,,,0.75,4,154,26.573000010102987
warm,,,0.75,4,155,27.656600053887814
warm,,,0.75,4,156,27.17549999943003
warm,,,0.75,4,157,27.333699981682003
warm,,,0.75,4,158,28.63369998522103
warm,,,0.75,4,159,26.195299986284226
warm,,,0.75,4,160,27.289199992083013
warm,,,0.75,4,161,27.090499992482364
warm,,,0.75,4,162,35.319200018420815
warm,,,0.75,4,163,32.054000010248274
warm,,,0.75,4,164,28.278999961912632
warm,,,0.75,4,165,26.787900016643107
warm,,,0.75,4,166,27.135400043334812
warm,,,0.75,4,167,31.778400007169694
warm,,,0.75,4,168,26.936199981719255
warm,,,0.75,4,169,26.62600000621751
warm,,,0.75,4,170,27.644299960229546
warm,,,0.75,4,171,31.496500014327466
warm,,,0.75,4,172,32.21340000163764
warm,,,0.75,4,173,27.393000025767833
warm,,,0.75,4,174,27.209899970330298
warm,,,0.75,4,175,26.773100020363927
warm,,,0.75,4,176,27.972000010777265
warm,,,0.75,4,177,26.788199960719794
warm,,,0.75,4,178,28.80410000216216
warm,,,0.75,4,179,27.023199945688248
warm,,,0.75,4,180,26.127300050575286
warm,,,0.75,4,181,26.930199994239956
warm,,,0.75,4,182,31.77330002654344
warm,,,0.75,4,183,27.650199946947396
warm,,,0.75,4,184,41.07330000260845
warm,,,0.75,4,185,33.024400006979704
warm,,,0.75,4,186,26.71800000825897
warm,,,0.75,4,187,26.59020002465695
warm,,,0.75,4,188,28.061999997589737
warm,,,0.75,4,189,29.260499984957278
warm,,,0.75,4,190,35.231799993198365
warm,,,0.75,4,191,41.981899994425476
warm,,,0.75,4,192,30.31230001943186
warm,,,0.75,4,193,34.745700017083436
warm,,,0.75,4,194,26.889899978414178
warm,,,0.75,4,195,26.308399974368513
warm,,,0.75,4,196,26.35950001422316
warm,,,0.75,4,197,27.20250003039837
warm,,,0.75,4,198,26.73559996765107
warm,,,0.75,4,199,34.83879996929318
warm,,,0.75,8,0,27.55339996656403
warm,,,0.75,8,1,28.203199966810644
warm,,,0.75,8,2,28.624099970329553
warm,,,0.75,8,3,26.921199983917177
warm,,,0.75,8,4,28.066499973647296
warm,,,0.75,8,5,27.76539995102212
warm,,,0.75,8,6,27.95339998556301
warm,,,0.75,8,7,28.35809998214245
warm,,,0.75,8,8,29.307200049515814
warm,,,0.75,8,9,29.461199999786913
warm,,,0.75,8,10,34.75649998290464
warm,,,0.75,8,11,26.089999999385327
warm,,,0.75,8,12,27.962699998170137
warm,,,0.75,8,13,27.505000005476177
warm,,,0.75,8,14,27.585499978158623
warm,,,0.75,8,15,27.6375999674201
warm,,,0.75,8,16,36.73609998077154
warm,,,0.75,8,17,33.63550000358373
warm,,,0.75,8,18,31.41910000704229
warm,,,0.75,8,19,27.15919999172911
warm,,,0.75,8,20,29.850399994757026
warm,,,0.75,8,21,28.452999948058277
warm,,,0.75,8,22,28.986599994823337
warm,,,0.75,8,23,29.871599981561303
warm,,,0.75,8,24,29.276099987328053
warm,,,0.75,8,25,43.723100039642304
warm,,,0.75,8,26,44.72639999585226
warm,,,0.75,8,27,31.060100009199232
warm,,,0.75,8,28,27.555800043046474
warm,,,0.75,8,29,29.161299986299127
warm,,,0.75,8,30,28.262800013180822
warm,,,0.75,8,31,29.99809995526448
warm,,,0.75,8,32,27.640199987217784
warm,,,0.75,8,33,28.535299992654473
warm,,,0.75,8,34,29.01450003264472
warm,,,0.75,8,35,26.989999983925372
warm,,,0.75,8,36,27.678899990860373
warm,,,0.75,8,37,42.466599959880114
warm,,,0.75,8,38,35.83969996543601
warm,,,0.75,8,39,30.2945000003092
warm,,,0.75,8,40,29.25299998605624
warm,,,0.75,8,41,29.77170003578067
warm,,,0.75,8,42,36.05619998415932
warm,,,0.75,8,43,29.460899997502565
warm,,,0.75,8,44,28.75789999961853
warm,,,0.75,8,45,28.51790003478527
warm,,,0.75,8,46,28.010700014419854
warm,,,0.75,8,47,28.138199995737523
warm,,,0.75,8,48,29.721500002779067
warm,,,0.75,8,49,28.294900024775416
warm,,,0.75,8,50,33.418400038499385
warm,,,0.75,8,51,30.633300018962473
warm,,,0.75,8,52,33.27939996961504
warm,,,0.75,8,53,73.30779999028891
warm,,,0.75,8,54,47.964699973817915
warm,,,0.75,8,55,31.631899997591972
warm,,,0.75,8,56,30.40390001842752
warm,,,0.75,8,57,28.915399976540357
warm,,,0.75,8,58,29.84679996734485
warm,,,0.75,8,59,28.81290001096204
warm,,,0.75,8,60,28.797500010114163
warm,,,0.75,8,61,28.745800023898482
warm,,,0.75,8,62,35.61340004671365
warm,,,0.75,8,63,30.796300037764013
warm,,,0.75,8,64,28.517000027932227
warm,,,0.75,8,65,28.330100001767278
warm,,,0.75,8,66,33.088100026361644
warm,,,0.75,8,67,28.497000050265342
warm,,,0.75,8,68,28.91940000699833
warm,,,0.75,8,69,27.941300009842962
warm,,,0.75,8,70,29.909699980635196
warm,,,0.75,8,71,30.932399968151003
warm,,,0.75,8,72,28.129999991506338
warm,,,0.75,8,73,27.77250000508502
warm,,,0.75,8,74,26.667599973734468
warm,,,0.75,8,75,28.56100001372397
warm,,,0.75,8,76,27.687900001183152
warm,,,0.75,8,77,27.540899987798184
warm,,,0.75,8,78,27.302299975417554
warm,,,0.75,8,79,28.23639998678118
warm,,,0.75,8,80,27.605000010225922
warm,,,0.75,8,81,28.992700041271746
warm,,,0.75,8,82,27.404200052842498
warm,,,0.75,8,83,46.728999994229525
warm,,,0.75,8,84,35.43360001640394
warm,,,0.75,8,85,32.0326000219211
warm,,,0.75,8,86,31.139299971982837
warm,,,0.75,8,87,29.56819999963045
warm,,,0.75,8,88,28.62900000764057
warm,,,0.75,8,89,27.801499993074685
warm,,,0.75,8,90,28.631700028199703
warm,,,0.75,8,91,28.87370000826195
warm,,,0.75,8,92,28.11499999370426
warm,,,0.75,8,93,29.00529996259138
warm,,,0.75,8,94,33.95150002324954
warm,,,0.75,8,95,34.96140002971515
warm,,,0.75,8,96,28.68819999275729
warm,,,0.75,8,97,28.301999962422997
warm,,,0.75,8,98,29.182599973864853
warm,,,0.75,8,99,26.61410003202036
warm,,,0.75,8,100,28.367899998556823
warm,,,0.75,8,101,28.396699985023588
warm,,,0.75,8,102,27.080100029706955
warm,,,0.75,8,103,30.73020000010729
warm,,,0.75,8,104,28.00799999386072
warm,,,0.75,8,105,27.616399980615824
warm,,,0.75,8,106,30.052000016439706
warm,,,0.75,8,107,28.62170001026243
warm,,,0.75,8,108,32.902700011618435
warm,,,0.75,8,109,33.94370002206415
warm,,,0.75,8,110,37.128399999346584
warm,,,0.75,8,111,28.788600000552833
warm,,,0.75,8,112,49.33259997051209
warm,,,0.75,8,113,39.20200001448393
warm,,,0.75,8,114,28.149299963843077
warm,,,0.75,8,115,28.25740003027022
warm,,,0.75,8,116,28.90480001224205
warm,,,0.75,8,117,27.583599963691086
warm,,,0.75,8,118,29.661000007763505
warm,,,0.75,8,119,33.92239997629076
warm,,,0.75,8,120,32.040299964137375
warm,,,0.75,8,121,27.839599992148578
warm,,,0.75,8,122,34.54849997069687
warm,,,0.75,8,123,26.944799988996238
warm,,,0.75,8,124,31.158700003288686
warm,,,0.75,8,125,28.475300001446158
warm,,,0.75,8,126,27.449099987279624
warm,,,0.75,8,127,27.94319996610284
warm,,,0.75,8,128,27.980999962892383
warm,,,0.75,8,129,28.716100030578673
warm,,,0.75,8,130,28.67619995959103
warm,,,0.75,8,131,37.25529997609556
warm,,,0.75,8,132,26.690699975006282
warm,,,0.75,8,133,27.98620000248775
warm,,,0.75,8,134,27.802900003734976
warm,,,0.75,8,135,28.004599967971444
warm,,,0.75,8,136,26.741800014860928
warm,,,0.75,8,137,27.921299973968416
warm,,,0.75,8,138,29.475699993781745
warm,,,0.75,8,139,29.060800035949796
warm,,,0.75,8,140,28.935200010892004
warm,,,0.75,8,141,27.120099985040724
warm,,,0.75,8,142,27.816599991638213
warm,,,0.75,8,143,27.627100003883243
warm,,,0.75,8,144,27.879700006451458
warm,,,0.75,8,145,27.710800000932068
warm,,,0.75,8,146,28.306699998211116
warm,,,0.75,8,147,27.595399995334446
warm,,,0.75,8,148,27.330600016284734
warm,,,0.75,8,149,28.558199992403388
warm,,,0.75,8,150,29.97139998478815
warm,,,0.75,8,151,28.652300010435283
warm,,,0.75,8,152,28.699799964670092
warm,,,0.75,8,153,27.727500011678785
warm,,,0.75,8,154,28.40990002732724
warm,,,0.75,8,155,28.22450001258403
warm,,,0.75,8,156,28.422400006093085
warm,,,0.75,8,157,27.895100007299334
warm,,,0.75,8,158,27.078199957031757
warm,,,0.75,8,159,29.262299998663366
warm,,,0.75,8,160,28.37129996623844
warm,,,0.75,8,161,27.838099980726838
warm,,,0.75,8,162,27.90879999520257
warm,,,0.75,8,163,28.18760002264753
warm,,,0.75,8,164,28.784100024495274
warm,,,0.75,8,165,27.693300042301416
warm,,,0.75,8,166,36.79260000353679
warm,,,0.75,8,167,26.770099997520447
warm,,,0.75,8,168,27.034500031732023
warm,,,0.75,8,169,32.256899983622134
warm,,,0.75,8,170,27.324099966790527
warm,,,0.75,8,171,29.919300053734332
warm,,,0.75,8,172,27.989199967123568
warm,,,0.75,8,173,27.278899971861392
warm,,,0.75,8,174,28.78319995943457
warm,,,0.75,8,175,27.736400021240115
warm,,,0.75,8,176,28.04820000892505
warm,,,0.75,8,177,27.462600031867623
warm,,,0.75,8,178,27.34150004107505
warm,,,0.75,8,179,26.451899961102754
warm,,,0.75,8,180,28.35929999127984
warm,,,0.75,8,181,27.2467999602668
warm,,,0.75,8,182,27.295999985653907
warm,,,0.75,8,183,29.14159995270893
warm,,,0.75,8,184,31.78040002239868
warm,,,0.75,8,185,34.24299997277558
warm,,,0.75,8,186,28.339600015897304
warm,,,0.75,8,187,29.633899976033717
warm,,,0.75,8,188,29.932299978099763
warm,,,0.75,8,189,31.6531999851577
warm,,,0.75,8,190,28.076699993107468
warm,,,0.75,8,191,28.30429997993633
warm,,,0.75,8,192,28.283199993893504
warm,,,0.75,8,193,28.035899973474443
warm,,,0.75,8,194,28.08249997906387
warm,,,0.75,8,195,27.789400017354637
warm,,,0.75,8,196,28.525699977762997
warm,,,0.75,8,197,28.426800039596856
warm,,,0.75,8,198,27.831500046886504
warm,,,0.75,8,199,29.265300021506846
warm,,,0.75,16,0,31.173299998044968
warm,,,0.75,16,1,33.866000012494624
warm,,,0.75,16,2,26.95319999475032
warm,,,0.75,16,3,27.852999977767467
warm,,,0.75,16,4,29.2337000137195
warm,,,0.75,16,5,29.85130000161007
warm,,,0.75,16,6,28.24519999558106
warm,,,0.75,16,7,28.74050004174933
warm,,,0.75,16,8,33.6570999934338
warm,,,0.75,16,9,28.89700001105666
warm,,,0.75,16,10,27.335199993103743
warm,,,0.75,16,11,35.3328000055626
warm,,,0.75,16,12,38.042199972551316
warm,,,0.75,16,13,27.579399989917874
warm,,,0.75,16,14,27.42460003355518
warm,,,0.75,16,15,28.76409998862073
warm,,,0.75,16,16,34.24680000171065
warm,,,0.75,16,17,27.76960004121065
warm,,,0.75,16,18,27.576099964790046
warm,,,0.75,16,19,27.46859996113926
warm,,,0.75,16,20,29.864999989513308
warm,,,0.75,16,21,26.75340004498139
warm,,,0.75,16,22,31.027100048959255
warm,,,0.75,16,23,31.31659998325631
warm,,,0.75,16,24,26.91490005236119
warm,,,0.75,16,25,28.57289998792112
warm,,,0.75,16,26,28.956099995411932
warm,,,0.75,16,27,28.752799960784614
warm,,,0.75,16,28,27.562999981455505
warm,,,0.75,16,29,27.60660002240911
warm,,,0.75,16,30,32.33869996620342
warm,,,0.75,16,31,33.66209997329861
warm,,,0.75,16,32,28.471499972511083
warm,,,0.75,16,33,27.875599975232035
warm,,,0.75,16,34,27.856700005941093
warm,,,0.75,16,35,27.625599992461503
warm,,,0.75,16,36,28.739299974404275
warm,,,0.75,16,37,27.45880000293255
warm,,,0.75,16,38,28.506800008472055
warm,,,0.75,16,39,41.57880001002923
warm,,,0.75,16,40,39.218899968545884
warm,,,0.75,16,41,28.423999960068613
warm,,,0.75,16,42,27.43759995792061
warm,,,0.75,16,43,27.96380000654608
warm,,,0.75,16,44,28.609100030735135
warm,,,0.75,16,45,28.28220004448667
warm,,,0.75,16,46,27.60979998856783
warm,,,0.75,16,47,29.318300017621368
warm,,,0.75,16,48,27.2405999712646
warm,,,0.75,16,49,28.935500013176352
warm,,,0.75,16,50,29.32380000129342
warm,,,0.75,16,51,27.76260004611686
warm,,,0.75,16,52,28.721500013489276
warm,,,0.75,16,53,28.376100002788007
warm,,,0.75,16,54,29.599799949210137
warm,,,0.75,16,55,29.05000001192093
warm,,,0.75,16,56,27.961099985986948
warm,,,0.75,16,57,30.085699982009828
warm,,,0.75,16,58,28.756200044881552
warm,,,0.75,16,59,28.146399999968708
warm,,,0.75,16,60,29.059100023005158
warm,,,0.75,16,61,28.016099997330457
warm,,,0.75,16,62,28.446100011933595
warm,,,0.75,16,63,33.99490000447258
warm,,,0.75,16,64,27.037099993322045
warm,,,0.75,16,65,27.20079995924607
warm,,,0.75,16,66,28.154400002676994
warm,,,0.75,16,67,27.080999978352338
warm,,,0.75,16,68,34.92419997928664
warm,,,0.75,16,69,30.8532000053674
warm,,,0.75,16,70,26.944899989757687
warm,,,0.75,16,71,25.924599962309003
warm,,,0.75,16,72,36.783199990168214
warm,,,0.75,16,73,26.554099982604384
warm,,,0.75,16,74,28.366600046865642
warm,,,0.75,16,75,28.290399990510195
warm,,,0.75,16,76,27.34440000494942
warm,,,0.75,16,77,27.038600004743785
warm,,,0.75,16,78,27.149799978360534
warm,,,0.75,16,79,27.512200002092868
warm,,,0.75,16,80,30.745600000955164
warm,,,0.75,16,81,27.665700006764382
warm,,,0.75,16,82,27.71320001920685
warm,,,0.75,16,83,27.90300000924617
warm,,,0.75,16,84,27.205899998079985
warm,,,0.75,16,85,26.373700005933642
warm,,,0.75,16,86,27.890200028195977
warm,,,0.75,16,87,27.536600013263524
warm,,,0.75,16,88,30.030099966097623
warm,,,0.75,16,89,27.50319999177009
warm,,,0.75,16,90,27.94010000070557
warm,,,0.75,16,91,32.413800014182925
warm,,,0.75,16,92,28.235600038897246
warm,,,0.75,16,93,28.523100016172975
warm,,,0.75,16,94,28.43780000694096
warm,,,0.75,16,95,28.348500025458634
warm,,,0.75,16,96,28.579699981492013
warm,,,0.75,16,97,28.96700002020225
warm,,,0.75,16,98,29.216299997642636
warm,,,0.75,16,99,27.921499975491315
warm,,,0.75,16,100,27.507899969350547
warm,,,0.75,16,101,27.601199981290847
warm,,,0.75,16,102,28.066799975931644
warm,,,0.75,16,103,31.340699992142618
warm,,,0.75,16,104,27.65250002266839
warm,,,0.75,16,105,28.29440002096817
warm,,,0.75,16,106,27.96799998031929
warm,,,0.75,16,107,27.23639999749139
warm,,,0.75,16,108,27.035499981138855
warm,,,0.75,16,109,27.850499958731234
warm,,,0.75,16,110,28.915900038555264
warm,,,0.75,16,111,28.467900003306568
warm,,,0.75,16,112,26.659600029233843
warm,,,0.75,16,113,28.376600006595254
warm,,,0.75,16,114,28.01840001484379
warm,,,0.75,16,115,30.142600007820874
warm,,,0.75,16,116,36.03379998821765
warm,,,0.75,16,117,31.884600000921637
warm,,,0.75,16,118,28.637000010348856
warm,,,0.75,16,119,44.36080000596121
warm,,,0.75,16,120,29.06169998459518
warm,,,0.75,16,121,28.672799991909415
warm,,,0.75,16,122,31.733600015286356
warm,,,0.75,16,123,30.19669995410368
warm,,,0.75,16,124,29.27930001169443
warm,,,0.75,16,125,29.006000026129186
warm,,,0.75,16,126,27.955700003076345
warm,,,0.75,16,127,27.613500016741455
warm,,,0.75,16,128,28.013699979055673
warm,,,0.75,16,129,27.66580000752583
warm,,,0.75,16,130,30.725699965842068
warm,,,0.75,16,131,31.33909997995943
warm,,,0.75,16,132,29.190099972765893
warm,,,0.75,16,133,29.90020002471283
warm,,,0.75,16,134,27.95349998632446
warm,,,0.75,16,135,27.565600001253188
warm,,,0.75,16,136,27.730499976314604
warm,,,0.75,16,137,32.66579995397478
warm,,,0.75,16,138,31.55070001957938
warm,,,0.75,16,139,33.80119998473674
warm,,,0.75,16,140,28.666900005191565
warm,,,0.75,16,141,28.10320002026856
warm,,,0.75,16,142,28.865199943538755
warm,,,0.75,16,143,27.701200044248253
warm,,,0.75,16,144,36.485099990386516
warm,,,0.75,16,145,28.98020000429824
warm,,,0.75,16,146,27.005600044503808
warm,,,0.75,16,147,27.116900018882006
warm,,,0.75,16,148,29.779099975712597
warm,,,0.75,16,149,27.776099974289536
warm,,,0.75,16,150,29.69160000793636
warm,,,0.75,16,151,26.801500003784895
warm,,,0.75,16,152,27.929200034122914
warm,,,0.75,16,153,28.075199981685728
warm,,,0.75,16,154,28.08820002246648
warm,,,0.75,16,155,28.418100031558424
warm,,,0.75,16,156,27.066999988164753
warm,,,0.75,16,157,27.831199986394495
warm,,,0.75,16,158,27.701199986040592
warm,,,0.75,16,159,26.557500008493662
warm,,,0.75,16,160,28.969100036192685
warm,,,0.75,16,161,27.27790002245456
warm,,,0.75,16,162,29.06180004356429
warm,,,0.75,16,163,27.14299998478964
warm,,,0.75,16,164,27.508600032888353
warm,,,0.75,16,165,27.845000033266842
warm,,,0.75,16,166,27.119800040964037
warm,,,0.75,16,167,27.641599997878075
warm,,,0.75,16,168,28.43200002098456
warm,,,0.75,16,169,26.71629999531433
warm,,,0.75,16,170,38.2934000226669
warm,,,0.75,16,171,27.00339996954426
warm,,,0.75,16,172,27.228199993260205
warm,,,0.75,16,173,27.781300013884902
warm,,,0.75,16,174,29.681399988476187
warm,,,0.75,16,175,26.605399965774268
warm,,,0.75,16,176,28.952799970284104
warm,,,0.75,16,177,109.39719999441877
warm,,,0.75,16,178,48.112799995578825
warm,,,0.75,16,179,43.672500003594905
warm,,,0.75,16,180,37.2635000385344
warm,,,0.75,16,181,36.537000036332756
warm,,,0.75,16,182,29.311500024050474
warm,,,0.75,16,183,27.668600028846413
warm,,,0.75,16,184,27.70909998798743
warm,,,0.75,16,185,27.824799995869398
warm,,,0.75,16,186,36.009700037539005
warm,,,0.75,16,187,36.4139000303112
warm,,,0.75,16,188,39.479700033552945
warm,,,0.75,16,189,28.255100012756884
warm,,,0.75,16,190,27.897700027097017
warm,,,0.75,16,191,28.95629999693483
warm,,,0.75,16,192,27.91520004393533
warm,,,0.75,16,193,28.029500041157007
warm,,,0.75,16,194,28.139200003352016
warm,,,0.75,16,195,27.233799977693707
warm,,,0.75,16,196,28.349999978672713
warm,,,0.75,16,197,27.708099980372936
warm,,,0.75,16,198,28.407400008291006
warm,,,0.75,16,199,29.03520001564175
warm,,,0.75,32,0,9.80820000404492
warm,,,0.75,32,1,9.79489996097982
warm,,,0.75,32,2,10.382399952504784
warm,,,0.75,32,3,9.486499999184161
warm,,,0.75,32,4,9.342000004835427
warm,,,0.75,32,5,10.196199989877641
warm,,,0.75,32,6,9.681600029580295
warm,,,0.75,32,7,9.292199974879622
warm,,,0.75,32,8,9.142099996097386
warm,,,0.75,32,9,16.63989998633042
warm,,,0.75,32,10,10.695799952372909
warm,,,0.75,32,11,10.62889996683225
warm,,,0.75,32,12,9.855100011918694
warm,,,0.75,32,13,9.284100029617548
warm,,,0.75,32,14,9.07640001969412
warm,,,0.75,32,15,10.170999972615391
warm,,,0.75,32,16,10.052400000859052
warm,,,0.75,32,17,9.400400042068213
warm,,,0.75,32,18,9.8483000183478
warm,,,0.75,32,19,9.400399983860552
warm,,,0.75,32,20,9.288600005675107
warm,,,0.75,32,21,9.57850000122562
warm,,,0.75,32,22,9.892200003378093
warm,,,0.75,32,23,9.463299997150898
warm,,,0.75,32,24,9.22010000795126
warm,,,0.75,32,25,10.027899988926947
warm,,,0.75,32,26,10.063399968203157
warm,,,0.75,32,27,9.266600012779236
warm,,,0.75,32,28,9.559800033457577
warm,,,0.75,32,29,10.473700007423759
warm,,,0.75,32,30,11.946399987209588
warm,,,0.75,32,31,16.11080003203824
warm,,,0.75,32,32,15.661000041291118
warm,,,0.75,32,33,11.646300030406564
warm,,,0.75,32,34,10.189799999352545
warm,,,0.75,32,35,9.301699989009649
warm,,,0.75,32,36,9.208500036038458
warm,,,0.75,32,37,10.318999993614852
warm,,,0.75,32,38,9.332200046628714
warm,,,0.75,32,39,9.398599970154464
warm,,,0.75,32,40,9.488999960012734
warm,,,0.75,32,41,9.907799947541207
warm,,,0.75,32,42,9.41570004215464
warm,,,0.75,32,43,12.07659998908639
warm,,,0.75,32,44,13.144000025931746
warm,,,0.75,32,45,11.895199946593493
warm,,,0.75,32,46,9.52520000282675
warm,,,0.75,32,47,10.51200000802055
warm,,,0.75,32,48,9.530199982691556
warm,,,0.75,32,49,9.21849999576807
warm,,,0.75,32,50,10.121400002390146
warm,,,0.75,32,51,9.2587000108324
warm,,,0.75,32,52,9.232600044924766
warm,,,0.75,32,53,10.432600043714046
warm,,,0.75,32,54,9.780400025192648
warm,,,0.75,32,55,13.621199992485344
warm,,,0.75,32,56,13.093799992930144
warm,,,0.75,32,57,9.688499965704978
warm,,,0.75,32,58,15.126700047403574
warm,,,0.75,32,59,10.859299974981695
warm,,,0.75,32,60,9.862800012342632
warm,,,0.75,32,61,9.309899993240833
warm,,,0.75,32,62,10.753400041721761
warm,,,0.75,32,63,10.95510000595823
warm,,,0.75,32,64,15.41170000564307
warm,,,0.75,32,65,15.367000014521182
warm,,,0.75,32,66,9.391199972014874
warm,,,0.75,32,67,11.25430001411587
warm,,,0.75,32,68,15.242499997839332
warm,,,0.75,32,69,14.004500000737607
warm,,,0.75,32,70,10.937899991404265
warm,,,0.75,32,71,9.258099948056042
warm,,,0.75,32,72,9.229200019035488
warm,,,0.75,32,73,10.494799993466586
warm,,,0.75,32,74,9.631299995817244
warm,,,0.75,32,75,9.195200051181018
warm,,,0.75,32,76,9.146199969109148
warm,,,0.75,32,77,10.17860003048554
warm,,,0.75,32,78,9.655799949541688
warm,,,0.75,32,79,9.774699981790036
warm,,,0.75,32,80,10.600699984934181
warm,,,0.75,32,81,9.568799985572696
warm,,,0.75,32,82,9.405900025740266
warm,,,0.75,32,83,9.448400000110269
warm,,,0.75,32,84,10.4810000048019
warm,,,0.75,32,85,9.613499976694584
warm,,,0.75,32,86,9.549899958074093
warm,,,0.75,32,87,10.456499992869794
warm,,,0.75,32,88,9.325499995611608
warm,,,0.75,32,89,9.241699997801334
warm,,,0.75,32,90,10.5372000252828
warm,,,0.75,32,91,9.706899989396334
warm,,,0.75,32,92,9.416199987754226
warm,,,0.75,32,93,9.263799991458654
warm,,,0.75,32,94,10.150899994187057
warm,,,0.75,32,95,9.564200008753687
warm,,,0.75,32,96,9.133699990343302
warm,,,0.75,32,97,10.086499969474971
warm,,,0.75,32,98,9.65109997196123
warm,,,0.75,32,99,9.386099991388619
warm,,,0.75,32,100,9.470099990721792
warm,,,0.75,32,101,9.681700030341744
warm,,,0.75,32,102,9.405499964486808
warm,,,0.75,32,103,9.245699970051646
warm,,,0.75,32,104,9.952699998393655
warm,,,0.75,32,105,9.64240002213046
warm,,,0.75,32,106,9.331400040537119
warm,,,0.75,32,107,9.398100024554878
warm,,,0.75,32,108,10.122399951796979
warm,,,0.75,32,109,9.30460001109168
warm,,,0.75,32,110,9.348499996121973
warm,,,0.75,32,111,9.546299988869578
warm,,,0.75,32,112,9.49570001102984
warm,,,0.75,32,113,9.377899987157434
warm,,,0.75,32,114,9.229100018274039
warm,,,0.75,32,115,10.560599970631301
warm,,,0.75,32,116,9.365800011437386
warm,,,0.75,32,117,9.254499978851527
warm,,,0.75,32,118,9.77110001258552
warm,,,0.75,32,119,9.428399964235723
warm,,,0.75,32,120,9.534599957987666
warm,,,0.75,32,121,9.362699987832457
warm,,,0.75,32,122,10.258199996314943
warm,,,0.75,32,123,9.502200002316386
warm,,,0.75,32,124,9.366400016006082
warm,,,0.75,32,125,9.638799994718283
warm,,,0.75,32,126,9.463700000196695
warm,,,0.75,32,127,9.589500026777387
warm,,,0.75,32,128,9.26000002073124
warm,,,0.75,32,129,9.861900005489588
warm,,,0.75,32,130,14.001599978655577
warm,,,0.75,32,131,12.820500007364899
warm,,,0.75,32,132,9.70589998178184
warm,,,0.75,32,133,9.349799947813153
warm,,,0.75,32,134,9.338999981991947
warm,,,0.75,32,135,9.878600016236305
warm,,,0.75,32,136,9.656800015363842
warm,,,0.75,32,137,9.690299979411066
warm,,,0.75,32,138,9.814999997615814
warm,,,0.75,32,139,13.20539996959269
warm,,,0.75,32,140,12.522300006821752
warm,,,0.75,32,141,11.049000022467226
warm,,,0.75,32,142,9.443999966606498
warm,,,0.75,32,143,9.388700011186302
warm,,,0.75,32,144,9.955600020475686
warm,,,0.75,32,145,9.64669999666512
warm,,,0.75,32,146,9.393999993335456
warm,,,0.75,32,147,9.356700000353158
warm,,,0.75,32,148,10.62620000448078
warm,,,0.75,32,149,9.295800002291799
warm,,,0.75,32,150,9.261000028345734
warm,,,0.75,32,151,10.18159999512136
warm,,,0.75,32,152,9.311200003139675
warm,,,0.75,32,153,9.533300006296486
warm,,,0.75,32,154,10.802900011185557
warm,,,0.75,32,155,16.406400012783706
warm,,,0.75,32,156,14.148899994324893
warm,,,0.75,32,157,15.069800021592528
warm,,,0.75,32,158,10.352900018915534
warm,,,0.75,32,159,12.822400021832436
warm,,,0.75,32,160,9.908600011840463
warm,,,0.75,32,161,9.285599982831627
warm,,,0.75,32,162,10.928499978035688
warm,,,0.75,32,163,12.726099987048656
warm,,,0.75,32,164,13.27659998787567
warm,,,0.75,32,165,14.289200014900416
warm,,,0.75,32,166,16.747100045904517
warm,,,0.75,32,167,11.672900000121444
warm,,,0.75,32,168,9.795999969355762
warm,,,0.75,32,169,9.262599982321262
warm,,,0.75,32,170,9.165499999653548
warm,,,0.75,32,171,10.384200024418533
warm,,,0.75,32,172,9.380799951031804
warm,,,0.75,32,173,9.523299988359213
warm,,,0.75,32,174,9.92069998756051
warm,,,0.75,32,175,9.600399993360043
warm,,,0.75,32,176,9.612799971364439
warm,,,0.75,32,177,9.75179998204112
warm,,,0.75,32,178,11.218999978154898
warm,,,0.75,32,179,9.99789999332279
warm,,,0.75,32,180,9.297700016759336
warm,,,0.75,32,181,10.595700005069375
warm,,,0.75,32,182,9.28090000525117
warm,,,0.75,32,183,9.207200026139617
warm,,,0.75,32,184,10.465300001669675
warm,,,0.75,32,185,10.774599970318377
warm,,,0.75,32,186,9.200499975122511
warm,,,0.75,32,187,9.123299969360232
warm,,,0.75,32,188,10.452500020619482
warm,,,0.75,32,189,9.603299957234412
warm,,,0.75,32,190,9.307300031650811
warm,,,0.75,32,191,10.129300004336983
warm,,,0.75,32,192,9.561799990478903
warm,,,0.75,32,193,9.307300031650811
warm,,,0.75,32,194,11.010900023393333
warm,,,0.75,32,195,9.902300022076815
warm,,,0.75,32,196,9.293699986301363
warm,,,0.75,32,197,9.326100000180304
warm,,,0.75,32,198,9.698000038042665
warm,,,0.75,32,199,12.172399961855263
warm,,,1.0,4,0,30.785300012212247
warm,,,1.0,4,1,36.10510000726208
warm,,,1.0,4,2,30.0897000124678
warm,,,1.0,4,3,31.728700036183
warm,,,1.0,4,4,30.175399966537952
warm,,,1.0,4,5,30.392899992875755
warm,,,1.0,4,6,31.096199993044138
warm,,,1.0,4,7,32.14640001533553
warm,,,1.0,4,8,32.15380001347512
warm,,,1.0,4,9,32.44599996833131
warm,,,1.0,4,10,32.00580005068332
warm,,,1.0,4,11,31.87990002334118
warm,,,1.0,4,12,31.489800021518022
warm,,,1.0,4,13,42.053300014231354
warm,,,1.0,4,14,30.80700000282377
warm,,,1.0,4,15,34.63259997079149
warm,,,1.0,4,16,37.85960003733635
warm,,,1.0,4,17,38.87889999896288
warm,,,1.0,4,18,44.20089995255694
warm,,,1.0,4,19,36.14390001166612
warm,,,1.0,4,20,30.477799999061972
warm,,,1.0,4,21,30.320100020617247
warm,,,1.0,4,22,30.22640000563115
warm,,,1.0,4,23,30.684500001370907
warm,,,1.0,4,24,30.382199969608337
warm,,,1.0,4,25,38.115200004540384
warm,,,1.0,4,26,30.481399968266487
warm,,,1.0,4,27,30.240199994295835
warm,,,1.0,4,28,30.11940000578761
warm,,,1.0,4,29,30.458299966994673
warm,,,1.0,4,30,35.61980003723875
warm,,,1.0,4,31,40.81269999733195
warm,,,1.0,4,32,29.98190000653267
warm,,,1.0,4,33,31.08560002874583
warm,,,1.0,4,34,29.979299986734986
warm,,,1.0,4,35,36.16930003045127
warm,,,1.0,4,36,35.01369996229187
warm,,,1.0,4,37,33.20990002248436
warm,,,1.0,4,38,29.548400023486465
warm,,,1.0,4,39,30.411000014282763
warm,,,1.0,4,40,33.619900001212955
warm,,,1.0,4,41,30.76850000070408
warm,,,1.0,4,42,29.74940004060045
warm,,,1.0,4,43,29.488000029232353
warm,,,1.0,4,44,30.61299998080358
warm,,,1.0,4,45,30.330799985677004
warm,,,1.0,4,46,30.155899992678314
warm,,,1.0,4,47,30.66749998833984
warm,,,1.0,4,48,32.56760002113879
warm,,,1.0,4,49,29.851900006178766
warm,,,1.0,4,50,29.806000005919486
warm,,,1.0,4,51,30.88869998464361
warm,,,1.0,4,52,31.263500044588
warm,,,1.0,4,53,30.988099984824657
warm,,,1.0,4,54,29.871799983084202
warm,,,1.0,4,55,30.50759999314323
warm,,,1.0,4,56,29.75659997900948
warm,,,1.0,4,57,29.911399993579835
warm,,,1.0,4,58,30.610800022259355
warm,,,1.0,4,59,30.726499971933663
warm,,,1.0,4,60,31.23799996683374
warm,,,1.0,4,61,29.679899977054447
warm,,,1.0,4,62,30.451000027824193
warm,,,1.0,4,63,39.33120000874624
warm,,,1.0,4,64,30.561999999918044
warm,,,1.0,4,65,30.225299997255206
warm,,,1.0,4,66,30.195800005458295
warm,,,1.0,4,67,30.677800008561462
warm,,,1.0,4,68,31.047599972225726
warm,,,1.0,4,69,30.62639996642247
warm,,,1.0,4,70,29.751599999144673
warm,,,1.0,4,71,31.25759999966249
warm,,,1.0,4,72,30.224199988879263
warm,,,1.0,4,73,31.67359996587038
warm,,,1.0,4,74,38.655899988953024
warm,,,1.0,4,75,41.62009997526184
warm,,,1.0,4,76,47.090500011108816
warm,,,1.0,4,77,29.780800046864897
warm,,,1.0,4,78,29.759800003375858
warm,,,1.0,4,79,30.419900023844093
warm,,,1.0,4,80,29.382099979557097
warm,,,1.0,4,81,29.8350999946706
warm,,,1.0,4,82,30.673899978864938
warm,,,1.0,4,83,31.32259997073561
warm,,,1.0,4,84,30.298199970275164
warm,,,1.0,4,85,30.18489998066798
warm,,,1.0,4,86,30.592499999329448
warm,,,1.0,4,87,33.7874999968335
warm,,,1.0,4,88,30.157100001815706
warm,,,1.0,4,89,43.707899982109666
warm,,,1.0,4,90,30.196300009265542
warm,,,1.0,4,91,31.406199967022985
warm,,,1.0,4,92,30.188599950633943
warm,,,1.0,4,93,30.832599964924157
warm,,,1.0,4,94,29.256800014991313
warm,,,1.0,4,95,30.861400009598583
warm,,,1.0,4,96,35.10939999250695
warm,,,1.0,4,97,30.652200046461076
warm,,,1.0,4,98,30.297800025437027
warm,,,1.0,4,99,31.907199998386204
warm,,,1.0,4,100,31.984500004909933
warm,,,1.0,4,101,29.499800002668053
warm,,,1.0,4,102,30.03050002735108
warm,,,1.0,4,103,31.140899984166026
warm,,,1.0,4,104,33.66630000527948
warm,,,1.0,4,105,37.44490002281964
warm,,,1.0,4,106,34.590399998705834
warm,,,1.0,4,107,31.013900006655604
warm,,,1.0,4,108,31.089500000234693
warm,,,1.0,4,109,30.531800002790987
warm,,,1.0,4,110,33.77270000055432
warm,,,1.0,4,111,33.03839999716729
warm,,,1.0,4,112,31.374200014397502
warm,,,1.0,4,113,30.163499992340803
warm,,,1.0,4,114,31.34899999713525
warm,,,1.0,4,115,30.86759999860078
warm,,,1.0,4,116,31.548700004350394
warm,,,1.0,4,117,31.179400044493377
warm,,,1.0,4,118,43.1825999985449
warm,,,1.0,4,119,36.159300012513995
warm,,,1.0,4,120,41.82570002740249
warm,,,1.0,4,121,29.93149997200817
warm,,,1.0,4,122,34.02369999093935
warm,,,1.0,4,123,34.480599977541715
warm,,,1.0,4,124,35.145999980159104
warm,,,1.0,4,125,30.70060000754893
warm,,,1.0,4,126,30.022500024642795
warm,,,1.0,4,127,30.320399964693934
warm,,,1.0,4,128,30.61269997851923
warm,,,1.0,4,129,30.073900008574128
warm,,,1.0,4,130,30.991000006906688
warm,,,1.0,4,131,30.478500004392117
warm,,,1.0,4,132,30.207799980416894
warm,,,1.0,4,133,29.919199994765222
warm,,,1.0,4,134,33.66650000680238
warm,,,1.0,4,135,30.766700045205653
warm,,,1.0,4,136,31.228700012434274
warm,,,1.0,4,137,32.68219996243715
warm,,,1.0,4,138,30.393399996683
warm,,,1.0,4,139,34.66830000979826
warm,,,1.0,4,140,30.8532000053674
warm,,,1.0,4,141,30.315699987113476
warm,,,1.0,4,142,84.02499998919666
warm,,,1.0,4,143,56.30689999088645
warm,,,1.0,4,144,45.368999999482185
warm,,,1.0,4,145,31.398899969644845
warm,,,1.0,4,146,38.01620000740513
warm,,,1.0,4,147,31.63990000030026
warm,,,1.0,4,148,31.87240002444014
warm,,,1.0,4,149,31.9135999889113
warm,,,1.0,4,150,30.26749996934086
warm,,,1.0,4,151,30.02020000712946
warm,,,1.0,4,152,30.09439999004826
warm,,,1.0,4,153,33.62090000882745
warm,,,1.0,4,154,36.67529998347163
warm,,,1.0,4,155,33.22219999972731
warm,,,1.0,4,156,30.074400012381375
warm,,,1.0,4,157,29.52979999827221
warm,,,1.0,4,158,40.8439000020735
warm,,,1.0,4,159,41.89389996463433
warm,,,1.0,4,160,44.86889997497201
warm,,,1.0,4,161,37.58960001869127
warm,,,1.0,4,162,33.750400005374104
warm,,,1.0,4,163,30.867100053001195
warm,,,1.0,4,164,30.507199990097433
warm,,,1.0,4,165,36.123599973507226
warm,,,1.0,4,166,31.097800005227327
warm,,,1.0,4,167,29.781199991703033
warm,,,1.0,4,168,31.341199995949864
warm,,,1.0,4,169,35.780200036242604
warm,,,1.0,4,170,37.350300000980496
warm,,,1.0,4,171,32.79480000492185
warm,,,1.0,4,172,30.200000037439167
warm,,,1.0,4,173,29.643299989402294
warm,,,1.0,4,174,31.27489995677024
warm,,,1.0,4,175,30.091999971773475
warm,,,1.0,4,176,31.266499951016158
warm,,,1.0,4,177,30.68680001888424
warm,,,1.0,4,178,30.039199977181852
warm,,,1.0,4,179,30.355900002177805
warm,,,1.0,4,180,31.459800025913864
warm,,,1.0,4,181,32.7703999937512
warm,,,1.0,4,182,29.668000002857298
warm,,,1.0,4,183,38.86129998136312
warm,,,1.0,4,184,33.763700048439205
warm,,,1.0,4,185,29.530700005125254
warm,,,1.0,4,186,33.48159999586642
warm,,,1.0,4,187,31.04099998017773
warm,,,1.0,4,188,31.105400004889816
warm,,,1.0,4,189,31.062800029758364
warm,,,1.0,4,190,30.8023999677971
warm,,,1.0,4,191,30.35079996334389
warm,,,1.0,4,192,31.470199988689274
warm,,,1.0,4,193,37.833500013221055
warm,,,1.0,4,194,29.865799995604903
warm,,,1.0,4,195,33.73510000528768
warm,,,1.0,4,196,30.98760003922507
warm,,,1.0,4,197,31.05439996579662
warm,,,1.0,4,198,30.17290000570938
warm,,,1.0,4,199,30.283299973234534
warm,,,1.0,8,0,35.18860001349822
warm,,,1.0,8,1,30.149900005199015
warm,,,1.0,8,2,30.468900047708303
warm,,,1.0,8,3,29.82920000795275
warm,,,1.0,8,4,44.755599985364825
warm,,,1.0,8,5,31.825700018089265
warm,,,1.0,8,6,30.98449995741248
warm,,,1.0,8,7,32.31650002999231
warm,,,1.0,8,8,33.02049997728318
warm,,,1.0,8,9,30.041299993172288
warm,,,1.0,8,10,48.382599954493344
warm,,,1.0,8,11,31.788900028914213
warm,,,1.0,8,12,33.916299988050014
warm,,,1.0,8,13,29.531700012739748
warm,,,1.0,8,14,29.563000018242747
warm,,,1.0,8,15,29.902799986302853
warm,,,1.0,8,16,30.7654999778606
warm,,,1.0,8,17,30.96400003414601
warm,,,1.0,8,18,30.063699989113957
warm,,,1.0,8,19,36.615499993786216
warm,,,1.0,8,20,46.24370002420619
warm,,,1.0,8,21,33.2658999832347
warm,,,1.0,8,22,30.269599985331297
warm,,,1.0,8,23,32.36359998118132
warm,,,1.0,8,24,38.40570000465959
warm,,,1.0,8,25,35.42799997376278
warm,,,1.0,8,26,30.148599995300174
warm,,,1.0,8,27,29.76120001403615
warm,,,1.0,8,28,30.66760004730895
warm,,,1.0,8,29,30.249300005380064
warm,,,1.0,8,30,30.41020000819117
warm,,,1.0,8,31,31.64389997255057
warm,,,1.0,8,32,30.540000007022172
warm,,,1.0,8,33,30.38179996656254
warm,,,1.0,8,34,31.193500035442412
warm,,,1.0,8,35,34.381199977360666
warm,,,1.0,8,36,33.30910002114251
warm,,,1.0,8,37,30.635799979791045
warm,,,1.0,8,38,31.8260999629274
warm,,,1.0,8,39,29.628499993123114
warm,,,1.0,8,40,30.115599976852536
warm,,,1.0,8,41,47.75089997565374
warm,,,1.0,8,42,36.74130002036691
warm,,,1.0,8,43,29.661300010047853
warm,,,1.0,8,44,30.88710003066808
warm,,,1.0,8,45,33.55400002328679
warm,,,1.0,8,46,31.21139999711886
warm,,,1.0,8,47,30.592000053729862
warm,,,1.0,8,48,30.241799948271364
warm,,,1.0,8,49,39.774400007445365
warm,,,1.0,8,50,30.688699975144118
warm,,,1.0,8,51,36.17910004686564
warm,,,1.0,8,52,35.280499956570566
warm,,,1.0,8,53,31.10630001174286
warm,,,1.0,8,54,31.314700026996434
warm,,,1.0,8,55,33.96540001267567
warm,,,1.0,8,56,31.39530000044033
warm,,,1.0,8,57,40.58949998579919
warm,,,1.0,8,58,34.66110001318157
warm,,,1.0,8,59,30.1327999914065
warm,,,1.0,8,60,30.095000052824616
warm,,,1.0,8,61,30.824400018900633
warm,,,1.0,8,62,29.92519998224452
warm,,,1.0,8,63,30.478400003630668
warm,,,1.0,8,64,30.417700007092208
warm,,,1.0,8,65,31.45290003158152
warm,,,1.0,8,66,37.165399990044534
warm,,,1.0,8,67,30.73150001000613
warm,,,1.0,8,68,44.30270002922043
warm,,,1.0,8,69,33.21159997722134
warm,,,1.0,8,70,36.40789998462424
warm,,,1.0,8,71,30.57120001176372
warm,,,1.0,8,72,31.157399993389845
warm,,,1.0,8,73,29.7242000233382
warm,,,1.0,8,74,42.409999994561076
warm,,,1.0,8,75,38.01830002339557
warm,,,1.0,8,76,31.07199998339638
warm,,,1.0,8,77,30.316300049889833
warm,,,1.0,8,78,31.011799990665168
warm,,,1.0,8,79,29.91789998486638
warm,,,1.0,8,80,31.388800009153783
warm,,,1.0,8,81,31.222200021147728
warm,,,1.0,8,82,30.77159996610135
warm,,,1.0,8,83,30.603300023358315
warm,,,1.0,8,84,30.61299998080358
warm,,,1.0,8,85,36.332499992568046
warm,,,1.0,8,86,39.9193000048399
warm,,,1.0,8,87,35.77780001796782
warm,,,1.0,8,88,33.85869995690882
warm,,,1.0,8,89,43.25710004195571
warm,,,1.0,8,90,32.58220001589507
warm,,,1.0,8,91,30.80539999064058
warm,,,1.0,8,92,37.0637999731116
warm,,,1.0,8,93,31.523699988611042
warm,,,1.0,8,94,30.56679997825995
warm,,,1.0,8,95,30.91670002322644
warm,,,1.0,8,96,33.06510002585128
warm,,,1.0,8,97,45.72220001136884
warm,,,1.0,8,98,30.26780002983287
warm,,,1.0,8,99,29.84529995592311
warm,,,1.0,8,100,31.418600003235042
warm,,,1.0,8,101,29.834099987056106
warm,,,1.0,8,102,30.24260001257062
warm,,,1.0,8,103,30.18050000537187
warm,,,1.0,8,104,36.627299967221916
warm,,,1.0,8,105,31.117599981371313
warm,,,1.0,8,106,30.582299979869276
warm,,,1.0,8,107,29.786700033582747
warm,,,1.0,8,108,34.02490000007674
warm,,,1.0,8,109,30.547000002115965
warm,,,1.0,8,110,34.01579998899251
warm,,,1.0,8,111,46.277299989014864
warm,,,1.0,8,112,30.081300006713718
warm,,,1.0,8,113,30.56990000186488
warm,,,1.0,8,114,30.21280001848936
warm,,,1.0,8,115,30.440200003795326
warm,,,1.0,8,116,30.730600003153086
warm,,,1.0,8,117,35.374099970795214
warm,,,1.0,8,118,35.307199985254556
warm,,,1.0,8,119,30.548700015060604
warm,,,1.0,8,120,29.929000011179596
warm,,,1.0,8,121,30.417000001762062
warm,,,1.0,8,122,30.205699964426458
warm,,,1.0,8,123,30.181999958585948
warm,,,1.0,8,124,31.86930000083521
warm,,,1.0,8,125,35.410899959970266
warm,,,1.0,8,126,36.23859997605905
warm,,,1.0,8,127,33.705699956044555
warm,,,1.0,8,128,36.209799989592284
warm,,,1.0,8,129,30.558999977074564
warm,,,1.0,8,130,31.136300007347018
warm,,,1.0,8,131,37.150499993003905
warm,,,1.0,8,132,29.97410000534728
warm,,,1.0,8,133,30.17129999352619
warm,,,1.0,8,134,30.96699999878183
warm,,,1.0,8,135,37.20319998683408
warm,,,1.0,8,136,30.200199980754405
warm,,,1.0,8,137,30.769100005272776
warm,,,1.0,8,138,29.652199998963624
warm,,,1.0,8,139,41.267999971751124
warm,,,1.0,8,140,29.910899989772588
warm,,,1.0,8,141,32.08839998114854
warm,,,1.0,8,142,34.577000013086945
warm,,,1.0,8,143,29.984100023284554
warm,,,1.0,8,144,30.352900037541986
warm,,,1.0,8,145,30.70350002963096
warm,,,1.0,8,146,31.90050000557676
warm,,,1.0,8,147,31.071800040081143
warm,,,1.0,8,148,29.902799986302853
warm,,,1.0,8,149,36.89889999805018
warm,,,1.0,8,150,30.794600024819374
warm,,,1.0,8,151,30.64389998326078
warm,,,1.0,8,152,44.34490000130609
warm,,,1.0,8,153,36.11899999668822
warm,,,1.0,8,154,36.78060002857819
warm,,,1.0,8,155,36.09959996538237
warm,,,1.0,8,156,30.065300001297146
warm,,,1.0,8,157,32.357299991417676
warm,,,1.0,8,158,32.61039999779314
warm,,,1.0,8,159,31.26960003282875
warm,,,1.0,8,160,32.16430003521964
warm,,,1.0,8,161,30.779399967286736
warm,,,1.0,8,162,30.73600004427135
warm,,,1.0,8,163,31.434800010174513
warm,,,1.0,8,164,30.76269995654002
warm,,,1.0,8,165,30.39969998644665
warm,,,1.0,8,166,30.9329999727197
warm,,,1.0,8,167,30.472899961750954
warm,,,1.0,8,168,30.78309999546036
warm,,,1.0,8,169,31.85309999389574
warm,,,1.0,8,170,30.80700000282377
warm,,,1.0,8,171,30.231400043703616
warm,,,1.0,8,172,31.961700005922467
warm,,,1.0,8,173,29.962799977511168
warm,,,1.0,8,174,30.459699977654964
warm,,,1.0,8,175,31.016899971291423
warm,,,1.0,8,176,31.084400019608438
warm,,,1.0,8,177,32.30079996865243
warm,,,1.0,8,178,30.567899986635894
warm,,,1.0,8,179,30.37279995623976
warm,,,1.0,8,180,30.47940001124516
warm,,,1.0,8,181,30.412499967496842
warm,,,1.0,8,182,31.286499986890703
warm,,,1.0,8,183,31.071100034750998
warm,,,1.0,8,184,31.441500002983958
warm,,,1.0,8,185,30.46899999026209
warm,,,1.0,8,186,30.693900014739484
warm,,,1.0,8,187,30.231599987018853
warm,,,1.0,8,188,31.288099999073893
warm,,,1.0,8,189,31.42220003064722
warm,,,1.0,8,190,31.603299954440445
warm,,,1.0,8,191,31.154400028754026
warm,,,1.0,8,192,30.577700003050268
warm,,,1.0,8,193,30.34930001012981
warm,,,1.0,8,194,30.83810000680387
warm,,,1.0,8,195,31.11669997451827
warm,,,1.0,8,196,30.435899971053004
warm,,,1.0,8,197,30.232999997679144
warm,,,1.0,8,198,31.252499960828573
warm,,,1.0,8,199,30.51359998062253
warm,,,1.0,16,0,32.21759997541085
warm,,,1.0,16,1,30.0025999895297
warm,,,1.0,16,2,33.242000034078956
warm,,,1.0,16,3,39.457199978642166
warm,,,1.0,16,4,37.5050000147894
warm,,,1.0,16,5,30.329399975016713
warm,,,1.0,16,6,30.712999985553324
warm,,,1.0,16,7,31.480200006626546
warm,,,1.0,16,8,30.372100009117275
warm,,,1.0,16,9,30.896899988874793
warm,,,1.0,16,10,36.43520001787692
warm,,,1.0,16,11,35.90800001984462
warm,,,1.0,16,12,33.110000018496066
warm,,,1.0,16,13,30.17299994826317
warm,,,1.0,16,14,30.64100001938641
warm,,,1.0,16,15,30.91820003464818
warm,,,1.0,16,16,30.957500042859465
warm,,,1.0,16,17,30.819199979305267
warm,,,1.0,16,18,30.88400000706315
warm,,,1.0,16,19,35.795100033283234
warm,,,1.0,16,20,36.39159997692332
warm,,,1.0,16,21,33.00150000723079
warm,,,1.0,16,22,30.468400043901056
warm,,,1.0,16,23,31.346000032499433
warm,,,1.0,16,24,31.5285999677144
warm,,,1.0,16,25,30.65309999510646
warm,,,1.0,16,26,30.240499996580184
warm,,,1.0,16,27,30.582299979869276
warm,,,1.0,16,28,30.715999950189143
warm,,,1.0,16,29,30.748900026082993
warm,,,1.0,16,30,30.702700023539364
warm,,,1.0,16,31,32.38810005132109
warm,,,1.0,16,32,36.38370003318414
warm,,,1.0,16,33,31.11079998780042
warm,,,1.0,16,34,30.529399984516203
warm,,,1.0,16,35,31.065099989064038
warm,,,1.0,16,36,30.763199960347265
warm,,,1.0,16,37,30.471400008536875
warm,,,1.0,16,38,31.776699994225055
warm,,,1.0,16,39,31.665699963923544
warm,,,1.0,16,40,30.98909999243915
warm,,,1.0,16,41,29.99349997844547
warm,,,1.0,16,42,30.500900000333786
warm,,,1.0,16,43,30.32410005107522
warm,,,1.0,16,44,30.56389995617792
warm,,,1.0,16,45,30.712499981746078
warm,,,1.0,16,46,30.292099982034415
warm,,,1.0,16,47,30.658399977255613
warm,,,1.0,16,48,30.84530000342056
warm,,,1.0,16,49,40.469200001098216
warm,,,1.0,16,50,44.626799994148314
warm,,,1.0,16,51,32.3299000156112
warm,,,1.0,16,52,30.4249000037089
warm,,,1.0,16,53,29.849299986381084
warm,,,1.0,16,54,36.4739999640733
warm,,,1.0,16,55,31.62319998955354
warm,,,1.0,16,56,30.67220002412796
warm,,,1.0,16,57,31.46309999283403
warm,,,1.0,16,58,30.927500047255307
warm,,,1.0,16,59,38.839299988467246
warm,,,1.0,16,60,30.35209997324273
warm,,,1.0,16,61,30.143799958750606
warm,,,1.0,16,62,31.1684999614954
warm,,,1.0,16,63,36.69330000411719
warm,,,1.0,16,64,30.55790002690628
warm,,,1.0,16,65,29.695400036871433
warm,,,1.0,16,66,30.583699990529567
warm,,,1.0,16,67,30.60699999332428
warm,,,1.0,16,68,35.531100002117455
warm,,,1.0,16,69,30.333900009281933
warm,,,1.0,16,70,32.11510000983253
warm,,,1.0,16,71,36.3313999841921
warm,,,1.0,16,72,34.78960000211373
warm,,,1.0,16,73,31.09440003754571
warm,,,1.0,16,74,30.978600028902292
warm,,,1.0,16,75,30.864399974234402
warm,,,1.0,16,76,33.4046000498347
warm,,,1.0,16,77,30.70020000450313
warm,,,1.0,16,78,30.46500001801178
warm,,,1.0,16,79,32.01769996667281
warm,,,1.0,16,80,30.95799998845905
warm,,,1.0,16,81,30.890699999872595
warm,,,1.0,16,82,31.06030001072213
warm,,,1.0,16,83,36.75299999304116
warm,,,1.0,16,84,30.38340003695339
warm,,,1.0,16,85,30.954499961808324
warm,,,1.0,16,86,30.788899981416762
warm,,,1.0,16,87,31.019500049296767
warm,,,1.0,16,88,30.67790000932291
warm,,,1.0,16,89,31.072000041604042
warm,,,1.0,16,90,29.878699977416545
warm,,,1.0,16,91,30.77140002278611
warm,,,1.0,16,92,30.86790000088513
warm,,,1.0,16,93,30.66330001456663
warm,,,1.0,16,94,32.58669999195263
warm,,,1.0,16,95,35.93589999945834
warm,,,1.0,16,96,30.559799983166158
warm,,,1.0,16,97,30.551799980457872
warm,,,1.0,16,98,30.403000011574477
warm,,,1.0,16,99,30.17149999504909
warm,,,1.0,16,100,30.90030001476407
warm,,,1.0,16,101,30.775299994274974
warm,,,1.0,16,102,32.27130003506318
warm,,,1.0,16,103,31.810799962840974
warm,,,1.0,16,104,30.62790003605187
warm,,,1.0,16,105,32.913100032601506
warm,,,1.0,16,106,30.167999968398362
warm,,,1.0,16,107,39.23250001389533
warm,,,1.0,16,108,40.21350003313273
warm,,,1.0,16,109,30.020900012459606
warm,,,1.0,16,110,33.8190000038594
warm,,,1.0,16,111,37.50199999194592
warm,,,1.0,16,112,31.19800001149997
warm,,,1.0,16,113,33.11650000978261
warm,,,1.0,16,114,37.101599969901145
warm,,,1.0,16,115,32.22789999563247
warm,,,1.0,16,116,50.91089999768883
warm,,,1.0,16,117,36.701400007586926
warm,,,1.0,16,118,35.42930004186928
warm,,,1.0,16,119,30.56540002580732
warm,,,1.0,16,120,30.028900015167892
warm,,,1.0,16,121,30.703899974469095
warm,,,1.0,16,122,31.300799979362637
warm,,,1.0,16,123,42.020399996545166
warm,,,1.0,16,124,40.331600001081824
warm,,,1.0,16,125,31.3183999969624
warm,,,1.0,16,126,39.17770000407472
warm,,,1.0,16,127,30.952800007071346
warm,,,1.0,16,128,30.704099975991994
warm,,,1.0,16,129,30.308499990496784
warm,,,1.0,16,130,31.296200002543628
warm,,,1.0,16,131,32.98630000790581
warm,,,1.0,16,132,31.136400008108467
warm,,,1.0,16,133,30.692500004079193
warm,,,1.0,16,134,30.84530000342056
warm,,,1.0,16,135,30.824099958408624
warm,,,1.0,16,136,30.89739999268204
warm,,,1.0,16,137,33.77069998532534
warm,,,1.0,16,138,43.351200001779944
warm,,,1.0,16,139,35.609600017778575
warm,,,1.0,16,140,33.83649996249005
warm,,,1.0,16,141,31.078399973921478
warm,,,1.0,16,142,30.07219999562949
warm,,,1.0,16,143,32.67130005406216
warm,,,1.0,16,144,31.06329997535795
warm,,,1.0,16,145,31.518900010269135
warm,,,1.0,16,146,31.036200001835823
warm,,,1.0,16,147,30.56079999078065
warm,,,1.0,16,148,30.87929997127503
warm,,,1.0,16,149,31.195899995509535
warm,,,1.0,16,150,31.304000003729016
warm,,,1.0,16,151,32.80419996008277
warm,,,1.0,16,152,32.712999964132905
warm,,,1.0,16,153,32.04540000297129
warm,,,1.0,16,154,33.07880001375452
warm,,,1.0,16,155,33.037499990314245
warm,,,1.0,16,156,31.05440002400428
warm,,,1.0,16,157,33.154399949125946
warm,,,1.0,16,158,31.17420000489801
warm,,,1.0,16,159,33.021199982613325
warm,,,1.0,16,160,30.389900028239936
warm,,,1.0,16,161,31.515599985141307
warm,,,1.0,16,162,30.806499999016523
warm,,,1.0,16,163,31.44709998741746
warm,,,1.0,16,164,29.801500029861927
warm,,,1.0,16,165,30.585400003474206
warm,,,1.0,16,166,30.59530002065003
warm,,,1.0,16,167,32.02899999450892
warm,,,1.0,16,168,30.089100007899106
warm,,,1.0,16,169,30.448200006503612
warm,,,1.0,16,170,30.57870001066476
warm,,,1.0,16,171,31.258500006515533
warm,,,1.0,16,172,35.488099965732545
warm,,,1.0,16,173,30.195600003935397
warm,,,1.0,16,174,31.754499999806285
warm,,,1.0,16,175,30.951799999456853
warm,,,1.0,16,176,31.06340003432706
warm,,,1.0,16,177,30.408099992200732
warm,,,1.0,16,178,30.26010002940893
warm,,,1.0,16,179,30.499499989673495
warm,,,1.0,16,180,30.791700002737343
warm,,,1.0,16,181,31.342300004325807
warm,,,1.0,16,182,34.55109999049455
warm,,,1.0,16,183,32.06810000119731
warm,,,1.0,16,184,31.233000045176595
warm,,,1.0,16,185,32.902700011618435
warm,,,1.0,16,186,30.529199982993305
warm,,,1.0,16,187,31.228600011672825
warm,,,1.0,16,188,34.62629998102784
warm,,,1.0,16,189,33.03579997736961
warm,,,1.0,16,190,35.53449996979907
warm,,,1.0,16,191,31.189800007268786
warm,,,1.0,16,192,30.95360001316294
warm,,,1.0,16,193,30.200499983038753
warm,,,1.0,16,194,31.302299990784377
warm,,,1.0,16,195,30.43079999042675
warm,,,1.0,16,196,33.091100049205124
warm,,,1.0,16,197,30.673300032503903
warm,,,1.0,16,198,36.60600003786385
warm,,,1.0,16,199,31.148400041274726
warm,,,1.0,32,0,9.866599983070046
warm,,,1.0,32,1,9.352100023534149
warm,,,1.0,32,2,9.093899978324771
warm,,,1.0,32,3,12.251200038008392
warm,,,1.0,32,4,12.225799961015582
warm,,,1.0,32,5,11.251699994318187
warm,,,1.0,32,6,14.747500012163073
warm,,,1.0,32,7,11.12369995098561
warm,,,1.0,32,8,10.932300006970763
warm,,,1.0,32,9,14.797699986957014
warm,,,1.0,32,10,14.827999984845519
warm,,,1.0,32,11,13.761500013060868
warm,,,1.0,32,12,12.440200021956116
warm,,,1.0,32,13,9.68670001020655
warm,,,1.0,32,14,10.586499993223697
warm,,,1.0,32,15,9.067600010894239
warm,,,1.0,32,16,8.903799986001104
warm,,,1.0,32,17,8.988200046587735
warm,,,1.0,32,18,9.896400035358965
warm,,,1.0,32,19,9.687699959613383
warm,,,1.0,32,20,9.961000003386289
warm,,,1.0,32,21,9.839500009547919
warm,,,1.0,32,22,9.340699994936585
warm,,,1.0,32,23,8.97710002027452
warm,,,1.0,32,24,9.130200021900237
warm,,,1.0,32,25,9.6557000069879
warm,,,1.0,32,26,9.317199990618974
warm,,,1.0,32,27,9.261299972422421
warm,,,1.0,32,28,10.487999999895692
warm,,,1.0,32,29,11.542499996721745
warm,,,1.0,32,30,10.768800042569637
warm,,,1.0,32,31,9.73260001046583
warm,,,1.0,32,32,9.524699999019504
warm,,,1.0,32,33,8.961999963503331
warm,,,1.0,32,34,10.868699988350272
warm,,,1.0,32,35,13.262099993880838
warm,,,1.0,32,36,9.579200006555766
warm,,,1.0,32,37,9.347000042907894
warm,,,1.0,32,38,10.046100011095405
warm,,,1.0,32,39,9.070799977052957
warm,,,1.0,32,40,11.893899994902313
warm,,,1.0,32,41,11.377700022421777
warm,,,1.0,32,42,9.205699956510216
warm,,,1.0,32,43,9.256799996364862
warm,,,1.0,32,44,9.994299965910614
warm,,,1.0,32,45,9.569099987857044
warm,,,1.0,32,46,8.969900023657829
warm,,,1.0,32,47,8.87469999724999
warm,,,1.0,32,48,10.022000002209097
warm,,,1.0,32,49,9.400299983099103
warm,,,1.0,32,50,9.214600024279207
warm,,,1.0,32,51,9.789200033992529
warm,,,1.0,32,52,10.04820002708584
warm,,,1.0,32,53,9.568799985572696
warm,,,1.0,32,54,9.177300031296909
warm,,,1.0,32,55,9.652600041590631
warm,,,1.0,32,56,10.15339995501563
warm,,,1.0,32,57,9.106700017582625
warm,,,1.0,32,58,9.81689995387569
warm,,,1.0,32,59,9.884600003715605
warm,,,1.0,32,60,9.214000019710511
warm,,,1.0,32,61,9.656900016125292
warm,,,1.0,32,62,10.539000038988888
warm,,,1.0,32,63,9.746900002937764
warm,,,1.0,32,64,9.481000015512109
warm,,,1.0,32,65,9.727299970109016
warm,,,1.0,32,66,9.421899972949177
warm,,,1.0,32,67,9.34739998774603
warm,,,1.0,32,68,9.145599964540452
warm,,,1.0,32,69,10.103299980983138
warm,,,1.0,32,70,9.292099974118173
warm,,,1.0,32,71,9.673999971710145
warm,,,1.0,32,72,9.927799983415753
warm,,,1.0,32,73,9.921299992129207
warm,,,1.0,32,74,9.72250004997477
warm,,,1.0,32,75,9.805600042454898
warm,,,1.0,32,76,10.343399946577847
warm,,,1.0,32,77,9.365700010675937
warm,,,1.0,32,78,9.270699985790998
warm,,,1.0,32,79,10.84990001982078
warm,,,1.0,32,80,9.083199955057353
warm,,,1.0,32,81,9.06279997434467
warm,,,1.0,32,82,10.014900006353855
warm,,,1.0,32,83,9.481900022365153
warm,,,1.0,32,84,10.777500050608069
warm,,,1.0,32,85,9.311100002378225
warm,,,1.0,32,86,13.290399976540357
warm,,,1.0,32,87,10.050500044599175
warm,,,1.0,32,88,9.024300030432642
warm,,,1.0,32,89,10.305200004950166
warm,,,1.0,32,90,9.564400010276586
warm,,,1.0,32,91,9.348099993076175
warm,,,1.0,32,92,10.98170003388077
warm,,,1.0,32,93,9.413100022356957
warm,,,1.0,32,94,8.876999956555665
warm,,,1.0,32,95,8.724200015421957
warm,,,1.0,32,96,10.146399959921837
warm,,,1.0,32,97,9.62600001366809
warm,,,1.0,32,98,9.185299975797534
warm,,,1.0,32,99,9.558900026604533
warm,,,1.0,32,100,9.436999971512705
warm,,,1.0,32,101,8.991100010462105
warm,,,1.0,32,102,9.270899987313896
warm,,,1.0,32,103,10.131799965165555
warm,,,1.0,32,104,9.217899991199374
warm,,,1.0,32,105,9.182700014207512
warm,,,1.0,32,106,9.677299996837974
warm,,,1.0,32,107,10.299900022801012
warm,,,1.0,32,108,8.883200003765523
warm,,,1.0,32,109,8.981299994047731
warm,,,1.0,32,110,9.7414999618195
warm,,,1.0,32,111,9.058099996764213
warm,,,1.0,32,112,9.090400009881705
warm,,,1.0,32,113,10.535400011576712
warm,,,1.0,32,114,10.095200035721064
warm,,,1.0,32,115,9.542500018142164
warm,,,1.0,32,116,9.360399970319122
warm,,,1.0,32,117,10.565900010988116
warm,,,1.0,32,118,8.888100041076541
warm,,,1.0,32,119,8.869799959938973
warm,,,1.0,32,120,10.557100002188236
warm,,,1.0,32,121,11.786399991251528
warm,,,1.0,32,122,12.125200009904802
warm,,,1.0,32,123,14.765899977646768
warm,,,1.0,32,124,11.612600006628782
warm,,,1.0,32,125,9.094999986700714
warm,,,1.0,32,126,12.105999980121851
warm,,,1.0,32,127,10.082900000270456
warm,,,1.0,32,128,8.784899953752756
warm,,,1.0,32,129,9.630200045648962
warm,,,1.0,32,130,9.104199998546392
warm,,,1.0,32,131,8.862199960276484
warm,,,1.0,32,132,9.122600022237748
warm,,,1.0,32,133,10.042200039606541
warm,,,1.0,32,134,9.602100006304681
warm,,,1.0,32,135,8.93559999531135
warm,,,1.0,32,136,10.238600021693856
warm,,,1.0,32,137,9.49720002245158
warm,,,1.0,32,138,9.490600030403584
warm,,,1.0,32,139,9.620700031518936
warm,,,1.0,32,140,12.454600015189499
warm,,,1.0,32,141,11.652600020170212
warm,,,1.0,32,142,12.114199984353036
warm,,,1.0,32,143,10.250999999698251
warm,,,1.0,32,144,9.252400021068752
warm,,,1.0,32,145,9.100600029341877
warm,,,1.0,32,146,10.445000021718442
warm,,,1.0,32,147,8.940300031099468
warm,,,1.0,32,148,8.913700003176928
warm,,,1.0,32,149,10.069900017697364
warm,,,1.0,32,150,9.732400008942932
warm,,,1.0,32,151,9.737499989569187
warm,,,1.0,32,152,9.4200000166893
warm,,,1.0,32,153,10.69859997369349
warm,,,1.0,32,154,9.122600022237748
warm,,,1.0,32,155,8.939000021200627
warm,,,1.0,32,156,11.356000031810254
warm,,,1.0,32,157,13.349800021387637
warm,,,1.0,32,158,11.921800032723695
warm,,,1.0,32,159,10.779600008390844
warm,,,1.0,32,160,9.443899965845048
warm,,,1.0,32,161,8.966499997768551
warm,,,1.0,32,162,10.295499989297241
warm,,,1.0,32,163,9.110199986025691
warm,,,1.0,32,164,11.337800009641796
warm,,,1.0,32,165,12.35370000358671
warm,,,1.0,32,166,11.979500006418675
warm,,,1.0,32,167,9.387099999003112
warm,,,1.0,32,168,10.09280001744628
warm,,,1.0,32,169,9.539799997583032
warm,,,1.0,32,170,9.011999994982034
warm,,,1.0,32,171,9.008999972138554
warm,,,1.0,32,172,9.500299987848848
warm,,,1.0,32,173,8.974399999715388
warm,,,1.0,32,174,8.90900002559647
warm,,,1.0,32,175,10.125999979209155
warm,,,1.0,32,176,10.087699978612363
warm,,,1.0,32,177,8.994599978905171
warm,,,1.0,32,178,8.987999986857176
warm,,,1.0,32,179,9.313999966252595
warm,,,1.0,32,180,9.19930002419278
warm,,,1.0,32,181,9.356599999591708
warm,,,1.0,32,182,9.173099999316037
warm,,,1.0,32,183,10.152500006370246
warm,,,1.0,32,184,9.440200054086745
warm,,,1.0,32,185,9.223599976394325
warm,,,1.0,32,186,10.0895999930799
warm,,,1.0,32,187,9.672699961811304
warm,,,1.0,32,188,9.18880000244826
warm,,,1.0,32,189,9.315099974628538
warm,,,1.0,32,190,10.206000006292015
warm,,,1.0,32,191,9.607699990738183
warm,,,1.0,32,192,9.586700005456805
warm,,,1.0,32,193,10.360200016293675
warm,,,1.0,32,194,9.179299988318235
warm,,,1.0,32,195,9.15489997714758
warm,,,1.0,32,196,9.700900001917034
warm,,,1.0,32,197,9.777700004633516
warm,,,1.0,32,198,9.714499989058822
warm,,,1.0,32,199,9.468599979300052
transition_first,0.25,32,1.0,4,0,33.299800008535385
transition_warm,0.25,32,1.0,4,0,31.96410002419725
transition_first,0.25,32,1.0,4,1,33.49760000128299
transition_warm,0.25,32,1.0,4,1,30.186999996658415
transition_first,0.25,32,1.0,4,2,31.917400017846376
transition_warm,0.25,32,1.0,4,2,32.11339999688789
transition_first,0.25,32,1.0,4,3,32.985600002575666
transition_warm,0.25,32,1.0,4,3,36.90490004373714
transition_first,0.25,32,1.0,4,4,33.200400008354336
transition_warm,0.25,32,1.0,4,4,33.28249999321997
transition_first,0.25,32,1.0,4,5,30.52290005143732
transition_warm,0.25,32,1.0,4,5,34.55989999929443
transition_first,0.25,32,1.0,4,6,33.92719995463267
transition_warm,0.25,32,1.0,4,6,30.39659996284172
transition_first,0.25,32,1.0,4,7,32.18169999308884
transition_warm,0.25,32,1.0,4,7,32.730799983255565
transition_first,0.25,32,1.0,4,8,31.04279999388382
transition_warm,0.25,32,1.0,4,8,31.410600000526756
transition_first,0.25,32,1.0,4,9,30.453799990937114
transition_warm,0.25,32,1.0,4,9,30.78609996009618
transition_first,0.75,4,0.25,16,0,27.71960000973195
transition_warm,0.75,4,0.25,16,0,26.755300001241267
transition_first,0.75,4,0.25,16,1,38.19079999811947
transition_warm,0.75,4,0.25,16,1,31.199999968521297
transition_first,0.75,4,0.25,16,2,26.641800010111183
transition_warm,0.75,4,0.25,16,2,26.297800010070205
transition_first,0.75,4,0.25,16,3,27.783399971667677
transition_warm,0.75,4,0.25,16,3,26.69269999023527
transition_first,0.75,4,0.25,16,4,28.084599995054305
transition_warm,0.75,4,0.25,16,4,27.404099993873388
transition_first,0.75,4,0.25,16,5,24.922700016759336
transition_warm,0.75,4,0.25,16,5,27.036599989514798
transition_first,0.75,4,0.25,16,6,26.58750000409782
transition_warm,0.75,4,0.25,16,6,28.165799973066896
transition_first,0.75,4,0.25,16,7,26.08489996055141
transition_warm,0.75,4,0.25,16,7,40.76490004081279
transition_first,0.75,4,0.25,16,8,36.77469998365268
transition_warm,0.75,4,0.25,16,8,30.639100004918873
transition_first,0.75,4,0.25,16,9,36.74700000556186
transition_warm,0.75,4,0.25,16,9,29.689299990423024
transition_first,0.25,16,0.5,16,0,31.44440002506599
transition_warm,0.25,16,0.5,16,0,26.3610000256449
transition_first,0.25,16,0.5,16,1,26.69109997805208
transition_warm,0.25,16,0.5,16,1,26.921700045932084
transition_first,0.25,16,0.5,16,2,27.21850003581494
transition_warm,0.25,16,0.5,16,2,28.57259998563677
transition_first,0.25,16,0.5,16,3,27.461899968329817
transition_warm,0.25,16,0.5,16,3,35.78350000316277
transition_first,0.25,16,0.5,16,4,27.369300019927323
transition_warm,0.25,16,0.5,16,4,28.181899979244918
transition_first,0.25,16,0.5,16,5,26.508299983106554
transition_warm,0.25,16,0.5,16,5,26.7889000242576
transition_first,0.25,16,0.5,16,6,28.341199969872832
transition_warm,0.25,16,0.5,16,6,26.226699992548674
transition_first,0.25,16,0.5,16,7,29.831400024704635
transition_warm,0.25,16,0.5,16,7,26.970100007019937
transition_first,0.25,16,0.5,16,8,33.54480001144111
transition_warm,0.25,16,0.5,16,8,43.81280002417043
transition_first,0.25,16,0.5,16,9,30.614699993748218
transition_warm,0.25,16,0.5,16,9,28.270200011320412
transition_first,0.5,4,0.25,8,0,27.427099994383752
transition_warm,0.5,4,0.25,8,0,30.354399990756065
transition_first,0.5,4,0.25,8,1,25.367800029926002
transition_warm,0.5,4,0.25,8,1,26.83009998872876
transition_first,0.5,4,0.25,8,2,26.79199998965487
transition_warm,0.5,4,0.25,8,2,26.278900040779263
transition_first,0.5,4,0.25,8,3,26.00519999396056
transition_warm,0.5,4,0.25,8,3,26.360000018030405
transition_first,0.5,4,0.25,8,4,38.196599984075874
transition_warm,0.5,4,0.25,8,4,24.880400043912232
transition_first,0.5,4,0.25,8,5,28.330800007097423
transition_warm,0.5,4,0.25,8,5,26.568600034806877
transition_first,0.5,4,0.25,8,6,33.05510000791401
transition_warm,0.5,4,0.25,8,6,30.42319999076426
transition_first,0.5,4,0.25,8,7,26.834300020709634
transition_warm,0.5,4,0.25,8,7,27.829399972688407
transition_first,0.5,4,0.25,8,8,26.245900022331625
transition_warm,0.5,4,0.25,8,8,32.34490001341328
transition_first,0.5,4,0.25,8,9,25.98310000030324
transition_warm,0.5,4,0.25,8,9,25.405600026715547
transition_first,0.25,4,1.0,32,0,10.225499980151653
transition_warm,0.25,4,1.0,32,0,9.80209995759651
transition_first,0.25,4,1.0,32,1,9.66579996747896
transition_warm,0.25,4,1.0,32,1,10.738000040873885
transition_first,0.25,4,1.0,32,2,9.62310004979372
transition_warm,0.25,4,1.0,32,2,9.352200024295598
transition_first,0.25,4,1.0,32,3,10.867100034374744
transition_warm,0.25,4,1.0,32,3,10.47650002874434
transition_first,0.25,4,1.0,32,4,9.223099972587079
transition_warm,0.25,4,1.0,32,4,9.198200015816838
transition_first,0.25,4,1.0,32,5,9.985200013034046
transition_warm,0.25,4,1.0,32,5,11.146600008942187
transition_first,0.25,4,1.0,32,6,9.201100037898868
transition_warm,0.25,4,1.0,32,6,8.957199985161424
transition_first,0.25,4,1.0,32,7,9.050799999386072
transition_warm,0.25,4,1.0,32,7,10.684800043236464
transition_first,0.25,4,1.0,32,8,9.861300000920892
transition_warm,0.25,4,1.0,32,8,9.720099973492324
transition_first,0.25,4,1.0,32,9,9.863600018434227
transition_warm,0.25,4,1.0,32,9,9.575500036589801
transition_first,0.5,8,0.5,16,0,26.943799981381744
transition_warm,0.5,8,0.5,16,0,28.327500040177256
transition_first,0.5,8,0.5,16,1,26.910799962934107
transition_warm,0.5,8,0.5,16,1,26.677100046072155
transition_first,0.5,8,0.5,16,2,27.044699992984533
transition_warm,0.5,8,0.5,16,2,27.152599999681115
transition_first,0.5,8,0.5,16,3,31.8340000230819
transition_warm,0.5,8,0.5,16,3,43.471100041642785
transition_first,0.5,8,0.5,16,4,25.67929995711893
transition_warm,0.5,8,0.5,16,4,28.516900027170777
transition_first,0.5,8,0.5,16,5,41.98559996439144
transition_warm,0.5,8,0.5,16,5,28.017800010275096
transition_first,0.5,8,0.5,16,6,28.528800001367927
transition_warm,0.5,8,0.5,16,6,26.56359999673441
transition_first,0.5,8,0.5,16,7,28.168699995148927
transition_warm,0.5,8,0.5,16,7,39.058700029272586
transition_first,0.5,8,0.5,16,8,33.90249999938533
transition_warm,0.5,8,0.5,16,8,27.509500039741397
transition_first,0.5,8,0.5,16,9,28.90469995327294
transition_warm,0.5,8,0.5,16,9,26.33249998325482
transition_first,0.75,4,0.25,4,0,26.55459998641163
transition_warm,0.75,4,0.25,4,0,27.193100017029792
transition_first,0.75,4,0.25,4,1,27.2096999688074
transition_warm,0.75,4,0.25,4,1,25.45529999770224
transition_first,0.75,4,0.25,4,2,27.011899976059794
transition_warm,0.75,4,0.25,4,2,27.039700013119727
transition_first,0.75,4,0.25,4,3,27.359799947589636
transition_warm,0.75,4,0.25,4,3,27.520300005562603
transition_first,0.75,4,0.25,4,4,48.016800021287054
transition_warm,0.75,4,0.25,4,4,33.01770001417026
transition_first,0.75,4,0.25,4,5,27.43049996206537
transition_warm,0.75,4,0.25,4,5,26.205700007267296
transition_first,0.75,4,0.25,4,6,27.034000027924776
transition_warm,0.75,4,0.25,4,6,26.112499996088445
transition_first,0.75,4,0.25,4,7,28.16250000614673
transition_warm,0.75,4,0.25,4,7,26.131299964617938
transition_first,0.75,4,0.25,4,8,25.43009998043999
transition_warm,0.75,4,0.25,4,8,26.07020002324134
transition_first,0.75,4,0.25,4,9,27.31780003523454
transition_warm,0.75,4,0.25,4,9,27.83609996549785
transition_first,1.0,8,0.25,8,0,32.87070000078529
transition_warm,1.0,8,0.25,8,0,27.90599997388199
transition_first,1.0,8,0.25,8,1,25.43599996715784
transition_warm,1.0,8,0.25,8,1,43.16790000302717
transition_first,1.0,8,0.25,8,2,25.752299989107996
transition_warm,1.0,8,0.25,8,2,26.82420000201091
transition_first,1.0,8,0.25,8,3,34.510500030592084
transition_warm,1.0,8,0.25,8,3,32.135399989783764
transition_first,1.0,8,0.25,8,4,26.815099990926683
transition_warm,1.0,8,0.25,8,4,27.669599978253245
transition_first,1.0,8,0.25,8,5,26.475699967704713
transition_warm,1.0,8,0.25,8,5,28.3521999954246
transition_first,1.0,8,0.25,8,6,35.68289999384433
transition_warm,1.0,8,0.25,8,6,26.373500004410744
transition_first,1.0,8,0.25,8,7,25.928700051736087
transition_warm,1.0,8,0.25,8,7,26.841400016564876
transition_first,1.0,8,0.25,8,8,26.833900017663836
transition_warm,1.0,8,0.25,8,8,25.657300022430718
transition_first,1.0,8,0.25,8,9,32.99639996839687
transition_warm,1.0,8,0.25,8,9,27.256800036411732
transition_first,0.25,4,1.0,16,0,32.69750002073124
transition_warm,0.25,4,1.0,16,0,31.980100029613823
transition_first,0.25,4,1.0,16,1,34.80429999763146
transition_warm,0.25,4,1.0,16,1,44.57580001326278
transition_first,0.25,4,1.0,16,2,32.51960000488907
transition_warm,0.25,4,1.0,16,2,31.17119998205453
transition_first,0.25,4,1.0,16,3,32.6160000404343
transition_warm,0.25,4,1.0,16,3,31.218199990689754
transition_first,0.25,4,1.0,16,4,31.74190002027899
transition_warm,0.25,4,1.0,16,4,29.931100027170032
transition_first,0.25,4,1.0,16,5,30.386900005396456
transition_warm,0.25,4,1.0,16,5,30.887299973983318
transition_first,0.25,4,1.0,16,6,33.17869995953515
transition_warm,0.25,4,1.0,16,6,30.91800003312528
transition_first,0.25,4,1.0,16,7,32.18929999275133
transition_warm,0.25,4,1.0,16,7,30.8960999827832
transition_first,0.25,4,1.0,16,8,32.39340003347024
transition_warm,0.25,4,1.0,16,8,30.675999994855374
transition_first,0.25,4,1.0,16,9,30.8647999772802
transition_warm,0.25,4,1.0,16,9,31.655400001909584
transition_first,0.25,32,0.75,16,0,33.64179999334738
transition_warm,0.25,32,0.75,16,0,27.687900001183152
transition_first,0.25,32,0.75,16,1,27.093399956356734
transition_warm,0.25,32,0.75,16,1,34.895499993581325
transition_first,0.25,32,0.75,16,2,28.210300020873547
transition_warm,0.25,32,0.75,16,2,27.74300001328811
transition_first,0.25,32,0.75,16,3,30.49129998544231
transition_warm,0.25,32,0.75,16,3,27.045599999837577
transition_first,0.25,32,0.75,16,4,27.93270000256598
transition_warm,0.25,32,0.75,16,4,28.810099989641458
transition_first,0.25,32,0.75,16,5,28.01579999504611
transition_warm,0.25,32,0.75,16,5,27.741900004912168
transition_first,0.25,32,0.75,16,6,36.655600008089095
transition_warm,0.25,32,0.75,16,6,27.552899962756783
transition_first,0.25,32,0.75,16,7,28.189499978907406
transition_warm,0.25,32,0.75,16,7,28.66190002532676
transition_first,0.25,32,0.75,16,8,27.163100021425635
transition_warm,0.25,32,0.75,16,8,28.995699947699904
transition_first,0.25,32,0.75,16,9,29.748499975539744
transition_warm,0.25,32,0.75,16,9,27.77990000322461
transition_first,0.5,8,0.25,4,0,26.27639996353537
transition_warm,0.5,8,0.25,4,0,26.04369999608025
transition_first,0.5,8,0.25,4,1,27.298100001644343
transition_warm,0.5,8,0.25,4,1,26.827200024854392
transition_first,0.5,8,0.25,4,2,25.53970000008121
transition_warm,0.5,8,0.25,4,2,25.760100048501045
transition_first,0.5,8,0.25,4,3,28.37720001116395
transition_warm,0.5,8,0.25,4,3,27.752500027418137
transition_first,0.5,8,0.25,4,4,28.10140000656247
transition_warm,0.5,8,0.25,4,4,26.16660000057891
transition_first,0.5,8,0.25,4,5,28.066900034900755
transition_warm,0.5,8,0.25,4,5,27.06880000187084
transition_first,0.5,8,0.25,4,6,26.773599965963513
transition_warm,0.5,8,0.25,4,6,25.994400028139353
transition_first,0.5,8,0.25,4,7,27.2967999917455
transition_warm,0.5,8,0.25,4,7,33.22929999558255
transition_first,0.5,8,0.25,4,8,33.92289998009801
transition_warm,0.5,8,0.25,4,8,26.588400010950863
transition_first,0.5,8,0.25,4,9,26.825000008102506
transition_warm,0.5,8,0.25,4,9,36.073499999474734
transition_first,1.0,32,0.5,32,0,10.152500006370246
transition_warm,1.0,32,0.5,32,0,9.367500024382025
transition_first,1.0,32,0.5,32,1,10.651600023265928
transition_warm,1.0,32,0.5,32,1,9.869400004390627
transition_first,1.0,32,0.5,32,2,12.63509999262169
transition_warm,1.0,32,0.5,32,2,9.933799970895052
transition_first,1.0,32,0.5,32,3,10.283100011292845
transition_warm,1.0,32,0.5,32,3,9.75640001706779
transition_first,1.0,32,0.5,32,4,9.807700000237674
transition_warm,1.0,32,0.5,32,4,9.198400017339736
transition_first,1.0,32,0.5,32,5,10.985900007653981
transition_warm,1.0,32,0.5,32,5,10.040899971500039
transition_first,1.0,32,0.5,32,6,11.972600012086332
transition_warm,1.0,32,0.5,32,6,10.31939999666065
transition_first,1.0,32,0.5,32,7,10.02889999654144
transition_warm,1.0,32,0.5,32,7,9.27640002919361
transition_first,1.0,32,0.5,32,8,11.185399955138564
transition_warm,1.0,32,0.5,32,8,9.74160002078861
transition_first,1.0,32,0.5,32,9,9.99479996971786
transition_warm,1.0,32,0.5,32,9,9.422000031918287
transition_first,0.5,16,1.0,32,0,9.862300008535385
transition_warm,0.5,16,1.0,32,0,9.66599996900186
transition_first,0.5,16,1.0,32,1,10.300399968400598
transition_warm,0.5,16,1.0,32,1,9.67469997704029
transition_first,0.5,16,1.0,32,2,10.894600010942668
transition_warm,0.5,16,1.0,32,2,13.514400052372366
transition_first,0.5,16,1.0,32,3,9.83339996309951
transition_warm,0.5,16,1.0,32,3,9.065199992619455
transition_first,0.5,16,1.0,32,4,9.103399992454797
transition_warm,0.5,16,1.0,32,4,9.051300003193319
transition_first,0.5,16,1.0,32,5,13.471200014464557
transition_warm,0.5,16,1.0,32,5,12.748899986036122
transition_first,0.5,16,1.0,32,6,9.290299960412085
transition_warm,0.5,16,1.0,32,6,9.841199964284897
transition_first,0.5,16,1.0,32,7,10.32830000622198
transition_warm,0.5,16,1.0,32,7,9.343599958810955
transition_first,0.5,16,1.0,32,8,9.283000021241605
transition_warm,0.5,16,1.0,32,8,9.14149999152869
transition_first,0.5,16,1.0,32,9,10.286399978213012
transition_warm,0.5,16,1.0,32,9,11.866800021380186
transition_first,0.25,16,0.25,32,0,9.453000035136938
transition_warm,0.25,16,0.25,32,0,9.846400003880262
transition_first,0.25,16,0.25,32,1,10.687300004065037
transition_warm,0.25,16,0.25,32,1,9.89560002926737
transition_first,0.25,16,0.25,32,2,9.865400032140315
transition_warm,0.25,16,0.25,32,2,9.360500029288232
transition_first,0.25,16,0.25,32,3,10.431299975607544
transition_warm,0.25,16,0.25,32,3,9.925800026394427
transition_first,0.25,16,0.25,32,4,9.392299980390817
transition_warm,0.25,16,0.25,32,4,9.146400028839707
transition_first,0.25,16,0.25,32,5,10.472699999809265
transition_warm,0.25,16,0.25,32,5,9.81989997671917
transition_first,0.25,16,0.25,32,6,9.862500010058284
transition_warm,0.25,16,0.25,32,6,9.042999998200685
transition_first,0.25,16,0.25,32,7,10.32229996053502
transition_warm,0.25,16,0.25,32,7,10.702800005674362
transition_first,0.25,16,0.25,32,8,10.276900022290647
transition_warm,0.25,16,0.25,32,8,9.963200020138174
transition_first,0.25,16,0.25,32,9,10.054400016088039
transition_warm,0.25,16,0.25,32,9,10.732399998232722
transition_first,0.75,32,1.0,8,0,33.66920002736151
transition_warm,0.75,32,1.0,8,0,32.693599991034716
transition_first,0.75,32,1.0,8,1,30.73569998377934
transition_warm,0.75,32,1.0,8,1,31.314799969550222
transition_first,0.75,32,1.0,8,2,30.715500004589558
transition_warm,0.75,32,1.0,8,2,31.754399999044836
transition_first,0.75,32,1.0,8,3,30.666699982248247
transition_warm,0.75,32,1.0,8,3,32.99129998777062
transition_first,0.75,32,1.0,8,4,30.66029999172315
transition_warm,0.75,32,1.0,8,4,31.253599969204515
transition_first,0.75,32,1.0,8,5,30.9036000398919
transition_warm,0.75,32,1.0,8,5,30.660999997053295
transition_first,0.75,32,1.0,8,6,32.50679996563122
transition_warm,0.75,32,1.0,8,6,31.61419997923076
transition_first,0.75,32,1.0,8,7,31.579600006807595
transition_warm,0.75,32,1.0,8,7,31.30169998621568
transition_first,0.75,32,1.0,8,8,31.703899963758886
transition_warm,0.75,32,1.0,8,8,31.167600012850016
transition_first,0.75,32,1.0,8,9,40.51780002191663
transition_warm,0.75,32,1.0,8,9,35.76259996043518
transition_first,0.5,32,0.5,4,0,41.854599956423044
transition_warm,0.5,32,0.5,4,0,26.55609999783337
transition_first,0.5,32,0.5,4,1,28.287499968428165
transition_warm,0.5,32,0.5,4,1,28.168599994387478
transition_first,0.5,32,0.5,4,2,25.6156999967061
transition_warm,0.5,32,0.5,4,2,30.881799990311265
transition_first,0.5,32,0.5,4,3,37.77049999916926
transition_warm,0.5,32,0.5,4,3,29.11519998451695
transition_first,0.5,32,0.5,4,4,27.32819999800995
transition_warm,0.5,32,0.5,4,4,26.815100049134344
transition_first,0.5,32,0.5,4,5,27.57000003475696
transition_warm,0.5,32,0.5,4,5,27.38460002001375
transition_first,0.5,32,0.5,4,6,28.225000016391277
transition_warm,0.5,32,0.5,4,6,26.974799984600395
transition_first,0.5,32,0.5,4,7,27.13399997446686
transition_warm,0.5,32,0.5,4,7,26.906400045845658
transition_first,0.5,32,0.5,4,8,28.16950000124052
transition_warm,0.5,32,0.5,4,8,29.09699996234849
transition_first,0.5,32,0.5,4,9,28.20699999574572
transition_warm,0.5,32,0.5,4,9,27.862499991897494
transition_first,0.5,8,0.5,32,0,10.117399971932173
transition_warm,0.5,8,0.5,32,0,9.804099972825497
transition_first,0.5,8,0.5,32,1,10.639000043738633
transition_warm,0.5,8,0.5,32,1,10.34450001316145
transition_first,0.5,8,0.5,32,2,9.219399944413453
transition_warm,0.5,8,0.5,32,2,9.608699998352677
transition_first,0.5,8,0.5,32,3,10.3075000224635
transition_warm,0.5,8,0.5,32,3,10.302799986675382
transition_first,0.5,8,0.5,32,4,9.885600011330098
transition_warm,0.5,8,0.5,32,4,9.801799955312163
transition_first,0.5,8,0.5,32,5,8.97989998338744
transition_warm,0.5,8,0.5,32,5,13.058400014415383
transition_first,0.5,8,0.5,32,6,11.103699973318726
transition_warm,0.5,8,0.5,32,6,10.294499981682748
transition_first,0.5,8,0.5,32,7,17.003300017677248
transition_warm,0.5,8,0.5,32,7,9.180900000501424
transition_first,0.5,8,0.5,32,8,9.400199982337654
transition_warm,0.5,8,0.5,32,8,10.323299968149513
transition_first,0.5,8,0.5,32,9,10.682700027246028
transition_warm,0.5,8,0.5,32,9,10.232699976768345
transition_first,0.25,4,0.5,16,0,27.85260003292933
transition_warm,0.25,4,0.5,16,0,27.027200034353882
transition_first,0.25,4,0.5,16,1,27.410300041083246
transition_warm,0.25,4,0.5,16,1,26.647699996829033
transition_first,0.25,4,0.5,16,2,29.54029996180907
transition_warm,0.25,4,0.5,16,2,26.29270002944395
transition_first,0.25,4,0.5,16,3,27.090600051451474
transition_warm,0.25,4,0.5,16,3,35.97329999320209
transition_first,0.25,4,0.5,16,4,26.323999976739287
transition_warm,0.25,4,0.5,16,4,27.252300002146512
transition_first,0.25,4,0.5,16,5,27.780400007031858
transition_warm,0.25,4,0.5,16,5,29.16679996997118
transition_first,0.25,4,0.5,16,6,33.97520002909005
transition_warm,0.25,4,0.5,16,6,26.474000012967736
transition_first,0.25,4,0.5,16,7,27.47359999921173
transition_warm,0.25,4,0.5,16,7,27.2910000057891
transition_first,0.25,4,0.5,16,8,43.70719997677952
transition_warm,0.25,4,0.5,16,8,26.490100019145757
transition_first,0.25,4,0.5,16,9,27.552300016395748
transition_warm,0.25,4,0.5,16,9,27.044599992223084
transition_first,0.5,4,1.0,32,0,17.761999974027276
transition_warm,0.5,4,1.0,32,0,14.288299949839711
transition_first,0.5,4,1.0,32,1,11.556100042071193
transition_warm,0.5,4,1.0,32,1,9.599999990314245
transition_first,0.5,4,1.0,32,2,11.075899994466454
transition_warm,0.5,4,1.0,32,2,10.11500001186505
transition_first,0.5,4,1.0,32,3,9.550400020089
transition_warm,0.5,4,1.0,32,3,9.532399999443442
transition_first,0.5,4,1.0,32,4,9.5739999669604
transition_warm,0.5,4,1.0,32,4,10.478299984242767
transition_first,0.5,4,1.0,32,5,9.776099992450327
transition_warm,0.5,4,1.0,32,5,9.504799963906407
transition_first,0.5,4,1.0,32,6,11.976599984336644
transition_warm,0.5,4,1.0,32,6,9.567000030074269
transition_first,0.5,4,1.0,32,7,13.913400005549192
transition_warm,0.5,4,1.0,32,7,10.50299999769777
transition_first,0.5,4,1.0,32,8,9.170099976472557
transition_warm,0.5,4,1.0,32,8,9.235999954398721
transition_first,0.5,4,1.0,32,9,10.045800008811057
transition_warm,0.5,4,1.0,32,9,9.55190003151074
transition_first,0.75,4,0.5,16,0,28.59800000442192
transition_warm,0.75,4,0.5,16,0,25.54010000312701
transition_first,0.75,4,0.5,16,1,35.20560002652928
transition_warm,0.75,4,0.5,16,1,28.458000044338405
transition_first,0.75,4,0.5,16,2,26.20520000346005
transition_warm,0.75,4,0.5,16,2,27.90180000010878
transition_first,0.75,4,0.5,16,3,27.372199983801693
transition_warm,0.75,4,0.5,16,3,25.364500004798174
transition_first,0.75,4,0.5,16,4,27.819299953989685
transition_warm,0.75,4,0.5,16,4,28.14619999844581
transition_first,0.75,4,0.5,16,5,26.953900000080466
transition_warm,0.75,4,0.5,16,5,28.46910001244396
transition_first,0.75,4,0.5,16,6,28.387900034431368
transition_warm,0.75,4,0.5,16,6,26.2539999675937
transition_first,0.75,4,0.5,16,7,27.14020002167672
transition_warm,0.75,4,0.5,16,7,27.25089999148622
transition_first,0.75,4,0.5,16,8,27.62740000616759
transition_warm,0.75,4,0.5,16,8,27.082499989774078
transition_first,0.75,4,0.5,16,9,28.175299987196922
transition_warm,0.75,4,0.5,16,9,27.65429997816682
transition_first,1.0,32,0.75,4,0,30.150400009006262
transition_warm,1.0,32,0.75,4,0,26.69519995106384
transition_first,1.0,32,0.75,4,1,43.0151000036858
transition_warm,1.0,32,0.75,4,1,31.708399998024106
transition_first,1.0,32,0.75,4,2,40.83410004386678
transition_warm,1.0,32,0.75,4,2,38.36870001396164
transition_first,1.0,32,0.75,4,3,27.56840002257377
transition_warm,1.0,32,0.75,4,3,29.902799986302853
transition_first,1.0,32,0.75,4,4,47.95650002779439
transition_warm,1.0,32,0.75,4,4,33.19429996190593
transition_first,1.0,32,0.75,4,5,29.296399967279285
transition_warm,1.0,32,0.75,4,5,27.669099974446
transition_first,1.0,32,0.75,4,6,28.368700004648417
transition_warm,1.0,32,0.75,4,6,28.676200017798692
transition_first,1.0,32,0.75,4,7,28.243300039321184
transition_warm,1.0,32,0.75,4,7,29.567399993538857
transition_first,1.0,32,0.75,4,8,30.056899995543063
transition_warm,1.0,32,0.75,4,8,29.93449999485165
transition_first,1.0,32,0.75,4,9,28.440100024454296
transition_warm,1.0,32,0.75,4,9,39.47780001908541
transition_first,1.0,16,0.5,16,0,30.856800032779574
transition_warm,1.0,16,0.5,16,0,31.19829995557666
transition_first,1.0,16,0.5,16,1,28.533700038678944
transition_warm,1.0,16,0.5,16,1,30.542699969373643
transition_first,1.0,16,0.5,16,2,26.544200023636222
transition_warm,1.0,16,0.5,16,2,27.659500017762184
transition_first,1.0,16,0.5,16,3,27.578099980019033
transition_warm,1.0,16,0.5,16,3,33.17189996596426
transition_first,1.0,16,0.5,16,4,49.38180005410686
transition_warm,1.0,16,0.5,16,4,29.46750004775822
transition_first,1.0,16,0.5,16,5,26.94569999584928
transition_warm,1.0,16,0.5,16,5,27.27220003725961
transition_first,1.0,16,0.5,16,6,29.13720003562048
transition_warm,1.0,16,0.5,16,6,25.92240000376478
transition_first,1.0,16,0.5,16,7,26.545499975327402
transition_warm,1.0,16,0.5,16,7,27.254599961452186
transition_first,1.0,16,0.5,16,8,39.19539996422827
transition_warm,1.0,16,0.5,16,8,26.886300009209663
transition_first,1.0,16,0.5,16,9,40.537499997299165
transition_warm,1.0,16,0.5,16,9,26.30309999221936
transition_first,0.75,8,0.25,16,0,27.563099982216954
transition_warm,0.75,8,0.25,16,0,27.264999982435256
transition_first,0.75,8,0.25,16,1,32.430300023406744
transition_warm,0.75,8,0.25,16,1,34.157499962020665
transition_first,0.75,8,0.25,16,2,25.266300013754517
transition_warm,0.75,8,0.25,16,2,26.44960000179708
transition_first,0.75,8,0.25,16,3,27.09409996168688
transition_warm,0.75,8,0.25,16,3,37.45740000158548
transition_first,0.75,8,0.25,16,4,25.891299999784678
transition_warm,0.75,8,0.25,16,4,32.64300001319498
transition_first,0.75,8,0.25,16,5,26.185000024270266
transition_warm,0.75,8,0.25,16,5,27.011499973013997
transition_first,0.75,8,0.25,16,6,29.19370000017807
transition_warm,0.75,8,0.25,16,6,27.89700002176687
transition_first,0.75,8,0.25,16,7,25.674099975731224
transition_warm,0.75,8,0.25,16,7,27.266599994618446
transition_first,0.75,8,0.25,16,8,25.89259995147586
transition_warm,0.75,8,0.25,16,8,34.59830000065267
transition_first,0.75,8,0.25,16,9,27.561399969272316
transition_warm,0.75,8,0.25,16,9,27.349899988621473
transition_first,0.5,4,0.25,4,0,37.58400003425777
transition_warm,0.5,4,0.25,4,0,41.76910000387579
transition_first,0.5,4,0.25,4,1,25.379600003361702
transition_warm,0.5,4,0.25,4,1,26.984900003299117
transition_first,0.5,4,0.25,4,2,25.081600004341453
transition_warm,0.5,4,0.25,4,2,27.773200010415167
transition_first,0.5,4,0.25,4,3,31.01600002264604
transition_warm,0.5,4,0.25,4,3,35.82200000528246
transition_first,0.5,4,0.25,4,4,41.687400022055954
transition_warm,0.5,4,0.25,4,4,45.348200015723705
transition_first,0.5,4,0.25,4,5,30.296500015538186
transition_warm,0.5,4,0.25,4,5,26.00200002780184
transition_first,0.5,4,0.25,4,6,28.314199997112155
transition_warm,0.5,4,0.25,4,6,25.570400001015514
transition_first,0.5,4,0.25,4,7,36.221500020474195
transition_warm,0.5,4,0.25,4,7,28.185700008179992
transition_first,0.5,4,0.25,4,8,37.557900010142475
transition_warm,0.5,4,0.25,4,8,37.73739997996017
transition_first,0.5,4,0.25,4,9,25.998800003435463
transition_warm,0.5,4,0.25,4,9,25.792100001126528
transition_first,0.75,16,1.0,8,0,31.7345000221394
transition_warm,0.75,16,1.0,8,0,31.481999962124974
transition_first,0.75,16,1.0,8,1,31.127299997024238
transition_warm,0.75,16,1.0,8,1,40.075099968817085
transition_first,0.75,16,1.0,8,2,32.94230002211407
transition_warm,0.75,16,1.0,8,2,33.36120001040399
transition_first,0.75,16,1.0,8,3,47.57290001725778
transition_warm,0.75,16,1.0,8,3,32.191800011787564
transition_first,0.75,16,1.0,8,4,32.406399957835674
transition_warm,0.75,16,1.0,8,4,32.4290000135079
transition_first,0.75,16,1.0,8,5,32.37730002729222
transition_warm,0.75,16,1.0,8,5,30.886500026099384
transition_first,0.75,16,1.0,8,6,51.919400051701814
transition_warm,0.75,16,1.0,8,6,38.284100010059774
transition_first,0.75,16,1.0,8,7,30.3744999691844
transition_warm,0.75,16,1.0,8,7,30.53590003401041
transition_first,0.75,16,1.0,8,8,32.21610002219677
transition_warm,0.75,16,1.0,8,8,31.730499991681427
transition_first,0.75,16,1.0,8,9,42.07749996567145
transition_warm,0.75,16,1.0,8,9,31.790000037290156
transition_first,0.5,32,0.75,4,0,37.07289998419583
transition_warm,0.5,32,0.75,4,0,29.573399981018156
transition_first,0.5,32,0.75,4,1,28.533400036394596
transition_warm,0.5,32,0.75,4,1,35.797699994873255
transition_first,0.5,32,0.75,4,2,28.695299988612533
transition_warm,0.5,32,0.75,4,2,29.187799955252558
transition_first,0.5,32,0.75,4,3,27.207900013308972
transition_warm,0.5,32,0.75,4,3,29.837400012183934
transition_first,0.5,32,0.75,4,4,28.54610001668334
transition_warm,0.5,32,0.75,4,4,27.310100034810603
transition_first,0.5,32,0.75,4,5,28.890899964608252
transition_warm,0.5,32,0.75,4,5,27.131999959237874
transition_first,0.5,32,0.75,4,6,36.29810002166778
transition_warm,0.5,32,0.75,4,6,40.94400000758469
transition_first,0.5,32,0.75,4,7,54.66189997969195
transition_warm,0.5,32,0.75,4,7,38.503199990373105
transition_first,0.5,32,0.75,4,8,37.669300043489784
transition_warm,0.5,32,0.75,4,8,29.607800010126084
transition_first,0.5,32,0.75,4,9,27.627800009213388
transition_warm,0.5,32,0.75,4,9,27.523000026121736
transition_first,0.5,32,1.0,16,0,31.902300019282848
transition_warm,0.5,32,1.0,16,0,32.07969997311011
transition_first,0.5,32,1.0,16,1,35.218300006818026
transition_warm,0.5,32,1.0,16,1,39.93700002320111
transition_first,0.5,32,1.0,16,2,31.253199966158718
transition_warm,0.5,32,1.0,16,2,31.790399982128292
transition_first,0.5,32,1.0,16,3,32.019699981901795
transition_warm,0.5,32,1.0,16,3,31.91649995278567
transition_first,0.5,32,1.0,16,4,32.087800034787506
transition_warm,0.5,32,1.0,16,4,31.037699955049902
transition_first,0.5,32,1.0,16,5,30.8530000038445
transition_warm,0.5,32,1.0,16,5,31.474200019147247
transition_first,0.5,32,1.0,16,6,30.367600033059716
transition_warm,0.5,32,1.0,16,6,31.889399979263544
transition_first,0.5,32,1.0,16,7,41.25050001312047
transition_warm,0.5,32,1.0,16,7,30.477099993731827
transition_first,0.5,32,1.0,16,8,30.918699980247766
transition_warm,0.5,32,1.0,16,8,36.060000013094395
transition_first,0.5,32,1.0,16,9,31.756100011989474
transition_warm,0.5,32,1.0,16,9,32.376499962992966
transition_first,0.5,16,1.0,16,0,32.05500001786277
transition_warm,0.5,16,1.0,16,0,30.614999996032566
transition_first,0.5,16,1.0,16,1,32.71080000558868
transition_warm,0.5,16,1.0,16,1,39.10120000364259
transition_first,0.5,16,1.0,16,2,32.11510000983253
transition_warm,0.5,16,1.0,16,2,31.34780004620552
transition_first,0.5,16,1.0,16,3,32.04799996456131
transition_warm,0.5,16,1.0,16,3,31.781000026967376
transition_first,0.5,16,1.0,16,4,32.98540000105277
transition_warm,0.5,16,1.0,16,4,32.85070002311841
transition_first,0.5,16,1.0,16,5,31.97469998849556
transition_warm,0.5,16,1.0,16,5,31.500999990385026
transition_first,0.5,16,1.0,16,6,34.95209995890036
transition_warm,0.5,16,1.0,16,6,38.55860000476241
transition_first,0.5,16,1.0,16,7,45.631300017703325
transition_warm,0.5,16,1.0,16,7,31.708299997262657
transition_first,0.5,16,1.0,16,8,30.48539999872446
transition_warm,0.5,16,1.0,16,8,33.667100011371076
transition_first,0.5,16,1.0,16,9,31.75359999295324
transition_warm,0.5,16,1.0,16,9,30.591499991714954
transition_first,0.5,16,1.0,8,0,32.16539998538792
transition_warm,0.5,16,1.0,8,0,30.997399997431785
transition_first,0.5,16,1.0,8,1,37.230500020086765
transition_warm,0.5,16,1.0,8,1,33.47289998782799
transition_first,0.5,16,1.0,8,2,44.58400001749396
transition_warm,0.5,16,1.0,8,2,34.340100013650954
transition_first,0.5,16,1.0,8,3,31.279899994842708
transition_warm,0.5,16,1.0,8,3,32.70209999755025
transition_first,0.5,16,1.0,8,4,31.30039997631684
transition_warm,0.5,16,1.0,8,4,30.95679997932166
transition_first,0.5,16,1.0,8,5,36.737299989908934
transition_warm,0.5,16,1.0,8,5,32.795500010252
transition_first,0.5,16,1.0,8,6,31.809400010388345
transition_warm,0.5,16,1.0,8,6,32.21269999630749
transition_first,0.5,16,1.0,8,7,31.468799978028983
transition_warm,0.5,16,1.0,8,7,30.788500036578625
transition_first,0.5,16,1.0,8,8,32.69760002149269
transition_warm,0.5,16,1.0,8,8,30.446800054050982
transition_first,0.5,16,1.0,8,9,38.5472999769263
transition_warm,0.5,16,1.0,8,9,39.830600027926266
transition_first,0.5,32,0.25,32,0,10.179100034292787
transition_warm,0.5,32,0.25,32,0,10.256699984893203
transition_first,0.5,32,0.25,32,1,11.57150004291907
transition_warm,0.5,32,0.25,32,1,9.209799987729639
transition_first,0.5,32,0.25,32,2,17.561699962243438
transition_warm,0.5,32,0.25,32,2,12.223500001709908
transition_first,0.5,32,0.25,32,3,12.942000001203269
transition_warm,0.5,32,0.25,32,3,9.560700040310621
transition_first,0.5,32,0.25,32,4,10.505100013688207
transition_warm,0.5,32,0.25,32,4,8.991400012746453
transition_first,0.5,32,0.25,32,5,9.683199983555824
transition_warm,0.5,32,0.25,32,5,8.936600002925843
transition_first,0.5,32,0.25,32,6,9.887299966067076
transition_warm,0.5,32,0.25,32,6,9.644299978390336
transition_first,0.5,32,0.25,32,7,10.13859995873645
transition_warm,0.5,32,0.25,32,7,9.996499982662499
transition_first,0.5,32,0.25,32,8,10.174600000027567
transition_warm,0.5,32,0.25,32,8,9.852299990598112
transition_first,0.5,32,0.25,32,9,13.574599986895919
transition_warm,0.5,32,0.25,32,9,11.890500027220696
transition_first,0.5,16,1.0,4,0,32.98959997482598
transition_warm,0.5,16,1.0,4,0,31.615399988368154
transition_first,0.5,16,1.0,4,1,33.91520003788173
transition_warm,0.5,16,1.0,4,1,31.764899962581694
transition_first,0.5,16,1.0,4,2,37.138800020329654
transition_warm,0.5,16,1.0,4,2,33.3290999988094
transition_first,0.5,16,1.0,4,3,31.882300041615963
transition_warm,0.5,16,1.0,4,3,31.049600045662373
transition_first,0.5,16,1.0,4,4,32.176700013224036
transition_warm,0.5,16,1.0,4,4,31.478599994443357
transition_first,0.5,16,1.0,4,5,31.819300027564168
transition_warm,0.5,16,1.0,4,5,31.87800000887364
transition_first,0.5,16,1.0,4,6,32.732300052884966
transition_warm,0.5,16,1.0,4,6,31.730499991681427
transition_first,0.5,16,1.0,4,7,32.24850003607571
transition_warm,0.5,16,1.0,4,7,31.193400034680963
transition_first,0.5,16,1.0,4,8,32.82500000204891
transition_warm,0.5,16,1.0,4,8,32.397600007243454
transition_first,0.5,16,1.0,4,9,32.06320002209395
transition_warm,0.5,16,1.0,4,9,33.19779998855665
transition_first,1.0,32,0.75,32,0,11.898499971721321
transition_warm,1.0,32,0.75,32,0,12.201900011859834
transition_first,1.0,32,0.75,32,1,10.621400026138872
transition_warm,1.0,32,0.75,32,1,11.423399962950498
transition_first,1.0,32,0.75,32,2,10.348699986934662
transition_warm,1.0,32,0.75,32,2,11.073799978476018
transition_first,1.0,32,0.75,32,3,10.541299998294562
transition_warm,1.0,32,0.75,32,3,11.132000014185905
transition_first,1.0,32,0.75,32,4,10.5178999947384
transition_warm,1.0,32,0.75,32,4,10.799699986819178
transition_first,1.0,32,0.75,32,5,15.848600014578551
transition_warm,1.0,32,0.75,32,5,10.640499996952713
transition_first,1.0,32,0.75,32,6,9.62590001290664
transition_warm,1.0,32,0.75,32,6,10.170100023970008
transition_first,1.0,32,0.75,32,7,10.31639997381717
transition_warm,1.0,32,0.75,32,7,12.213999987579882
transition_first,1.0,32,0.75,32,8,9.94170003104955
transition_warm,1.0,32,0.75,32,8,10.47340000513941
transition_first,1.0,32,0.75,32,9,12.678000028245151
transition_warm,1.0,32,0.75,32,9,11.13270001951605
transition_first,0.25,16,0.75,16,0,35.620100039523095
transition_warm,0.25,16,0.75,16,0,27.741900004912168
transition_first,0.25,16,0.75,16,1,29.855100030545145
transition_warm,0.25,16,0.75,16,1,29.2648000176996
transition_first,0.25,16,0.75,16,2,40.12640001019463
transition_warm,0.25,16,0.75,16,2,40.30090000014752
transition_first,0.25,16,0.75,16,3,28.06749998126179
transition_warm,0.25,16,0.75,16,3,39.15200004121289
transition_first,0.25,16,0.75,16,4,28.311200032476336
transition_warm,0.25,16,0.75,16,4,33.38620002614334
transition_first,0.25,16,0.75,16,5,40.58069997699931
transition_warm,0.25,16,0.75,16,5,28.948499995749444
transition_first,0.25,16,0.75,16,6,28.862200037110597
transition_warm,0.25,16,0.75,16,6,28.09279999928549
transition_first,0.25,16,0.75,16,7,29.23510002437979
transition_warm,0.25,16,0.75,16,7,28.068199986591935
transition_first,0.25,16,0.75,16,8,33.463999978266656
transition_warm,0.25,16,0.75,16,8,29.167899978347123
transition_first,0.25,16,0.75,16,9,39.673799998126924
transition_warm,0.25,16,0.75,16,9,29.699799953959882
transition_first,0.75,16,0.5,4,0,27.74130000034347
transition_warm,0.75,16,0.5,4,0,27.926000009756535
transition_first,0.75,16,0.5,4,1,32.82500000204891
transition_warm,0.75,16,0.5,4,1,27.732199989259243
transition_first,0.75,16,0.5,4,2,27.22019999055192
transition_warm,0.75,16,0.5,4,2,27.28199999546632
transition_first,0.75,16,0.5,4,3,27.087800030130893
transition_warm,0.75,16,0.5,4,3,34.514700004365295
transition_first,0.75,16,0.5,4,4,35.130999982357025
transition_warm,0.75,16,0.5,4,4,28.77279999665916
transition_first,0.75,16,0.5,4,5,37.548899999819696
transition_warm,0.75,16,0.5,4,5,31.279899994842708
transition_first,0.75,16,0.5,4,6,27.652999968267977
transition_warm,0.75,16,0.5,4,6,27.35059999395162
transition_first,0.75,16,0.5,4,7,28.4883999847807
transition_warm,0.75,16,0.5,4,7,27.41829998558387
transition_first,0.75,16,0.5,4,8,27.917200000956655
transition_warm,0.75,16,0.5,4,8,27.39180001663044
transition_first,0.75,16,0.5,4,9,28.9531999733299
transition_warm,0.75,16,0.5,4,9,41.15010000532493
transition_first,0.5,8,1.0,16,0,34.59420002764091
transition_warm,0.5,8,1.0,16,0,31.776999996509403
transition_first,0.5,8,1.0,16,1,32.00140001717955
transition_warm,0.5,8,1.0,16,1,31.96259995456785
transition_first,0.5,8,1.0,16,2,37.306100013665855
transition_warm,0.5,8,1.0,16,2,32.49489999143407
transition_first,0.5,8,1.0,16,3,31.8087000050582
transition_warm,0.5,8,1.0,16,3,31.66749997762963
transition_first,0.5,8,1.0,16,4,31.647800002247095
transition_warm,0.5,8,1.0,16,4,31.010800041258335
transition_first,0.5,8,1.0,16,5,32.387099985498935
transition_warm,0.5,8,1.0,16,5,32.784099981654435
transition_first,0.5,8,1.0,16,6,33.36970001691952
transition_warm,0.5,8,1.0,16,6,31.769199995324016
transition_first,0.5,8,1.0,16,7,41.38830001465976
transition_warm,0.5,8,1.0,16,7,31.39079996617511
transition_first,0.5,8,1.0,16,8,31.850500032305717
transition_warm,0.5,8,1.0,16,8,38.32799999509007
transition_first,0.5,8,1.0,16,9,31.31980000762269
transition_warm,0.5,8,1.0,16,9,38.84770005242899
transition_first,0.75,32,0.25,32,0,12.161599996034056
transition_warm,0.75,32,0.25,32,0,9.582599974237382
transition_first,0.75,32,0.25,32,1,16.301599971484393
transition_warm,0.75,32,0.25,32,1,10.638599982485175
transition_first,0.75,32,0.25,32,2,9.912699984852225
transition_warm,0.75,32,0.25,32,2,10.30739996349439
transition_first,0.75,32,0.25,32,3,10.25570003548637
transition_warm,0.75,32,0.25,32,3,9.894900023937225
transition_first,0.75,32,0.25,32,4,9.398199967108667
transition_warm,0.75,32,0.25,32,4,9.59789997432381
transition_first,0.75,32,0.25,32,5,10.156100033782423
transition_warm,0.75,32,0.25,32,5,9.141899994574487
transition_first,0.75,32,0.25,32,6,9.517300000879914
transition_warm,0.75,32,0.25,32,6,9.6126000280492
transition_first,0.75,32,0.25,32,7,11.230900010559708
transition_warm,0.75,32,0.25,32,7,9.992900013457984
transition_first,0.75,32,0.25,32,8,10.027799988165498
transition_warm,0.75,32,0.25,32,8,9.645100042689592
transition_first,0.75,32,0.25,32,9,10.029299999587238
transition_warm,0.75,32,0.25,32,9,10.03930001752451
transition_first,0.5,8,0.5,4,0,27.972300013061613
transition_warm,0.5,8,0.5,4,0,28.285900014452636
transition_first,0.5,8,0.5,4,1,29.21569999307394
transition_warm,0.5,8,0.5,4,1,30.592499999329448
transition_first,0.5,8,0.5,4,2,27.950000017881393
transition_warm,0.5,8,0.5,4,2,27.163099963217974
transition_first,0.5,8,0.5,4,3,28.03520002635196
transition_warm,0.5,8,0.5,4,3,27.214400004595518
transition_first,0.5,8,0.5,4,4,34.08840001793578
transition_warm,0.5,8,0.5,4,4,37.712100020144135
transition_first,0.5,8,0.5,4,5,28.193200007081032
transition_warm,0.5,8,0.5,4,5,28.767500014510006
transition_first,0.5,8,0.5,4,6,26.832500007003546
transition_warm,0.5,8,0.5,4,6,28.881700010970235
transition_first,0.5,8,0.5,4,7,26.77840000251308
transition_warm,0.5,8,0.5,4,7,27.00339996954426
transition_first,0.5,8,0.5,4,8,25.979499972891062
transition_warm,0.5,8,0.5,4,8,29.045599978417158
transition_first,0.5,8,0.5,4,9,41.14300000946969
transition_warm,0.5,8,0.5,4,9,41.13220004364848
transition_first,1.0,4,1.0,8,0,32.79969998402521
transition_warm,1.0,4,1.0,8,0,31.585699995048344
transition_first,1.0,4,1.0,8,1,32.14610001305118
transition_warm,1.0,4,1.0,8,1,32.28669997770339
transition_first,1.0,4,1.0,8,2,33.10800000326708
transition_warm,1.0,4,1.0,8,2,32.957299961708486
transition_first,1.0,4,1.0,8,3,33.82040001451969
transition_warm,1.0,4,1.0,8,3,32.465500000398606
transition_first,1.0,4,1.0,8,4,31.80110000539571
transition_warm,1.0,4,1.0,8,4,31.295099994167686
transition_first,1.0,4,1.0,8,5,31.65920003084466
transition_warm,1.0,4,1.0,8,5,30.43929999694228
transition_first,1.0,4,1.0,8,6,32.60239999508485
transition_warm,1.0,4,1.0,8,6,31.965100031811744
transition_first,1.0,4,1.0,8,7,33.40410004602745
transition_warm,1.0,4,1.0,8,7,30.480300018098205
transition_first,1.0,4,1.0,8,8,32.452400017064065
transition_warm,1.0,4,1.0,8,8,32.394600042607635
transition_first,1.0,4,1.0,8,9,31.024500029161572
transition_warm,1.0,4,1.0,8,9,32.34650002559647
transition_first,0.5,4,0.25,16,0,25.29560000402853
transition_warm,0.5,4,0.25,16,0,28.79660000326112
transition_first,0.5,4,0.25,16,1,27.681300009135157
transition_warm,0.5,4,0.25,16,1,26.241799991112202
transition_first,0.5,4,0.25,16,2,28.166400035843253
transition_warm,0.5,4,0.25,16,2,27.530300023499876
transition_first,0.5,4,0.25,16,3,27.36670000012964
transition_warm,0.5,4,0.25,16,3,29.13560002343729
transition_first,0.5,4,0.25,16,4,28.691799961961806
transition_warm,0.5,4,0.25,16,4,27.005900046788156
transition_first,0.5,4,0.25,16,5,44.348400027956814
transition_warm,0.5,4,0.25,16,5,33.49309996701777
transition_first,0.5,4,0.25,16,6,28.238900005817413
transition_warm,0.5,4,0.25,16,6,28.629700012970716
transition_first,0.5,4,0.25,16,7,26.21250000083819
transition_warm,0.5,4,0.25,16,7,28.26290001394227
transition_first,0.5,4,0.25,16,8,28.856899996753782
transition_warm,0.5,4,0.25,16,8,35.327400022652
transition_first,0.5,4,0.25,16,9,26.63470001425594
transition_warm,0.5,4,0.25,16,9,25.644199980888516
transition_first,0.25,16,1.0,16,0,33.38789998088032
transition_warm,0.25,16,1.0,16,0,32.52089995658025
transition_first,0.25,16,1.0,16,1,32.92369999689981
transition_warm,0.25,16,1.0,16,1,32.705800025723875
transition_first,0.25,16,1.0,16,2,39.60730001563206
transition_warm,0.25,16,1.0,16,2,38.70809997897595
transition_first,0.25,16,1.0,16,3,31.880800030194223
transition_warm,0.25,16,1.0,16,3,47.13989997981116
transition_first,0.25,16,1.0,16,4,32.21139998640865
transition_warm,0.25,16,1.0,16,4,35.545899998396635
transition_first,0.25,16,1.0,16,5,35.38230003323406
transition_warm,0.25,16,1.0,16,5,42.74529998656362
transition_first,0.25,16,1.0,16,6,34.39980000257492
transition_warm,0.25,16,1.0,16,6,31.181400001514703
transition_first,0.25,16,1.0,16,7,31.97890002047643
transition_warm,0.25,16,1.0,16,7,31.142299994826317
transition_first,0.25,16,1.0,16,8,31.79520001867786
transition_warm,0.25,16,1.0,16,8,32.542600005399436
transition_first,0.25,16,1.0,16,9,33.443599997553974
transition_warm,0.25,16,1.0,16,9,33.77430001273751
transition_first,1.0,16,1.0,4,0,32.33149996958673
transition_warm,1.0,16,1.0,4,0,31.022900016978383
transition_first,1.0,16,1.0,4,1,31.51090000756085
transition_warm,1.0,16,1.0,4,1,32.34309999970719
transition_first,1.0,16,1.0,4,2,31.008899968583137
transition_warm,1.0,16,1.0,4,2,32.31499996036291
transition_first,1.0,16,1.0,4,3,31.641600013244897
transition_warm,1.0,16,1.0,4,3,32.40580001147464
transition_first,1.0,16,1.0,4,4,31.795599963515997
transition_warm,1.0,16,1.0,4,4,31.533600005786866
transition_first,1.0,16,1.0,4,5,31.578599999193102
transition_warm,1.0,16,1.0,4,5,33.83229998871684
transition_first,1.0,16,1.0,4,6,32.03980001853779
transition_warm,1.0,16,1.0,4,6,32.086500024888664
transition_first,1.0,16,1.0,4,7,32.81050000805408
transition_warm,1.0,16,1.0,4,7,39.08340004272759
transition_first,1.0,16,1.0,4,8,30.942900048103184
transition_warm,1.0,16,1.0,4,8,31.825300015043467
transition_first,1.0,16,1.0,4,9,40.999900025781244
transition_warm,1.0,16,1.0,4,9,32.54350001225248
transition_first,0.5,4,0.75,32,0,9.828799986280501
transition_warm,0.5,4,0.75,32,0,17.76459999382496
transition_first,0.5,4,0.75,32,1,11.32099999813363
transition_warm,0.5,4,0.75,32,1,10.233100038021803
transition_first,0.5,4,0.75,32,2,13.54640000499785
transition_warm,0.5,4,0.75,32,2,12.365000031422824
transition_first,0.5,4,0.75,32,3,10.212299996055663
transition_warm,0.5,4,0.75,32,3,9.60380001924932
transition_first,0.5,4,0.75,32,4,10.434199997689575
transition_warm,0.5,4,0.75,32,4,10.393300035502762
transition_first,0.5,4,0.75,32,5,11.321600002702326
transition_warm,0.5,4,0.75,32,5,10.251600004266948
transition_first,0.5,4,0.75,32,6,9.821699990425259
transition_warm,0.5,4,0.75,32,6,12.382599990814924
transition_first,0.5,4,0.75,32,7,12.104999972507358
transition_warm,0.5,4,0.75,32,7,13.41869996394962
transition_first,0.5,4,0.75,32,8,10.579900001175702
transition_warm,0.5,4,0.75,32,8,9.886899963021278
transition_first,0.5,4,0.75,32,9,11.213399993721396
transition_warm,0.5,4,0.75,32,9,10.32820000546053
transition_first,0.25,32,1.0,8,0,33.147300011478364
transition_warm,0.25,32,1.0,8,0,32.10740000940859
transition_first,0.25,32,1.0,8,1,46.04200000176206
transition_warm,0.25,32,1.0,8,1,32.43949997704476
transition_first,0.25,32,1.0,8,2,41.10819997731596
transition_warm,0.25,32,1.0,8,2,53.45629999646917
transition_first,0.25,32,1.0,8,3,31.634299957659096
transition_warm,0.25,32,1.0,8,3,41.2965000141412
transition_first,0.25,32,1.0,8,4,37.67140000127256
transition_warm,0.25,32,1.0,8,4,30.939200019929558
transition_first,0.25,32,1.0,8,5,31.212100002449006
transition_warm,0.25,32,1.0,8,5,31.707399990409613
transition_first,0.25,32,1.0,8,6,33.23880000971258
transition_warm,0.25,32,1.0,8,6,31.795600021723658
transition_first,0.25,32,1.0,8,7,32.18239999841899
transition_warm,0.25,32,1.0,8,7,31.736999982967973
transition_first,0.25,32,1.0,8,8,32.63640002114698
transition_warm,0.25,32,1.0,8,8,32.81299996888265
transition_first,0.25,32,1.0,8,9,32.034599978942424
transition_warm,0.25,32,1.0,8,9,33.68230001069605
transition_first,0.25,8,1.0,16,0,33.10800000326708
transition_warm,0.25,8,1.0,16,0,31.987199967261404
transition_first,0.25,8,1.0,16,1,31.871800019871444
transition_warm,0.25,8,1.0,16,1,31.799999997019768
transition_first,0.25,8,1.0,16,2,34.97590002370998
transition_warm,0.25,8,1.0,16,2,32.32090000528842
transition_first,0.25,8,1.0,16,3,36.233199993148446
transition_warm,0.25,8,1.0,16,3,41.66589997475967
transition_first,0.25,8,1.0,16,4,34.137100039515644
transition_warm,0.25,8,1.0,16,4,31.23660001438111
transition_first,0.25,8,1.0,16,5,31.58919996349141
transition_warm,0.25,8,1.0,16,5,32.11280005052686
transition_first,0.25,8,1.0,16,6,32.58649999042973
transition_warm,0.25,8,1.0,16,6,32.2114999871701
transition_first,0.25,8,1.0,16,7,32.355999981518835
transition_warm,0.25,8,1.0,16,7,30.905499996151775
transition_first,0.25,8,1.0,16,8,32.65299997292459
transition_warm,0.25,8,1.0,16,8,31.951300043147057
transition_first,0.25,8,1.0,16,9,32.138100010342896
transition_warm,0.25,8,1.0,16,9,31.707199988886714
transition_first,1.0,32,0.5,4,0,29.407699999865144
transition_warm,1.0,32,0.5,4,0,27.57289999863133
transition_first,1.0,32,0.5,4,1,30.058400006964803
transition_warm,1.0,32,0.5,4,1,27.08510000957176
transition_first,1.0,32,0.5,4,2,28.663800039794296
transition_warm,1.0,32,0.5,4,2,31.366599956527352
transition_first,1.0,32,0.5,4,3,59.46459999540821
transition_warm,1.0,32,0.5,4,3,64.20259998412803
transition_first,1.0,32,0.5,4,4,66.3531000027433
transition_warm,1.0,32,0.5,4,4,44.607600022573024
transition_first,1.0,32,0.5,4,5,49.23639999469742
transition_warm,1.0,32,0.5,4,5,29.826799989677966
transition_first,1.0,32,0.5,4,6,28.50899996701628
transition_warm,1.0,32,0.5,4,6,30.32979997806251
transition_first,1.0,32,0.5,4,7,28.63469999283552
transition_warm,1.0,32,0.5,4,7,29.621100053191185
transition_first,1.0,32,0.5,4,8,29.034100007265806
transition_warm,1.0,32,0.5,4,8,29.054499987978488
transition_first,1.0,32,0.5,4,9,27.992599993012846
transition_warm,1.0,32,0.5,4,9,48.0546000180766
transition_first,1.0,16,0.25,16,0,28.94629997899756
transition_warm,1.0,16,0.25,16,0,30.008100031409413
transition_first,1.0,16,0.25,16,1,27.313999948091805
transition_warm,1.0,16,0.25,16,1,39.12049997597933
transition_first,1.0,16,0.25,16,2,26.04229998541996
transition_warm,1.0,16,0.25,16,2,27.149900037329644
transition_first,1.0,16,0.25,16,3,28.54919998208061
transition_warm,1.0,16,0.25,16,3,26.20210003806278
transition_first,1.0,16,0.25,16,4,28.43820000998676
transition_warm,1.0,16,0.25,16,4,38.29619998577982
transition_first,1.0,16,0.25,16,5,27.18129998538643
transition_warm,1.0,16,0.25,16,5,27.955700003076345
transition_first,1.0,16,0.25,16,6,28.758900007233024
transition_warm,1.0,16,0.25,16,6,29.027099953964353
transition_first,1.0,16,0.25,16,7,26.774899975862354
transition_warm,1.0,16,0.25,16,7,28.42589997453615
transition_first,1.0,16,0.25,16,8,26.63049998227507
transition_warm,1.0,16,0.25,16,8,27.899699984118342
transition_first,1.0,16,0.25,16,9,29.262399999424815
transition_warm,1.0,16,0.25,16,9,37.85190003691241
transition_first,0.5,8,0.25,32,0,10.74009999865666
transition_warm,0.5,8,0.25,32,0,10.067199997138232
transition_first,0.5,8,0.25,32,1,9.968400001525879
transition_warm,0.5,8,0.25,32,1,10.545799974352121
transition_first,0.5,8,0.25,32,2,10.622100031469017
transition_warm,0.5,8,0.25,32,2,11.202599969692528
transition_first,0.5,8,0.25,32,3,10.73129998985678
transition_warm,0.5,8,0.25,32,3,10.45290002366528
transition_first,0.5,8,0.25,32,4,9.756700019352138
transition_warm,0.5,8,0.25,32,4,9.392499981913716
transition_first,0.5,8,0.25,32,5,11.25590002629906
transition_warm,0.5,8,0.25,32,5,11.15199999185279
transition_first,0.5,8,0.25,32,6,10.19940001424402
transition_warm,0.5,8,0.25,32,6,10.154600022360682
transition_first,0.5,8,0.25,32,7,11.075999995227903
transition_warm,0.5,8,0.25,32,7,10.450300003867596
transition_first,0.5,8,0.25,32,8,10.179100034292787
transition_warm,0.5,8,0.25,32,8,12.714700016658753
transition_first,0.5,8,0.25,32,9,10.603000002447516
transition_warm,0.5,8,0.25,32,9,9.879099961835891
transition_first,0.75,8,0.5,8,0,28.35919999051839
transition_warm,0.75,8,0.5,8,0,27.450299996417016
transition_first,0.75,8,0.5,8,1,27.87330001592636
transition_warm,0.75,8,0.5,8,1,27.750100009143353
transition_first,0.75,8,0.5,8,2,36.64350003236905
transition_warm,0.75,8,0.5,8,2,35.49939999356866
transition_first,0.75,8,0.5,8,3,34.68709997832775
transition_warm,0.75,8,0.5,8,3,29.280499962624162
transition_first,0.75,8,0.5,8,4,34.794899984262884
transition_warm,0.75,8,0.5,8,4,34.12620001472533
transition_first,0.75,8,0.5,8,5,27.695299999322742
transition_warm,0.75,8,0.5,8,5,28.32230000058189
transition_first,0.75,8,0.5,8,6,28.92680000513792
transition_warm,0.75,8,0.5,8,6,26.181799999903888
transition_first,0.75,8,0.5,8,7,28.89900002628565
transition_warm,0.75,8,0.5,8,7,28.835500008426607
transition_first,0.75,8,0.5,8,8,28.994199994485825
transition_warm,0.75,8,0.5,8,8,27.693499985616654
transition_first,0.75,8,0.5,8,9,28.695300046820194
transition_warm,0.75,8,0.5,8,9,30.34900000784546
transition_first,0.5,4,1.0,8,0,37.606799975037575
transition_warm,0.5,4,1.0,8,0,32.339499972295016
transition_first,0.5,4,1.0,8,1,33.54650002438575
transition_warm,0.5,4,1.0,8,1,33.170900016557425
transition_first,0.5,4,1.0,8,2,32.274700002744794
transition_warm,0.5,4,1.0,8,2,32.06810000119731
transition_first,0.5,4,1.0,8,3,37.77629998512566
transition_warm,0.5,4,1.0,8,3,34.67369999270886
transition_first,0.5,4,1.0,8,4,33.784400031436235
transition_warm,0.5,4,1.0,8,4,30.665899976156652
transition_first,0.5,4,1.0,8,5,32.867199974134564
transition_warm,0.5,4,1.0,8,5,31.13309998298064
transition_first,0.5,4,1.0,8,6,32.24159998353571
transition_warm,0.5,4,1.0,8,6,31.89589997055009
transition_first,0.5,4,1.0,8,7,37.317799986340106
transition_warm,0.5,4,1.0,8,7,32.62060001725331
transition_first,0.5,4,1.0,8,8,31.77579998737201
transition_warm,0.5,4,1.0,8,8,32.655199989676476
transition_first,0.5,4,1.0,8,9,32.631699985358864
transition_warm,0.5,4,1.0,8,9,32.407699967734516
transition_first,0.25,4,0.75,16,0,45.757299987599254
transition_warm,0.25,4,0.75,16,0,34.97440001228824
transition_first,0.25,4,0.75,16,1,28.269499947782606
transition_warm,0.25,4,0.75,16,1,28.53130002040416
transition_first,0.25,4,0.75,16,2,28.97259994642809
transition_warm,0.25,4,0.75,16,2,37.174299999605864
transition_first,0.25,4,0.75,16,3,29.94899998884648
transition_warm,0.25,4,0.75,16,3,29.450099973473698
transition_first,0.25,4,0.75,16,4,28.429800004232675
transition_warm,0.25,4,0.75,16,4,30.340900004375726
transition_first,0.25,4,0.75,16,5,49.66910002985969
transition_warm,0.25,4,0.75,16,5,36.91820002859458
transition_first,0.25,4,0.75,16,6,34.61780003271997
transition_warm,0.25,4,0.75,16,6,35.54039995651692
transition_first,0.25,4,0.75,16,7,29.859300004318357
transition_warm,0.25,4,0.75,16,7,29.48389999801293
transition_first,0.25,4,0.75,16,8,47.77920001652092
transition_warm,0.25,4,0.75,16,8,27.64390001539141
transition_first,0.25,4,0.75,16,9,29.2141999816522
transition_warm,0.25,4,0.75,16,9,31.87980002257973
transition_first,0.25,4,0.5,8,0,28.52110000094399
transition_warm,0.25,4,0.5,8,0,27.288000041153282
transition_first,0.25,4,0.5,8,1,41.4642000105232
transition_warm,0.25,4,0.5,8,1,41.4141999790445
transition_first,0.25,4,0.5,8,2,32.92900003725663
transition_warm,0.25,4,0.5,8,2,36.779799964278936
transition_first,0.25,4,0.5,8,3,28.65389996441081
transition_warm,0.25,4,0.5,8,3,35.57940002065152
transition_first,0.25,4,0.5,8,4,27.48510002857074
transition_warm,0.25,4,0.5,8,4,27.199700009077787
transition_first,0.25,4,0.5,8,5,36.34270001202822
transition_warm,0.25,4,0.5,8,5,28.564699983689934
transition_first,0.25,4,0.5,8,6,29.280500020831823
transition_warm,0.25,4,0.5,8,6,27.55190001334995
transition_first,0.25,4,0.5,8,7,27.679799997713417
transition_warm,0.25,4,0.5,8,7,27.766999963205308
transition_first,0.25,4,0.5,8,8,28.027000022120774
transition_warm,0.25,4,0.5,8,8,27.259900001809
transition_first,0.25,4,0.5,8,9,26.643100020010024
transition_warm,0.25,4,0.5,8,9,28.53579999646172
transition_first,1.0,8,0.5,8,0,25.91030002804473
transition_warm,1.0,8,0.5,8,0,27.344200003426522
transition_first,1.0,8,0.5,8,1,28.984199976548553
transition_warm,1.0,8,0.5,8,1,26.0065000038594
transition_first,1.0,8,0.5,8,2,27.832799998577684
transition_warm,1.0,8,0.5,8,2,27.81130000948906
transition_first,1.0,8,0.5,8,3,28.082000033464283
transition_warm,1.0,8,0.5,8,3,28.298299992457032
transition_first,1.0,8,0.5,8,4,26.89709997503087
transition_warm,1.0,8,0.5,8,4,27.92690001660958
transition_first,1.0,8,0.5,8,5,30.308699992019683
transition_warm,1.0,8,0.5,8,5,29.423700005281717
transition_first,1.0,8,0.5,8,6,26.903900026809424
transition_warm,1.0,8,0.5,8,6,27.635900012683123
transition_first,1.0,8,0.5,8,7,27.41139999125153
transition_warm,1.0,8,0.5,8,7,28.882899961899966
transition_first,1.0,8,0.5,8,8,36.3257999997586
transition_warm,1.0,8,0.5,8,8,41.789399983827025
transition_first,1.0,8,0.5,8,9,27.867300028447062
transition_warm,1.0,8,0.5,8,9,31.828499981202185
transition_first,1.0,8,1.0,4,0,32.38940000301227
transition_warm,1.0,8,1.0,4,0,32.247999974060804
transition_first,1.0,8,1.0,4,1,31.093299970962107
transition_warm,1.0,8,1.0,4,1,32.40659995935857
transition_first,1.0,8,1.0,4,2,32.40599995478988
transition_warm,1.0,8,1.0,4,2,33.185800013598055
transition_first,1.0,8,1.0,4,3,36.499899986665696
transition_warm,1.0,8,1.0,4,3,43.53120003361255
transition_first,1.0,8,1.0,4,4,30.666900041978806
transition_warm,1.0,8,1.0,4,4,31.51800000341609
transition_first,1.0,8,1.0,4,5,35.91689997119829
transition_warm,1.0,8,1.0,4,5,30.888999986927956
transition_first,1.0,8,1.0,4,6,33.11960003338754
transition_warm,1.0,8,1.0,4,6,32.809199998155236
transition_first,1.0,8,1.0,4,7,33.02249999251217
transition_warm,1.0,8,1.0,4,7,32.26529998937622
transition_first,1.0,8,1.0,4,8,38.4042999939993
transition_warm,1.0,8,1.0,4,8,31.02190000936389
transition_first,1.0,8,1.0,4,9,36.06569999828935
transition_warm,1.0,8,1.0,4,9,31.439999991562217
transition_first,1.0,4,1.0,32,0,10.020599991548806
transition_warm,1.0,4,1.0,32,0,10.244400007650256
transition_first,1.0,4,1.0,32,1,9.373200009576976
transition_warm,1.0,4,1.0,32,1,10.498799965716898
transition_first,1.0,4,1.0,32,2,12.48710002982989
transition_warm,1.0,4,1.0,32,2,11.278800026047975
transition_first,1.0,4,1.0,32,3,10.956499958410859
transition_warm,1.0,4,1.0,32,3,10.100500017870218
transition_first,1.0,4,1.0,32,4,12.47820002026856
transition_warm,1.0,4,1.0,32,4,10.285800031851977
transition_first,1.0,4,1.0,32,5,9.919499978423119
transition_warm,1.0,4,1.0,32,5,9.114200016483665
transition_first,1.0,4,1.0,32,6,10.413500014692545
transition_warm,1.0,4,1.0,32,6,9.815900004468858
transition_first,1.0,4,1.0,32,7,9.787300019524992
transition_warm,1.0,4,1.0,32,7,10.107400012202561
transition_first,1.0,4,1.0,32,8,10.409499984234571
transition_warm,1.0,4,1.0,32,8,9.64240002213046
transition_first,1.0,4,1.0,32,9,10.135499993339181
transition_warm,1.0,4,1.0,32,9,9.610500012058765
transition_first,0.75,16,1.0,4,0,32.6712999958545
transition_warm,0.75,16,1.0,4,0,32.7837000368163
transition_first,0.75,16,1.0,4,1,31.28690004814416
transition_warm,0.75,16,1.0,4,1,32.78810001211241
transition_first,0.75,16,1.0,4,2,32.027100038249046
transition_warm,0.75,16,1.0,4,2,32.708599988836795
transition_first,0.75,16,1.0,4,3,32.892199989873916
transition_warm,0.75,16,1.0,4,3,32.95369999250397
transition_first,0.75,16,1.0,4,4,35.91999999480322
transition_warm,0.75,16,1.0,4,4,38.609799987170845
transition_first,0.75,16,1.0,4,5,33.523400023113936
transition_warm,0.75,16,1.0,4,5,33.13729999354109
transition_first,0.75,16,1.0,4,6,33.57649996178225
transition_warm,0.75,16,1.0,4,6,32.09779999451712
transition_first,0.75,16,1.0,4,7,45.158500026445836
transition_warm,0.75,16,1.0,4,7,43.647399987094104
transition_first,0.75,16,1.0,4,8,31.982499989680946
transition_warm,0.75,16,1.0,4,8,31.374800018966198
transition_first,0.75,16,1.0,4,9,33.62669999478385
transition_warm,0.75,16,1.0,4,9,31.18950000498444
transition_first,0.25,16,0.5,8,0,29.13139999145642
transition_warm,0.25,16,0.5,8,0,31.376700033433735
transition_first,0.25,16,0.5,8,1,28.10880000470206
transition_warm,0.25,16,0.5,8,1,28.204600035678595
transition_first,0.25,16,0.5,8,2,33.96470000734553
transition_warm,0.25,16,0.5,8,2,97.82070002984256
transition_first,0.25,16,0.5,8,3,28.69120001560077
transition_warm,0.25,16,0.5,8,3,37.05690003698692
transition_first,0.25,16,0.5,8,4,33.67719997186214
transition_warm,0.25,16,0.5,8,4,31.617100001312792
transition_first,0.25,16,0.5,8,5,27.665700006764382
transition_warm,0.25,16,0.5,8,5,28.067100036423653
transition_first,0.25,16,0.5,8,6,28.182399983052164
transition_warm,0.25,16,0.5,8,6,28.509800031315535
transition_first,0.25,16,0.5,8,7,28.245599998626858
transition_warm,0.25,16,0.5,8,7,29.166299966163933
transition_first,0.25,16,0.5,8,8,30.626999970991164
transition_warm,0.25,16,0.5,8,8,27.84250001423061
transition_first,0.25,16,0.5,8,9,28.247399954125285
transition_warm,0.25,16,0.5,8,9,28.385499957948923
transition_first,0.5,16,0.75,4,0,39.36669998802245
transition_warm,0.5,16,0.75,4,0,33.92110002459958
transition_first,0.5,16,0.75,4,1,37.550700013525784
transition_warm,0.5,16,0.75,4,1,30.509600008372217
transition_first,0.5,16,0.75,4,2,28.623999969568104
transition_warm,0.5,16,0.75,4,2,38.18209999008104
transition_first,0.5,16,0.75,4,3,35.02189996652305
transition_warm,0.5,16,0.75,4,3,29.633100028149784
transition_first,0.5,16,0.75,4,4,29.95240001473576
transition_warm,0.5,16,0.75,4,4,29.674199991859496
transition_first,0.5,16,0.75,4,5,29.33270001085475
transition_warm,0.5,16,0.75,4,5,29.11340002901852
transition_first,0.5,16,0.75,4,6,44.729100016411394
transition_warm,0.5,16,0.75,4,6,31.711100018583238
transition_first,0.5,16,0.75,4,7,30.79669998260215
transition_warm,0.5,16,0.75,4,7,40.97730002831668
transition_first,0.5,16,0.75,4,8,29.607599950395525
transition_warm,0.5,16,0.75,4,8,29.47940002195537
transition_first,0.5,16,0.75,4,9,31.749799964018166
transition_warm,0.5,16,0.75,4,9,29.67969997553155
transition_first,1.0,32,0.25,4,0,26.8806999665685
transition_warm,1.0,32,0.25,4,0,28.969000035431236
transition_first,1.0,32,0.25,4,1,30.476199986878783
transition_warm,1.0,32,0.25,4,1,28.68370001669973
transition_first,1.0,32,0.25,4,2,30.11049999622628
transition_warm,1.0,32,0.25,4,2,30.87529999902472
transition_first,1.0,32,0.25,4,3,28.385599958710372
transition_warm,1.0,32,0.25,4,3,28.907200030516833
transition_first,1.0,32,0.25,4,4,28.12400000402704
transition_warm,1.0,32,0.25,4,4,27.579399989917874
transition_first,1.0,32,0.25,4,5,38.67549996357411
transition_warm,1.0,32,0.25,4,5,26.92089998163283
transition_first,1.0,32,0.25,4,6,28.103600023314357
transition_warm,1.0,32,0.25,4,6,27.65539998654276
transition_first,1.0,32,0.25,4,7,30.10470001026988
transition_warm,1.0,32,0.25,4,7,27.948700007982552
transition_first,1.0,32,0.25,4,8,32.65579999424517
transition_warm,1.0,32,0.25,4,8,31.947000010404736
transition_first,1.0,32,0.25,4,9,32.039200013969094
transition_warm,1.0,32,0.25,4,9,28.19769998313859
transition_first,1.0,4,0.25,4,0,37.944700045045465
transition_warm,1.0,4,0.25,4,0,27.431199967395514
transition_first,1.0,4,0.25,4,1,45.3665999812074
transition_warm,1.0,4,0.25,4,1,32.95229998184368
transition_first,1.0,4,0.25,4,2,26.49859996745363
transition_warm,1.0,4,0.25,4,2,27.439899975433946
transition_first,1.0,4,0.25,4,3,27.332400029990822
transition_warm,1.0,4,0.25,4,3,28.899299970362335
transition_first,1.0,4,0.25,4,4,27.113900054246187
transition_warm,1.0,4,0.25,4,4,28.79810001468286
transition_first,1.0,4,0.25,4,5,33.06390001671389
transition_warm,1.0,4,0.25,4,5,28.009300003759563
transition_first,1.0,4,0.25,4,6,33.03230000892654
transition_warm,1.0,4,0.25,4,6,27.70279999822378
transition_first,1.0,4,0.25,4,7,29.229999985545874
transition_warm,1.0,4,0.25,4,7,25.604099966585636
transition_first,1.0,4,0.25,4,8,27.896700019482523
transition_warm,1.0,4,0.25,4,8,28.545000008307397
transition_first,1.0,4,0.25,4,9,27.2971999947913
transition_warm,1.0,4,0.25,4,9,28.19479996105656
transition_first,0.75,8,0.5,4,0,28.955399990081787
transition_warm,0.75,8,0.5,4,0,33.458300051279366
transition_first,0.75,8,0.5,4,1,36.893899959977716
transition_warm,0.75,8,0.5,4,1,32.84330002497882
transition_first,0.75,8,0.5,4,2,33.22479996131733
transition_warm,0.75,8,0.5,4,2,28.320199984591454
transition_first,0.75,8,0.5,4,3,48.1848000199534
transition_warm,0.75,8,0.5,4,3,35.27210000902414
transition_first,0.75,8,0.5,4,4,28.002000006381422
transition_warm,0.75,8,0.5,4,4,41.46559996297583
transition_first,0.75,8,0.5,4,5,27.09399996092543
transition_warm,0.75,8,0.5,4,5,28.430900012608618
transition_first,0.75,8,0.5,4,6,31.23829996911809
transition_warm,0.75,8,0.5,4,6,28.332100016996264
transition_first,0.75,8,0.5,4,7,31.510100001469254
transition_warm,0.75,8,0.5,4,7,44.635399943217635
transition_first,0.75,8,0.5,4,8,29.193300055339932
transition_warm,0.75,8,0.5,4,8,29.453899944201112
transition_first,0.75,8,0.5,4,9,29.73879995988682
transition_warm,0.75,8,0.5,4,9,27.404199994634837
transition_first,0.75,32,1.0,32,0,13.258300023153424
transition_warm,0.75,32,1.0,32,0,10.622300032991916
transition_first,0.75,32,1.0,32,1,9.929199994076043
transition_warm,0.75,32,1.0,32,1,10.401899984572083
transition_first,0.75,32,1.0,32,2,9.659699979238212
transition_warm,0.75,32,1.0,32,2,11.348899977747351
transition_first,0.75,32,1.0,32,3,9.002699982374907
transition_warm,0.75,32,1.0,32,3,10.449299996253103
transition_first,0.75,32,1.0,32,4,9.757999971043319
transition_warm,0.75,32,1.0,32,4,10.328800010029227
transition_first,0.75,32,1.0,32,5,9.17859998298809
transition_warm,0.75,32,1.0,32,5,9.598500037100166
transition_first,0.75,32,1.0,32,6,13.441900024190545
transition_warm,0.75,32,1.0,32,6,10.50899998517707
transition_first,0.75,32,1.0,32,7,9.929099993314594
transition_warm,0.75,32,1.0,32,7,10.584699979517609
transition_first,0.75,32,1.0,32,8,10.897399974055588
transition_warm,0.75,32,1.0,32,8,10.278500034473836
transition_first,0.75,32,1.0,32,9,9.834099968429655
transition_warm,0.75,32,1.0,32,9,11.13719999557361
transition_first,1.0,32,0.5,8,0,29.30630004266277
transition_warm,1.0,32,0.5,8,0,28.006099979393184
transition_first,1.0,32,0.5,8,1,28.264999971725047
transition_warm,1.0,32,0.5,8,1,28.28120003687218
transition_first,1.0,32,0.5,8,2,28.141000017058104
transition_warm,1.0,32,0.5,8,2,27.124299958813936
transition_first,1.0,32,0.5,8,3,31.980900035705417
transition_warm,1.0,32,0.5,8,3,29.2765999911353
transition_first,1.0,32,0.5,8,4,28.85890001198277
transition_warm,1.0,32,0.5,8,4,29.761400015559047
transition_first,1.0,32,0.5,8,5,28.77860004082322
transition_warm,1.0,32,0.5,8,5,28.68240000680089
transition_first,1.0,32,0.5,8,6,28.53289997437969
transition_warm,1.0,32,0.5,8,6,31.601900001987815
transition_first,1.0,32,0.5,8,7,32.750300015322864
transition_warm,1.0,32,0.5,8,7,31.241399992723018
transition_first,1.0,32,0.5,8,8,28.60229997895658
transition_warm,1.0,32,0.5,8,8,28.927499952260405
transition_first,1.0,32,0.5,8,9,32.68679999746382
transition_warm,1.0,32,0.5,8,9,28.20080000674352
transition_first,0.75,32,0.75,16,0,29.37750000273809
transition_warm,0.75,32,0.75,16,0,46.27460002666339
transition_first,0.75,32,0.75,16,1,29.429800051730126
transition_warm,0.75,32,0.75,16,1,28.810799994971603
transition_first,0.75,32,0.75,16,2,30.40970000438392
transition_warm,0.75,32,0.75,16,2,34.00250000413507
transition_first,0.75,32,0.75,16,3,28.83359999395907
transition_warm,0.75,32,0.75,16,3,32.81649999553338
transition_first,0.75,32,0.75,16,4,33.93899998627603
transition_warm,0.75,32,0.75,16,4,32.33039996121079
transition_first,0.75,32,0.75,16,5,30.69159999722615
transition_warm,0.75,32,0.75,16,5,34.01880001183599
transition_first,0.75,32,0.75,16,6,33.73199998168275
transition_warm,0.75,32,0.75,16,6,29.192500049248338
transition_first,0.75,32,0.75,16,7,29.019599955063313
transition_warm,0.75,32,0.75,16,7,38.063300016801804
transition_first,0.75,32,0.75,16,8,30.472699960228056
transition_warm,0.75,32,0.75,16,8,29.527800041250885
transition_first,0.75,32,0.75,16,9,29.785699967760593
transition_warm,0.75,32,0.75,16,9,34.03229999821633
transition_first,0.25,4,0.75,4,0,28.603400045540184
transition_warm,0.25,4,0.75,4,0,28.39200000744313
transition_first,0.25,4,0.75,4,1,29.723400017246604
transition_warm,0.25,4,0.75,4,1,29.771900037303567
transition_first,0.25,4,0.75,4,2,31.12860000692308
transition_warm,0.25,4,0.75,4,2,34.064300009049475
transition_first,0.25,4,0.75,4,3,29.923100024461746
transition_warm,0.25,4,0.75,4,3,28.84550002636388
transition_first,0.25,4,0.75,4,4,31.46510000806302
transition_warm,0.25,4,0.75,4,4,29.479100019671023
transition_first,0.25,4,0.75,4,5,30.677300004754215
transition_warm,0.25,4,0.75,4,5,29.211900022346526
transition_first,0.25,4,0.75,4,6,29.158400022424757
transition_warm,0.25,4,0.75,4,6,28.73249998083338
transition_first,0.25,4,0.75,4,7,37.89030003827065
transition_warm,0.25,4,0.75,4,7,41.89419996691868
transition_first,0.25,4,0.75,4,8,41.789399983827025
transition_warm,0.25,4,0.75,4,8,38.87109999777749
transition_first,0.25,4,0.75,4,9,27.864000003319234
transition_warm,0.25,4,0.75,4,9,31.191400019451976
transition_first,0.25,8,0.25,16,0,34.904300002381206
transition_warm,0.25,8,0.25,16,0,31.691899988800287
transition_first,0.25,8,0.25,16,1,27.749999950174242
transition_warm,0.25,8,0.25,16,1,28.36239995667711
transition_first,0.25,8,0.25,16,2,28.262300009373575
transition_warm,0.25,8,0.25,16,2,37.120900000445545
transition_first,0.25,8,0.25,16,3,34.76559999398887
transition_warm,0.25,8,0.25,16,3,28.432199964299798
transition_first,0.25,8,0.25,16,4,28.470100020058453
transition_warm,0.25,8,0.25,16,4,44.26739999325946
transition_first,0.25,8,0.25,16,5,26.94579999661073
transition_warm,0.25,8,0.25,16,5,28.737999964505434
transition_first,0.25,8,0.25,16,6,27.13090000906959
transition_warm,0.25,8,0.25,16,6,27.37730002263561
transition_first,0.25,8,0.25,16,7,30.099600029643625
transition_warm,0.25,8,0.25,16,7,31.387299997732043
transition_first,0.25,8,0.25,16,8,37.750800023786724
transition_warm,0.25,8,0.25,16,8,34.766600001603365
transition_first,0.25,8,0.25,16,9,36.86399996513501
transition_warm,0.25,8,0.25,16,9,28.004900028463453
transition_first,1.0,8,0.75,8,0,71.87669997802004
transition_warm,1.0,8,0.75,8,0,61.01740000303835
transition_first,1.0,8,0.75,8,1,29.119200014974922
transition_warm,1.0,8,0.75,8,1,29.331900004763156
transition_first,1.0,8,0.75,8,2,39.3346999771893
transition_warm,1.0,8,0.75,8,2,29.62340001249686
transition_first,1.0,8,0.75,8,3,30.73429997311905
transition_warm,1.0,8,0.75,8,3,29.558299982454628
transition_first,1.0,8,0.75,8,4,29.00819998467341
transition_warm,1.0,8,0.75,8,4,31.838700000662357
transition_first,1.0,8,0.75,8,5,30.170699988957494
transition_warm,1.0,8,0.75,8,5,32.16740000061691
transition_first,1.0,8,0.75,8,6,28.69999996619299
transition_warm,1.0,8,0.75,8,6,28.191700053866953
transition_first,1.0,8,0.75,8,7,34.193200001027435
transition_warm,1.0,8,0.75,8,7,30.379900010302663
transition_first,1.0,8,0.75,8,8,30.186899995896965
transition_warm,1.0,8,0.75,8,8,32.0874999742955
transition_first,1.0,8,0.75,8,9,29.44249997381121
transition_warm,1.0,8,0.75,8,9,29.23629997530952
transition_first,1.0,8,0.25,4,0,28.985699987970293
transition_warm,1.0,8,0.25,4,0,28.452300000935793
transition_first,1.0,8,0.25,4,1,27.67340000718832
transition_warm,1.0,8,0.25,4,1,34.101400000508875
transition_first,1.0,8,0.25,4,2,26.07500000158325
transition_warm,1.0,8,0.25,4,2,33.33029994973913
transition_first,1.0,8,0.25,4,3,27.859300025738776
transition_warm,1.0,8,0.25,4,3,27.80059998622164
transition_first,1.0,8,0.25,4,4,27.87769999122247
transition_warm,1.0,8,0.25,4,4,27.648799994494766
transition_first,1.0,8,0.25,4,5,27.102599968202412
transition_warm,1.0,8,0.25,4,5,28.618200041819364
transition_first,1.0,8,0.25,4,6,26.57270000781864
transition_warm,1.0,8,0.25,4,6,28.40249997097999
transition_first,1.0,8,0.25,4,7,36.603800021111965
transition_warm,1.0,8,0.25,4,7,30.30199999921024
transition_first,1.0,8,0.25,4,8,31.40089998487383
transition_warm,1.0,8,0.25,4,8,33.08449999894947
transition_first,1.0,8,0.25,4,9,35.042000003159046
transition_warm,1.0,8,0.25,4,9,28.764599992427975
transition_first,0.5,32,0.75,32,0,11.018899967893958
transition_warm,0.5,32,0.75,32,0,11.982400028500706
transition_first,0.5,32,0.75,32,1,12.109300005249679
transition_warm,0.5,32,0.75,32,1,13.903099985327572
transition_first,0.5,32,0.75,32,2,15.601899998728186
transition_warm,0.5,32,0.75,32,2,14.936099993065
transition_first,0.5,32,0.75,32,3,10.33699995605275
transition_warm,0.5,32,0.75,32,3,10.153000010177493
transition_first,0.5,32,0.75,32,4,10.507799976039678
transition_warm,0.5,32,0.75,32,4,10.390100011136383
transition_first,0.5,32,0.75,32,5,11.521700012963265
transition_warm,0.5,32,0.75,32,5,16.83099998626858
transition_first,0.5,32,0.75,32,6,14.571899955626577
transition_warm,0.5,32,0.75,32,6,14.759999990928918
transition_first,0.5,32,0.75,32,7,11.61290000891313
transition_warm,0.5,32,0.75,32,7,10.008100012782961
transition_first,0.5,32,0.75,32,8,11.003600026015192
transition_warm,0.5,32,0.75,32,8,10.341899993363768
transition_first,0.5,32,0.75,32,9,11.087200022302568
transition_warm,0.5,32,0.75,32,9,10.134900046978146
transition_first,0.5,4,0.75,4,0,29.54780001891777
transition_warm,0.5,4,0.75,4,0,29.177799995522946
transition_first,0.5,4,0.75,4,1,29.404700035229325
transition_warm,0.5,4,0.75,4,1,43.40759996557608
transition_first,0.5,4,0.75,4,2,28.729000012390316
transition_warm,0.5,4,0.75,4,2,28.27770001022145
transition_first,0.5,4,0.75,4,3,28.693899977952242
transition_warm,0.5,4,0.75,4,3,30.219300009775907
transition_first,0.5,4,0.75,4,4,32.310200040228665
transition_warm,0.5,4,0.75,4,4,29.69120000489056
transition_first,0.5,4,0.75,4,5,29.33270001085475
transition_warm,0.5,4,0.75,4,5,29.835800000000745
transition_first,0.5,4,0.75,4,6,30.569299997296184
transition_warm,0.5,4,0.75,4,6,29.559799993876368
transition_first,0.5,4,0.75,4,7,29.862300027161837
transition_warm,0.5,4,0.75,4,7,29.412299976684153
transition_first,0.5,4,0.75,4,8,29.32850003708154
transition_warm,0.5,4,0.75,4,8,29.155299998819828
transition_first,0.5,4,0.75,4,9,28.336499992292374
transition_warm,0.5,4,0.75,4,9,28.21870002662763
transition_first,0.25,8,0.25,32,0,16.14490000065416
transition_warm,0.25,8,0.25,32,0,11.053599999286234
transition_first,0.25,8,0.25,32,1,10.040200024377555
transition_warm,0.25,8,0.25,32,1,10.318499989807606
transition_first,0.25,8,0.25,32,2,16.305500001180917
transition_warm,0.25,8,0.25,32,2,11.188799981027842
transition_first,0.25,8,0.25,32,3,10.690100025385618
transition_warm,0.25,8,0.25,32,3,11.116700014099479
transition_first,0.25,8,0.25,32,4,10.366600006818771
transition_warm,0.25,8,0.25,32,4,10.604400013107806
transition_first,0.25,8,0.25,32,5,10.27790002990514
transition_warm,0.25,8,0.25,32,5,10.222399956546724
transition_first,0.25,8,0.25,32,6,10.679900005925447
transition_warm,0.25,8,0.25,32,6,10.38309995783493
transition_first,0.25,8,0.25,32,7,13.275899982545525
transition_warm,0.25,8,0.25,32,7,12.780599994584918
transition_first,0.25,8,0.25,32,8,10.854399995878339
transition_warm,0.25,8,0.25,32,8,10.4632000438869
transition_first,0.25,8,0.25,32,9,10.44829998863861
transition_warm,0.25,8,0.25,32,9,10.660999978426844
transition_first,1.0,4,0.25,16,0,26.905299979262054
transition_warm,1.0,4,0.25,16,0,29.764600039925426
transition_first,1.0,4,0.25,16,1,37.349199992604554
transition_warm,1.0,4,0.25,16,1,29.134200012777
transition_first,1.0,4,0.25,16,2,26.860600046347827
transition_warm,1.0,4,0.25,16,2,27.86299999570474
transition_first,1.0,4,0.25,16,3,29.080500011332333
transition_warm,1.0,4,0.25,16,3,33.29950000625104
transition_first,1.0,4,0.25,16,4,39.09989999374375
transition_warm,1.0,4,0.25,16,4,36.963900027330965
transition_first,1.0,4,0.25,16,5,29.42470001289621
transition_warm,1.0,4,0.25,16,5,34.15260004112497
transition_first,1.0,4,0.25,16,6,28.64659996703267
transition_warm,1.0,4,0.25,16,6,29.116199992131442
transition_first,1.0,4,0.25,16,7,25.36080003483221
transition_warm,1.0,4,0.25,16,7,31.01909998804331
transition_first,1.0,4,0.25,16,8,26.325499988161027
transition_warm,1.0,4,0.25,16,8,26.29539999179542
transition_first,1.0,4,0.25,16,9,35.0105999968946
transition_warm,1.0,4,0.25,16,9,28.586999978870153
transition_first,0.25,8,0.75,16,0,28.80840003490448
transition_warm,0.25,8,0.75,16,0,33.61600002972409
transition_first,0.25,8,0.75,16,1,35.465800028759986
transition_warm,0.25,8,0.75,16,1,28.447399963624775
transition_first,0.25,8,0.75,16,2,38.88569999253377
transition_warm,0.25,8,0.75,16,2,30.923800019081682
transition_first,0.25,8,0.75,16,3,30.655000009573996
transition_warm,0.25,8,0.75,16,3,30.892500013578683
transition_first,0.25,8,0.75,16,4,31.461100035812706
transition_warm,0.25,8,0.75,16,4,29.62019998813048
transition_first,0.25,8,0.75,16,5,39.58260000217706
transition_warm,0.25,8,0.75,16,5,32.392899971455336
transition_first,0.25,8,0.75,16,6,28.431100014131516
transition_warm,0.25,8,0.75,16,6,36.25030000694096
transition_first,0.25,8,0.75,16,7,29.208699997980148
transition_warm,0.25,8,0.75,16,7,28.87649997137487
transition_first,0.25,8,0.75,16,8,31.882000039331615
transition_warm,0.25,8,0.75,16,8,29.275999986566603
transition_first,0.25,8,0.75,16,9,29.794700036291033
transition_warm,0.25,8,0.75,16,9,29.507100000046194
transition_first,1.0,4,0.25,8,0,28.90340000158176
transition_warm,1.0,4,0.25,8,0,28.798800020013005
transition_first,1.0,4,0.25,8,1,38.40199997648597
transition_warm,1.0,4,0.25,8,1,44.121500046458095
transition_first,1.0,4,0.25,8,2,43.10980002628639
transition_warm,1.0,4,0.25,8,2,28.111199964769185
transition_first,1.0,4,0.25,8,3,27.730600035283715
transition_warm,1.0,4,0.25,8,3,36.44050000002608
transition_first,1.0,4,0.25,8,4,27.87789999274537
transition_warm,1.0,4,0.25,8,4,36.89320001285523
transition_first,1.0,4,0.25,8,5,27.53389999270439
transition_warm,1.0,4,0.25,8,5,27.22910000011325
transition_first,1.0,4,0.25,8,6,39.489999995566905
transition_warm,1.0,4,0.25,8,6,32.26959996391088
transition_first,1.0,4,0.25,8,7,27.610100049059838
transition_warm,1.0,4,0.25,8,7,30.432600004132837
transition_first,1.0,4,0.25,8,8,31.281500007025898
transition_warm,1.0,4,0.25,8,8,28.51220004959032
transition_first,1.0,4,0.25,8,9,28.061199991498142
transition_warm,1.0,4,0.25,8,9,30.551400035619736
transition_first,0.75,16,0.25,8,0,28.1356000341475
transition_warm,0.75,16,0.25,8,0,28.537799953483045
transition_first,0.75,16,0.25,8,1,36.856999970041215
transition_warm,0.75,16,0.25,8,1,33.34899997571483
transition_first,0.75,16,0.25,8,2,29.146399989258498
transition_warm,0.75,16,0.25,8,2,35.43160000117496
transition_first,0.75,16,0.25,8,3,26.696100016124547
transition_warm,0.75,16,0.25,8,3,32.117599970661104
transition_first,0.75,16,0.25,8,4,28.80830003414303
transition_warm,0.75,16,0.25,8,4,27.927799965254962
transition_first,0.75,16,0.25,8,5,31.12280002096668
transition_warm,0.75,16,0.25,8,5,28.242899978067726
transition_first,0.75,16,0.25,8,6,29.95070000179112
transition_warm,0.75,16,0.25,8,6,27.782400022260845
transition_first,0.75,16,0.25,8,7,27.74150000186637
transition_warm,0.75,16,0.25,8,7,32.24590001627803
transition_first,0.75,16,0.25,8,8,30.475900042802095
transition_warm,0.75,16,0.25,8,8,30.157200002577156
transition_first,0.75,16,0.25,8,9,45.24319997290149
transition_warm,0.75,16,0.25,8,9,31.848000013269484
transition_first,0.75,32,0.75,4,0,32.07389998715371
transition_warm,0.75,32,0.75,4,0,28.995800006669015
transition_first,0.75,32,0.75,4,1,29.5176999643445
transition_warm,0.75,32,0.75,4,1,29.4378999969922
transition_first,0.75,32,0.75,4,2,29.18139996472746
transition_warm,0.75,32,0.75,4,2,29.74750002613291
transition_first,0.75,32,0.75,4,3,29.22630001557991
transition_warm,0.75,32,0.75,4,3,30.327600019518286
transition_first,0.75,32,0.75,4,4,38.07469998719171
transition_warm,0.75,32,0.75,4,4,28.994399996008724
transition_first,0.75,32,0.75,4,5,30.03359999274835
transition_warm,0.75,32,0.75,4,5,32.46210003271699
transition_first,0.75,32,0.75,4,6,29.927199997473508
transition_warm,0.75,32,0.75,4,6,28.939099982380867
transition_first,0.75,32,0.75,4,7,28.9416000014171
transition_warm,0.75,32,0.75,4,7,30.136200017295778
transition_first,0.75,32,0.75,4,8,29.210699955001473
transition_warm,0.75,32,0.75,4,8,29.866900003980845
transition_first,0.75,32,0.75,4,9,29.91380001185462
transition_warm,0.75,32,0.75,4,9,28.68539997143671
transition_first,1.0,4,0.5,16,0,28.696500055957586
transition_warm,1.0,4,0.5,16,0,29.324600007385015
transition_first,1.0,4,0.5,16,1,34.97739997692406
transition_warm,1.0,4,0.5,16,1,37.53349999897182
transition_first,1.0,4,0.5,16,2,33.766700013075024
transition_warm,1.0,4,0.5,16,2,29.071400000248104
transition_first,1.0,4,0.5,16,3,116.82629998540506
transition_warm,1.0,4,0.5,16,3,39.922800031490624
transition_first,1.0,4,0.5,16,4,28.4688999527134
transition_warm,1.0,4,0.5,16,4,30.60830000322312
transition_first,1.0,4,0.5,16,5,36.166600009892136
transition_warm,1.0,4,0.5,16,5,31.20420000050217
transition_first,1.0,4,0.5,16,6,28.448599972762167
transition_warm,1.0,4,0.5,16,6,29.787200037389994
transition_first,1.0,4,0.5,16,7,31.17440000642091
transition_warm,1.0,4,0.5,16,7,32.39659999962896
transition_first,1.0,4,0.5,16,8,29.14459997555241
transition_warm,1.0,4,0.5,16,8,27.905099967028946
transition_first,1.0,4,0.5,16,9,28.152999992016703
transition_warm,1.0,4,0.5,16,9,28.88420003000647
transition_first,0.5,16,0.25,16,0,29.102700005751103
transition_warm,0.5,16,0.25,16,0,47.23769996780902
transition_first,0.5,16,0.25,16,1,27.60390000184998
transition_warm,0.5,16,0.25,16,1,27.77859999332577
transition_first,0.5,16,0.25,16,2,31.44719998817891
transition_warm,0.5,16,0.25,16,2,44.94940000586212
transition_first,0.5,16,0.25,16,3,29.118700011167675
transition_warm,0.5,16,0.25,16,3,26.0009000194259
transition_first,0.5,16,0.25,16,4,29.59930000361055
transition_warm,0.5,16,0.25,16,4,28.989400016143918
transition_first,0.5,16,0.25,16,5,28.36539997952059
transition_warm,0.5,16,0.25,16,5,27.74459996726364
transition_first,0.5,16,0.25,16,6,28.1474000075832
transition_warm,0.5,16,0.25,16,6,28.82170001976192
transition_first,0.5,16,0.25,16,7,29.715700016822666
transition_warm,0.5,16,0.25,16,7,28.87809998355806
transition_first,0.5,16,0.25,16,8,30.023899977095425
transition_warm,0.5,16,0.25,16,8,28.616299969144166
transition_first,0.5,16,0.25,16,9,26.673599961213768
transition_warm,0.5,16,0.25,16,9,27.725699997972697
transition_first,0.75,16,1.0,16,0,35.240900004282594
transition_warm,0.75,16,1.0,16,0,31.917199958115816
transition_first,0.75,16,1.0,16,1,33.233200025279075
transition_warm,0.75,16,1.0,16,1,33.757500001229346
transition_first,0.75,16,1.0,16,2,33.18179998314008
transition_warm,0.75,16,1.0,16,2,34.54389999387786
transition_first,0.75,16,1.0,16,3,36.380099947564304
transition_warm,0.75,16,1.0,16,3,38.6766999727115
transition_first,0.75,16,1.0,16,4,33.63520000129938
transition_warm,0.75,16,1.0,16,4,38.800999987870455
transition_first,0.75,16,1.0,16,5,32.74219995364547
transition_warm,0.75,16,1.0,16,5,33.51219999603927
transition_first,0.75,16,1.0,16,6,32.05179999349639
transition_warm,0.75,16,1.0,16,6,31.418099999427795
transition_first,0.75,16,1.0,16,7,33.78759999759495
transition_warm,0.75,16,1.0,16,7,33.019900030922145
transition_first,0.75,16,1.0,16,8,34.14970001904294
transition_warm,0.75,16,1.0,16,8,33.316200016997755
transition_first,0.75,16,1.0,16,9,33.70050003286451
transition_warm,0.75,16,1.0,16,9,32.69120003096759
transition_first,1.0,8,0.75,4,0,28.828100010287017
transition_warm,1.0,8,0.75,4,0,29.929400014225394
transition_first,1.0,8,0.75,4,1,27.954399993177503
transition_warm,1.0,8,0.75,4,1,38.7783000478521
transition_first,1.0,8,0.75,4,2,28.754299972206354
transition_warm,1.0,8,0.75,4,2,28.150699974503368
transition_first,1.0,8,0.75,4,3,29.596999986097217
transition_warm,1.0,8,0.75,4,3,53.1362000037916
transition_first,1.0,8,0.75,4,4,28.48079998511821
transition_warm,1.0,8,0.75,4,4,28.417899971827865
transition_first,1.0,8,0.75,4,5,30.195600003935397
transition_warm,1.0,8,0.75,4,5,28.78879994386807
transition_first,1.0,8,0.75,4,6,34.2295000446029
transition_warm,1.0,8,0.75,4,6,30.03520000493154
transition_first,1.0,8,0.75,4,7,30.65899998182431
transition_warm,1.0,8,0.75,4,7,28.441600035876036
transition_first,1.0,8,0.75,4,8,47.2715999931097
transition_warm,1.0,8,0.75,4,8,35.59300000779331
transition_first,1.0,8,0.75,4,9,29.219499963801354
transition_warm,1.0,8,0.75,4,9,28.60510000027716
transition_first,1.0,16,0.5,4,0,28.063900012057275
transition_warm,1.0,16,0.5,4,0,29.12090002791956
transition_first,1.0,16,0.5,4,1,44.303699978627264
transition_warm,1.0,16,0.5,4,1,39.287100022193044
transition_first,1.0,16,0.5,4,2,33.25810004025698
transition_warm,1.0,16,0.5,4,2,26.23349998611957
transition_first,1.0,16,0.5,4,3,29.866500000935048
transition_warm,1.0,16,0.5,4,3,34.8492999910377
transition_first,1.0,16,0.5,4,4,29.459099983796477
transition_warm,1.0,16,0.5,4,4,28.124100004788488
transition_first,1.0,16,0.5,4,5,32.14169997954741
transition_warm,1.0,16,0.5,4,5,37.32750000199303
transition_first,1.0,16,0.5,4,6,28.967300022486597
transition_warm,1.0,16,0.5,4,6,28.342900041025132
transition_first,1.0,16,0.5,4,7,29.806500009726733
transition_warm,1.0,16,0.5,4,7,39.518099976703525
transition_first,1.0,16,0.5,4,8,27.210600033868104
transition_warm,1.0,16,0.5,4,8,28.407099947798997
transition_first,1.0,16,0.5,4,9,30.740899965167046
transition_warm,1.0,16,0.5,4,9,29.57109996350482
transition_first,1.0,8,0.75,32,0,10.791799984872341
transition_warm,1.0,8,0.75,32,0,10.138499957975
transition_first,1.0,8,0.75,32,1,10.537000023759902
transition_warm,1.0,8,0.75,32,1,10.24690002668649
transition_first,1.0,8,0.75,32,2,10.361900029238313
transition_warm,1.0,8,0.75,32,2,13.050900015514344
transition_first,1.0,8,0.75,32,3,10.678399994503707
transition_warm,1.0,8,0.75,32,3,11.382700002286583
transition_first,1.0,8,0.75,32,4,11.772199999541044
transition_warm,1.0,8,0.75,32,4,13.587299967184663
transition_first,1.0,8,0.75,32,5,10.271200037095696
transition_warm,1.0,8,0.75,32,5,10.48540003830567
transition_first,1.0,8,0.75,32,6,10.678599996026605
transition_warm,1.0,8,0.75,32,6,10.747699998319149
transition_first,1.0,8,0.75,32,7,10.489499953109771
transition_warm,1.0,8,0.75,32,7,10.090700001455843
transition_first,1.0,8,0.75,32,8,10.451500013004988
transition_warm,1.0,8,0.75,32,8,11.205199989490211
transition_first,1.0,8,0.75,32,9,13.332100003026426
transition_warm,1.0,8,0.75,32,9,10.954299999866635
transition_first,1.0,4,0.25,32,0,9.946200007107109
transition_warm,1.0,4,0.25,32,0,9.815400000661612
transition_first,1.0,4,0.25,32,1,10.225400037597865
transition_warm,1.0,4,0.25,32,1,10.69279998773709
transition_first,1.0,4,0.25,32,2,9.549800015520304
transition_warm,1.0,4,0.25,32,2,9.787899965886027
transition_first,1.0,4,0.25,32,3,10.484899976290762
transition_warm,1.0,4,0.25,32,3,9.940300020389259
transition_first,1.0,4,0.25,32,4,10.469799977727234
transition_warm,1.0,4,0.25,32,4,12.036699976306409
transition_first,1.0,4,0.25,32,5,10.220800002571195
transition_warm,1.0,4,0.25,32,5,9.975499997381121
transition_first,1.0,4,0.25,32,6,10.457700002007186
transition_warm,1.0,4,0.25,32,6,9.36799996998161
transition_first,1.0,4,0.25,32,7,10.71479998063296
transition_warm,1.0,4,0.25,32,7,10.925700014922768
transition_first,1.0,4,0.25,32,8,16.965000017080456
transition_warm,1.0,4,0.25,32,8,11.169300007168204
transition_first,1.0,4,0.25,32,9,10.532399988733232
transition_warm,1.0,4,0.25,32,9,10.35489997593686
transition_first,1.0,4,1.0,16,0,33.47429999848828
transition_warm,1.0,4,1.0,16,0,32.75110002141446
transition_first,1.0,4,1.0,16,1,32.00810000998899
transition_warm,1.0,4,1.0,16,1,39.64069997891784
transition_first,1.0,4,1.0,16,2,30.893799965269864
transition_warm,1.0,4,1.0,16,2,35.4444999829866
transition_first,1.0,4,1.0,16,3,41.12629999872297
transition_warm,1.0,4,1.0,16,3,33.44689996447414
transition_first,1.0,4,1.0,16,4,50.97290000412613
transition_warm,1.0,4,1.0,16,4,34.734099986962974
transition_first,1.0,4,1.0,16,5,40.725500031840056
transition_warm,1.0,4,1.0,16,5,40.515300002880394
transition_first,1.0,4,1.0,16,6,34.486500022467226
transition_warm,1.0,4,1.0,16,6,34.148499951697886
transition_first,1.0,4,1.0,16,7,33.54239999316633
transition_warm,1.0,4,1.0,16,7,34.667500003706664
transition_first,1.0,4,1.0,16,8,32.72700001252815
transition_warm,1.0,4,1.0,16,8,33.35710003739223
transition_first,1.0,4,1.0,16,9,33.138300001155585
transition_warm,1.0,4,1.0,16,9,33.81569997873157
transition_first,0.5,8,0.75,32,0,10.210300039034337
transition_warm,0.5,8,0.75,32,0,10.715499985963106
transition_first,0.5,8,0.75,32,1,11.478799977339804
transition_warm,0.5,8,0.75,32,1,10.930799995549023
transition_first,0.5,8,0.75,32,2,10.263299976941198
transition_warm,0.5,8,0.75,32,2,11.669400031678379
transition_first,0.5,8,0.75,32,3,10.270800034049898
transition_warm,0.5,8,0.75,32,3,10.39479998871684
transition_first,0.5,8,0.75,32,4,9.960000053979456
transition_warm,0.5,8,0.75,32,4,16.470299975480884
transition_first,0.5,8,0.75,32,5,11.587999993935227
transition_warm,0.5,8,0.75,32,5,11.007900000549853
transition_first,0.5,8,0.75,32,6,10.232300031930208
transition_warm,0.5,8,0.75,32,6,10.938099992927164
transition_first,0.5,8,0.75,32,7,11.355499969795346
transition_warm,0.5,8,0.75,32,7,10.071499971672893
transition_first,0.5,8,0.75,32,8,11.315200012177229
transition_warm,0.5,8,0.75,32,8,15.190099948085845
transition_first,0.5,8,0.75,32,9,12.263700016774237
transition_warm,0.5,8,0.75,32,9,10.256399982608855
transition_first,0.25,32,0.5,16,0,48.77250001300126
transition_warm,0.25,32,0.5,16,0,41.34989995509386
transition_first,0.25,32,0.5,16,1,32.25160000147298
transition_warm,0.25,32,0.5,16,1,27.025700022932142
transition_first,0.25,32,0.5,16,2,28.48519996041432
transition_warm,0.25,32,0.5,16,2,29.70770001411438
transition_first,0.25,32,0.5,16,3,28.770299977622926
transition_warm,0.25,32,0.5,16,3,29.84530001413077
transition_first,0.25,32,0.5,16,4,33.75489998143166
transition_warm,0.25,32,0.5,16,4,27.493800036609173
transition_first,0.25,32,0.5,16,5,29.785199963953346
transition_warm,0.25,32,0.5,16,5,28.098099981434643
transition_first,0.25,32,0.5,16,6,34.173999971244484
transition_warm,0.25,32,0.5,16,6,29.41870002541691
transition_first,0.25,32,0.5,16,7,28.962999989744276
transition_warm,0.25,32,0.5,16,7,29.345199989620596
transition_first,0.25,32,0.5,16,8,30.861100007314235
transition_warm,0.25,32,0.5,16,8,40.33570003230125
transition_first,0.25,32,0.5,16,9,30.253899982199073
transition_warm,0.25,32,0.5,16,9,39.41219998523593
transition_first,0.25,8,0.75,4,0,29.74309999262914
transition_warm,0.25,8,0.75,4,0,31.017799978144467
transition_first,0.25,8,0.75,4,1,30.428300029598176
transition_warm,0.25,8,0.75,4,1,39.851299952715635
transition_first,0.25,8,0.75,4,2,29.00530002079904
transition_warm,0.25,8,0.75,4,2,38.691099965944886
transition_first,0.25,8,0.75,4,3,29.637300001922995
transition_warm,0.25,8,0.75,4,3,33.255300018936396
transition_first,0.25,8,0.75,4,4,32.763600000180304
transition_warm,0.25,8,0.75,4,4,31.754800002090633
transition_first,0.25,8,0.75,4,5,31.88979998230934
transition_warm,0.25,8,0.75,4,5,31.041700043715537
transition_first,0.25,8,0.75,4,6,29.19339999789372
transition_warm,0.25,8,0.75,4,6,30.575700046028942
transition_first,0.25,8,0.75,4,7,29.94060004130006
transition_warm,0.25,8,0.75,4,7,31.040800036862493
transition_first,0.25,8,0.75,4,8,30.932499968912452
transition_warm,0.25,8,0.75,4,8,28.874200012069196
transition_first,0.25,8,0.75,4,9,32.17140003107488
transition_warm,0.25,8,0.75,4,9,35.5322000104934
transition_first,0.5,32,1.0,4,0,34.735599998384714
transition_warm,0.5,32,1.0,4,0,31.844899989664555
transition_first,0.5,32,1.0,4,1,33.286299963947386
transition_warm,0.5,32,1.0,4,1,39.169800002127886
transition_first,0.5,32,1.0,4,2,31.33319999324158
transition_warm,0.5,32,1.0,4,2,34.33029999723658
transition_first,0.5,32,1.0,4,3,33.46160001819953
transition_warm,0.5,32,1.0,4,3,33.16029999405146
transition_first,0.5,32,1.0,4,4,33.16089999862015
transition_warm,0.5,32,1.0,4,4,42.827899975236505
transition_first,0.5,32,1.0,4,5,33.095200022216886
transition_warm,0.5,32,1.0,4,5,34.06340000219643
transition_first,0.5,32,1.0,4,6,35.17459996510297
transition_warm,0.5,32,1.0,4,6,31.720200029667467
transition_first,0.5,32,1.0,4,7,34.64460000395775
transition_warm,0.5,32,1.0,4,7,33.526600047480315
transition_first,0.5,32,1.0,4,8,45.263900014106184
transition_warm,0.5,32,1.0,4,8,32.953200046904385
transition_first,0.5,32,1.0,4,9,33.0054999794811
transition_warm,0.5,32,1.0,4,9,32.270199968479574
transition_first,0.75,16,1.0,32,0,18.837599956896156
transition_warm,0.75,16,1.0,32,0,16.818300005979836
transition_first,0.75,16,1.0,32,1,9.336100018117577
transition_warm,0.75,16,1.0,32,1,10.512299952097237
transition_first,0.75,16,1.0,32,2,10.884999996051192
transition_warm,0.75,16,1.0,32,2,9.9904999951832
transition_first,0.75,16,1.0,32,3,12.226899969391525
transition_warm,0.75,16,1.0,32,3,9.32530005229637
transition_first,0.75,16,1.0,32,4,17.904400010593235
transition_warm,0.75,16,1.0,32,4,22.899999981746078
transition_first,0.75,16,1.0,32,5,10.086000023875386
transition_warm,0.75,16,1.0,32,5,10.347899980843067
transition_first,0.75,16,1.0,32,6,10.269799968227744
transition_warm,0.75,16,1.0,32,6,9.152099955826998
transition_first,0.75,16,1.0,32,7,11.15939998999238
transition_warm,0.75,16,1.0,32,7,10.729499976150692
transition_first,0.75,16,1.0,32,8,10.361200023908168
transition_warm,0.75,16,1.0,32,8,10.358600004110485
transition_first,0.75,16,1.0,32,9,10.081199987325817
transition_warm,0.75,16,1.0,32,9,9.988799982238561
transition_first,1.0,16,0.75,8,0,29.466499981936067
transition_warm,1.0,16,0.75,8,0,29.579199966974556
transition_first,1.0,16,0.75,8,1,47.730599995702505
transition_warm,1.0,16,0.75,8,1,36.88689996488392
transition_first,1.0,16,0.75,8,2,29.967500013299286
transition_warm,1.0,16,0.75,8,2,30.87360004428774
transition_first,1.0,16,0.75,8,3,29.42169999005273
transition_warm,1.0,16,0.75,8,3,35.699800006113946
transition_first,1.0,16,0.75,8,4,35.86199996061623
transition_warm,1.0,16,0.75,8,4,33.20400003576651
transition_first,1.0,16,0.75,8,5,30.083400022704154
transition_warm,1.0,16,0.75,8,5,31.492299982346594
transition_first,1.0,16,0.75,8,6,33.18029997171834
transition_warm,1.0,16,0.75,8,6,29.50479998253286
transition_first,1.0,16,0.75,8,7,33.037599991075695
transition_warm,1.0,16,0.75,8,7,31.16100002080202
transition_first,1.0,16,0.75,8,8,29.765799990855157
transition_warm,1.0,16,0.75,8,8,39.77259999373928
transition_first,1.0,16,0.75,8,9,29.664299974683672
transition_warm,1.0,16,0.75,8,9,30.819099978543818
transition_first,0.5,16,0.25,8,0,29.38630001153797
transition_warm,0.5,16,0.25,8,0,27.84529997734353
transition_first,0.5,16,0.25,8,1,28.17130001494661
transition_warm,0.5,16,0.25,8,1,30.197499960195273
transition_first,0.5,16,0.25,8,2,28.163100010715425
transition_warm,0.5,16,0.25,8,2,29.388900031335652
transition_first,0.5,16,0.25,8,3,36.26510000322014
transition_warm,0.5,16,0.25,8,3,47.88700002245605
transition_first,0.5,16,0.25,8,4,26.872899965383112
transition_warm,0.5,16,0.25,8,4,32.31730003608391
transition_first,0.5,16,0.25,8,5,30.85310000460595
transition_warm,0.5,16,0.25,8,5,35.83199996501207
transition_first,0.5,16,0.25,8,6,35.13289999682456
transition_warm,0.5,16,0.25,8,6,25.918900035321712
transition_first,0.5,16,0.25,8,7,31.81439999025315
transition_warm,0.5,16,0.25,8,7,27.680500003043562
transition_first,0.5,16,0.25,8,8,29.84410000499338
transition_warm,0.5,16,0.25,8,8,30.25170002365485
transition_first,0.5,16,0.25,8,9,30.34789999946952
transition_warm,0.5,16,0.25,8,9,29.871699982322752
transition_first,1.0,16,0.25,4,0,29.351499979384243
transition_warm,1.0,16,0.25,4,0,32.376800023484975
transition_first,1.0,16,0.25,4,1,41.28820000914857
transition_warm,1.0,16,0.25,4,1,26.94459998747334
transition_first,1.0,16,0.25,4,2,27.19500003149733
transition_warm,1.0,16,0.25,4,2,33.108500007074326
transition_first,1.0,16,0.25,4,3,26.758899970445782
transition_warm,1.0,16,0.25,4,3,33.10940001392737
transition_first,1.0,16,0.25,4,4,38.394999981392175
transition_warm,1.0,16,0.25,4,4,30.363199999555945
transition_first,1.0,16,0.25,4,5,46.551099978387356
transition_warm,1.0,16,0.25,4,5,27.343699999619275
transition_first,1.0,16,0.25,4,6,28.98180001648143
transition_warm,1.0,16,0.25,4,6,39.204099972266704
transition_first,1.0,16,0.25,4,7,28.20549998432398
transition_warm,1.0,16,0.25,4,7,28.72239996213466
transition_first,1.0,16,0.25,4,8,30.665200029034168
transition_warm,1.0,16,0.25,4,8,26.622599980328232
transition_first,1.0,16,0.25,4,9,28.3091000164859
transition_warm,1.0,16,0.25,4,9,28.587099979631603
transition_first,0.5,16,0.75,32,0,10.622299974784255
transition_warm,0.5,16,0.75,32,0,10.551300016231835
transition_first,0.5,16,0.75,32,1,10.86749997921288
transition_warm,0.5,16,0.75,32,1,10.600200039334595
transition_first,0.5,16,0.75,32,2,12.560300005134195
transition_warm,0.5,16,0.75,32,2,12.303399969823658
transition_first,0.5,16,0.75,32,3,9.68090002425015
transition_warm,0.5,16,0.75,32,3,13.681500044185668
transition_first,0.5,16,0.75,32,4,10.509299987461418
transition_warm,0.5,16,0.75,32,4,10.66900003934279
transition_first,0.5,16,0.75,32,5,11.207300005480647
transition_warm,0.5,16,0.75,32,5,10.784000041894615
transition_first,0.5,16,0.75,32,6,9.95039998088032
transition_warm,0.5,16,0.75,32,6,10.6971999630332
transition_first,0.5,16,0.75,32,7,16.678799991495907
transition_warm,0.5,16,0.75,32,7,11.435899999924004
transition_first,0.5,16,0.75,32,8,12.478699965868145
transition_warm,0.5,16,0.75,32,8,9.749599965289235
transition_first,0.5,16,0.75,32,9,10.21869998658076
transition_warm,0.5,16,0.75,32,9,12.557900045067072
transition_first,0.25,32,0.75,8,0,29.140500002540648
transition_warm,0.25,32,0.75,8,0,29.26909999223426
transition_first,0.25,32,0.75,8,1,30.656600021757185
transition_warm,0.25,32,0.75,8,1,28.50449999095872
transition_first,0.25,32,0.75,8,2,29.59779999218881
transition_warm,0.25,32,0.75,8,2,30.358400021214038
transition_first,0.25,32,0.75,8,3,27.92069996939972
transition_warm,0.25,32,0.75,8,3,29.83779995702207
transition_first,0.25,32,0.75,8,4,31.021500006318092
transition_warm,0.25,32,0.75,8,4,34.483499999623746
transition_first,0.25,32,0.75,8,5,28.82770000724122
transition_warm,0.25,32,0.75,8,5,29.777000017929822
transition_first,0.25,32,0.75,8,6,28.814000019337982
transition_warm,0.25,32,0.75,8,6,32.62929996708408
transition_first,0.25,32,0.75,8,7,30.176999978721142
transition_warm,0.25,32,0.75,8,7,30.735399981494993
transition_first,0.25,32,0.75,8,8,29.176199983339757
transition_warm,0.25,32,0.75,8,8,43.601400044281036
transition_first,0.25,32,0.75,8,9,36.76729998551309
transition_warm,0.25,32,0.75,8,9,38.80450001452118
transition_first,0.75,16,0.25,32,0,11.096599977463484
transition_warm,0.75,16,0.25,32,0,10.06149995373562
transition_first,0.75,16,0.25,32,1,14.229100022930652
transition_warm,0.75,16,0.25,32,1,15.405500016640872
transition_first,0.75,16,0.25,32,2,11.708199977874756
transition_warm,0.75,16,0.25,32,2,13.847700029145926
transition_first,0.75,16,0.25,32,3,10.417800047434866
transition_warm,0.75,16,0.25,32,3,10.427200002595782
transition_first,0.75,16,0.25,32,4,13.80720001179725
transition_warm,0.75,16,0.25,32,4,13.760799949523062
transition_first,0.75,16,0.25,32,5,11.89129997510463
transition_warm,0.75,16,0.25,32,5,22.718100051861256
transition_first,0.75,16,0.25,32,6,10.162999969907105
transition_warm,0.75,16,0.25,32,6,11.376299953553826
transition_first,0.75,16,0.25,32,7,11.134399974253029
transition_warm,0.75,16,0.25,32,7,10.426199994981289
transition_first,0.75,16,0.25,32,8,10.57280000532046
transition_warm,0.75,16,0.25,32,8,11.095400026533753
transition_first,0.75,16,0.25,32,9,10.774499969556928
transition_warm,0.75,16,0.25,32,9,11.500799970235676
transition_first,0.25,4,0.75,8,0,30.506799987051636
transition_warm,0.25,4,0.75,8,0,48.28109999652952
transition_first,0.25,4,0.75,8,1,30.373499961569905
transition_warm,0.25,4,0.75,8,1,30.185199982952327
transition_first,0.25,4,0.75,8,2,37.15589997591451
transition_warm,0.25,4,0.75,8,2,37.260200013406575
transition_first,0.25,4,0.75,8,3,28.976500034332275
transition_warm,0.25,4,0.75,8,3,29.52699997695163
transition_first,0.25,4,0.75,8,4,32.9508000286296
transition_warm,0.25,4,0.75,8,4,40.355099947191775
transition_first,0.25,4,0.75,8,5,29.097999969962984
transition_warm,0.25,4,0.75,8,5,30.59370000846684
transition_first,0.25,4,0.75,8,6,36.922200000844896
transition_warm,0.25,4,0.75,8,6,36.21230000862852
transition_first,0.25,4,0.75,8,7,30.533999961335212
transition_warm,0.25,4,0.75,8,7,30.9582999907434
transition_first,0.25,4,0.75,8,8,36.43009997904301
transition_warm,0.25,4,0.75,8,8,40.630600007716566
transition_first,0.25,4,0.75,8,9,29.530200001318008
transition_warm,0.25,4,0.75,8,9,29.918799991719425
transition_first,0.75,4,0.75,8,0,36.63849999429658
transition_warm,0.75,4,0.75,8,0,37.15579997515306
transition_first,0.75,4,0.75,8,1,35.736899997573346
transition_warm,0.75,4,0.75,8,1,33.840500051155686
transition_first,0.75,4,0.75,8,2,35.68189998622984
transition_warm,0.75,4,0.75,8,2,29.114600038155913
transition_first,0.75,4,0.75,8,3,29.68089998466894
transition_warm,0.75,4,0.75,8,3,29.989500006195158
transition_first,0.75,4,0.75,8,4,34.83839996624738
transition_warm,0.75,4,0.75,8,4,33.21419999701902
transition_first,0.75,4,0.75,8,5,30.751300044357777
transition_warm,0.75,4,0.75,8,5,30.164499999955297
transition_first,0.75,4,0.75,8,6,35.11739999521524
transition_warm,0.75,4,0.75,8,6,29.498199990484864
transition_first,0.75,4,0.75,8,7,30.187899945303798
transition_warm,0.75,4,0.75,8,7,29.225100006442517
transition_first,0.75,4,0.75,8,8,44.34539994690567
transition_warm,0.75,4,0.75,8,8,42.33500000555068
transition_first,0.75,4,0.75,8,9,34.50479998718947
transition_warm,0.75,4,0.75,8,9,36.73639998305589
transition_first,0.5,4,0.5,8,0,29.79970001615584
transition_warm,0.5,4,0.5,8,0,31.208100030198693
transition_first,0.5,4,0.5,8,1,30.02470004139468
transition_warm,0.5,4,0.5,8,1,27.299400011543185
transition_first,0.5,4,0.5,8,2,28.041900019161403
transition_warm,0.5,4,0.5,8,2,29.734799987636507
transition_first,0.5,4,0.5,8,3,30.564700020477176
transition_warm,0.5,4,0.5,8,3,35.578700015321374
transition_first,0.5,4,0.5,8,4,34.209400007966906
transition_warm,0.5,4,0.5,8,4,32.82090002903715
transition_first,0.5,4,0.5,8,5,34.10849999636412
transition_warm,0.5,4,0.5,8,5,34.805000002961606
transition_first,0.5,4,0.5,8,6,32.85600000526756
transition_warm,0.5,4,0.5,8,6,34.37569999368861
transition_first,0.5,4,0.5,8,7,28.35510001750663
transition_warm,0.5,4,0.5,8,7,26.278700039256364
transition_first,0.5,4,0.5,8,8,28.527600050438195
transition_warm,0.5,4,0.5,8,8,28.32230000058189
transition_first,0.5,4,0.5,8,9,29.41580000333488
transition_warm,0.5,4,0.5,8,9,27.623299974948168
transition_first,0.75,16,0.75,8,0,29.12690001539886
transition_warm,0.75,16,0.75,8,0,29.83039995888248
transition_first,0.75,16,0.75,8,1,29.55929999006912
transition_warm,0.75,16,0.75,8,1,31.241799995768815
transition_first,0.75,16,0.75,8,2,39.97769998386502
transition_warm,0.75,16,0.75,8,2,31.60250000655651
transition_first,0.75,16,0.75,8,3,31.461099977605045
transition_warm,0.75,16,0.75,8,3,34.691100008785725
transition_first,0.75,16,0.75,8,4,28.514300007373095
transition_warm,0.75,16,0.75,8,4,30.208999989554286
transition_first,0.75,16,0.75,8,5,31.140999984927475
transition_warm,0.75,16,0.75,8,5,28.37139996699989
transition_first,0.75,16,0.75,8,6,29.96240003267303
transition_warm,0.75,16,0.75,8,6,29.619199980515987
transition_first,0.75,16,0.75,8,7,29.55350000411272
transition_warm,0.75,16,0.75,8,7,29.717199970036745
transition_first,0.75,16,0.75,8,8,30.17749998252839
transition_warm,0.75,16,0.75,8,8,29.76820000912994
transition_first,0.75,16,0.75,8,9,29.094800003804266
transition_warm,0.75,16,0.75,8,9,29.94919999036938
transition_first,0.75,8,0.75,32,0,12.2306999983266
transition_warm,0.75,8,0.75,32,0,12.23059999756515
transition_first,0.75,8,0.75,32,1,12.687899987213314
transition_warm,0.75,8,0.75,32,1,13.143799966201186
transition_first,0.75,8,0.75,32,2,13.84720002533868
transition_warm,0.75,8,0.75,32,2,13.46180000109598
transition_first,0.75,8,0.75,32,3,13.451299979351461
transition_warm,0.75,8,0.75,32,3,11.833900003693998
transition_first,0.75,8,0.75,32,4,13.369799999054521
transition_warm,0.75,8,0.75,32,4,11.834500008262694
transition_first,0.75,8,0.75,32,5,19.010999996680766
transition_warm,0.75,8,0.75,32,5,14.768799999728799
transition_first,0.75,8,0.75,32,6,9.966399986296892
transition_warm,0.75,8,0.75,32,6,14.682999986689538
transition_first,0.75,8,0.75,32,7,12.43949995841831
transition_warm,0.75,8,0.75,32,7,10.185599967371672
transition_first,0.75,8,0.75,32,8,9.774999984074384
transition_warm,0.75,8,0.75,32,8,11.814799974672496
transition_first,0.75,8,0.75,32,9,10.505700018256903
transition_warm,0.75,8,0.75,32,9,11.860700033139437
transition_first,1.0,16,0.5,32,0,10.785699996631593
transition_warm,1.0,16,0.5,32,0,11.49720000103116
transition_first,1.0,16,0.5,32,1,13.089300016872585
transition_warm,1.0,16,0.5,32,1,11.421300005167723
transition_first,1.0,16,0.5,32,2,11.159899993799627
transition_warm,1.0,16,0.5,32,2,10.523100034333766
transition_first,1.0,16,0.5,32,3,13.298299978487194
transition_warm,1.0,16,0.5,32,3,12.053199985530227
transition_first,1.0,16,0.5,32,4,10.521999967750162
transition_warm,1.0,16,0.5,32,4,10.47350000590086
transition_first,1.0,16,0.5,32,5,10.647499992046505
transition_warm,1.0,16,0.5,32,5,10.610700002871454
transition_first,1.0,16,0.5,32,6,20.26399999158457
transition_warm,1.0,16,0.5,32,6,9.738299995660782
transition_first,1.0,16,0.5,32,7,13.01729999249801
transition_warm,1.0,16,0.5,32,7,11.761699977796525
transition_first,1.0,16,0.5,32,8,12.717099976725876
transition_warm,1.0,16,0.5,32,8,9.33999998960644
transition_first,1.0,16,0.5,32,9,10.162099963054061
transition_warm,1.0,16,0.5,32,9,10.939100000541657
transition_first,1.0,32,0.75,16,0,31.45140002015978
transition_warm,1.0,32,0.75,16,0,31.232899986207485
transition_first,1.0,32,0.75,16,1,31.197700009215623
transition_warm,1.0,32,0.75,16,1,36.12630005227402
transition_first,1.0,32,0.75,16,2,37.283599958755076
transition_warm,1.0,32,0.75,16,2,33.62509998260066
transition_first,1.0,32,0.75,16,3,34.72850000252947
transition_warm,1.0,32,0.75,16,3,27.961599989794195
transition_first,1.0,32,0.75,16,4,33.617000037338585
transition_warm,1.0,32,0.75,16,4,31.183000013697892
transition_first,1.0,32,0.75,16,5,32.03359997132793
transition_warm,1.0,32,0.75,16,5,32.370999979320914
transition_first,1.0,32,0.75,16,6,29.375299985986203
transition_warm,1.0,32,0.75,16,6,31.17610001936555
transition_first,1.0,32,0.75,16,7,30.393399996683
transition_warm,1.0,32,0.75,16,7,29.783899954054505
transition_first,1.0,32,0.75,16,8,31.233099987730384
transition_warm,1.0,32,0.75,16,8,46.47599998861551
transition_first,1.0,32,0.75,16,9,35.44539998983964
transition_warm,1.0,32,0.75,16,9,27.986900007817894
transition_first,0.5,32,1.0,32,0,10.531899984925985
transition_warm,0.5,32,1.0,32,0,10.365900001488626
transition_first,0.5,32,1.0,32,1,13.440500013530254
transition_warm,0.5,32,1.0,32,1,15.820099972188473
transition_first,0.5,32,1.0,32,2,10.469399974681437
transition_warm,0.5,32,1.0,32,2,10.417799989227206
transition_first,0.5,32,1.0,32,3,9.5875000115484
transition_warm,0.5,32,1.0,32,3,10.481400007847697
transition_first,0.5,32,1.0,32,4,10.058799991384149
transition_warm,0.5,32,1.0,32,4,9.847300010733306
transition_first,0.5,32,1.0,32,5,12.157099961768836
transition_warm,0.5,32,1.0,32,5,12.43970001814887
transition_first,0.5,32,1.0,32,6,9.933800029102713
transition_warm,0.5,32,1.0,32,6,11.476900021079928
transition_first,0.5,32,1.0,32,7,10.828199971001595
transition_warm,0.5,32,1.0,32,7,10.808800056111068
transition_first,0.5,32,1.0,32,8,10.128499998245388
transition_warm,0.5,32,1.0,32,8,11.09579997137189
transition_first,0.5,32,1.0,32,9,10.457299998961389
transition_warm,0.5,32,1.0,32,9,14.839899959042668
transition_first,0.75,8,0.25,8,0,36.168100021313876
transition_warm,0.75,8,0.25,8,0,29.78619997156784
transition_first,0.75,8,0.25,8,1,34.82990001793951
transition_warm,0.75,8,0.25,8,1,32.159099995624274
transition_first,0.75,8,0.25,8,2,28.280099970288575
transition_warm,0.75,8,0.25,8,2,29.562000010628253
transition_first,0.75,8,0.25,8,3,30.410999956075102
transition_warm,0.75,8,0.25,8,3,28.57249998487532
transition_first,0.75,8,0.25,8,4,30.500799999572337
transition_warm,0.75,8,0.25,8,4,38.40299998410046
transition_first,0.75,8,0.25,8,5,37.10340004181489
transition_warm,0.75,8,0.25,8,5,28.115499997511506
transition_first,0.75,8,0.25,8,6,34.13009998621419
transition_warm,0.75,8,0.25,8,6,30.628400039859116
transition_first,0.75,8,0.25,8,7,30.142700008582324
transition_warm,0.75,8,0.25,8,7,34.620100050233305
transition_first,0.75,8,0.25,8,8,27.557499997783452
transition_warm,0.75,8,0.25,8,8,29.058099957183003
transition_first,0.75,8,0.25,8,9,29.175100033171475
transition_warm,0.75,8,0.25,8,9,32.852299977093935
transition_first,1.0,8,1.0,16,0,33.35280000464991
transition_warm,1.0,8,1.0,16,0,33.77000003820285
transition_first,1.0,8,1.0,16,1,36.578400002326816
transition_warm,1.0,8,1.0,16,1,33.36850000778213
transition_first,1.0,8,1.0,16,2,34.794599981978536
transition_warm,1.0,8,1.0,16,2,33.123700006399304
transition_first,1.0,8,1.0,16,3,33.917599997948855
transition_warm,1.0,8,1.0,16,3,33.03799999412149
transition_first,1.0,8,1.0,16,4,42.07149997819215
transition_warm,1.0,8,1.0,16,4,31.300599977839738
transition_first,1.0,8,1.0,16,5,32.889499969314784
transition_warm,1.0,8,1.0,16,5,31.247699982486665
transition_first,1.0,8,1.0,16,6,34.54379999311641
transition_warm,1.0,8,1.0,16,6,41.04899999219924
transition_first,1.0,8,1.0,16,7,32.80829999130219
transition_warm,1.0,8,1.0,16,7,32.90819999529049
transition_first,1.0,8,1.0,16,8,36.205299955327064
transition_warm,1.0,8,1.0,16,8,33.49449997767806
transition_first,1.0,8,1.0,16,9,45.251699979417026
transition_warm,1.0,8,1.0,16,9,32.72009995998815
transition_first,0.25,8,0.5,4,0,31.914399995002896
transition_warm,0.25,8,0.5,4,0,27.545600023586303
transition_first,0.25,8,0.5,4,1,78.02829996217042
transition_warm,0.25,8,0.5,4,1,35.68889998132363
transition_first,0.25,8,0.5,4,2,32.68110001226887
transition_warm,0.25,8,0.5,4,2,31.587200006470084
transition_first,0.25,8,0.5,4,3,29.51379999285564
transition_warm,0.25,8,0.5,4,3,36.55690001323819
transition_first,0.25,8,0.5,4,4,29.490399989299476
transition_warm,0.25,8,0.5,4,4,27.7757000294514
transition_first,0.25,8,0.5,4,5,29.866500000935048
transition_warm,0.25,8,0.5,4,5,39.399599947500974
transition_first,0.25,8,0.5,4,6,38.22099999524653
transition_warm,0.25,8,0.5,4,6,30.040200043004006
transition_first,0.25,8,0.5,4,7,35.4893000330776
transition_warm,0.25,8,0.5,4,7,29.932399978861213
transition_first,0.25,8,0.5,4,8,39.823399973101914
transition_warm,0.25,8,0.5,4,8,26.624000049196184
transition_first,0.25,8,0.5,4,9,39.058599970303476
transition_warm,0.25,8,0.5,4,9,34.20310001820326
transition_first,1.0,4,0.75,8,0,36.649700021371245
transition_warm,1.0,4,0.75,8,0,28.80229998845607
transition_first,1.0,4,0.75,8,1,36.84409998822957
transition_warm,1.0,4,0.75,8,1,27.891999983694404
transition_first,1.0,4,0.75,8,2,30.911599984392524
transition_warm,1.0,4,0.75,8,2,30.319200013764203
transition_first,1.0,4,0.75,8,3,36.29790002014488
transition_warm,1.0,4,0.75,8,3,32.76860003825277
transition_first,1.0,4,0.75,8,4,33.296999987214804
transition_warm,1.0,4,0.75,8,4,34.379599965177476
transition_first,1.0,4,0.75,8,5,29.44710000883788
transition_warm,1.0,4,0.75,8,5,38.01340004429221
transition_first,1.0,4,0.75,8,6,31.031400023493916
transition_warm,1.0,4,0.75,8,6,38.42060000170022
transition_first,1.0,4,0.75,8,7,34.86680000787601
transition_warm,1.0,4,0.75,8,7,30.300599988549948
transition_first,1.0,4,0.75,8,8,30.15359997516498
transition_warm,1.0,4,0.75,8,8,34.85269995871931
transition_first,1.0,4,0.75,8,9,30.702200019732118
transition_warm,1.0,4,0.75,8,9,34.33160000713542
transition_first,0.75,4,0.5,4,0,31.643300026189536
transition_warm,0.75,4,0.5,4,0,27.548399986699224
transition_first,0.75,4,0.5,4,1,29.080400010570884
transition_warm,0.75,4,0.5,4,1,29.404999979306012
transition_first,0.75,4,0.5,4,2,34.50260002864525
transition_warm,0.75,4,0.5,4,2,48.39190002530813
transition_first,0.75,4,0.5,4,3,32.208100019488484
transition_warm,0.75,4,0.5,4,3,34.53179995995015
transition_first,0.75,4,0.5,4,4,29.817000031471252
transition_warm,0.75,4,0.5,4,4,29.180699959397316
transition_first,0.75,4,0.5,4,5,29.564600030425936
transition_warm,0.75,4,0.5,4,5,27.82610000576824
transition_first,0.75,4,0.5,4,6,30.563000007532537
transition_warm,0.75,4,0.5,4,6,43.29240001970902
transition_first,0.75,4,0.5,4,7,31.791199988219887
transition_warm,0.75,4,0.5,4,7,29.185399995185435
transition_first,0.75,4,0.5,4,8,28.40529999230057
transition_warm,0.75,4,0.5,4,8,27.83630002522841
transition_first,0.75,4,0.5,4,9,28.87949999421835
transition_warm,0.75,4,0.5,4,9,39.0688999905251
transition_first,1.0,16,0.75,32,0,10.249399987515062
transition_warm,1.0,16,0.75,32,0,15.086699975654483
transition_first,1.0,16,0.75,32,1,12.828200007788837
transition_warm,1.0,16,0.75,32,1,12.026699958369136
transition_first,1.0,16,0.75,32,2,12.894099985715002
transition_warm,1.0,16,0.75,32,2,17.125399957876652
transition_first,1.0,16,0.75,32,3,9.92679997580126
transition_warm,1.0,16,0.75,32,3,11.799000028986484
transition_first,1.0,16,0.75,32,4,12.190400040708482
transition_warm,1.0,16,0.75,32,4,11.037299991585314
transition_first,1.0,16,0.75,32,5,9.822899999562651
transition_warm,1.0,16,0.75,32,5,10.46299998415634
transition_first,1.0,16,0.75,32,6,10.518399998545647
transition_warm,1.0,16,0.75,32,6,9.56540001789108
transition_first,1.0,16,0.75,32,7,11.103600030764937
transition_warm,1.0,16,0.75,32,7,10.593099985271692
transition_first,1.0,16,0.75,32,8,17.279600026085973
transition_warm,1.0,16,0.75,32,8,17.245600000023842
transition_first,1.0,16,0.75,32,9,10.551900020800531
transition_warm,1.0,16,0.75,32,9,11.851700022816658
transition_first,0.25,4,1.0,4,0,32.35100000165403
transition_warm,0.25,4,1.0,4,0,33.13639998668805
transition_first,0.25,4,1.0,4,1,37.30209998320788
transition_warm,0.25,4,1.0,4,1,35.24880000622943
transition_first,0.25,4,1.0,4,2,31.956999970134348
transition_warm,0.25,4,1.0,4,2,34.2417000210844
transition_first,0.25,4,1.0,4,3,38.506000011693686
transition_warm,0.25,4,1.0,4,3,31.200100027490407
transition_first,0.25,4,1.0,4,4,36.2011999823153
transition_warm,0.25,4,1.0,4,4,33.36429997580126
transition_first,0.25,4,1.0,4,5,34.01149995625019
transition_warm,0.25,4,1.0,4,5,36.0958999954164
transition_first,0.25,4,1.0,4,6,32.0635000243783
transition_warm,0.25,4,1.0,4,6,30.673100030981004
transition_first,0.25,4,1.0,4,7,35.76890000840649
transition_warm,0.25,4,1.0,4,7,33.27090002130717
transition_first,0.25,4,1.0,4,8,43.56369999004528
transition_warm,0.25,4,1.0,4,8,42.571800004225224
transition_first,0.25,4,1.0,4,9,49.75119995651767
transition_warm,0.25,4,1.0,4,9,31.506000028457493
transition_first,0.5,4,0.75,8,0,27.44380000513047
transition_warm,0.5,4,0.75,8,0,29.715700016822666
transition_first,0.5,4,0.75,8,1,39.5338999805972
transition_warm,0.5,4,0.75,8,1,33.3847000147216
transition_first,0.5,4,0.75,8,2,27.235099987592548
transition_warm,0.5,4,0.75,8,2,28.01110001746565
transition_first,0.5,4,0.75,8,3,32.43420005310327
transition_warm,0.5,4,0.75,8,3,27.73410000372678
transition_first,0.5,4,0.75,8,4,37.467500020284206
transition_warm,0.5,4,0.75,8,4,29.978000035043806
transition_first,0.5,4,0.75,8,5,28.432799968868494
transition_warm,0.5,4,0.75,8,5,30.172400001902133
transition_first,0.5,4,0.75,8,6,30.247499991673976
transition_warm,0.5,4,0.75,8,6,30.102899996563792
transition_first,0.5,4,0.75,8,7,31.30609996151179
transition_warm,0.5,4,0.75,8,7,31.390399963129312
transition_first,0.5,4,0.75,8,8,37.47139999177307
transition_warm,0.5,4,0.75,8,8,39.768599963281304
transition_first,0.5,4,0.75,8,9,31.348699994850904
transition_warm,0.5,4,0.75,8,9,28.683300013653934
transition_first,0.75,4,0.25,8,0,29.00819998467341
transition_warm,0.75,4,0.25,8,0,33.50750001845881
transition_first,0.75,4,0.25,8,1,27.287499979138374
transition_warm,0.75,4,0.25,8,1,29.539699957240373
transition_first,0.75,4,0.25,8,2,26.113700005225837
transition_warm,0.75,4,0.25,8,2,35.03970004385337
transition_first,0.75,4,0.25,8,3,29.752500005997717
transition_warm,0.75,4,0.25,8,3,30.516099999658763
transition_first,0.75,4,0.25,8,4,27.774599962867796
transition_warm,0.75,4,0.25,8,4,29.1908000363037
transition_first,0.75,4,0.25,8,5,28.65989995189011
transition_warm,0.75,4,0.25,8,5,29.63080001063645
transition_first,0.75,4,0.25,8,6,27.88840001448989
transition_warm,0.75,4,0.25,8,6,40.21220002323389
transition_first,0.75,4,0.25,8,7,35.43389996048063
transition_warm,0.75,4,0.25,8,7,45.916899980511516
transition_first,0.75,4,0.25,8,8,32.37940004328266
transition_warm,0.75,4,0.25,8,8,35.85319995181635
transition_first,0.75,4,0.25,8,9,31.616399995982647
transition_warm,0.75,4,0.25,8,9,36.732500011567026
transition_first,0.25,16,0.5,32,0,15.710400009993464
transition_warm,0.25,16,0.5,32,0,14.923299953807145
transition_first,0.25,16,0.5,32,1,13.302100007422268
transition_warm,0.25,16,0.5,32,1,10.681600018870085
transition_first,0.25,16,0.5,32,2,14.1165999812074
transition_warm,0.25,16,0.5,32,2,10.826500016264617
transition_first,0.25,16,0.5,32,3,15.603800013195723
transition_warm,0.25,16,0.5,32,3,15.230300021357834
transition_first,0.25,16,0.5,32,4,10.150199988856912
transition_warm,0.25,16,0.5,32,4,11.785899987444282
transition_first,0.25,16,0.5,32,5,11.515799968037754
transition_warm,0.25,16,0.5,32,5,12.15209998190403
transition_first,0.25,16,0.5,32,6,11.118400027044117
transition_warm,0.25,16,0.5,32,6,10.683299973607063
transition_first,0.25,16,0.5,32,7,14.28270002361387
transition_warm,0.25,16,0.5,32,7,16.878800000995398
transition_first,0.25,16,0.5,32,8,13.39959999313578
transition_warm,0.25,16,0.5,32,8,11.259999999310821
transition_first,0.25,16,0.5,32,9,9.96530003612861
transition_warm,0.25,16,0.5,32,9,10.451700014527887
transition_first,1.0,16,0.75,16,0,30.53409996209666
transition_warm,1.0,16,0.75,16,0,29.570700018666685
transition_first,1.0,16,0.75,16,1,30.10470001026988
transition_warm,1.0,16,0.75,16,1,30.396200018003583
transition_first,1.0,16,0.75,16,2,35.892700019758195
transition_warm,1.0,16,0.75,16,2,36.22109995922074
transition_first,1.0,16,0.75,16,3,32.69439999712631
transition_warm,1.0,16,0.75,16,3,32.155899971257895
transition_first,1.0,16,0.75,16,4,40.37650005193427
transition_warm,1.0,16,0.75,16,4,29.50619999319315
transition_first,1.0,16,0.75,16,5,37.440800049807876
transition_warm,1.0,16,0.75,16,5,33.934100007172674
transition_first,1.0,16,0.75,16,6,39.7007999708876
transition_warm,1.0,16,0.75,16,6,29.244600038509816
transition_first,1.0,16,0.75,16,7,29.188400018028915
transition_warm,1.0,16,0.75,16,7,31.60879999632016
transition_first,1.0,16,0.75,16,8,34.99419998843223
transition_warm,1.0,16,0.75,16,8,42.182200006209314
transition_first,1.0,16,0.75,16,9,31.94459999212995
transition_warm,1.0,16,0.75,16,9,36.32419998757541
transition_first,0.75,32,0.25,4,0,30.333800008520484
transition_warm,0.75,32,0.25,4,0,27.89560001110658
transition_first,0.75,32,0.25,4,1,35.28909996384755
transition_warm,0.75,32,0.25,4,1,53.16410004161298
transition_first,0.75,32,0.25,4,2,34.59990001283586
transition_warm,0.75,32,0.25,4,2,45.337999996263534
transition_first,0.75,32,0.25,4,3,28.60070002498105
transition_warm,0.75,32,0.25,4,3,28.427199984434992
transition_first,0.75,32,0.25,4,4,29.000599985010922
transition_warm,0.75,32,0.25,4,4,29.210799955762923
transition_first,0.75,32,0.25,4,5,29.452299990225583
transition_warm,0.75,32,0.25,4,5,29.121799976564944
transition_first,0.75,32,0.25,4,6,42.385099979583174
transition_warm,0.75,32,0.25,4,6,33.46790000796318
transition_first,0.75,32,0.25,4,7,42.361300031188875
transition_warm,0.75,32,0.25,4,7,36.8284999858588
transition_first,0.75,32,0.25,4,8,36.85209999093786
transition_warm,0.75,32,0.25,4,8,29.524300014600158
transition_first,0.75,32,0.25,4,9,29.210500011686236
transition_warm,0.75,32,0.25,4,9,31.728199974168092
transition_first,0.25,8,1.0,4,0,38.52639999240637
transition_warm,0.25,8,1.0,4,0,31.67669998947531
transition_first,0.25,8,1.0,4,1,30.907000007573515
transition_warm,0.25,8,1.0,4,1,33.23800000362098
transition_first,0.25,8,1.0,4,2,32.77300001354888
transition_warm,0.25,8,1.0,4,2,43.10319997603074
transition_first,0.25,8,1.0,4,3,34.81480001937598
transition_warm,0.25,8,1.0,4,3,34.780200046952814
transition_first,0.25,8,1.0,4,4,41.77539999363944
transition_warm,0.25,8,1.0,4,4,43.53729996364564
transition_first,0.25,8,1.0,4,5,38.82519999751821
transition_warm,0.25,8,1.0,4,5,42.5190000096336
transition_first,0.25,8,1.0,4,6,31.103100045584142
transition_warm,0.25,8,1.0,4,6,30.31219996046275
transition_first,0.25,8,1.0,4,7,34.698300005402416
transition_warm,0.25,8,1.0,4,7,32.988799968734384
transition_first,0.25,8,1.0,4,8,31.741400016471744
transition_warm,0.25,8,1.0,4,8,33.64609996788204
transition_first,0.25,8,1.0,4,9,32.95970003819093
transition_warm,0.25,8,1.0,4,9,35.53079999983311
transition_first,0.25,8,1.0,32,0,9.70150000648573
transition_warm,0.25,8,1.0,32,0,11.38179999543354
transition_first,0.25,8,1.0,32,1,11.835300014354289
transition_warm,0.25,8,1.0,32,1,11.409500031732023
transition_first,0.25,8,1.0,32,2,11.849199945572764
transition_warm,0.25,8,1.0,32,2,9.638500050641596
transition_first,0.25,8,1.0,32,3,10.062400018796325
transition_warm,0.25,8,1.0,32,3,9.732300008181483
transition_first,0.25,8,1.0,32,4,15.21320000756532
transition_warm,0.25,8,1.0,32,4,9.216600039508194
transition_first,0.25,8,1.0,32,5,10.110000032000244
transition_warm,0.25,8,1.0,32,5,10.120199993252754
transition_first,0.25,8,1.0,32,6,10.32820000546053
transition_warm,0.25,8,1.0,32,6,12.637700012419373
transition_first,0.25,8,1.0,32,7,11.701099982019514
transition_warm,0.25,8,1.0,32,7,10.461000027135015
transition_first,0.25,8,1.0,32,8,12.487299973145127
transition_warm,0.25,8,1.0,32,8,9.657299960963428
transition_first,0.25,8,1.0,32,9,10.451899957843125
transition_warm,0.25,8,1.0,32,9,11.034499970264733
transition_first,0.75,16,0.5,32,0,11.552499956451356
transition_warm,0.75,16,0.5,32,0,12.665399990510195
transition_first,0.75,16,0.5,32,1,10.278400033712387
transition_warm,0.75,16,0.5,32,1,9.599799988791347
transition_first,0.75,16,0.5,32,2,10.653899982571602
transition_warm,0.75,16,0.5,32,2,12.122599990107119
transition_first,0.75,16,0.5,32,3,9.527499962132424
transition_warm,0.75,16,0.5,32,3,10.969599999953061
transition_first,0.75,16,0.5,32,4,11.90620003035292
transition_warm,0.75,16,0.5,32,4,11.158499983139336
transition_first,0.75,16,0.5,32,5,20.966999989468604
transition_warm,0.75,16,0.5,32,5,15.134899993427098
transition_first,0.75,16,0.5,32,6,11.563100037164986
transition_warm,0.75,16,0.5,32,6,11.3994000130333
transition_first,0.75,16,0.5,32,7,13.048900000285357
transition_warm,0.75,16,0.5,32,7,11.672699998598546
transition_first,0.75,16,0.5,32,8,10.508299979846925
transition_warm,0.75,16,0.5,32,8,10.388800001237541
transition_first,0.75,16,0.5,32,9,11.315999960061163
transition_warm,0.75,16,0.5,32,9,8.912999997846782
transition_first,0.5,32,0.75,16,0,37.72740002023056
transition_warm,0.5,32,0.75,16,0,29.589900048449636
transition_first,0.5,32,0.75,16,1,29.35379999689758
transition_warm,0.5,32,0.75,16,1,34.217000007629395
transition_first,0.5,32,0.75,16,2,31.311700004152954
transition_warm,0.5,32,0.75,16,2,37.17769996728748
transition_first,0.5,32,0.75,16,3,32.5406999909319
transition_warm,0.5,32,0.75,16,3,33.37960003409535
transition_first,0.5,32,0.75,16,4,32.34029997838661
transition_warm,0.5,32,0.75,16,4,34.06799997901544
transition_first,0.5,32,0.75,16,5,35.504399973433465
transition_warm,0.5,32,0.75,16,5,48.20860002655536
transition_first,0.5,32,0.75,16,6,43.53409999748692
transition_warm,0.5,32,0.75,16,6,39.626199984923005
transition_first,0.5,32,0.75,16,7,40.38960003526881
transition_warm,0.5,32,0.75,16,7,38.76349999336526
transition_first,0.5,32,0.75,16,8,36.42639995086938
transition_warm,0.5,32,0.75,16,8,40.46079999534413
transition_first,0.5,32,0.75,16,9,62.55809997674078
transition_warm,0.5,32,0.75,16,9,40.097299963235855
transition_first,0.25,8,0.5,32,0,12.678399973083287
transition_warm,0.25,8,0.5,32,0,10.321900015696883
transition_first,0.25,8,0.5,32,1,13.054699986241758
transition_warm,0.25,8,0.5,32,1,12.433999974746257
transition_first,0.25,8,0.5,32,2,10.105199995450675
transition_warm,0.25,8,0.5,32,2,13.350999972317368
transition_first,0.25,8,0.5,32,3,12.2113999677822
transition_warm,0.25,8,0.5,32,3,11.22920005582273
transition_first,0.25,8,0.5,32,4,12.662299966905266
transition_warm,0.25,8,0.5,32,4,11.84699998702854
transition_first,0.25,8,0.5,32,5,10.036199993919581
transition_warm,0.25,8,0.5,32,5,9.933299967087805
transition_first,0.25,8,0.5,32,6,9.437700035050511
transition_warm,0.25,8,0.5,32,6,10.278099973220378
transition_first,0.25,8,0.5,32,7,10.970900009851903
transition_warm,0.25,8,0.5,32,7,13.604299980215728
transition_first,0.25,8,0.5,32,8,10.101799969561398
transition_warm,0.25,8,0.5,32,8,11.367900006007403
transition_first,0.25,8,0.5,32,9,21.36630000313744
transition_warm,0.25,8,0.5,32,9,14.594100008253008
transition_first,0.5,4,0.25,32,0,12.718699988909066
transition_warm,0.5,4,0.25,32,0,10.205899947322905
transition_first,0.5,4,0.25,32,1,10.697600024286658
transition_warm,0.5,4,0.25,32,1,10.32240001950413
transition_first,0.5,4,0.25,32,2,10.263599979225546
transition_warm,0.5,4,0.25,32,2,10.151099995709956
transition_first,0.5,4,0.25,32,3,10.278200032189488
transition_warm,0.5,4,0.25,32,3,9.913199988659471
transition_first,0.5,4,0.25,32,4,10.789500025566667
transition_warm,0.5,4,0.25,32,4,12.344999995548278
transition_first,0.5,4,0.25,32,5,12.372100027278066
transition_warm,0.5,4,0.25,32,5,11.130500002764165
transition_first,0.5,4,0.25,32,6,12.11370003875345
transition_warm,0.5,4,0.25,32,6,12.482099991757423
transition_first,0.5,4,0.25,32,7,11.04829995892942
transition_warm,0.5,4,0.25,32,7,13.505199982319027
transition_first,0.5,4,0.25,32,8,10.183299949858338
transition_warm,0.5,4,0.25,32,8,9.967499994672835
transition_first,0.5,4,0.25,32,9,11.839099985081702
transition_warm,0.5,4,0.25,32,9,12.471799971535802
transition_first,0.75,16,0.75,4,0,36.21330001624301
transition_warm,0.75,16,0.75,4,0,29.232700006105006
transition_first,0.75,16,0.75,4,1,30.27649997966364
transition_warm,0.75,16,0.75,4,1,29.90159997716546
transition_first,0.75,16,0.75,4,2,31.947299954481423
transition_warm,0.75,16,0.75,4,2,28.92399998381734
transition_first,0.75,16,0.75,4,3,29.96280003571883
transition_warm,0.75,16,0.75,4,3,31.617900007404387
transition_first,0.75,16,0.75,4,4,27.423800027463585
transition_warm,0.75,16,0.75,4,4,31.09609999228269
transition_first,0.75,16,0.75,4,5,29.02770001674071
transition_warm,0.75,16,0.75,4,5,28.44949997961521
transition_first,0.75,16,0.75,4,6,40.8010000246577
transition_warm,0.75,16,0.75,4,6,32.70030004205182
transition_first,0.75,16,0.75,4,7,29.88540002843365
transition_warm,0.75,16,0.75,4,7,28.94340001512319
transition_first,0.75,16,0.75,4,8,36.600799998268485
transition_warm,0.75,16,0.75,4,8,32.42469998076558
transition_first,0.75,16,0.75,4,9,30.553099990356714
transition_warm,0.75,16,0.75,4,9,33.40559999924153
transition_first,1.0,8,0.5,16,0,27.764599944930524
transition_warm,1.0,8,0.5,16,0,32.81150001566857
transition_first,1.0,8,0.5,16,1,34.723800024949014
transition_warm,1.0,8,0.5,16,1,33.77219999674708
transition_first,1.0,8,0.5,16,2,29.76100001251325
transition_warm,1.0,8,0.5,16,2,30.847999965772033
transition_first,1.0,8,0.5,16,3,31.173700001090765
transition_warm,1.0,8,0.5,16,3,28.555800032336265
transition_first,1.0,8,0.5,16,4,31.21610003290698
transition_warm,1.0,8,0.5,16,4,30.341000005137175
transition_first,1.0,8,0.5,16,5,32.50930004287511
transition_warm,1.0,8,0.5,16,5,35.90529999928549
transition_first,1.0,8,0.5,16,6,27.7430999558419
transition_warm,1.0,8,0.5,16,6,26.903600024525076
transition_first,1.0,8,0.5,16,7,32.58030000142753
transition_warm,1.0,8,0.5,16,7,28.808699978981167
transition_first,1.0,8,0.5,16,8,91.33470000233501
transition_warm,1.0,8,0.5,16,8,31.85319999465719
transition_first,1.0,8,0.5,16,9,41.00289999041706
transition_warm,1.0,8,0.5,16,9,50.42800004594028
transition_first,0.5,4,1.0,4,0,35.92469997238368
transition_warm,0.5,4,1.0,4,0,33.20529998745769
transition_first,0.5,4,1.0,4,1,57.403899962082505
transition_warm,0.5,4,1.0,4,1,32.20129996770993
transition_first,0.5,4,1.0,4,2,34.446499950718135
transition_warm,0.5,4,1.0,4,2,34.60150002501905
transition_first,0.5,4,1.0,4,3,39.88940000999719
transition_warm,0.5,4,1.0,4,3,43.55279996525496
transition_first,0.5,4,1.0,4,4,35.67120002117008
transition_warm,0.5,4,1.0,4,4,39.58710003644228
transition_first,0.5,4,1.0,4,5,51.70260003069416
transition_warm,0.5,4,1.0,4,5,31.945900002028793
transition_first,0.5,4,1.0,4,6,35.35660001216456
transition_warm,0.5,4,1.0,4,6,33.645100018475205
transition_first,0.5,4,1.0,4,7,36.31969995331019
transition_warm,0.5,4,1.0,4,7,31.898499990347773
transition_first,0.5,4,1.0,4,8,53.75600000843406
transition_warm,0.5,4,1.0,4,8,34.68619997147471
transition_first,0.5,4,1.0,4,9,35.782799997832626
transition_warm,0.5,4,1.0,4,9,35.60289996676147
transition_first,0.75,4,1.0,16,0,32.62810001615435
transition_warm,0.75,4,1.0,16,0,34.28579994942993
transition_first,0.75,4,1.0,16,1,35.95009999116883
transition_warm,0.75,4,1.0,16,1,33.27529999660328
transition_first,0.75,4,1.0,16,2,33.08319998905063
transition_warm,0.75,4,1.0,16,2,32.12910000002012
transition_first,0.75,4,1.0,16,3,33.224400016479194
transition_warm,0.75,4,1.0,16,3,33.62780000315979
transition_first,0.75,4,1.0,16,4,33.919000008609146
transition_warm,0.75,4,1.0,16,4,33.255300018936396
transition_first,0.75,4,1.0,16,5,39.41849997499958
transition_warm,0.75,4,1.0,16,5,32.79660001862794
transition_first,0.75,4,1.0,16,6,36.19740001158789
transition_warm,0.75,4,1.0,16,6,32.96010004123673
transition_first,0.75,4,1.0,16,7,44.103800028096884
transition_warm,0.75,4,1.0,16,7,34.88989995094016
transition_first,0.75,4,1.0,16,8,36.98059997987002
transition_warm,0.75,4,1.0,16,8,37.79009997379035
transition_first,0.75,4,1.0,16,9,37.400999979581684
transition_warm,0.75,4,1.0,16,9,43.24239998823032
transition_first,0.75,32,0.5,32,0,10.46309998491779
transition_warm,0.75,32,0.5,32,0,11.656499991659075
transition_first,0.75,32,0.5,32,1,10.483199963346124
transition_warm,0.75,32,0.5,32,1,10.428100009448826
transition_first,0.75,32,0.5,32,2,10.5372000252828
transition_warm,0.75,32,0.5,32,2,10.745800042059273
transition_first,0.75,32,0.5,32,3,11.641699995379895
transition_warm,0.75,32,0.5,32,3,11.286399967502803
transition_first,0.75,32,0.5,32,4,10.140899976249784
transition_warm,0.75,32,0.5,32,4,12.908699980471283
transition_first,0.75,32,0.5,32,5,9.632500004954636
transition_warm,0.75,32,0.5,32,5,11.507399962283671
transition_first,0.75,32,0.5,32,6,9.842100029345602
transition_warm,0.75,32,0.5,32,6,10.883399983868003
transition_first,0.75,32,0.5,32,7,11.395699984859675
transition_warm,0.75,32,0.5,32,7,11.492100020404905
transition_first,0.75,32,0.5,32,8,11.080299969762564
transition_warm,0.75,32,0.5,32,8,12.514400004874915
transition_first,0.75,32,0.5,32,9,12.627899996004999
transition_warm,0.75,32,0.5,32,9,10.353900026530027
transition_first,0.75,32,0.5,16,0,25.918600033037364
transition_warm,0.75,32,0.5,16,0,31.07669996097684
transition_first,0.75,32,0.5,16,1,30.80409998074174
transition_warm,0.75,32,0.5,16,1,31.16419998696074
transition_first,0.75,32,0.5,16,2,27.146799955517054
transition_warm,0.75,32,0.5,16,2,27.998800040222704
transition_first,0.75,32,0.5,16,3,29.194600007031113
transition_warm,0.75,32,0.5,16,3,30.48119996674359
transition_first,0.75,32,0.5,16,4,45.724299969151616
transition_warm,0.75,32,0.5,16,4,46.94470000686124
transition_first,0.75,32,0.5,16,5,30.822300002910197
transition_warm,0.75,32,0.5,16,5,27.260600007139146
transition_first,0.75,32,0.5,16,6,38.74560003168881
transition_warm,0.75,32,0.5,16,6,26.842900027986616
transition_first,0.75,32,0.5,16,7,29.777700023259968
transition_warm,0.75,32,0.5,16,7,35.879399976693094
transition_first,0.75,32,0.5,16,8,28.4512999933213
transition_warm,0.75,32,0.5,16,8,29.3134999810718
transition_first,0.75,32,0.5,16,9,30.643499980214983
transition_warm,0.75,32,0.5,16,9,28.72960001695901
transition_first,1.0,4,0.5,8,0,28.886099986266345
transition_warm,1.0,4,0.5,8,0,28.66299997549504
transition_first,1.0,4,0.5,8,1,34.59070000099018
transition_warm,1.0,4,0.5,8,1,30.087499995715916
transition_first,1.0,4,0.5,8,2,31.74630005378276
transition_warm,1.0,4,0.5,8,2,30.301199993118644
transition_first,1.0,4,0.5,8,3,29.756200034171343
transition_warm,1.0,4,0.5,8,3,28.693599975667894
transition_first,1.0,4,0.5,8,4,30.175000021699816
transition_warm,1.0,4,0.5,8,4,32.429899962153286
transition_first,1.0,4,0.5,8,5,32.474299950990826
transition_warm,1.0,4,0.5,8,5,37.814099981915206
transition_first,1.0,4,0.5,8,6,31.15359996445477
transition_warm,1.0,4,0.5,8,6,31.596200016792864
transition_first,1.0,4,0.5,8,7,34.62079999735579
transition_warm,1.0,4,0.5,8,7,35.15830001560971
transition_first,1.0,4,0.5,8,8,38.17510005319491
transition_warm,1.0,4,0.5,8,8,26.917500013951212
transition_first,1.0,4,0.5,8,9,35.29299999354407
transition_warm,1.0,4,0.5,8,9,35.67730000941083
transition_first,0.5,16,0.25,32,0,12.4855000176467
transition_warm,0.5,16,0.25,32,0,13.688500039279461
transition_first,0.5,16,0.25,32,1,12.786599982064217
transition_warm,0.5,16,0.25,32,1,9.950199979357421
transition_first,0.5,16,0.25,32,2,11.09420001739636
transition_warm,0.5,16,0.25,32,2,11.706599965691566
transition_first,0.5,16,0.25,32,3,10.825400007888675
transition_warm,0.5,16,0.25,32,3,12.509599968325347
transition_first,0.5,16,0.25,32,4,11.893299990333617
transition_warm,0.5,16,0.25,32,4,10.592599981464446
transition_first,0.5,16,0.25,32,5,12.71509996149689
transition_warm,0.5,16,0.25,32,5,11.405099998228252
transition_first,0.5,16,0.25,32,6,10.757100011687726
transition_warm,0.5,16,0.25,32,6,11.346299957949668
transition_first,0.5,16,0.25,32,7,12.267500045709312
transition_warm,0.5,16,0.25,32,7,9.555399999953806
transition_first,0.5,16,0.25,32,8,11.465699994005263
transition_warm,0.5,16,0.25,32,8,10.972099960781634
transition_first,0.5,16,0.25,32,9,11.203999980352819
transition_warm,0.5,16,0.25,32,9,10.98180003464222
transition_first,0.25,32,0.5,32,0,9.683299984317273
transition_warm,0.25,32,0.5,32,0,10.355799982789904
transition_first,0.25,32,0.5,32,1,10.34169999184087
transition_warm,0.25,32,0.5,32,1,10.89399994816631
transition_first,0.25,32,0.5,32,2,11.514900019392371
transition_warm,0.25,32,0.5,32,2,10.274600004777312
transition_first,0.25,32,0.5,32,3,11.121199990157038
transition_warm,0.25,32,0.5,32,3,11.737900029402226
transition_first,0.25,32,0.5,32,4,13.894900039304048
transition_warm,0.25,32,0.5,32,4,10.498100018594414
transition_first,0.25,32,0.5,32,5,9.658500028308481
transition_warm,0.25,32,0.5,32,5,11.564999993424863
transition_first,0.25,32,0.5,32,6,12.897599954158068
transition_warm,0.25,32,0.5,32,6,10.13580005383119
transition_first,0.25,32,0.5,32,7,18.170099996495992
transition_warm,0.25,32,0.5,32,7,16.34510001167655
transition_first,0.25,32,0.5,32,8,12.269500002730638
transition_warm,0.25,32,0.5,32,8,12.33729999512434
transition_first,0.25,32,0.5,32,9,9.226900001522154
transition_warm,0.25,32,0.5,32,9,10.997700039297342
transition_first,0.5,32,0.25,16,0,31.181199999991804
transition_warm,0.5,32,0.25,16,0,35.09080002550036
transition_first,0.5,32,0.25,16,1,30.940000026021153
transition_warm,0.5,32,0.25,16,1,29.39490001881495
transition_first,0.5,32,0.25,16,2,34.31989997625351
transition_warm,0.5,32,0.25,16,2,28.677600028458983
transition_first,0.5,32,0.25,16,3,29.97580001829192
transition_warm,0.5,32,0.25,16,3,31.225299986544997
transition_first,0.5,32,0.25,16,4,27.293100021779537
transition_warm,0.5,32,0.25,16,4,33.2858000183478
transition_first,0.5,32,0.25,16,5,27.7561999973841
transition_warm,0.5,32,0.25,16,5,26.126200042199343
transition_first,0.5,32,0.25,16,6,30.43240000260994
transition_warm,0.5,32,0.25,16,6,27.656499994918704
transition_first,0.5,32,0.25,16,7,28.70289998827502
transition_warm,0.5,32,0.25,16,7,29.9032999901101
transition_first,0.5,32,0.25,16,8,35.46570002799854
transition_warm,0.5,32,0.25,16,8,30.657700030133128
transition_first,0.5,32,0.25,16,9,30.490999983157963
transition_warm,0.5,32,0.25,16,9,27.97719999216497
transition_first,0.5,8,0.75,8,0,30.66769998986274
transition_warm,0.5,8,0.75,8,0,31.449100002646446
transition_first,0.5,8,0.75,8,1,35.067500022705644
transition_warm,0.5,8,0.75,8,1,52.84710001433268
transition_first,0.5,8,0.75,8,2,36.64039995055646
transition_warm,0.5,8,0.75,8,2,33.757800003513694
transition_first,0.5,8,0.75,8,3,38.46850001718849
transition_warm,0.5,8,0.75,8,3,30.653299996629357
transition_first,0.5,8,0.75,8,4,32.93570003006607
transition_warm,0.5,8,0.75,8,4,44.9263000045903
transition_first,0.5,8,0.75,8,5,41.11789999296889
transition_warm,0.5,8,0.75,8,5,46.8249999685213
transition_first,0.5,8,0.75,8,6,30.04270000383258
transition_warm,0.5,8,0.75,8,6,29.562900017481297
transition_first,0.5,8,0.75,8,7,34.22500001033768
transition_warm,0.5,8,0.75,8,7,41.48329998133704
transition_first,0.5,8,0.75,8,8,29.12690001539886
transition_warm,0.5,8,0.75,8,8,35.76990001602098
transition_first,0.5,8,0.75,8,9,38.85359998093918
transition_warm,0.5,8,0.75,8,9,30.44240002054721
transition_first,0.75,4,0.5,8,0,27.874000021256506
transition_warm,0.75,4,0.5,8,0,29.627199983224273
transition_first,0.75,4,0.5,8,1,54.05019997851923
transition_warm,0.75,4,0.5,8,1,34.23519997159019
transition_first,0.75,4,0.5,8,2,35.33230000175536
transition_warm,0.75,4,0.5,8,2,28.564600041136146
transition_first,0.75,4,0.5,8,3,36.19409998646006
transition_warm,0.75,4,0.5,8,3,28.87330000521615
transition_first,0.75,4,0.5,8,4,33.136599988210946
transition_warm,0.75,4,0.5,8,4,40.341800020541996
transition_first,0.75,4,0.5,8,5,29.369500000029802
transition_warm,0.75,4,0.5,8,5,30.791900004260242
transition_first,0.75,4,0.5,8,6,28.91659998567775
transition_warm,0.75,4,0.5,8,6,33.166500041261315
transition_first,0.75,4,0.5,8,7,35.24840000318363
transition_warm,0.75,4,0.5,8,7,35.146100039128214
transition_first,0.75,4,0.5,8,8,30.008599977009
transition_warm,0.75,4,0.5,8,8,30.206400027964264
transition_first,0.75,4,0.5,8,9,33.88229996198788
transition_warm,0.75,4,0.5,8,9,27.493800036609173
transition_first,0.75,8,1.0,4,0,33.709999988786876
transition_warm,0.75,8,1.0,4,0,38.0306999431923
transition_first,0.75,8,1.0,4,1,34.2839999939315
transition_warm,0.75,8,1.0,4,1,48.19979995954782
transition_first,0.75,8,1.0,4,2,30.476099986117333
transition_warm,0.75,8,1.0,4,2,33.89580000657588
transition_first,0.75,8,1.0,4,3,37.35980001511052
transition_warm,0.75,8,1.0,4,3,38.193499960470945
transition_first,0.75,8,1.0,4,4,33.73359999386594
transition_warm,0.75,8,1.0,4,4,35.34770000260323
transition_first,0.75,8,1.0,4,5,39.01529998984188
transition_warm,0.75,8,1.0,4,5,44.74250000203028
transition_first,0.75,8,1.0,4,6,38.5915000224486
transition_warm,0.75,8,1.0,4,6,32.2310000192374
transition_first,0.75,8,1.0,4,7,34.47579999919981
transition_warm,0.75,8,1.0,4,7,35.483799991197884
transition_first,0.75,8,1.0,4,8,31.252400018274784
transition_warm,0.75,8,1.0,4,8,32.7588000218384
transition_first,0.75,8,1.0,4,9,32.650900015141815
transition_warm,0.75,8,1.0,4,9,31.47639997769147
transition_first,1.0,32,0.25,32,0,15.60119999339804
transition_warm,1.0,32,0.25,32,0,10.84100001025945
transition_first,1.0,32,0.25,32,1,11.353999958373606
transition_warm,1.0,32,0.25,32,1,8.810900035314262
transition_first,1.0,32,0.25,32,2,9.998599998652935
transition_warm,1.0,32,0.25,32,2,9.613799978978932
transition_first,1.0,32,0.25,32,3,11.99349999660626
transition_warm,1.0,32,0.25,32,3,10.668700037058443
transition_first,1.0,32,0.25,32,4,13.294700009282678
transition_warm,1.0,32,0.25,32,4,10.00250002834946
transition_first,1.0,32,0.25,32,5,10.298300010617822
transition_warm,1.0,32,0.25,32,5,9.78299998678267
transition_first,1.0,32,0.25,32,6,15.474899963010103
transition_warm,1.0,32,0.25,32,6,18.140000000130385
transition_first,1.0,32,0.25,32,7,10.527100006584078
transition_warm,1.0,32,0.25,32,7,11.44099998055026
transition_first,1.0,32,0.25,32,8,12.61440000962466
transition_warm,1.0,32,0.25,32,8,11.52699999511242
transition_first,1.0,32,0.25,32,9,9.475700033362955
transition_warm,1.0,32,0.25,32,9,10.183999955188483
transition_first,0.75,4,0.25,32,0,9.93110000854358
transition_warm,0.75,4,0.25,32,0,9.690199978649616
transition_first,0.75,4,0.25,32,1,9.752200043294579
transition_warm,0.75,4,0.25,32,1,11.29290001699701
transition_first,0.75,4,0.25,32,2,10.257999994792044
transition_warm,0.75,4,0.25,32,2,9.992900013457984
transition_first,0.75,4,0.25,32,3,11.674400011543185
transition_warm,0.75,4,0.25,32,3,14.771699963603169
transition_first,0.75,4,0.25,32,4,11.876299977302551
transition_warm,0.75,4,0.25,32,4,9.20969998696819
transition_first,0.75,4,0.25,32,5,12.518799980171025
transition_warm,0.75,4,0.25,32,5,11.16100000217557
transition_first,0.75,4,0.25,32,6,13.154099986422807
transition_warm,0.75,4,0.25,32,6,12.46630004607141
transition_first,0.75,4,0.25,32,7,13.53449997259304
transition_warm,0.75,4,0.25,32,7,12.554099957924336
transition_first,0.75,4,0.25,32,8,11.221200053114444
transition_warm,0.75,4,0.25,32,8,13.454300002194941
transition_first,0.75,4,0.25,32,9,10.77420002548024
transition_warm,0.75,4,0.25,32,9,11.585100030060858
transition_first,1.0,16,1.0,32,0,11.40840002335608
transition_warm,1.0,16,1.0,32,0,9.374299959745258
transition_first,1.0,16,1.0,32,1,12.429700000211596
transition_warm,1.0,16,1.0,32,1,17.85489998292178
transition_first,1.0,16,1.0,32,2,12.421399995218962
transition_warm,1.0,16,1.0,32,2,11.527900001965463
transition_first,1.0,16,1.0,32,3,12.518299976363778
transition_warm,1.0,16,1.0,32,3,11.497899948153645
transition_first,1.0,16,1.0,32,4,12.104299967177212
transition_warm,1.0,16,1.0,32,4,13.686500024050474
transition_first,1.0,16,1.0,32,5,11.5182000445202
transition_warm,1.0,16,1.0,32,5,10.366500006057322
transition_first,1.0,16,1.0,32,6,8.942299988120794
transition_warm,1.0,16,1.0,32,6,12.285199947655201
transition_first,1.0,16,1.0,32,7,12.067799980286509
transition_warm,1.0,16,1.0,32,7,11.56549999723211
transition_first,1.0,16,1.0,32,8,12.736300006508827
transition_warm,1.0,16,1.0,32,8,10.977400001138449
transition_first,1.0,16,1.0,32,9,10.393499978818
transition_warm,1.0,16,1.0,32,9,11.49140001507476
transition_first,0.75,4,1.0,4,0,36.05440002866089
transition_warm,0.75,4,1.0,4,0,33.47289998782799
transition_first,0.75,4,1.0,4,1,32.11190004367381
transition_warm,0.75,4,1.0,4,1,33.05560001172125
transition_first,0.75,4,1.0,4,2,38.87920000124723
transition_warm,0.75,4,1.0,4,2,45.619099983014166
transition_first,0.75,4,1.0,4,3,42.50900004990399
transition_warm,0.75,4,1.0,4,3,36.06199997011572
transition_first,0.75,4,1.0,4,4,35.78169998945668
transition_warm,0.75,4,1.0,4,4,38.439600029960275
transition_first,0.75,4,1.0,4,5,37.3921999707818
transition_warm,0.75,4,1.0,4,5,36.1581000033766
transition_first,0.75,4,1.0,4,6,40.33809999236837
transition_warm,0.75,4,1.0,4,6,35.11860000435263
transition_first,0.75,4,1.0,4,7,39.290099986828864
transition_warm,0.75,4,1.0,4,7,42.741999961435795
transition_first,0.75,4,1.0,4,8,32.53760002553463
transition_warm,0.75,4,1.0,4,8,33.58630003640428
transition_first,0.75,4,1.0,4,9,33.7143000215292
transition_warm,0.75,4,1.0,4,9,32.61120000388473
transition_first,0.75,32,0.25,8,0,35.95839999616146
transition_warm,0.75,32,0.25,8,0,30.539500003214926
transition_first,0.75,32,0.25,8,1,33.517699979711324
transition_warm,0.75,32,0.25,8,1,27.840299997478724
transition_first,0.75,32,0.25,8,2,29.622000001836568
transition_warm,0.75,32,0.25,8,2,29.36220000265166
transition_first,0.75,32,0.25,8,3,30.16840002965182
transition_warm,0.75,32,0.25,8,3,32.4665000080131
transition_first,0.75,32,0.25,8,4,30.527400027494878
transition_warm,0.75,32,0.25,8,4,47.42040002020076
transition_first,0.75,32,0.25,8,5,28.835500008426607
transition_warm,0.75,32,0.25,8,5,28.92690000589937
transition_first,0.75,32,0.25,8,6,48.36730001261458
transition_warm,0.75,32,0.25,8,6,28.59080000780523
transition_first,0.75,32,0.25,8,7,45.287500019185245
transition_warm,0.75,32,0.25,8,7,36.57630004454404
transition_first,0.75,32,0.25,8,8,32.06439997302368
transition_warm,0.75,32,0.25,8,8,35.40880000218749
transition_first,0.75,32,0.25,8,9,32.7588000218384
transition_warm,0.75,32,0.25,8,9,27.83650002675131
transition_first,1.0,32,0.5,16,0,30.335300019942224
transition_warm,1.0,32,0.5,16,0,37.468799971975386
transition_first,1.0,32,0.5,16,1,35.523600003216416
transition_warm,1.0,32,0.5,16,1,29.23520002514124
transition_first,1.0,32,0.5,16,2,31.849600025452673
transition_warm,1.0,32,0.5,16,2,51.018199999816716
transition_first,1.0,32,0.5,16,3,29.421199986245483
transition_warm,1.0,32,0.5,16,3,38.70520001510158
transition_first,1.0,32,0.5,16,4,47.597399970982224
transition_warm,1.0,32,0.5,16,4,36.53769998345524
transition_first,1.0,32,0.5,16,5,34.184600051958114
transition_warm,1.0,32,0.5,16,5,30.691799998749048
transition_first,1.0,32,0.5,16,6,39.827900007367134
transition_warm,1.0,32,0.5,16,6,45.18859996460378
transition_first,1.0,32,0.5,16,7,32.35090000089258
transition_warm,1.0,32,0.5,16,7,28.756099985912442
transition_first,1.0,32,0.5,16,8,34.9796999944374
transition_warm,1.0,32,0.5,16,8,28.661200019996613
transition_first,1.0,32,0.5,16,9,32.9510000301525
transition_warm,1.0,32,0.5,16,9,28.12700002687052
transition_first,0.75,16,0.5,8,0,29.490299988538027
transition_warm,0.75,16,0.5,8,0,29.29410000797361
transition_first,0.75,16,0.5,8,1,42.6805000170134
transition_warm,0.75,16,0.5,8,1,57.07309994613752
transition_first,0.75,16,0.5,8,2,42.36520000267774
transition_warm,0.75,16,0.5,8,2,29.215300048235804
transition_first,0.75,16,0.5,8,3,27.656599995680153
transition_warm,0.75,16,0.5,8,3,29.395700024906546
transition_first,0.75,16,0.5,8,4,27.595299994572997
transition_warm,0.75,16,0.5,8,4,31.644799979403615
transition_first,0.75,16,0.5,8,5,36.6175000090152
transition_warm,0.75,16,0.5,8,5,43.4260000474751
transition_first,0.75,16,0.5,8,6,36.82540002046153
transition_warm,0.75,16,0.5,8,6,38.89199998229742
transition_first,0.75,16,0.5,8,7,27.538000023923814
transition_warm,0.75,16,0.5,8,7,30.89900000486523
transition_first,0.75,16,0.5,8,8,28.963199991267174
transition_warm,0.75,16,0.5,8,8,30.287300003692508
transition_first,0.75,16,0.5,8,9,29.9286000081338
transition_warm,0.75,16,0.5,8,9,28.31480000168085
transition_first,1.0,8,0.5,32,0,11.17140002315864
transition_warm,1.0,8,0.5,32,0,11.479199980385602
transition_first,1.0,8,0.5,32,1,10.539899987634271
transition_warm,1.0,8,0.5,32,1,9.99039999442175
transition_first,1.0,8,0.5,32,2,17.054099997039884
transition_warm,1.0,8,0.5,32,2,19.189100014045835
transition_first,1.0,8,0.5,32,3,10.008599958382547
transition_warm,1.0,8,0.5,32,3,9.668299986515194
transition_first,1.0,8,0.5,32,4,10.535100009292364
transition_warm,1.0,8,0.5,32,4,10.314600018318743
transition_first,1.0,8,0.5,32,5,11.27039996208623
transition_warm,1.0,8,0.5,32,5,9.250100003555417
transition_first,1.0,8,0.5,32,6,9.438899985980242
transition_warm,1.0,8,0.5,32,6,11.24550000531599
transition_first,1.0,8,0.5,32,7,9.408399986568838
transition_warm,1.0,8,0.5,32,7,10.67779998993501
transition_first,1.0,8,0.5,32,8,9.89270000718534
transition_warm,1.0,8,0.5,32,8,10.874700034037232
transition_first,1.0,8,0.5,32,9,10.416400036774576
transition_warm,1.0,8,0.5,32,9,10.299399960786104
transition_first,0.5,16,0.75,16,0,41.35939996922389
transition_warm,0.5,16,0.75,16,0,33.23820000514388
transition_first,0.5,16,0.75,16,1,44.29130000062287
transition_warm,0.5,16,0.75,16,1,29.44519999437034
transition_first,0.5,16,0.75,16,2,36.97389998706058
transition_warm,0.5,16,0.75,16,2,38.279399974271655
transition_first,0.5,16,0.75,16,3,33.32380001666024
transition_warm,0.5,16,0.75,16,3,36.41090000746772
transition_first,0.5,16,0.75,16,4,31.20999998645857
transition_warm,0.5,16,0.75,16,4,34.35800003353506
transition_first,0.5,16,0.75,16,5,30.842100037261844
transition_warm,0.5,16,0.75,16,5,34.65190000133589
transition_first,0.5,16,0.75,16,6,36.16339998552576
transition_warm,0.5,16,0.75,16,6,35.139899991918355
transition_first,0.5,16,0.75,16,7,31.49760002270341
transition_warm,0.5,16,0.75,16,7,30.755799962207675
transition_first,0.5,16,0.75,16,8,40.78679997473955
transition_warm,0.5,16,0.75,16,8,46.27170000458136
transition_first,0.5,16,0.75,16,9,28.166100033558905
transition_warm,0.5,16,0.75,16,9,31.326199998147786
transition_first,0.25,8,0.5,16,0,34.29660003166646
transition_warm,0.25,8,0.5,16,0,28.945400030352175
transition_first,0.25,8,0.5,16,1,32.38009999040514
transition_warm,0.25,8,0.5,16,1,37.44430001825094
transition_first,0.25,8,0.5,16,2,33.720800012815744
transition_warm,0.25,8,0.5,16,2,37.25799999665469
transition_first,0.25,8,0.5,16,3,53.69640002027154
transition_warm,0.25,8,0.5,16,3,39.24880002159625
transition_first,0.25,8,0.5,16,4,42.665100016165525
transition_warm,0.25,8,0.5,16,4,37.25589998066425
transition_first,0.25,8,0.5,16,5,31.584099982865155
transition_warm,0.25,8,0.5,16,5,27.37869997508824
transition_first,0.25,8,0.5,16,6,32.47079998254776
transition_warm,0.25,8,0.5,16,6,32.392900029663
transition_first,0.25,8,0.5,16,7,27.441499987617135
transition_warm,0.25,8,0.5,16,7,28.687699988950044
transition_first,0.25,8,0.5,16,8,29.54029996180907
transition_warm,0.25,8,0.5,16,8,31.88720002071932
transition_first,0.25,8,0.5,16,9,31.161599967163056
transition_warm,0.25,8,0.5,16,9,29.235800029709935
transition_first,0.5,32,0.75,8,0,30.28110001469031
transition_warm,0.5,32,0.75,8,0,30.244600027799606
transition_first,0.5,32,0.75,8,1,33.499899960588664
transition_warm,0.5,32,0.75,8,1,28.31190003780648
transition_first,0.5,32,0.75,8,2,35.16879997914657
transition_warm,0.5,32,0.75,8,2,29.476099996827543
transition_first,0.5,32,0.75,8,3,34.74609996192157
transition_warm,0.5,32,0.75,8,3,29.748900036793202
transition_first,0.5,32,0.75,8,4,30.704999982845038
transition_warm,0.5,32,0.75,8,4,35.080399946309626
transition_first,0.5,32,0.75,8,5,46.12190002808347
transition_warm,0.5,32,0.75,8,5,33.55559997726232
transition_first,0.5,32,0.75,8,6,34.10629997961223
transition_warm,0.5,32,0.75,8,6,33.78360002534464
transition_first,0.5,32,0.75,8,7,30.417800007853657
transition_warm,0.5,32,0.75,8,7,33.36120001040399
transition_first,0.5,32,0.75,8,8,34.18639994924888
transition_warm,0.5,32,0.75,8,8,41.88380000414327
transition_first,0.5,32,0.75,8,9,28.66289997473359
transition_warm,0.5,32,0.75,8,9,30.90030001476407
transition_first,0.25,8,0.25,4,0,29.31359998183325
transition_warm,0.25,8,0.25,4,0,41.12329997587949
transition_first,0.25,8,0.25,4,1,53.569600044284016
transition_warm,0.25,8,0.25,4,1,33.48389995517209
transition_first,0.25,8,0.25,4,2,36.015800025779754
transition_warm,0.25,8,0.25,4,2,28.76660000765696
transition_first,0.25,8,0.25,4,3,31.034599989652634
transition_warm,0.25,8,0.25,4,3,29.253599990624934
transition_first,0.25,8,0.25,4,4,28.785000031348318
transition_warm,0.25,8,0.25,4,4,40.72309995535761
transition_first,0.25,8,0.25,4,5,28.215300000738353
transition_warm,0.25,8,0.25,4,5,28.339300013612956
transition_first,0.25,8,0.25,4,6,31.550200015772134
transition_warm,0.25,8,0.25,4,6,27.705499960575253
transition_first,0.25,8,0.25,4,7,33.4335999796167
transition_warm,0.25,8,0.25,4,7,33.30680000362918
transition_first,0.25,8,0.25,4,8,30.101199983619153
transition_warm,0.25,8,0.25,4,8,31.604600022546947
transition_first,0.25,8,0.25,4,9,27.97860000282526
transition_warm,0.25,8,0.25,4,9,28.31629995489493
transition_first,0.25,4,1.0,8,0,32.586999994236976
transition_warm,0.25,4,1.0,8,0,36.81080002570525
transition_first,0.25,4,1.0,8,1,36.56020003836602
transition_warm,0.25,4,1.0,8,1,36.1469000345096
transition_first,0.25,4,1.0,8,2,37.36489999573678
transition_warm,0.25,4,1.0,8,2,38.24059996986762
transition_first,0.25,4,1.0,8,3,35.37519997917116
transition_warm,0.25,4,1.0,8,3,32.250599993858486
transition_first,0.25,4,1.0,8,4,39.11309997783974
transition_warm,0.25,4,1.0,8,4,37.255699979141355
transition_first,0.25,4,1.0,8,5,34.9284999538213
transition_warm,0.25,4,1.0,8,5,38.661499973386526
transition_first,0.25,4,1.0,8,6,44.88250002032146
transition_warm,0.25,4,1.0,8,6,33.73810002813116
transition_first,0.25,4,1.0,8,7,39.0688999905251
transition_warm,0.25,4,1.0,8,7,34.632999973837286
transition_first,0.25,4,1.0,8,8,32.936799980234355
transition_warm,0.25,4,1.0,8,8,35.952100006397814
transition_first,0.25,4,1.0,8,9,46.098100021481514
transition_warm,0.25,4,1.0,8,9,33.550099993590266
transition_first,0.25,4,0.5,4,0,28.86599994963035
transition_warm,0.25,4,0.5,4,0,37.55320003256202
transition_first,0.25,4,0.5,4,1,28.777999978046864
transition_warm,0.25,4,0.5,4,1,29.403300024569035
transition_first,0.25,4,0.5,4,2,29.52830004505813
transition_warm,0.25,4,0.5,4,2,30.14619997702539
transition_first,0.25,4,0.5,4,3,34.86939996946603
transition_warm,0.25,4,0.5,4,3,25.603199959732592
transition_first,0.25,4,0.5,4,4,42.12940001161769
transition_warm,0.25,4,0.5,4,4,39.720900007523596
transition_first,0.25,4,0.5,4,5,30.64720000838861
transition_warm,0.25,4,0.5,4,5,40.96809995826334
transition_first,0.25,4,0.5,4,6,28.706900018732995
transition_warm,0.25,4,0.5,4,6,33.59830001136288
transition_first,0.25,4,0.5,4,7,29.816700029186904
transition_warm,0.25,4,0.5,4,7,27.3474000277929
transition_first,0.25,4,0.5,4,8,35.37369996774942
transition_warm,0.25,4,0.5,4,8,29.412299976684153
transition_first,0.25,4,0.5,4,9,30.333400005474687
transition_warm,0.25,4,0.5,4,9,26.673999964259565
transition_first,1.0,8,0.25,32,0,11.965999961830676
transition_warm,1.0,8,0.25,32,0,10.940399952232838
transition_first,1.0,8,0.25,32,1,10.363299981690943
transition_warm,1.0,8,0.25,32,1,12.493700021877885
transition_first,1.0,8,0.25,32,2,12.502100027631968
transition_warm,1.0,8,0.25,32,2,17.116600007284433
transition_first,1.0,8,0.25,32,3,13.78340000519529
transition_warm,1.0,8,0.25,32,3,12.707299960311502
transition_first,1.0,8,0.25,32,4,12.661500019021332
transition_warm,1.0,8,0.25,32,4,10.81420003902167
transition_first,1.0,8,0.25,32,5,9.714399988297373
transition_warm,1.0,8,0.25,32,5,10.142699989955872
transition_first,1.0,8,0.25,32,6,10.7162999920547
transition_warm,1.0,8,0.25,32,6,9.435100015252829
transition_first,1.0,8,0.25,32,7,10.895899962633848
transition_warm,1.0,8,0.25,32,7,12.734799995087087
transition_first,1.0,8,0.25,32,8,11.292200011666864
transition_warm,1.0,8,0.25,32,8,19.147300045005977
transition_first,1.0,8,0.25,32,9,12.334799976088107
transition_warm,1.0,8,0.25,32,9,10.098800004925579
transition_first,0.5,16,0.75,8,0,31.7460999940522
transition_warm,0.5,16,0.75,8,0,31.73909999895841
transition_first,0.5,16,0.75,8,1,35.95659998245537
transition_warm,0.5,16,0.75,8,1,33.19970000302419
transition_first,0.5,16,0.75,8,2,36.01949999574572
transition_warm,0.5,16,0.75,8,2,37.355000036768615
transition_first,0.5,16,0.75,8,3,34.26099999342114
transition_warm,0.5,16,0.75,8,3,30.260800034739077
transition_first,0.5,16,0.75,8,4,30.975500005297363
transition_warm,0.5,16,0.75,8,4,38.33889996167272
transition_first,0.5,16,0.75,8,5,30.484899994917214
transition_warm,0.5,16,0.75,8,5,30.06640000967309
transition_first,0.5,16,0.75,8,6,30.295400007162243
transition_warm,0.5,16,0.75,8,6,30.327400017995387
transition_first,0.5,16,0.75,8,7,30.55050002876669
transition_warm,0.5,16,0.75,8,7,29.226800019387156
transition_first,0.5,16,0.75,8,8,32.079200027510524
transition_warm,0.5,16,0.75,8,8,34.91139999823645
transition_first,0.5,16,0.75,8,9,35.4069999884814
transition_warm,0.5,16,0.75,8,9,33.9555999962613
transition_first,0.25,16,0.75,32,0,12.195800023619086
transition_warm,0.25,16,0.75,32,0,15.38339996477589
transition_first,0.25,16,0.75,32,1,12.13879999704659
transition_warm,0.25,16,0.75,32,1,9.880400029942393
transition_first,0.25,16,0.75,32,2,11.826400004792958
transition_warm,0.25,16,0.75,32,2,9.683999989647418
transition_first,0.25,16,0.75,32,3,11.236199992708862
transition_warm,0.25,16,0.75,32,3,11.813800025265664
transition_first,0.25,16,0.75,32,4,10.523200035095215
transition_warm,0.25,16,0.75,32,4,9.399100032169372
transition_first,0.25,16,0.75,32,5,11.60969998454675
transition_warm,0.25,16,0.75,32,5,9.71050001680851
transition_first,0.25,16,0.75,32,6,11.193000013008714
transition_warm,0.25,16,0.75,32,6,9.363099990878254
transition_first,0.25,16,0.75,32,7,12.924800044856966
transition_warm,0.25,16,0.75,32,7,11.29580003907904
transition_first,0.25,16,0.75,32,8,9.618100011721253
transition_warm,0.25,16,0.75,32,8,10.303899995051324
transition_first,0.25,16,0.75,32,9,12.43370003066957
transition_warm,0.25,16,0.75,32,9,10.392900032456964
transition_first,1.0,8,0.5,4,0,30.6601999909617
transition_warm,1.0,8,0.5,4,0,28.16230000462383
transition_first,1.0,8,0.5,4,1,28.804800007492304
transition_warm,1.0,8,0.5,4,1,29.863999981898814
transition_first,1.0,8,0.5,4,2,31.580100010614842
transition_warm,1.0,8,0.5,4,2,30.92689998447895
transition_first,1.0,8,0.5,4,3,28.63630000501871
transition_warm,1.0,8,0.5,4,3,30.741600028704852
transition_first,1.0,8,0.5,4,4,43.405900010839105
transition_warm,1.0,8,0.5,4,4,42.83190000569448
transition_first,1.0,8,0.5,4,5,29.825799982063472
transition_warm,1.0,8,0.5,4,5,33.25600002426654
transition_first,1.0,8,0.5,4,6,31.92089998628944
transition_warm,1.0,8,0.5,4,6,29.439200006891042
transition_first,1.0,8,0.5,4,7,30.476299987640232
transition_warm,1.0,8,0.5,4,7,33.4086999646388
transition_first,1.0,8,0.5,4,8,39.734599995426834
transition_warm,1.0,8,0.5,4,8,34.86079996218905
transition_first,1.0,8,0.5,4,9,40.87579995393753
transition_warm,1.0,8,0.5,4,9,40.87170003913343
transition_first,0.75,8,0.25,32,0,10.03629999468103
transition_warm,0.75,8,0.25,32,0,9.310699999332428
transition_first,0.75,8,0.25,32,1,12.20399996964261
transition_warm,0.75,8,0.25,32,1,12.739899975713342
transition_first,0.75,8,0.25,32,2,11.501999979373068
transition_warm,0.75,8,0.25,32,2,10.747399996034801
transition_first,0.75,8,0.25,32,3,11.652000015601516
transition_warm,0.75,8,0.25,32,3,13.28239997383207
transition_first,0.75,8,0.25,32,4,12.331900012213737
transition_warm,0.75,8,0.25,32,4,11.370800028089434
transition_first,0.75,8,0.25,32,5,10.506899969186634
transition_warm,0.75,8,0.25,32,5,9.176400024443865
transition_first,0.75,8,0.25,32,6,11.237099999561906
transition_warm,0.75,8,0.25,32,6,10.174399998504668
transition_first,0.75,8,0.25,32,7,10.902500012889504
transition_warm,0.75,8,0.25,32,7,10.73130004806444
transition_first,0.75,8,0.25,32,8,11.173099977895617
transition_warm,0.75,8,0.25,32,8,10.422100021969527
transition_first,0.75,8,0.25,32,9,9.891399997286499
transition_warm,0.75,8,0.25,32,9,10.692199983168393
transition_first,0.5,8,1.0,32,0,11.154599953442812
transition_warm,0.5,8,1.0,32,0,11.914399976376444
transition_first,0.5,8,1.0,32,1,12.931799981743097
transition_warm,0.5,8,1.0,32,1,9.71479999134317
transition_first,0.5,8,1.0,32,2,10.296099993865937
transition_warm,0.5,8,1.0,32,2,10.606899973936379
transition_first,0.5,8,1.0,32,3,13.788100040983409
transition_warm,0.5,8,1.0,32,3,10.862700000870973
transition_first,0.5,8,1.0,32,4,9.559599973727018
transition_warm,0.5,8,1.0,32,4,11.26470003509894
transition_first,0.5,8,1.0,32,5,11.387899983674288
transition_warm,0.5,8,1.0,32,5,9.56390000646934
transition_first,0.5,8,1.0,32,6,9.879000019282103
transition_warm,0.5,8,1.0,32,6,9.073599998373538
transition_first,0.5,8,1.0,32,7,11.360200005583465
transition_warm,0.5,8,1.0,32,7,14.304300013463944
transition_first,0.5,8,1.0,32,8,11.773899954278022
transition_warm,0.5,8,1.0,32,8,18.625599972438067
transition_first,0.5,8,1.0,32,9,11.876300035510212
transition_warm,0.5,8,1.0,32,9,10.72389999171719
transition_first,0.25,32,1.0,16,0,51.58700002357364
transition_warm,0.25,32,1.0,16,0,39.294500020332634
transition_first,0.25,32,1.0,16,1,32.87850000197068
transition_warm,0.25,32,1.0,16,1,36.71570000005886
transition_first,0.25,32,1.0,16,2,42.919699975755066
transition_warm,0.25,32,1.0,16,2,35.07270000409335
transition_first,0.25,32,1.0,16,3,40.32500000903383
transition_warm,0.25,32,1.0,16,3,43.826299952343106
transition_first,0.25,32,1.0,16,4,34.525099967140704
transition_warm,0.25,32,1.0,16,4,34.49440002441406
transition_first,0.25,32,1.0,16,5,32.53770002629608
transition_warm,0.25,32,1.0,16,5,48.11769997468218
transition_first,0.25,32,1.0,16,6,31.71239997027442
transition_warm,0.25,32,1.0,16,6,33.12719997484237
transition_first,0.25,32,1.0,16,7,35.88149999268353
transition_warm,0.25,32,1.0,16,7,34.89949996583164
transition_first,0.25,32,1.0,16,8,32.077300013042986
transition_warm,0.25,32,1.0,16,8,33.704400004353374
transition_first,0.25,32,1.0,16,9,32.092100009322166
transition_warm,0.25,32,1.0,16,9,35.63820000272244
transition_first,0.25,16,0.75,8,0,40.829199948348105
transition_warm,0.25,16,0.75,8,0,44.893400045111775
transition_first,0.25,16,0.75,8,1,34.967999963555485
transition_warm,0.25,16,0.75,8,1,32.27120003430173
transition_first,0.25,16,0.75,8,2,52.75979998987168
transition_warm,0.25,16,0.75,8,2,30.79950000392273
transition_first,0.25,16,0.75,8,3,31.706799985840917
transition_warm,0.25,16,0.75,8,3,31.787400017492473
transition_first,0.25,16,0.75,8,4,28.81109999725595
transition_warm,0.25,16,0.75,8,4,41.41640005400404
transition_first,0.25,16,0.75,8,5,34.496999986004084
transition_warm,0.25,16,0.75,8,5,31.75799996824935
transition_first,0.25,16,0.75,8,6,29.179200006183237
transition_warm,0.25,16,0.75,8,6,29.494699963834137
transition_first,0.25,16,0.75,8,7,35.40930000599474
transition_warm,0.25,16,0.75,8,7,33.39980001328513
transition_first,0.25,16,0.75,8,8,33.419799990952015
transition_warm,0.25,16,0.75,8,8,38.608300033956766
transition_first,0.25,16,0.75,8,9,34.89499998977408
transition_warm,0.25,16,0.75,8,9,39.218800025992095
transition_first,1.0,32,1.0,4,0,35.60900001320988
transition_warm,1.0,32,1.0,4,0,38.11590000987053
transition_first,1.0,32,1.0,4,1,31.90169995650649
transition_warm,1.0,32,1.0,4,1,35.64269997878
transition_first,1.0,32,1.0,4,2,33.49170001456514
transition_warm,1.0,32,1.0,4,2,40.434999973513186
transition_first,1.0,32,1.0,4,3,35.18690000055358
transition_warm,1.0,32,1.0,4,3,34.74819997791201
transition_first,1.0,32,1.0,4,4,37.09810000145808
transition_warm,1.0,32,1.0,4,4,37.194699980318546
transition_first,1.0,32,1.0,4,5,37.273299996741116
transition_warm,1.0,32,1.0,4,5,30.55070003028959
transition_first,1.0,32,1.0,4,6,38.77199999988079
transition_warm,1.0,32,1.0,4,6,37.11309999926016
transition_first,1.0,32,1.0,4,7,39.513600000645965
transition_warm,1.0,32,1.0,4,7,35.29129998059943
transition_first,1.0,32,1.0,4,8,32.218099979218096
transition_warm,1.0,32,1.0,4,8,33.739999984391034
transition_first,1.0,32,1.0,4,9,33.390500000678
transition_warm,1.0,32,1.0,4,9,33.2533999462612
transition_first,0.5,8,0.25,16,0,30.392899992875755
transition_warm,0.5,8,0.25,16,0,39.30890001356602
transition_first,0.5,8,0.25,16,1,28.83040002780035
transition_warm,0.5,8,0.25,16,1,29.631400015205145
transition_first,0.5,8,0.25,16,2,31.898199988063425
transition_warm,0.5,8,0.25,16,2,36.71899996697903
transition_first,0.5,8,0.25,16,3,33.606299955863506
transition_warm,0.5,8,0.25,16,3,36.70340002281591
transition_first,0.5,8,0.25,16,4,40.178800001740456
transition_warm,0.5,8,0.25,16,4,44.61280000396073
transition_first,0.5,8,0.25,16,5,29.70169996842742
transition_warm,0.5,8,0.25,16,5,29.527399979997426
transition_first,0.5,8,0.25,16,6,32.443300005979836
transition_warm,0.5,8,0.25,16,6,41.30299994722009
transition_first,0.5,8,0.25,16,7,30.871600029058754
transition_warm,0.5,8,0.25,16,7,36.24839999247342
transition_first,0.5,8,0.25,16,8,29.63349997298792
transition_warm,0.5,8,0.25,16,8,29.09739996539429
transition_first,0.5,8,0.25,16,9,28.25689996825531
transition_warm,0.5,8,0.25,16,9,31.31069999653846
transition_first,1.0,32,0.75,8,0,27.89709996432066
transition_warm,1.0,32,0.75,8,0,43.38539997115731
transition_first,1.0,32,0.75,8,1,35.42629996081814
transition_warm,1.0,32,0.75,8,1,31.743899977300316
transition_first,1.0,32,0.75,8,2,37.18809998827055
transition_warm,1.0,32,0.75,8,2,35.95130000030622
transition_first,1.0,32,0.75,8,3,35.252699977718294
transition_warm,1.0,32,0.75,8,3,45.35579995717853
transition_first,1.0,32,0.75,8,4,35.22479999810457
transition_warm,1.0,32,0.75,8,4,32.12969994638115
transition_first,1.0,32,0.75,8,5,33.80269999615848
transition_warm,1.0,32,0.75,8,5,32.62520005227998
transition_first,1.0,32,0.75,8,6,31.768899993039668
transition_warm,1.0,32,0.75,8,6,30.773400038015097
transition_first,1.0,32,0.75,8,7,29.410200018901378
transition_warm,1.0,32,0.75,8,7,29.730099951848388
transition_first,1.0,32,0.75,8,8,32.022500003222376
transition_warm,1.0,32,0.75,8,8,30.783900001551956
transition_first,1.0,32,0.75,8,9,42.41719999117777
transition_warm,1.0,32,0.75,8,9,34.35969998827204
transition_first,0.75,32,0.5,8,0,35.307399986777455
transition_warm,0.75,32,0.5,8,0,28.384900011587888
transition_first,0.75,32,0.5,8,1,43.681499955710024
transition_warm,0.75,32,0.5,8,1,36.23879997758195
transition_first,0.75,32,0.5,8,2,37.409599986858666
transition_warm,0.75,32,0.5,8,2,50.258200033567846
transition_first,0.75,32,0.5,8,3,37.830699991900474
transition_warm,0.75,32,0.5,8,3,47.97529999632388
transition_first,0.75,32,0.5,8,4,49.00890000863001
transition_warm,0.75,32,0.5,8,4,40.3894999762997
transition_first,0.75,32,0.5,8,5,38.33810001378879
transition_warm,0.75,32,0.5,8,5,34.63579999515787
transition_first,0.75,32,0.5,8,6,33.8564999983646
transition_warm,0.75,32,0.5,8,6,36.96880000643432
transition_first,0.75,32,0.5,8,7,30.064399994444102
transition_warm,0.75,32,0.5,8,7,29.183800041209906
transition_first,0.75,32,0.5,8,8,35.630500002298504
transition_warm,0.75,32,0.5,8,8,40.90839996933937
transition_first,0.75,32,0.5,8,9,34.43439997499809
transition_warm,0.75,32,0.5,8,9,37.20179997617379
transition_first,0.25,16,0.5,4,0,37.06790000433102
transition_warm,0.25,16,0.5,4,0,33.400800020899624
transition_first,0.25,16,0.5,4,1,31.028400000650436
transition_warm,0.25,16,0.5,4,1,29.499099997337908
transition_first,0.25,16,0.5,4,2,32.08620002260432
transition_warm,0.25,16,0.5,4,2,42.61450003832579
transition_first,0.25,16,0.5,4,3,57.41649999981746
transition_warm,0.25,16,0.5,4,3,56.135499966330826
transition_first,0.25,16,0.5,4,4,31.131100025959313
transition_warm,0.25,16,0.5,4,4,39.165500027593225
transition_first,0.25,16,0.5,4,5,36.73599998001009
transition_warm,0.25,16,0.5,4,5,35.070099984295666
transition_first,0.25,16,0.5,4,6,28.57539994874969
transition_warm,0.25,16,0.5,4,6,33.55429996736348
transition_first,0.25,16,0.5,4,7,33.4104000357911
transition_warm,0.25,16,0.5,4,7,33.954699989408255
transition_first,0.25,16,0.5,4,8,27.684199973009527
transition_warm,0.25,16,0.5,4,8,34.70229997765273
transition_first,0.25,16,0.5,4,9,35.132399993017316
transition_warm,0.25,16,0.5,4,9,32.60170004796237
transition_first,0.75,4,1.0,8,0,32.782799971755594
transition_warm,0.75,4,1.0,8,0,42.58890001801774
transition_first,0.75,4,1.0,8,1,38.06380002060905
transition_warm,0.75,4,1.0,8,1,34.81869999086484
transition_first,0.75,4,1.0,8,2,38.63249998539686
transition_warm,0.75,4,1.0,8,2,37.335900007747114
transition_first,0.75,4,1.0,8,3,32.711500010918826
transition_warm,0.75,4,1.0,8,3,40.10280000511557
transition_first,0.75,4,1.0,8,4,33.7681999662891
transition_warm,0.75,4,1.0,8,4,37.432100041769445
transition_first,0.75,4,1.0,8,5,36.59710002830252
transition_warm,0.75,4,1.0,8,5,43.19589998340234
transition_first,0.75,4,1.0,8,6,34.0921999886632
transition_warm,0.75,4,1.0,8,6,32.33890002593398
transition_first,0.75,4,1.0,8,7,45.50149996066466
transition_warm,0.75,4,1.0,8,7,50.82230002153665
transition_first,0.75,4,1.0,8,8,43.91509998822585
transition_warm,0.75,4,1.0,8,8,45.524600020144135
transition_first,0.75,4,1.0,8,9,32.95429999707267
transition_warm,0.75,4,1.0,8,9,34.747399971820414
transition_first,1.0,32,0.25,16,0,33.902800001669675
transition_warm,1.0,32,0.25,16,0,36.75889997975901
transition_first,1.0,32,0.25,16,1,28.791200020350516
transition_warm,1.0,32,0.25,16,1,31.653999991249293
transition_first,1.0,32,0.25,16,2,50.151800038293004
transition_warm,1.0,32,0.25,16,2,32.504000002518296
transition_first,1.0,32,0.25,16,3,35.40420002536848
transition_warm,1.0,32,0.25,16,3,41.04390001157299
transition_first,1.0,32,0.25,16,4,32.76100003859028
transition_warm,1.0,32,0.25,16,4,37.227399996481836
transition_first,1.0,32,0.25,16,5,41.51629999978468
transition_warm,1.0,32,0.25,16,5,30.631000001449138
transition_first,1.0,32,0.25,16,6,30.073200003243983
transition_warm,1.0,32,0.25,16,6,30.8274999842979
transition_first,1.0,32,0.25,16,7,44.216299953404814
transition_warm,1.0,32,0.25,16,7,33.696900005452335
transition_first,1.0,32,0.25,16,8,27.80099998926744
transition_warm,1.0,32,0.25,16,8,29.860600014217198
transition_first,1.0,32,0.25,16,9,29.270300001371652
transition_warm,1.0,32,0.25,16,9,30.75090004131198
transition_first,0.75,16,0.25,4,0,31.358699954580516
transition_warm,0.75,16,0.25,4,0,26.60530002322048
transition_first,0.75,16,0.25,4,1,29.70750001259148
transition_warm,0.75,16,0.25,4,1,34.61660002358258
transition_first,0.75,16,0.25,4,2,31.34799998952076
transition_warm,0.75,16,0.25,4,2,28.81109999725595
transition_first,0.75,16,0.25,4,3,29.959799954667687
transition_warm,0.75,16,0.25,4,3,29.127900023013353
transition_first,0.75,16,0.25,4,4,29.511599976103753
transition_warm,0.75,16,0.25,4,4,28.751000005286187
transition_first,0.75,16,0.25,4,5,32.2934000287205
transition_warm,0.75,16,0.25,4,5,31.027099990751594
transition_first,0.75,16,0.25,4,6,34.93319998960942
transition_warm,0.75,16,0.25,4,6,28.99070002604276
transition_first,0.75,16,0.25,4,7,29.8289000056684
transition_warm,0.75,16,0.25,4,7,30.166500015184283
transition_first,0.75,16,0.25,4,8,28.818300052080303
transition_warm,0.75,16,0.25,4,8,27.669799979776144
transition_first,0.75,16,0.25,4,9,30.63090000068769
transition_warm,0.75,16,0.25,4,9,37.914999993517995
transition_first,0.5,4,0.5,16,0,27.954199991654605
transition_warm,0.5,4,0.5,16,0,28.682999953161925
transition_first,0.5,4,0.5,16,1,36.247999989427626
transition_warm,0.5,4,0.5,16,1,29.43369996501133
transition_first,0.5,4,0.5,16,2,40.504999982658774
transition_warm,0.5,4,0.5,16,2,41.1272999481298
transition_first,0.5,4,0.5,16,3,38.54080004384741
transition_warm,0.5,4,0.5,16,3,29.15069996379316
transition_first,0.5,4,0.5,16,4,34.93970003910363
transition_warm,0.5,4,0.5,16,4,38.1690000067465
transition_first,0.5,4,0.5,16,5,43.71649998938665
transition_warm,0.5,4,0.5,16,5,28.0305000487715
transition_first,0.5,4,0.5,16,6,28.563299973029643
transition_warm,0.5,4,0.5,16,6,27.494500041939318
transition_first,0.5,4,0.5,16,7,30.06050002295524
transition_warm,0.5,4,0.5,16,7,31.565000012051314
transition_first,0.5,4,0.5,16,8,41.68460000073537
transition_warm,0.5,4,0.5,16,8,28.93849997781217
transition_first,0.5,4,0.5,16,9,43.95349998958409
transition_warm,0.5,4,0.5,16,9,35.14180000638589
transition_first,1.0,16,0.5,8,0,34.242200024891645
transition_warm,1.0,16,0.5,8,0,30.886000022292137
transition_first,1.0,16,0.5,8,1,30.034299998078495
transition_warm,1.0,16,0.5,8,1,32.20419998979196
transition_first,1.0,16,0.5,8,2,33.86540000792593
transition_warm,1.0,16,0.5,8,2,36.128100007772446
transition_first,1.0,16,0.5,8,3,34.92619999451563
transition_warm,1.0,16,0.5,8,3,35.1344000082463
transition_first,1.0,16,0.5,8,4,40.61370005365461
transition_warm,1.0,16,0.5,8,4,36.353299976326525
transition_first,1.0,16,0.5,8,5,34.73610000219196
transition_warm,1.0,16,0.5,8,5,39.285600010771304
transition_first,1.0,16,0.5,8,6,45.43180001201108
transition_warm,1.0,16,0.5,8,6,35.9840999590233
transition_first,1.0,16,0.5,8,7,37.322600022889674
transition_warm,1.0,16,0.5,8,7,29.220799973700196
transition_first,1.0,16,0.5,8,8,29.221500037238002
transition_warm,1.0,16,0.5,8,8,34.9792999913916
transition_first,1.0,16,0.5,8,9,32.121900003403425
transition_warm,1.0,16,0.5,8,9,28.424200019799173
transition_first,0.75,8,0.5,32,0,11.25559996580705
transition_warm,0.75,8,0.5,32,0,11.585300031583756
transition_first,0.75,8,0.5,32,1,13.079800002742559
transition_warm,0.75,8,0.5,32,1,13.298499980010092
transition_first,0.75,8,0.5,32,2,17.093900009058416
transition_warm,0.75,8,0.5,32,2,14.90200002444908
transition_first,0.75,8,0.5,32,3,10.545299970544875
transition_warm,0.75,8,0.5,32,3,9.863800019957125
transition_first,0.75,8,0.5,32,4,12.427099980413914
transition_warm,0.75,8,0.5,32,4,11.995399952866137
transition_first,0.75,8,0.5,32,5,13.467499986290932
transition_warm,0.75,8,0.5,32,5,11.591199960093945
transition_first,0.75,8,0.5,32,6,10.167000000365078
transition_warm,0.75,8,0.5,32,6,11.440499976743013
transition_first,0.75,8,0.5,32,7,11.696000001393259
transition_warm,0.75,8,0.5,32,7,10.443099949043244
transition_first,0.75,8,0.5,32,8,10.929399984888732
transition_warm,0.75,8,0.5,32,8,11.029500048607588
transition_first,0.75,8,0.5,32,9,10.838399990461767
transition_warm,0.75,8,0.5,32,9,11.154500010889024
transition_first,0.25,32,0.75,32,0,11.077700008172542
transition_warm,0.25,32,0.75,32,0,14.041399990674108
transition_first,0.25,32,0.75,32,1,10.35799999954179
transition_warm,0.25,32,0.75,32,1,11.609999986831099
transition_first,0.25,32,0.75,32,2,9.582199971191585
transition_warm,0.25,32,0.75,32,2,10.749200009740889
transition_first,0.25,32,0.75,32,3,11.391000007279217
transition_warm,0.25,32,0.75,32,3,11.753999977372587
transition_first,0.25,32,0.75,32,4,11.74469996476546
transition_warm,0.25,32,0.75,32,4,13.88859999133274
transition_first,0.25,32,0.75,32,5,10.662499989848584
transition_warm,0.25,32,0.75,32,5,9.899799944832921
transition_first,0.25,32,0.75,32,6,12.14469998376444
transition_warm,0.25,32,0.75,32,6,10.90900000417605
transition_first,0.25,32,0.75,32,7,10.697800025809556
transition_warm,0.25,32,0.75,32,7,10.859299974981695
transition_first,0.25,32,0.75,32,8,12.277000001631677
transition_warm,0.25,32,0.75,32,8,12.474600051064044
transition_first,0.25,32,0.75,32,9,10.857999965082854
transition_warm,0.25,32,0.75,32,9,10.91960002668202
transition_first,0.75,4,0.5,32,0,10.698999976739287
transition_warm,0.75,4,0.5,32,0,9.066200000233948
transition_first,0.75,4,0.5,32,1,12.037600041367114
transition_warm,0.75,4,0.5,32,1,11.910100001841784
transition_first,0.75,4,0.5,32,2,10.616100043989718
transition_warm,0.75,4,0.5,32,2,10.380299994722009
transition_first,0.75,4,0.5,32,3,10.990800044964999
transition_warm,0.75,4,0.5,32,3,10.87660004850477
transition_first,0.75,4,0.5,32,4,13.117399998009205
transition_warm,0.75,4,0.5,32,4,12.631600024178624
transition_first,0.75,4,0.5,32,5,9.879699966404587
transition_warm,0.75,4,0.5,32,5,11.114099994301796
transition_first,0.75,4,0.5,32,6,10.738399985712022
transition_warm,0.75,4,0.5,32,6,12.90179998613894
transition_first,0.75,4,0.5,32,7,11.037099990062416
transition_warm,0.75,4,0.5,32,7,12.664700043387711
transition_first,0.75,4,0.5,32,8,13.53009999729693
transition_warm,0.75,4,0.5,32,8,10.281399998348206
transition_first,0.75,4,0.5,32,9,11.447600030805916
transition_warm,0.75,4,0.5,32,9,12.98159995349124
transition_first,0.25,16,0.25,4,0,39.160899992566556
transition_warm,0.25,16,0.25,4,0,39.881300006527454
transition_first,0.25,16,0.25,4,1,30.56410001590848
transition_warm,0.25,16,0.25,4,1,29.270900005940348
transition_first,0.25,16,0.25,4,2,30.734100029803813
transition_warm,0.25,16,0.25,4,2,28.00819999538362
transition_first,0.25,16,0.25,4,3,40.88479996426031
transition_warm,0.25,16,0.25,4,3,27.43070002179593
transition_first,0.25,16,0.25,4,4,35.573799978010356
transition_warm,0.25,16,0.25,4,4,43.07600000174716
transition_first,0.25,16,0.25,4,5,36.000900028739125
transition_warm,0.25,16,0.25,4,5,29.675699945073575
transition_first,0.25,16,0.25,4,6,28.77129998523742
transition_warm,0.25,16,0.25,4,6,30.880199978128076
transition_first,0.25,16,0.25,4,7,28.597500000614673
transition_warm,0.25,16,0.25,4,7,31.763300008606166
transition_first,0.25,16,0.25,4,8,28.02569995401427
transition_warm,0.25,16,0.25,4,8,31.769200053531677
transition_first,0.25,16,0.25,4,9,33.483400009572506
transition_warm,0.25,16,0.25,4,9,35.83960002288222
transition_first,0.75,32,1.0,16,0,36.92729998147115
transition_warm,0.75,32,1.0,16,0,37.645300035364926
transition_first,0.75,32,1.0,16,1,33.5777000291273
transition_warm,0.75,32,1.0,16,1,38.396299991291016
transition_first,0.75,32,1.0,16,2,41.04759998153895
transition_warm,0.75,32,1.0,16,2,34.990399959497154
transition_first,0.75,32,1.0,16,3,36.15679999347776
transition_warm,0.75,32,1.0,16,3,33.20579999126494
transition_first,0.75,32,1.0,16,4,36.63539997069165
transition_warm,0.75,32,1.0,16,4,34.56539998296648
transition_first,0.75,32,1.0,16,5,36.92500002216548
transition_warm,0.75,32,1.0,16,5,35.33230000175536
transition_first,0.75,32,1.0,16,6,34.96180003276095
transition_warm,0.75,32,1.0,16,6,33.79990003304556
transition_first,0.75,32,1.0,16,7,34.5388000132516
transition_warm,0.75,32,1.0,16,7,37.38280001562089
transition_first,0.75,32,1.0,16,8,39.28520000772551
transition_warm,0.75,32,1.0,16,8,37.36020001815632
transition_first,0.75,32,1.0,16,9,35.80720000900328
transition_warm,0.75,32,1.0,16,9,32.154400018043816
transition_first,0.25,4,0.75,32,0,12.776600022334605
transition_warm,0.25,4,0.75,32,0,12.499400007072836
transition_first,0.25,4,0.75,32,1,10.722000035457313
transition_warm,0.25,4,0.75,32,1,11.02589996298775
transition_first,0.25,4,0.75,32,2,10.916800005361438
transition_warm,0.25,4,0.75,32,2,12.053399987053126
transition_first,0.25,4,0.75,32,3,12.55530002526939
transition_warm,0.25,4,0.75,32,3,10.907899995800108
transition_first,0.25,4,0.75,32,4,11.878899997100234
transition_warm,0.25,4,0.75,32,4,9.469500044360757
transition_first,0.25,4,0.75,32,5,10.40379999903962
transition_warm,0.25,4,0.75,32,5,11.688200000207871
transition_first,0.25,4,0.75,32,6,10.922699992079288
transition_warm,0.25,4,0.75,32,6,11.624200036749244
transition_first,0.25,4,0.75,32,7,11.91199995810166
transition_warm,0.25,4,0.75,32,7,12.533399974927306
transition_first,0.25,4,0.75,32,8,13.074700022116303
transition_warm,0.25,4,0.75,32,8,13.684500008821487
transition_first,0.25,4,0.75,32,9,11.187900032382458
transition_warm,0.25,4,0.75,32,9,11.506500013638288
transition_first,0.5,8,0.75,16,0,32.761799986474216
transition_warm,0.5,8,0.75,16,0,28.828200011048466
transition_first,0.5,8,0.75,16,1,43.08650002349168
transition_warm,0.5,8,0.75,16,1,31.084600021131337
transition_first,0.5,8,0.75,16,2,35.73800000594929
transition_warm,0.5,8,0.75,16,2,42.98780002864078
transition_first,0.5,8,0.75,16,3,33.498400007374585
transition_warm,0.5,8,0.75,16,3,28.91940000699833
transition_first,0.5,8,0.75,16,4,35.51549999974668
transition_warm,0.5,8,0.75,16,4,32.1690000128001
transition_first,0.5,8,0.75,16,5,30.246200039982796
transition_warm,0.5,8,0.75,16,5,31.554299988783896
transition_first,0.5,8,0.75,16,6,35.51299998071045
transition_warm,0.5,8,0.75,16,6,29.223699995782226
transition_first,0.5,8,0.75,16,7,31.54629998607561
transition_warm,0.5,8,0.75,16,7,41.110599995590746
transition_first,0.5,8,0.75,16,8,34.59709999151528
transition_warm,0.5,8,0.75,16,8,29.666599992197007
transition_first,0.5,8,0.75,16,9,32.01770002488047
transition_warm,0.5,8,0.75,16,9,30.48109996598214
transition_first,0.75,16,0.25,16,0,32.19109994824976
transition_warm,0.75,16,0.25,16,0,30.879200028721243
transition_first,0.75,16,0.25,16,1,32.00840001227334
transition_warm,0.75,16,0.25,16,1,26.444299961440265
transition_first,0.75,16,0.25,16,2,30.6175000150688
transition_warm,0.75,16,0.25,16,2,45.68929999368265
transition_first,0.75,16,0.25,16,3,40.38730001775548
transition_warm,0.75,16,0.25,16,3,44.26729999249801
transition_first,0.75,16,0.25,16,4,28.116500005126
transition_warm,0.75,16,0.25,16,4,25.965900043956935
transition_first,0.75,16,0.25,16,5,33.95990002900362
transition_warm,0.75,16,0.25,16,5,29.105100024025887
transition_first,0.75,16,0.25,16,6,33.74809998786077
transition_warm,0.75,16,0.25,16,6,32.9935000045225
transition_first,0.75,16,0.25,16,7,35.02399998251349
transition_warm,0.75,16,0.25,16,7,40.14980001375079
transition_first,0.75,16,0.25,16,8,31.714099983219057
transition_warm,0.75,16,0.25,16,8,30.248800001572818
transition_first,0.75,16,0.25,16,9,45.045899983961135
transition_warm,0.75,16,0.25,16,9,34.45000003557652
transition_first,0.75,4,1.0,32,0,12.09279999602586
transition_warm,0.75,4,1.0,32,0,11.281300045084208
transition_first,0.75,4,1.0,32,1,10.985700006131083
transition_warm,0.75,4,1.0,32,1,11.764399998355657
transition_first,0.75,4,1.0,32,2,10.892299993429333
transition_warm,0.75,4,1.0,32,2,11.540999985300004
transition_first,0.75,4,1.0,32,3,10.91650000307709
transition_warm,0.75,4,1.0,32,3,9.96969995321706
transition_first,0.75,4,1.0,32,4,11.41590002225712
transition_warm,0.75,4,1.0,32,4,11.981400020886213
transition_first,0.75,4,1.0,32,5,12.733199982903898
transition_warm,0.75,4,1.0,32,5,9.933699970133603
transition_first,0.75,4,1.0,32,6,11.179300025105476
transition_warm,0.75,4,1.0,32,6,11.73590001417324
transition_first,0.75,4,1.0,32,7,8.890600001905113
transition_warm,0.75,4,1.0,32,7,9.690099977888167
transition_first,0.75,4,1.0,32,8,9.73849999718368
transition_warm,0.75,4,1.0,32,8,12.665499991271645
transition_first,0.75,4,1.0,32,9,12.929100019391626
transition_warm,0.75,4,1.0,32,9,11.632700043264776
transition_first,0.25,32,1.0,32,0,11.538499966263771
transition_warm,0.25,32,1.0,32,0,14.350400015246123
transition_first,0.25,32,1.0,32,1,17.669200024101883
transition_warm,0.25,32,1.0,32,1,15.12709999224171
transition_first,0.25,32,1.0,32,2,12.101500004064292
transition_warm,0.25,32,1.0,32,2,11.884999985340983
transition_first,0.25,32,1.0,32,3,10.382700012996793
transition_warm,0.25,32,1.0,32,3,10.211599990725517
transition_first,0.25,32,1.0,32,4,12.751200003549457
transition_warm,0.25,32,1.0,32,4,10.40369999827817
transition_first,0.25,32,1.0,32,5,10.618000000249594
transition_warm,0.25,32,1.0,32,5,9.543499967548996
transition_first,0.25,32,1.0,32,6,10.171899979468435
transition_warm,0.25,32,1.0,32,6,10.449499997776002
transition_first,0.25,32,1.0,32,7,10.631799988914281
transition_warm,0.25,32,1.0,32,7,10.551400016993284
transition_first,0.25,32,1.0,32,8,11.00390002829954
transition_warm,0.25,32,1.0,32,8,11.63929997710511
transition_first,0.25,32,1.0,32,9,11.311200039926916
transition_warm,0.25,32,1.0,32,9,11.837499972898513
transition_first,0.5,16,0.5,32,0,12.447599961888045
transition_warm,0.5,16,0.5,32,0,12.19059998402372
transition_first,0.5,16,0.5,32,1,16.148199967574328
transition_warm,0.5,16,0.5,32,1,12.930199969559908
transition_first,0.5,16,0.5,32,2,13.200400047935545
transition_warm,0.5,16,0.5,32,2,25.644300039857626
transition_first,0.5,16,0.5,32,3,15.141499985475093
transition_warm,0.5,16,0.5,32,3,25.20360000198707
transition_first,0.5,16,0.5,32,4,12.633500038646162
transition_warm,0.5,16,0.5,32,4,10.491500026546419
transition_first,0.5,16,0.5,32,5,11.05590001679957
transition_warm,0.5,16,0.5,32,5,11.069600004702806
transition_first,0.5,16,0.5,32,6,10.548300051596016
transition_warm,0.5,16,0.5,32,6,10.634500009473413
transition_first,0.5,16,0.5,32,7,11.45270001143217
transition_warm,0.5,16,0.5,32,7,11.151400045491755
transition_first,0.5,16,0.5,32,8,9.859699988737702
transition_warm,0.5,16,0.5,32,8,16.047800017986447
transition_first,0.5,16,0.5,32,9,11.057499970775098
transition_warm,0.5,16,0.5,32,9,9.191499964799732
transition_first,0.25,32,0.25,8,0,30.872599978465587
transition_warm,0.25,32,0.25,8,0,28.03049999056384
transition_first,0.25,32,0.25,8,1,31.03070001816377
transition_warm,0.25,32,0.25,8,1,36.026099987793714
transition_first,0.25,32,0.25,8,2,44.03930000262335
transition_warm,0.25,32,0.25,8,2,27.34019997296855
transition_first,0.25,32,0.25,8,3,41.512399970088154
transition_warm,0.25,32,0.25,8,3,33.14329998102039
transition_first,0.25,32,0.25,8,4,37.75740001583472
transition_warm,0.25,32,0.25,8,4,31.616899999789894
transition_first,0.25,32,0.25,8,5,36.30830004112795
transition_warm,0.25,32,0.25,8,5,48.440499987918884
transition_first,0.25,32,0.25,8,6,36.31130000576377
transition_warm,0.25,32,0.25,8,6,37.03589999349788
transition_first,0.25,32,0.25,8,7,39.20220001600683
transition_warm,0.25,32,0.25,8,7,36.75560001283884
transition_first,0.25,32,0.25,8,8,39.640999981202185
transition_warm,0.25,32,0.25,8,8,31.680199957918376
transition_first,0.25,32,0.25,8,9,45.579200028441846
transition_warm,0.25,32,0.25,8,9,44.52019999735057
transition_first,0.75,8,1.0,8,0,32.45309996418655
transition_warm,0.75,8,1.0,8,0,31.956400023773313
transition_first,0.75,8,1.0,8,1,36.990399996284395
transition_warm,0.75,8,1.0,8,1,32.37640002043918
transition_first,0.75,8,1.0,8,2,40.4658000334166
transition_warm,0.75,8,1.0,8,2,31.673500023316592
transition_first,0.75,8,1.0,8,3,36.97390004526824
transition_warm,0.75,8,1.0,8,3,31.560699979308993
transition_first,0.75,8,1.0,8,4,34.63680000277236
transition_warm,0.75,8,1.0,8,4,35.74699995806441
transition_first,0.75,8,1.0,8,5,31.280199997127056
transition_warm,0.75,8,1.0,8,5,32.78619999764487
transition_first,0.75,8,1.0,8,6,47.4953000084497
transition_warm,0.75,8,1.0,8,6,40.45179998502135
transition_first,0.75,8,1.0,8,7,40.454400004819036
transition_warm,0.75,8,1.0,8,7,36.870300013106316
transition_first,0.75,8,1.0,8,8,31.58030001213774
transition_warm,0.75,8,1.0,8,8,38.14439999405295
transition_first,0.75,8,1.0,8,9,35.905900003854185
transition_warm,0.75,8,1.0,8,9,42.40490001393482
transition_first,0.75,32,0.75,8,0,27.490100008435547
transition_warm,0.75,32,0.75,8,0,30.092199973296374
transition_first,0.75,32,0.75,8,1,35.03709996584803
transition_warm,0.75,32,0.75,8,1,29.285900003742427
transition_first,0.75,32,0.75,8,2,33.49010000238195
transition_warm,0.75,32,0.75,8,2,29.5001000049524
transition_first,0.75,32,0.75,8,3,34.600600018166006
transition_warm,0.75,32,0.75,8,3,29.825099976733327
transition_first,0.75,32,0.75,8,4,29.687799979001284
transition_warm,0.75,32,0.75,8,4,47.424099990166724
transition_first,0.75,32,0.75,8,5,31.08700003940612
transition_warm,0.75,32,0.75,8,5,32.1259000338614
transition_first,0.75,32,0.75,8,6,33.61600002972409
transition_warm,0.75,32,0.75,8,6,39.22199999215081
transition_first,0.75,32,0.75,8,7,30.040100042242557
transition_warm,0.75,32,0.75,8,7,27.02450001379475
transition_first,0.75,32,0.75,8,8,31.290900020394474
transition_warm,0.75,32,0.75,8,8,31.987300026230514
transition_first,0.75,32,0.75,8,9,29.757699987385422
transition_warm,0.75,32,0.75,8,9,31.00849996553734
transition_first,0.25,8,1.0,8,0,33.45769998850301
transition_warm,0.25,8,1.0,8,0,33.39959995355457
transition_first,0.25,8,1.0,8,1,33.52539998013526
transition_warm,0.25,8,1.0,8,1,37.44949999963865
transition_first,0.25,8,1.0,8,2,33.065799972973764
transition_warm,0.25,8,1.0,8,2,35.24739999556914
transition_first,0.25,8,1.0,8,3,35.07869999157265
transition_warm,0.25,8,1.0,8,3,36.067300010472536
transition_first,0.25,8,1.0,8,4,43.438400025479496
transition_warm,0.25,8,1.0,8,4,33.84089999599382
transition_first,0.25,8,1.0,8,5,48.44720003893599
transition_warm,0.25,8,1.0,8,5,32.545399968512356
transition_first,0.25,8,1.0,8,6,34.85569998156279
transition_warm,0.25,8,1.0,8,6,38.21739996783435
transition_first,0.25,8,1.0,8,7,37.74500003783032
transition_warm,0.25,8,1.0,8,7,35.60250002192333
transition_first,0.25,8,1.0,8,8,35.5379999964498
transition_warm,0.25,8,1.0,8,8,39.11010001320392
transition_first,0.25,8,1.0,8,9,38.110599969513714
transition_warm,0.25,8,1.0,8,9,39.014099980704486
transition_first,1.0,4,0.75,32,0,13.01739999325946
transition_warm,1.0,4,0.75,32,0,16.91130001563579
transition_first,1.0,4,0.75,32,1,14.91979998536408
transition_warm,1.0,4,0.75,32,1,12.530400010291487
transition_first,1.0,4,0.75,32,2,12.00089999474585
transition_warm,1.0,4,0.75,32,2,10.016300017014146
transition_first,1.0,4,0.75,32,3,11.634599999524653
transition_warm,1.0,4,0.75,32,3,10.423299972899258
transition_first,1.0,4,0.75,32,4,11.691499967128038
transition_warm,1.0,4,0.75,32,4,10.370399977546185
transition_first,1.0,4,0.75,32,5,11.492100020404905
transition_warm,1.0,4,0.75,32,5,10.65279997419566
transition_first,1.0,4,0.75,32,6,12.748399982228875
transition_warm,1.0,4,0.75,32,6,11.522900022100657
transition_first,1.0,4,0.75,32,7,11.573800002224743
transition_warm,1.0,4,0.75,32,7,12.568800011649728
transition_first,1.0,4,0.75,32,8,11.449599987827241
transition_warm,1.0,4,0.75,32,8,11.08379999641329
transition_first,1.0,4,0.75,32,9,9.612099966034293
transition_warm,1.0,4,0.75,32,9,10.768000036478043
transition_first,0.75,32,0.25,16,0,30.228800023905933
transition_warm,0.75,32,0.25,16,0,30.053399968892336
transition_first,0.75,32,0.25,16,1,27.93550002388656
transition_warm,0.75,32,0.25,16,1,29.001499991863966
transition_first,0.75,32,0.25,16,2,31.226999999489635
transition_warm,0.75,32,0.25,16,2,35.85930005647242
transition_first,0.75,32,0.25,16,3,28.655000030994415
transition_warm,0.75,32,0.25,16,3,30.53419996285811
transition_first,0.75,32,0.25,16,4,27.918700012378395
transition_warm,0.75,32,0.25,16,4,28.63200003048405
transition_first,0.75,32,0.25,16,5,30.507199990097433
transition_warm,0.75,32,0.25,16,5,34.96880002785474
transition_first,0.75,32,0.25,16,6,31.19240002706647
transition_warm,0.75,32,0.25,16,6,33.63099996931851
transition_first,0.75,32,0.25,16,7,27.312699996400625
transition_warm,0.75,32,0.25,16,7,29.736700002104044
transition_first,0.75,32,0.25,16,8,28.7489999900572
transition_warm,0.75,32,0.25,16,8,30.813599994871765
transition_first,0.75,32,0.25,16,9,28.37879996513948
transition_warm,0.75,32,0.25,16,9,30.46789998188615
transition_first,0.25,8,0.75,32,0,9.656900016125292
transition_warm,0.25,8,0.75,32,0,12.420999992173165
transition_first,0.25,8,0.75,32,1,12.36529997549951
transition_warm,0.25,8,0.75,32,1,15.975399990566075
transition_first,0.25,8,0.75,32,2,17.908599984366447
transition_warm,0.25,8,0.75,32,2,11.323700018692762
transition_first,0.25,8,0.75,32,3,9.987900033593178
transition_warm,0.25,8,0.75,32,3,9.294399991631508
transition_first,0.25,8,0.75,32,4,13.635900046210736
transition_warm,0.25,8,0.75,32,4,12.686599977314472
transition_first,0.25,8,0.75,32,5,11.42330002039671
transition_warm,0.25,8,0.75,32,5,13.237599981948733
transition_first,0.25,8,0.75,32,6,9.737700049299747
transition_warm,0.25,8,0.75,32,6,10.944799985736609
transition_first,0.25,8,0.75,32,7,11.200200009625405
transition_warm,0.25,8,0.75,32,7,11.804600013419986
transition_first,0.25,8,0.75,32,8,10.256899986416101
transition_warm,0.25,8,0.75,32,8,10.567299963440746
transition_first,0.25,8,0.75,32,9,12.179100012872368
transition_warm,0.25,8,0.75,32,9,9.474099962972105
transition_first,0.5,4,1.0,16,0,35.223099985159934
transition_warm,0.5,4,1.0,16,0,35.52309999940917
transition_first,0.5,4,1.0,16,1,34.55240000039339
transition_warm,0.5,4,1.0,16,1,34.13310000905767
transition_first,0.5,4,1.0,16,2,39.1986999893561
transition_warm,0.5,4,1.0,16,2,34.805300005245954
transition_first,0.5,4,1.0,16,3,43.48359996220097
transition_warm,0.5,4,1.0,16,3,32.10309997666627
transition_first,0.5,4,1.0,16,4,46.76570004085079
transition_warm,0.5,4,1.0,16,4,34.942900005262345
transition_first,0.5,4,1.0,16,5,43.930399988312274
transition_warm,0.5,4,1.0,16,5,39.94349995627999
transition_first,0.5,4,1.0,16,6,35.11799999978393
transition_warm,0.5,4,1.0,16,6,37.19599999021739
transition_first,0.5,4,1.0,16,7,32.529099960811436
transition_warm,0.5,4,1.0,16,7,32.20170002896339
transition_first,0.5,4,1.0,16,8,34.593100019264966
transition_warm,0.5,4,1.0,16,8,31.629100034479052
transition_first,0.5,4,1.0,16,9,33.22350000962615
transition_warm,0.5,4,1.0,16,9,39.1500000259839
transition_first,0.25,32,0.25,4,0,31.464200001209974
transition_warm,0.25,32,0.25,4,0,30.951399996411055
transition_first,0.25,32,0.25,4,1,29.193799942731857
transition_warm,0.25,32,0.25,4,1,27.115200005937368
transition_first,0.25,32,0.25,4,2,29.681599989999086
transition_warm,0.25,32,0.25,4,2,32.154500018805265
transition_first,0.25,32,0.25,4,3,34.256900020409375
transition_warm,0.25,32,0.25,4,3,46.634300029836595
transition_first,0.25,32,0.25,4,4,36.28729999763891
transition_warm,0.25,32,0.25,4,4,34.729500010143965
transition_first,0.25,32,0.25,4,5,36.801000009290874
transition_warm,0.25,32,0.25,4,5,32.86209999350831
transition_first,0.25,32,0.25,4,6,31.480200006626546
transition_warm,0.25,32,0.25,4,6,31.288800004404038
transition_first,0.25,32,0.25,4,7,27.505000005476177
transition_warm,0.25,32,0.25,4,7,28.0971999745816
transition_first,0.25,32,0.25,4,8,31.10189997823909
transition_warm,0.25,32,0.25,4,8,29.007600038312376
transition_first,0.25,32,0.25,4,9,38.76359999412671
transition_warm,0.25,32,0.25,4,9,35.628999990876764
transition_first,0.75,8,1.0,16,0,34.47199997026473
transition_warm,0.75,8,1.0,16,0,36.69480001553893
transition_first,0.75,8,1.0,16,1,34.99399998690933
transition_warm,0.75,8,1.0,16,1,33.63420005189255
transition_first,0.75,8,1.0,16,2,33.76280004158616
transition_warm,0.75,8,1.0,16,2,32.67240000423044
transition_first,0.75,8,1.0,16,3,38.14499999862164
transition_warm,0.75,8,1.0,16,3,30.742200033273548
transition_first,0.75,8,1.0,16,4,32.94539998751134
transition_warm,0.75,8,1.0,16,4,38.75559999141842
transition_first,0.75,8,1.0,16,5,39.54420000081882
transition_warm,0.75,8,1.0,16,5,41.69059998821467
transition_first,0.75,8,1.0,16,6,45.044700033031404
transition_warm,0.75,8,1.0,16,6,32.20380004495382
transition_first,0.75,8,1.0,16,7,41.17370001040399
transition_warm,0.75,8,1.0,16,7,38.189199985936284
transition_first,0.75,8,1.0,16,8,42.60899999644607
transition_warm,0.75,8,1.0,16,8,31.92290000151843
transition_first,0.75,8,1.0,16,9,34.77119997842237
transition_warm,0.75,8,1.0,16,9,38.18700002739206
transition_first,1.0,32,0.25,8,0,34.4455000013113
transition_warm,1.0,32,0.25,8,0,29.739499965216964
transition_first,1.0,32,0.25,8,1,31.562899996060878
transition_warm,1.0,32,0.25,8,1,30.01249994849786
transition_first,1.0,32,0.25,8,2,35.784400010015815
transition_warm,1.0,32,0.25,8,2,29.480399971362203
transition_first,1.0,32,0.25,8,3,41.61119996570051
transition_warm,1.0,32,0.25,8,3,35.84319999208674
transition_first,1.0,32,0.25,8,4,29.322699992917478
transition_warm,1.0,32,0.25,8,4,28.464099974371493
transition_first,1.0,32,0.25,8,5,32.46770001715049
transition_warm,1.0,32,0.25,8,5,30.29129997594282
transition_first,1.0,32,0.25,8,6,28.785399976186454
transition_warm,1.0,32,0.25,8,6,31.73580003203824
transition_first,1.0,32,0.25,8,7,30.926399980671704
transition_warm,1.0,32,0.25,8,7,27.5889000040479
transition_first,1.0,32,0.25,8,8,36.05809999862686
transition_warm,1.0,32,0.25,8,8,28.31220004009083
transition_first,1.0,32,0.25,8,9,34.488200035411865
transition_warm,1.0,32,0.25,8,9,36.85610002139583
transition_first,0.75,32,0.5,4,0,31.255500041879714
transition_warm,0.75,32,0.5,4,0,36.79430001648143
transition_first,0.75,32,0.5,4,1,37.175800011027604
transition_warm,0.75,32,0.5,4,1,42.09540004376322
transition_first,0.75,32,0.5,4,2,38.52449997793883
transition_warm,0.75,32,0.5,4,2,27.91939995950088
transition_first,0.75,32,0.5,4,3,37.31869999319315
transition_warm,0.75,32,0.5,4,3,31.890899990685284
transition_first,0.75,32,0.5,4,4,36.78369999397546
transition_warm,0.75,32,0.5,4,4,49.74909999873489
transition_first,0.75,32,0.5,4,5,28.668400016613305
transition_warm,0.75,32,0.5,4,5,29.498199990484864
transition_first,0.75,32,0.5,4,6,39.710699988063425
transition_warm,0.75,32,0.5,4,6,28.27810001326725
transition_first,0.75,32,0.5,4,7,35.04479996627197
transition_warm,0.75,32,0.5,4,7,35.6430999818258
transition_first,0.75,32,0.5,4,8,41.18440003367141
transition_warm,0.75,32,0.5,4,8,30.65009997226298
transition_first,0.75,32,0.5,4,9,30.607499997131526
transition_warm,0.75,32,0.5,4,9,31.136299949139357
transition_first,0.25,4,0.25,16,0,29.564399970695376
transition_warm,0.25,4,0.25,16,0,34.37429998302832
transition_first,0.25,4,0.25,16,1,42.35950001748279
transition_warm,0.25,4,0.25,16,1,28.67810003226623
transition_first,0.25,4,0.25,16,2,30.3878000122495
transition_warm,0.25,4,0.25,16,2,38.534199993591756
transition_first,0.25,4,0.25,16,3,30.766600044444203
transition_warm,0.25,4,0.25,16,3,27.13979996042326
transition_first,0.25,4,0.25,16,4,31.41299996059388
transition_warm,0.25,4,0.25,16,4,31.363500049337745
transition_first,0.25,4,0.25,16,5,30.738100002054125
transition_warm,0.25,4,0.25,16,5,34.79999996488914
transition_first,0.25,4,0.25,16,6,35.849499981850386
transition_warm,0.25,4,0.25,16,6,29.912700003478676
transition_first,0.25,4,0.25,16,7,42.599800042808056
transition_warm,0.25,4,0.25,16,7,31.44420002354309
transition_first,0.25,4,0.25,16,8,31.033200037200004
transition_warm,0.25,4,0.25,16,8,31.116300029680133
transition_first,0.25,4,0.25,16,9,35.075000021606684
transition_warm,0.25,4,0.25,16,9,32.255500031169504
transition_first,0.25,4,0.25,8,0,34.248099953401834
transition_warm,0.25,4,0.25,8,0,35.86629999335855
transition_first,0.25,4,0.25,8,1,36.323799984529614
transition_warm,0.25,4,0.25,8,1,26.78600000217557
transition_first,0.25,4,0.25,8,2,31.71080001629889
transition_warm,0.25,4,0.25,8,2,34.687599982135
transition_first,0.25,4,0.25,8,3,33.560299954842776
transition_warm,0.25,4,0.25,8,3,25.91629995731637
transition_first,0.25,4,0.25,8,4,42.21200000029057
transition_warm,0.25,4,0.25,8,4,32.796099956613034
transition_first,0.25,4,0.25,8,5,28.70600001187995
transition_warm,0.25,4,0.25,8,5,32.43680001469329
transition_first,0.25,4,0.25,8,6,31.014900014270097
transition_warm,0.25,4,0.25,8,6,33.41329999966547
transition_first,0.25,4,0.25,8,7,32.90089999791235
transition_warm,0.25,4,0.25,8,7,49.29190000984818
transition_first,0.25,4,0.25,8,8,43.52100001415238
transition_warm,0.25,4,0.25,8,8,31.709800008684397
transition_first,0.25,4,0.25,8,9,38.394899980630726
transition_warm,0.25,4,0.25,8,9,37.22339996602386
transition_first,1.0,32,1.0,16,0,37.69659996032715
transition_warm,1.0,32,1.0,16,0,44.69819995574653
transition_first,1.0,32,1.0,16,1,32.37039997475222
transition_warm,1.0,32,1.0,16,1,49.816099985037
transition_first,1.0,32,1.0,16,2,37.968099990393966
transition_warm,1.0,32,1.0,16,2,38.63669995917007
transition_first,1.0,32,1.0,16,3,35.40400002384558
transition_warm,1.0,32,1.0,16,3,37.074899999424815
transition_first,1.0,32,1.0,16,4,47.336400020867586
transition_warm,1.0,32,1.0,16,4,40.609900024719536
transition_first,1.0,32,1.0,16,5,36.757900030352175
transition_warm,1.0,32,1.0,16,5,40.8881000475958
transition_first,1.0,32,1.0,16,6,43.53829997126013
transition_warm,1.0,32,1.0,16,6,33.492500020656735
transition_first,1.0,32,1.0,16,7,34.01940001640469
transition_warm,1.0,32,1.0,16,7,48.54170000180602
transition_first,1.0,32,1.0,16,8,37.56279998924583
transition_warm,1.0,32,1.0,16,8,31.400599982589483
transition_first,1.0,32,1.0,16,9,34.98519997810945
transition_warm,1.0,32,1.0,16,9,36.109100037720054
transition_first,1.0,4,0.75,16,0,36.98270005406812
transition_warm,1.0,4,0.75,16,0,30.617900018114597
transition_first,1.0,4,0.75,16,1,30.38479998940602
transition_warm,1.0,4,0.75,16,1,36.99990001041442
transition_first,1.0,4,0.75,16,2,38.09679998084903
transition_warm,1.0,4,0.75,16,2,30.965199985075742
transition_first,1.0,4,0.75,16,3,32.314299955032766
transition_warm,1.0,4,0.75,16,3,27.960199979133904
transition_first,1.0,4,0.75,16,4,33.9356999611482
transition_warm,1.0,4,0.75,16,4,36.449800012633204
transition_first,1.0,4,0.75,16,5,33.38939999230206
transition_warm,1.0,4,0.75,16,5,34.56930001266301
transition_first,1.0,4,0.75,16,6,31.640500004868954
transition_warm,1.0,4,0.75,16,6,32.31430001324043
transition_first,1.0,4,0.75,16,7,42.48479998204857
transition_warm,1.0,4,0.75,16,7,30.09859996382147
transition_first,1.0,4,0.75,16,8,39.939100039191544
transition_warm,1.0,4,0.75,16,8,30.790099990554154
transition_first,1.0,4,0.75,16,9,33.915899985004216
transition_warm,1.0,4,0.75,16,9,43.82919997442514
transition_first,0.75,32,1.0,4,0,31.231199973262846
transition_warm,0.75,32,1.0,4,0,34.57879996858537
transition_first,0.75,32,1.0,4,1,35.20779998507351
transition_warm,0.75,32,1.0,4,1,31.828600040171295
transition_first,0.75,32,1.0,4,2,34.012200019788
transition_warm,0.75,32,1.0,4,2,38.3113999851048
transition_first,0.75,32,1.0,4,3,33.606500015594065
transition_warm,0.75,32,1.0,4,3,32.69790002377704
transition_first,0.75,32,1.0,4,4,30.82320000976324
transition_warm,0.75,32,1.0,4,4,48.57759998412803
transition_first,0.75,32,1.0,4,5,38.99899998214096
transition_warm,0.75,32,1.0,4,5,51.16019997512922
transition_first,0.75,32,1.0,4,6,41.730800003279
transition_warm,0.75,32,1.0,4,6,36.21829999610782
transition_first,0.75,32,1.0,4,7,43.38149999966845
transition_warm,0.75,32,1.0,4,7,36.6665999754332
transition_first,0.75,32,1.0,4,8,39.6269999910146
transition_warm,0.75,32,1.0,4,8,36.44559998065233
transition_first,0.75,32,1.0,4,9,35.18820001045242
transition_warm,0.75,32,1.0,4,9,77.2628000122495
transition_first,0.75,4,0.75,32,0,11.747899989131838
transition_warm,0.75,4,0.75,32,0,10.371399985160679
transition_first,0.75,4,0.75,32,1,9.970400016754866
transition_warm,0.75,4,0.75,32,1,13.846799964085221
transition_first,0.75,4,0.75,32,2,10.053700010757893
transition_warm,0.75,4,0.75,32,2,10.158099990803748
transition_first,0.75,4,0.75,32,3,11.874500021804124
transition_warm,0.75,4,0.75,32,3,10.447599983308464
transition_first,0.75,4,0.75,32,4,12.02040002681315
transition_warm,0.75,4,0.75,32,4,10.957700025755912
transition_first,0.75,4,0.75,32,5,9.350800013635308
transition_warm,0.75,4,0.75,32,5,10.273799998685718
transition_first,0.75,4,0.75,32,6,10.322499962057918
transition_warm,0.75,4,0.75,32,6,11.881400016136467
transition_first,0.75,4,0.75,32,7,9.588599961716682
transition_warm,0.75,4,0.75,32,7,10.762099991552532
transition_first,0.75,4,0.75,32,8,10.846199991647154
transition_warm,0.75,4,0.75,32,8,13.28839996131137
transition_first,0.75,4,0.75,32,9,14.071500045247376
transition_warm,0.75,4,0.75,32,9,12.87360000424087
transition_first,1.0,8,0.25,16,0,33.869000035338104
transition_warm,1.0,8,0.25,16,0,28.97129999473691
transition_first,1.0,8,0.25,16,1,30.103600001893938
transition_warm,1.0,8,0.25,16,1,30.9891999932006
transition_first,1.0,8,0.25,16,2,35.86979996180162
transition_warm,1.0,8,0.25,16,2,30.588499968871474
transition_first,1.0,8,0.25,16,3,28.198400046676397
transition_warm,1.0,8,0.25,16,3,29.677499958779663
transition_first,1.0,8,0.25,16,4,37.71449998021126
transition_warm,1.0,8,0.25,16,4,36.65080002974719
transition_first,1.0,8,0.25,16,5,29.74189998349175
transition_warm,1.0,8,0.25,16,5,33.52560003986582
transition_first,1.0,8,0.25,16,6,34.383499994874
transition_warm,1.0,8,0.25,16,6,27.406100009102374
transition_first,1.0,8,0.25,16,7,39.76469999179244
transition_warm,1.0,8,0.25,16,7,33.46690000034869
transition_first,1.0,8,0.25,16,8,43.010099965613335
transition_warm,1.0,8,0.25,16,8,29.460499994456768
transition_first,1.0,8,0.25,16,9,42.92520001763478
transition_warm,1.0,8,0.25,16,9,36.0400999779813
transition_first,0.5,8,1.0,4,0,42.631099990103394
transition_warm,0.5,8,1.0,4,0,47.93430003337562
transition_first,0.5,8,1.0,4,1,47.788399970158935
transition_warm,0.5,8,1.0,4,1,35.78109998488799
transition_first,0.5,8,1.0,4,2,39.1558000119403
transition_warm,0.5,8,1.0,4,2,32.95280004385859
transition_first,0.5,8,1.0,4,3,35.446800000499934
transition_warm,0.5,8,1.0,4,3,38.01670001121238
transition_first,0.5,8,1.0,4,4,30.634899972938
transition_warm,0.5,8,1.0,4,4,39.134600025136024
transition_first,0.5,8,1.0,4,5,38.78800000529736
transition_warm,0.5,8,1.0,4,5,37.2637000400573
transition_first,0.5,8,1.0,4,6,32.04229997936636
transition_warm,0.5,8,1.0,4,6,33.93660002620891
transition_first,0.5,8,1.0,4,7,32.66049997182563
transition_warm,0.5,8,1.0,4,7,34.36719998717308
transition_first,0.5,8,1.0,4,8,31.90030000405386
transition_warm,0.5,8,1.0,4,8,32.75640000356361
transition_first,0.5,8,1.0,4,9,32.52450004220009
transition_warm,0.5,8,1.0,4,9,36.240899993572384
transition_first,0.5,32,1.0,8,0,36.32460004882887
transition_warm,0.5,32,1.0,8,0,32.63120003975928
transition_first,0.5,32,1.0,8,1,37.45020000496879
transition_warm,0.5,32,1.0,8,1,34.341299964580685
transition_first,0.5,32,1.0,8,2,35.96260002814233
transition_warm,0.5,32,1.0,8,2,32.01640001498163
transition_first,0.5,32,1.0,8,3,34.65520002646372
transition_warm,0.5,32,1.0,8,3,34.17429997352883
transition_first,0.5,32,1.0,8,4,35.06840002955869
transition_warm,0.5,32,1.0,8,4,37.311899999622256
transition_first,0.5,32,1.0,8,5,32.87200001068413
transition_warm,0.5,32,1.0,8,5,33.400600019376725
transition_first,0.5,32,1.0,8,6,33.2044999813661
transition_warm,0.5,32,1.0,8,6,36.06369998306036
transition_first,0.5,32,1.0,8,7,36.126799997873604
transition_warm,0.5,32,1.0,8,7,30.78349999850616
transition_first,0.5,32,1.0,8,8,32.98789996188134
transition_warm,0.5,32,1.0,8,8,34.97080004308373
transition_first,0.5,32,1.0,8,9,32.87850000197068
transition_warm,0.5,32,1.0,8,9,33.935600018594414
transition_first,0.25,4,0.5,32,0,11.377700022421777
transition_warm,0.25,4,0.5,32,0,9.89129999652505
transition_first,0.25,4,0.5,32,1,10.081799991894513
transition_warm,0.25,4,0.5,32,1,11.54310000129044
transition_first,0.25,4,0.5,32,2,10.98320004530251
transition_warm,0.25,4,0.5,32,2,10.793800000101328
transition_first,0.25,4,0.5,32,3,11.056300019845366
transition_warm,0.25,4,0.5,32,3,12.277700006961823
transition_first,0.25,4,0.5,32,4,9.384699980728328
transition_warm,0.25,4,0.5,32,4,10.893900005612522
transition_first,0.25,4,0.5,32,5,9.666499972809106
transition_warm,0.25,4,0.5,32,5,9.271699993405491
transition_first,0.25,4,0.5,32,6,13.237399980425835
transition_warm,0.25,4,0.5,32,6,13.91359994886443
transition_first,0.25,4,0.5,32,7,14.166799956001341
transition_warm,0.25,4,0.5,32,7,12.28839997202158
transition_first,0.25,4,0.5,32,8,12.68250000430271
transition_warm,0.25,4,0.5,32,8,11.965099954977632
transition_first,0.25,4,0.5,32,9,11.367099999915808
transition_warm,0.25,4,0.5,32,9,13.134999957401305
transition_first,0.5,8,0.75,4,0,33.75929995672777
transition_warm,0.5,8,0.75,4,0,28.356100025121123
transition_first,0.5,8,0.75,4,1,31.840799958445132
transition_warm,0.5,8,0.75,4,1,31.291999970562756
transition_first,0.5,8,0.75,4,2,37.529699970036745
transition_warm,0.5,8,0.75,4,2,31.904399977065623
transition_first,0.5,8,0.75,4,3,30.79200000502169
transition_warm,0.5,8,0.75,4,3,30.172300001140684
transition_first,0.5,8,0.75,4,4,36.874699988402426
transition_warm,0.5,8,0.75,4,4,37.07369999028742
transition_first,0.5,8,0.75,4,5,29.202900012023747
transition_warm,0.5,8,0.75,4,5,31.594800006132573
transition_first,0.5,8,0.75,4,6,40.10440001729876
transition_warm,0.5,8,0.75,4,6,34.49789999285713
transition_first,0.5,8,0.75,4,7,28.28530000988394
transition_warm,0.5,8,0.75,4,7,33.056700020097196
transition_first,0.5,8,0.75,4,8,49.049099965486676
transition_warm,0.5,8,0.75,4,8,31.07800002908334
transition_first,0.5,8,0.75,4,9,30.02619999460876
transition_warm,0.5,8,0.75,4,9,28.631100023631006
transition_first,0.5,8,1.0,8,0,46.05390003416687
transition_warm,0.5,8,1.0,8,0,35.31880001537502
transition_first,0.5,8,1.0,8,1,33.591900020837784
transition_warm,0.5,8,1.0,8,1,41.203000000678
transition_first,0.5,8,1.0,8,2,37.027699989266694
transition_warm,0.5,8,1.0,8,2,32.85200003301725
transition_first,0.5,8,1.0,8,3,33.20730000268668
transition_warm,0.5,8,1.0,8,3,37.69019996980205
transition_first,0.5,8,1.0,8,4,32.72560000186786
transition_warm,0.5,8,1.0,8,4,32.61599998222664
transition_first,0.5,8,1.0,8,5,33.75360002974048
transition_warm,0.5,8,1.0,8,5,34.76089995820075
transition_first,0.5,8,1.0,8,6,37.46409999439493
transition_warm,0.5,8,1.0,8,6,38.99839997757226
transition_first,0.5,8,1.0,8,7,38.79160003270954
transition_warm,0.5,8,1.0,8,7,31.09299996867776
transition_first,0.5,8,1.0,8,8,45.24349997518584
transition_warm,0.5,8,1.0,8,8,42.4494999460876
transition_first,0.5,8,1.0,8,9,38.11480000149459
transition_warm,0.5,8,1.0,8,9,34.030400041956455
transition_first,0.25,32,0.5,4,0,40.629499999340624
transition_warm,0.25,32,0.5,4,0,30.689399980474263
transition_first,0.25,32,0.5,4,1,34.10509997047484
transition_warm,0.25,32,0.5,4,1,37.31230000266805
transition_first,0.25,32,0.5,4,2,34.15060002589598
transition_warm,0.25,32,0.5,4,2,41.79440002189949
transition_first,0.25,32,0.5,4,3,37.734200013801455
transition_warm,0.25,32,0.5,4,3,32.93259994825348
transition_first,0.25,32,0.5,4,4,28.659300005529076
transition_warm,0.25,32,0.5,4,4,33.588699996471405
transition_first,0.25,32,0.5,4,5,28.394300024956465
transition_warm,0.25,32,0.5,4,5,35.427299968432635
transition_first,0.25,32,0.5,4,6,34.46950000943616
transition_warm,0.25,32,0.5,4,6,38.158100040163845
transition_first,0.25,32,0.5,4,7,29.536500049289316
transition_warm,0.25,32,0.5,4,7,30.628899985458702
transition_first,0.25,32,0.5,4,8,28.94889999879524
transition_warm,0.25,32,0.5,4,8,30.26159998262301
transition_first,0.25,32,0.5,4,9,33.93119998509064
transition_warm,0.25,32,0.5,4,9,29.20970000559464
transition_first,0.25,8,0.5,8,0,31.95099998265505
transition_warm,0.25,8,0.5,8,0,34.85519997775555
transition_first,0.25,8,0.5,8,1,40.3956999653019
transition_warm,0.25,8,0.5,8,1,29.82009999686852
transition_first,0.25,8,0.5,8,2,28.376000002026558
transition_warm,0.25,8,0.5,8,2,29.86470004543662
transition_first,0.25,8,0.5,8,3,36.045299959369004
transition_warm,0.25,8,0.5,8,3,38.43909996794537
transition_first,0.25,8,0.5,8,4,35.94970004633069
transition_warm,0.25,8,0.5,8,4,35.85350001230836
transition_first,0.25,8,0.5,8,5,28.829700022470206
transition_warm,0.25,8,0.5,8,5,31.526800012215972
transition_first,0.25,8,0.5,8,6,29.83949996996671
transition_warm,0.25,8,0.5,8,6,33.00699999090284
transition_first,0.25,8,0.5,8,7,28.910900000482798
transition_warm,0.25,8,0.5,8,7,31.87810000963509
transition_first,0.25,8,0.5,8,8,33.49589998833835
transition_warm,0.25,8,0.5,8,8,36.54420003294945
transition_first,0.25,8,0.5,8,9,27.35810005106032
transition_warm,0.25,8,0.5,8,9,35.38969997316599
transition_first,1.0,4,0.5,4,0,36.80619999067858
transition_warm,1.0,4,0.5,4,0,30.062100035138428
transition_first,1.0,4,0.5,4,1,35.54109996184707
transition_warm,1.0,4,0.5,4,1,30.157100001815706
transition_first,1.0,4,0.5,4,2,41.546299995388836
transition_warm,1.0,4,0.5,4,2,34.59999995538965
transition_first,1.0,4,0.5,4,3,45.22760002873838
transition_warm,1.0,4,0.5,4,3,30.494800012093037
transition_first,1.0,4,0.5,4,4,32.971000007819384
transition_warm,1.0,4,0.5,4,4,41.44589998759329
transition_first,1.0,4,0.5,4,5,34.38490000553429
transition_warm,1.0,4,0.5,4,5,42.37929999362677
transition_first,1.0,4,0.5,4,6,40.92300002230331
transition_warm,1.0,4,0.5,4,6,35.56839999509975
transition_first,1.0,4,0.5,4,7,26.331299974117428
transition_warm,1.0,4,0.5,4,7,28.28989998670295
transition_first,1.0,4,0.5,4,8,33.09330000774935
transition_warm,1.0,4,0.5,4,8,27.349199983291328
transition_first,1.0,4,0.5,4,9,33.33070001099259
transition_warm,1.0,4,0.5,4,9,36.87969996826723
transition_first,0.25,32,0.75,4,0,28.42149999924004
transition_warm,0.25,32,0.75,4,0,40.17720004776493
transition_first,0.25,32,0.75,4,1,50.92440004227683
transition_warm,0.25,32,0.75,4,1,44.632499979343265
transition_first,0.25,32,0.75,4,2,28.60369998961687
transition_warm,0.25,32,0.75,4,2,28.16250000614673
transition_first,0.25,32,0.75,4,3,38.479299983009696
transition_warm,0.25,32,0.75,4,3,36.98200004873797
transition_first,0.25,32,0.75,4,4,59.247099969070405
transition_warm,0.25,32,0.75,4,4,34.10560003248975
transition_first,0.25,32,0.75,4,5,29.656300030183047
transition_warm,0.25,32,0.75,4,5,28.8985000224784
transition_first,0.25,32,0.75,4,6,38.37799996836111
transition_warm,0.25,32,0.75,4,6,35.21729999920353
transition_first,0.25,32,0.75,4,7,32.0693000103347
transition_warm,0.25,32,0.75,4,7,37.061500013805926
transition_first,0.25,32,0.75,4,8,44.21359999105334
transition_warm,0.25,32,0.75,4,8,30.672899971250445
transition_first,0.25,32,0.75,4,9,32.470400037709624
transition_warm,0.25,32,0.75,4,9,38.48210000433028
transition_first,0.25,16,0.75,4,0,34.52859999379143
transition_warm,0.25,16,0.75,4,0,31.3997000339441
transition_first,0.25,16,0.75,4,1,44.14259997429326
transition_warm,0.25,16,0.75,4,1,35.28489999007434
transition_first,0.25,16,0.75,4,2,30.511699966154993
transition_warm,0.25,16,0.75,4,2,28.512299992144108
transition_first,0.25,16,0.75,4,3,32.96829998726025
transition_warm,0.25,16,0.75,4,3,36.54200001619756
transition_first,0.25,16,0.75,4,4,32.076000003144145
transition_warm,0.25,16,0.75,4,4,32.80400001676753
transition_first,0.25,16,0.75,4,5,33.28109998255968
transition_warm,0.25,16,0.75,4,5,36.421800032258034
transition_first,0.25,16,0.75,4,6,32.93800004757941
transition_warm,0.25,16,0.75,4,6,27.70620002411306
transition_first,0.25,16,0.75,4,7,28.931800043210387
transition_warm,0.25,16,0.75,4,7,31.606599979568273
transition_first,0.25,16,0.75,4,8,31.21759998612106
transition_warm,0.25,16,0.75,4,8,30.536299978848547
transition_first,0.25,16,0.75,4,9,31.538299983367324
transition_warm,0.25,16,0.75,4,9,34.15809996658936
transition_first,0.25,16,1.0,8,0,33.71519997017458
transition_warm,0.25,16,1.0,8,0,35.6119999778457
transition_first,0.25,16,1.0,8,1,37.78929996769875
transition_warm,0.25,16,1.0,8,1,32.87799999816343
transition_first,0.25,16,1.0,8,2,35.974099999293685
transition_warm,0.25,16,1.0,8,2,39.05370004940778
transition_first,0.25,16,1.0,8,3,36.073299997951835
transition_warm,0.25,16,1.0,8,3,33.553199958987534
transition_first,0.25,16,1.0,8,4,31.17899998323992
transition_warm,0.25,16,1.0,8,4,36.66220000013709
transition_first,0.25,16,1.0,8,5,42.331600037869066
transition_warm,0.25,16,1.0,8,5,32.71350002614781
transition_first,0.25,16,1.0,8,6,39.45939999539405
transition_warm,0.25,16,1.0,8,6,56.556399969849735
transition_first,0.25,16,1.0,8,7,39.85990001820028
transition_warm,0.25,16,1.0,8,7,45.60670000500977
transition_first,0.25,16,1.0,8,8,38.015700003597885
transition_warm,0.25,16,1.0,8,8,34.37160002067685
transition_first,0.25,16,1.0,8,9,36.051200004294515
transition_warm,0.25,16,1.0,8,9,41.00680002011359
transition_first,0.75,4,0.75,16,0,34.50780001003295
transition_warm,0.75,4,0.75,16,0,29.700900020543486
transition_first,0.75,4,0.75,16,1,37.49060002155602
transition_warm,0.75,4,0.75,16,1,29.188000014983118
transition_first,0.75,4,0.75,16,2,33.91090000513941
transition_warm,0.75,4,0.75,16,2,31.77480003796518
transition_first,0.75,4,0.75,16,3,36.23359999619424
transition_warm,0.75,4,0.75,16,3,35.4071999900043
transition_first,0.75,4,0.75,16,4,30.560099985450506
transition_warm,0.75,4,0.75,16,4,34.04280001996085
transition_first,0.75,4,0.75,16,5,40.02830001991242
transition_warm,0.75,4,0.75,16,5,33.6694999714382
transition_first,0.75,4,0.75,16,6,37.02250000787899
transition_warm,0.75,4,0.75,16,6,36.456800007727
transition_first,0.75,4,0.75,16,7,43.976400047540665
transition_warm,0.75,4,0.75,16,7,29.998900019563735
transition_first,0.75,4,0.75,16,8,34.39639997668564
transition_warm,0.75,4,0.75,16,8,28.705000004265457
transition_first,0.75,4,0.75,16,9,27.12350001093
transition_warm,0.75,4,0.75,16,9,33.6772000300698
transition_first,0.75,8,1.0,32,0,11.216499959118664
transition_warm,0.75,8,1.0,32,0,11.840799998026341
transition_first,0.75,8,1.0,32,1,12.099299987312406
transition_warm,0.75,8,1.0,32,1,11.756000050809234
transition_first,0.75,8,1.0,32,2,9.955500019714236
transition_warm,0.75,8,1.0,32,2,10.414000018499792
transition_first,0.75,8,1.0,32,3,10.774999973364174
transition_warm,0.75,8,1.0,32,3,12.311099970247597
transition_first,0.75,8,1.0,32,4,10.73730003554374
transition_warm,0.75,8,1.0,32,4,9.912999987136573
transition_first,0.75,8,1.0,32,5,9.752499987371266
transition_warm,0.75,8,1.0,32,5,10.641900007613003
transition_first,0.75,8,1.0,32,6,11.122099997010082
transition_warm,0.75,8,1.0,32,6,9.103799995500594
transition_first,0.75,8,1.0,32,7,9.460500034037977
transition_warm,0.75,8,1.0,32,7,9.443899965845048
transition_first,0.75,8,1.0,32,8,10.140899976249784
transition_warm,0.75,8,1.0,32,8,11.73879997804761
transition_first,0.75,8,1.0,32,9,10.745100036729127
transition_warm,0.75,8,1.0,32,9,9.46879998082295
transition_first,0.5,32,0.25,4,0,37.42820001207292
transition_warm,0.5,32,0.25,4,0,32.20000001601875
transition_first,0.5,32,0.25,4,1,35.38560000015423
transition_warm,0.5,32,0.25,4,1,38.101399957668036
transition_first,0.5,32,0.25,4,2,28.520299994852394
transition_warm,0.5,32,0.25,4,2,27.437400014605373
transition_first,0.5,32,0.25,4,3,37.36640000715852
transition_warm,0.5,32,0.25,4,3,34.910399990621954
transition_first,0.5,32,0.25,4,4,28.748499986249954
transition_warm,0.5,32,0.25,4,4,31.718800019007176
transition_first,0.5,32,0.25,4,5,32.375400012824684
transition_warm,0.5,32,0.25,4,5,35.13189998921007
transition_first,0.5,32,0.25,4,6,34.277700004167855
transition_warm,0.5,32,0.25,4,6,29.878699977416545
transition_first,0.5,32,0.25,4,7,36.51760000502691
transition_warm,0.5,32,0.25,4,7,38.0192999728024
transition_first,0.5,32,0.25,4,8,35.29379999963567
transition_warm,0.5,32,0.25,4,8,43.248899979516864
transition_first,0.5,32,0.25,4,9,34.296899975743145
transition_warm,0.5,32,0.25,4,9,29.73290003137663
transition_first,1.0,16,0.25,32,0,15.11530001880601
transition_warm,1.0,16,0.25,32,0,16.074899991508573
transition_first,1.0,16,0.25,32,1,9.723600000143051
transition_warm,1.0,16,0.25,32,1,10.526400001253933
transition_first,1.0,16,0.25,32,2,12.995400000363588
transition_warm,1.0,16,0.25,32,2,13.074600021354854
transition_first,1.0,16,0.25,32,3,12.888800003565848
transition_warm,1.0,16,0.25,32,3,10.978300007991493
transition_first,1.0,16,0.25,32,4,19.188900012522936
transition_warm,1.0,16,0.25,32,4,16.617999994195998
transition_first,1.0,16,0.25,32,5,10.527300008106977
transition_warm,1.0,16,0.25,32,5,9.894399961922318
transition_first,1.0,16,0.25,32,6,11.668899969663471
transition_warm,1.0,16,0.25,32,6,9.226499998476356
transition_first,1.0,16,0.25,32,7,12.302900024224073
transition_warm,1.0,16,0.25,32,7,10.258299997076392
transition_first,1.0,16,0.25,32,8,10.430300026200712
transition_warm,1.0,16,0.25,32,8,12.640099972486496
transition_first,1.0,16,0.25,32,9,12.600000016391277
transition_warm,1.0,16,0.25,32,9,12.673899997025728
transition_first,0.75,8,0.25,4,0,29.901099973358214
transition_warm,0.75,8,0.25,4,0,32.87090000230819
transition_first,0.75,8,0.25,4,1,36.81059996597469
transition_warm,0.75,8,0.25,4,1,49.07339997589588
transition_first,0.75,8,0.25,4,2,34.307099995203316
transition_warm,0.75,8,0.25,4,2,27.92979998048395
transition_first,0.75,8,0.25,4,3,27.63650001725182
transition_warm,0.75,8,0.25,4,3,37.99689997686073
transition_first,0.75,8,0.25,4,4,28.434200037736446
transition_warm,0.75,8,0.25,4,4,32.76529995491728
transition_first,0.75,8,0.25,4,5,27.26770000299439
transition_warm,0.75,8,0.25,4,5,46.39799997676164
transition_first,0.75,8,0.25,4,6,38.53800002252683
transition_warm,0.75,8,0.25,4,6,31.17859998019412
transition_first,0.75,8,0.25,4,7,27.249199978541583
transition_warm,0.75,8,0.25,4,7,34.57899997010827
transition_first,0.75,8,0.25,4,8,29.076099977828562
transition_warm,0.75,8,0.25,4,8,32.12280001025647
transition_first,0.75,8,0.25,4,9,29.582699993625283
transition_warm,0.75,8,0.25,4,9,27.52550004515797
transition_first,0.25,8,0.75,8,0,43.143699993379414
transition_warm,0.25,8,0.75,8,0,31.54920000815764
transition_first,0.25,8,0.75,8,1,34.8249000380747
transition_warm,0.25,8,0.75,8,1,104.31010002503172
transition_first,0.25,8,0.75,8,2,29.346700001042336
transition_warm,0.25,8,0.75,8,2,34.23059999477118
transition_first,0.25,8,0.75,8,3,30.50639998400584
transition_warm,0.25,8,0.75,8,3,34.06479995464906
transition_first,0.25,8,0.75,8,4,35.79130000434816
transition_warm,0.25,8,0.75,8,4,42.991099995560944
transition_first,0.25,8,0.75,8,5,29.020500020124018
transition_warm,0.25,8,0.75,8,5,30.038900033105165
transition_first,0.25,8,0.75,8,6,34.02090002782643
transition_warm,0.25,8,0.75,8,6,35.938500019256026
transition_first,0.25,8,0.75,8,7,33.48699997877702
transition_warm,0.25,8,0.75,8,7,32.92149998014793
transition_first,0.25,8,0.75,8,8,31.86670003924519
transition_warm,0.25,8,0.75,8,8,30.94329999294132
transition_first,0.25,8,0.75,8,9,29.308099998161197
transition_warm,0.25,8,0.75,8,9,35.3076999890618
transition_first,1.0,32,1.0,8,0,35.97139997873455
transition_warm,1.0,32,1.0,8,0,34.97740003513172
transition_first,1.0,32,1.0,8,1,35.33519996562973
transition_warm,1.0,32,1.0,8,1,37.62349998578429
transition_first,1.0,32,1.0,8,2,34.326499968301505
transition_warm,1.0,32,1.0,8,2,34.60449998965487
transition_first,1.0,32,1.0,8,3,38.76030002720654
transition_warm,1.0,32,1.0,8,3,35.93740001088008
transition_first,1.0,32,1.0,8,4,35.84279998904094
transition_warm,1.0,32,1.0,8,4,34.33340002084151
transition_first,1.0,32,1.0,8,5,31.66510001756251
transition_warm,1.0,32,1.0,8,5,38.03119994699955
transition_first,1.0,32,1.0,8,6,39.1302999923937
transition_warm,1.0,32,1.0,8,6,33.585800032597035
transition_first,1.0,32,1.0,8,7,36.95820004213601
transition_warm,1.0,32,1.0,8,7,34.67289998661727
transition_first,1.0,32,1.0,8,8,32.555899990256876
transition_warm,1.0,32,1.0,8,8,33.24740001698956
transition_first,1.0,32,1.0,8,9,37.25950000807643
transition_warm,1.0,32,1.0,8,9,37.720899970736355
transition_first,1.0,4,0.75,4,0,32.487799995578825
transition_warm,1.0,4,0.75,4,0,35.89469997677952
transition_first,1.0,4,0.75,4,1,33.1927000079304
transition_warm,1.0,4,0.75,4,1,30.141299997922033
transition_first,1.0,4,0.75,4,2,29.65129999211058
transition_warm,1.0,4,0.75,4,2,33.815300033893436
transition_first,1.0,4,0.75,4,3,33.11339998617768
transition_warm,1.0,4,0.75,4,3,60.462300025392324
transition_first,1.0,4,0.75,4,4,29.429899994283915
transition_warm,1.0,4,0.75,4,4,31.058199994731694
transition_first,1.0,4,0.75,4,5,36.73789999447763
transition_warm,1.0,4,0.75,4,5,29.41849996568635
transition_first,1.0,4,0.75,4,6,39.42509996704757
transition_warm,1.0,4,0.75,4,6,35.73609999148175
transition_first,1.0,4,0.75,4,7,30.30030004447326
transition_warm,1.0,4,0.75,4,7,29.288800025824457
transition_first,1.0,4,0.75,4,8,36.3142000278458
transition_warm,1.0,4,0.75,4,8,30.125799996312708
transition_first,1.0,4,0.75,4,9,29.149500012863427
transition_warm,1.0,4,0.75,4,9,31.283399963285774
transition_first,0.5,16,0.25,4,0,39.244100044015795
transition_warm,0.5,16,0.25,4,0,37.08300000289455
transition_first,0.5,16,0.25,4,1,40.6508999876678
transition_warm,0.5,16,0.25,4,1,36.11260000616312
transition_first,0.5,16,0.25,4,2,28.999799978919327
transition_warm,0.5,16,0.25,4,2,27.34770003007725
transition_first,0.5,16,0.25,4,3,29.517000017222017
transition_warm,0.5,16,0.25,4,3,40.5198999796994
transition_first,0.5,16,0.25,4,4,30.362999998033047
transition_warm,0.5,16,0.25,4,4,33.53130002506077
transition_first,0.5,16,0.25,4,5,29.460599995218217
transition_warm,0.5,16,0.25,4,5,30.361999990418553
transition_first,0.5,16,0.25,4,6,31.94620000431314
transition_warm,0.5,16,0.25,4,6,29.399100050795823
transition_first,0.5,16,0.25,4,7,27.986400004010648
transition_warm,0.5,16,0.25,4,7,30.237499973736703
transition_first,0.5,16,0.25,4,8,32.228800002485514
transition_warm,0.5,16,0.25,4,8,29.382099979557097
transition_first,0.5,16,0.25,4,9,42.78890002751723
transition_warm,0.5,16,0.25,4,9,40.601000015158206
transition_first,0.25,32,0.25,16,0,40.36639997502789
transition_warm,0.25,32,0.25,16,0,30.381500022485852
transition_first,0.25,32,0.25,16,1,26.182500005234033
transition_warm,0.25,32,0.25,16,1,31.939600012265146
transition_first,0.25,32,0.25,16,2,33.90340000623837
transition_warm,0.25,32,0.25,16,2,31.074300000909716
transition_first,0.25,32,0.25,16,3,30.45879997080192
transition_warm,0.25,32,0.25,16,3,29.40709999529645
transition_first,0.25,32,0.25,16,4,29.27970001474023
transition_warm,0.25,32,0.25,16,4,27.972300013061613
transition_first,0.25,32,0.25,16,5,38.223200011998415
transition_warm,0.25,32,0.25,16,5,36.831899953540415
transition_first,0.25,32,0.25,16,6,37.77190000982955
transition_warm,0.25,32,0.25,16,6,27.497600007336587
transition_first,0.25,32,0.25,16,7,31.259400013368577
transition_warm,0.25,32,0.25,16,7,43.14289998728782
transition_first,0.25,32,0.25,16,8,38.460300012957305
transition_warm,0.25,32,0.25,16,8,27.320399996824563
transition_first,0.25,32,0.25,16,9,40.76469998108223
transition_warm,0.25,32,0.25,16,9,26.917200011666864
transition_first,0.75,8,0.5,16,0,29.053300037048757
transition_warm,0.75,8,0.5,16,0,32.89650002261624
transition_first,0.75,8,0.5,16,1,27.9001000453718
transition_warm,0.75,8,0.5,16,1,34.538300009444356
transition_first,0.75,8,0.5,16,2,30.328799970448017
transition_warm,0.75,8,0.5,16,2,56.118100008461624
transition_first,0.75,8,0.5,16,3,40.463600016664714
transition_warm,0.75,8,0.5,16,3,36.48479998810217
transition_first,0.75,8,0.5,16,4,32.29599999031052
transition_warm,0.75,8,0.5,16,4,29.532000015024096
transition_first,0.75,8,0.5,16,5,35.506299987901
transition_warm,0.75,8,0.5,16,5,33.228699991013855
transition_first,0.75,8,0.5,16,6,30.17450001789257
transition_warm,0.75,8,0.5,16,6,27.557299996260554
transition_first,0.75,8,0.5,16,7,29.94640002725646
transition_warm,0.75,8,0.5,16,7,39.98810000484809
transition_first,0.75,8,0.5,16,8,27.635199949145317
transition_warm,0.75,8,0.5,16,8,29.656800033990294
transition_first,0.75,8,0.5,16,9,31.401899992488325
transition_warm,0.75,8,0.5,16,9,34.651199996005744
transition_first,0.75,16,0.5,16,0,50.18210003618151
transition_warm,0.75,16,0.5,16,0,47.44300001766533
transition_first,0.75,16,0.5,16,1,30.73290002066642
transition_warm,0.75,16,0.5,16,1,28.92969996901229
transition_first,0.75,16,0.5,16,2,32.152900006622076
transition_warm,0.75,16,0.5,16,2,49.678699986543506
transition_first,0.75,16,0.5,16,3,33.65450003184378
transition_warm,0.75,16,0.5,16,3,29.969100025482476
transition_first,0.75,16,0.5,16,4,28.765800001565367
transition_warm,0.75,16,0.5,16,4,30.306900036521256
transition_first,0.75,16,0.5,16,5,36.82219999609515
transition_warm,0.75,16,0.5,16,5,29.523100005462766
transition_first,0.75,16,0.5,16,6,36.09879995929077
transition_warm,0.75,16,0.5,16,6,32.1993000106886
transition_first,0.75,16,0.5,16,7,29.767100000754
transition_warm,0.75,16,0.5,16,7,30.374800029676408
transition_first,0.75,16,0.5,16,8,32.11190004367381
transition_warm,0.75,16,0.5,16,8,29.05129996361211
transition_first,0.75,16,0.5,16,9,33.20569999050349
transition_warm,0.75,16,0.5,16,9,30.111599946394563
transition_first,0.25,16,1.0,32,0,11.496399994939566
transition_warm,0.25,16,1.0,32,0,11.397399997804314
transition_first,0.25,16,1.0,32,1,14.172700000926852
transition_warm,0.25,16,1.0,32,1,11.671799991745502
transition_first,0.25,16,1.0,32,2,9.939799958374351
transition_warm,0.25,16,1.0,32,2,10.022599948570132
transition_first,0.25,16,1.0,32,3,9.555099997669458
transition_warm,0.25,16,1.0,32,3,10.687899950426072
transition_first,0.25,16,1.0,32,4,9.27039998350665
transition_warm,0.25,16,1.0,32,4,11.21890003560111
transition_first,0.25,16,1.0,32,5,9.278799989260733
transition_warm,0.25,16,1.0,32,5,11.00539998151362
transition_first,0.25,16,1.0,32,6,9.984999953303486
transition_warm,0.25,16,1.0,32,6,9.964199969545007
transition_first,0.25,16,1.0,32,7,10.132500028703362
transition_warm,0.25,16,1.0,32,7,11.242199980188161
transition_first,0.25,16,1.0,32,8,11.847899993881583
transition_warm,0.25,16,1.0,32,8,11.910699948202819
transition_first,0.25,16,1.0,32,9,13.606199994683266
transition_warm,0.25,16,1.0,32,9,14.784700004383922
transition_first,0.75,16,0.75,32,0,13.140499999281019
transition_warm,0.75,16,0.75,32,0,12.776799965649843
transition_first,0.75,16,0.75,32,1,9.543600026518106
transition_warm,0.75,16,0.75,32,1,12.011900020297617
transition_first,0.75,16,0.75,32,2,12.290799990296364
transition_warm,0.75,16,0.75,32,2,12.346700008492917
transition_first,0.75,16,0.75,32,3,11.957300011999905
transition_warm,0.75,16,0.75,32,3,11.979800008703023
transition_first,0.75,16,0.75,32,4,10.272099985741079
transition_warm,0.75,16,0.75,32,4,11.262300016824156
transition_first,0.75,16,0.75,32,5,10.3017000365071
transition_warm,0.75,16,0.75,32,5,10.481400007847697
transition_first,0.75,16,0.75,32,6,9.979000024031848
transition_warm,0.75,16,0.75,32,6,11.772700003348291
transition_first,0.75,16,0.75,32,7,12.978199985809624
transition_warm,0.75,16,0.75,32,7,12.459699995815754
transition_first,0.75,16,0.75,32,8,10.03040000796318
transition_warm,0.75,16,0.75,32,8,9.43769997684285
transition_first,0.75,16,0.75,32,9,12.469400011468679
transition_warm,0.75,16,0.75,32,9,11.439000023528934
transition_first,0.75,8,0.75,4,0,31.319200003053993
transition_warm,0.75,8,0.75,4,0,34.04920001048595
transition_first,0.75,8,0.75,4,1,29.457999975420535
transition_warm,0.75,8,0.75,4,1,29.787199979182333
transition_first,0.75,8,0.75,4,2,41.08929994981736
transition_warm,0.75,8,0.75,4,2,34.77630001725629
transition_first,0.75,8,0.75,4,3,32.17259998200461
transition_warm,0.75,8,0.75,4,3,30.660899996291846
transition_first,0.75,8,0.75,4,4,30.34619998652488
transition_warm,0.75,8,0.75,4,4,30.522999993991107
transition_first,0.75,8,0.75,4,5,42.47720004059374
transition_warm,0.75,8,0.75,4,5,28.957300004549325
transition_first,0.75,8,0.75,4,6,31.619900022633374
transition_warm,0.75,8,0.75,4,6,35.060000023804605
transition_first,0.75,8,0.75,4,7,32.40239998558536
transition_warm,0.75,8,0.75,4,7,30.636099982075393
transition_first,0.75,8,0.75,4,8,43.96620002808049
transition_warm,0.75,8,0.75,4,8,33.46950002014637
transition_first,0.75,8,0.75,4,9,36.46880004089326
transition_warm,0.75,8,0.75,4,9,32.473100000061095
transition_first,0.5,4,0.5,32,0,17.751999956090003
transition_warm,0.5,4,0.5,32,0,10.429699963424355
transition_first,0.5,4,0.5,32,1,11.760599969420582
transition_warm,0.5,4,0.5,32,1,13.086799997836351
transition_first,0.5,4,0.5,32,2,9.460600034799427
transition_warm,0.5,4,0.5,32,2,11.61740004317835
transition_first,0.5,4,0.5,32,3,10.637299972586334
transition_warm,0.5,4,0.5,32,3,12.284700002055615
transition_first,0.5,4,0.5,32,4,12.437099998351187
transition_warm,0.5,4,0.5,32,4,10.342099994886667
transition_first,0.5,4,0.5,32,5,17.54659996367991
transition_warm,0.5,4,0.5,32,5,22.923699987586588
transition_first,0.5,4,0.5,32,6,11.729600024409592
transition_warm,0.5,4,0.5,32,6,12.559199996758252
transition_first,0.5,4,0.5,32,7,11.266599991358817
transition_warm,0.5,4,0.5,32,7,9.570600057486445
transition_first,0.5,4,0.5,32,8,11.62020000629127
transition_warm,0.5,4,0.5,32,8,14.11089999601245
transition_first,0.5,4,0.5,32,9,13.102500000968575
transition_warm,0.5,4,0.5,32,9,16.112100041937083
transition_first,0.5,32,0.5,8,0,37.00549999484792
transition_warm,0.5,32,0.5,8,0,34.06670002732426
transition_first,0.5,32,0.5,8,1,35.91150004649535
transition_warm,0.5,32,0.5,8,1,31.366499955765903
transition_first,0.5,32,0.5,8,2,32.72419999120757
transition_warm,0.5,32,0.5,8,2,34.60569999879226
transition_first,0.5,32,0.5,8,3,31.24549996573478
transition_warm,0.5,32,0.5,8,3,28.001400001812726
transition_first,0.5,32,0.5,8,4,36.67309996671975
transition_warm,0.5,32,0.5,8,4,40.61870003351942
transition_first,0.5,32,0.5,8,5,28.992399980779737
transition_warm,0.5,32,0.5,8,5,29.38319998793304
transition_first,0.5,32,0.5,8,6,48.9540999988094
transition_warm,0.5,32,0.5,8,6,43.38849999476224
transition_first,0.5,32,0.5,8,7,35.63960001338273
transition_warm,0.5,32,0.5,8,7,30.027200002223253
transition_first,0.5,32,0.5,8,8,42.26710001239553
transition_warm,0.5,32,0.5,8,8,31.415100034791976
transition_first,0.5,32,0.5,8,9,56.96900002658367
transition_warm,0.5,32,0.5,8,9,32.96580002643168
transition_first,1.0,16,1.0,8,0,36.473199957981706
transition_warm,1.0,16,1.0,8,0,39.37810001662001
transition_first,1.0,16,1.0,8,1,47.01780003961176
transition_warm,1.0,16,1.0,8,1,52.862900018226355
transition_first,1.0,16,1.0,8,2,31.458600016776472
transition_warm,1.0,16,1.0,8,2,37.374200008343905
transition_first,1.0,16,1.0,8,3,32.15079999063164
transition_warm,1.0,16,1.0,8,3,37.93529997346923
transition_first,1.0,16,1.0,8,4,32.34030003659427
transition_warm,1.0,16,1.0,8,4,33.292200008872896
transition_first,1.0,16,1.0,8,5,35.6484999647364
transition_warm,1.0,16,1.0,8,5,36.70070000225678
transition_first,1.0,16,1.0,8,6,34.024199994746596
transition_warm,1.0,16,1.0,8,6,40.49970000050962
transition_first,1.0,16,1.0,8,7,33.547500032000244
transition_warm,1.0,16,1.0,8,7,33.88330002781004
transition_first,1.0,16,1.0,8,8,35.996399994473904
transition_warm,1.0,16,1.0,8,8,33.991499978583306
transition_first,1.0,16,1.0,8,9,33.076099993195385
transition_warm,1.0,16,1.0,8,9,40.223299991339445
transition_first,0.25,16,0.25,8,0,30.500599998049438
transition_warm,0.25,16,0.25,8,0,35.31680000014603
transition_first,0.25,16,0.25,8,1,34.963399986736476
transition_warm,0.25,16,0.25,8,1,35.585900011938065
transition_first,0.25,16,0.25,8,2,32.852299977093935
transition_warm,0.25,16,0.25,8,2,31.70660004252568
transition_first,0.25,16,0.25,8,3,32.08839998114854
transition_warm,0.25,16,0.25,8,3,33.20439998060465
transition_first,0.25,16,0.25,8,4,32.1999000152573
transition_warm,0.25,16,0.25,8,4,26.482900022529066
transition_first,0.25,16,0.25,8,5,30.231099983211607
transition_warm,0.25,16,0.25,8,5,29.578300018329173
transition_first,0.25,16,0.25,8,6,31.172099988907576
transition_warm,0.25,16,0.25,8,6,41.85799998231232
transition_first,0.25,16,0.25,8,7,30.798499996308237
transition_warm,0.25,16,0.25,8,7,35.501400008797646
transition_first,0.25,16,0.25,8,8,42.96009999234229
transition_warm,0.25,16,0.25,8,8,34.2415000195615
transition_first,0.25,16,0.25,8,9,27.134899981319904
transition_warm,0.25,16,0.25,8,9,33.36460003629327
transition_first,0.5,16,0.5,8,0,29.903799993917346
transition_warm,0.5,16,0.5,8,0,26.326199993491173
transition_first,0.5,16,0.5,8,1,31.62049996899441
transition_warm,0.5,16,0.5,8,1,32.36379998270422
transition_first,0.5,16,0.5,8,2,29.872599989175797
transition_warm,0.5,16,0.5,8,2,29.352999990805984
transition_first,0.5,16,0.5,8,3,36.01020004134625
transition_warm,0.5,16,0.5,8,3,41.75440000835806
transition_first,0.5,16,0.5,8,4,27.58609998272732
transition_warm,0.5,16,0.5,8,4,32.23230002913624
transition_first,0.5,16,0.5,8,5,43.60769997583702
transition_warm,0.5,16,0.5,8,5,42.49289998551831
transition_first,0.5,16,0.5,8,6,33.93320000031963
transition_warm,0.5,16,0.5,8,6,28.552600007969886
transition_first,0.5,16,0.5,8,7,40.405800042208284
transition_warm,0.5,16,0.5,8,7,31.982699991203845
transition_first,0.5,16,0.5,8,8,27.779200056102127
transition_warm,0.5,16,0.5,8,8,27.69280003849417
transition_first,0.5,16,0.5,8,9,32.52089995658025
transition_warm,0.5,16,0.5,8,9,41.85650002909824
transition_first,0.25,16,1.0,4,0,35.076100029982626
transition_warm,0.25,16,1.0,4,0,45.373399974778295
transition_first,0.25,16,1.0,4,1,38.80520001985133
transition_warm,0.25,16,1.0,4,1,38.645700027700514
transition_first,0.25,16,1.0,4,2,33.91740005463362
transition_warm,0.25,16,1.0,4,2,34.18820002116263
transition_first,0.25,16,1.0,4,3,36.26510000322014
transition_warm,0.25,16,1.0,4,3,39.64729997096583
transition_first,0.25,16,1.0,4,4,44.72090001218021
transition_warm,0.25,16,1.0,4,4,31.370599986985326
transition_first,0.25,16,1.0,4,5,36.713500041514635
transition_warm,0.25,16,1.0,4,5,32.455400039907545
transition_first,0.25,16,1.0,4,6,35.055599990300834
transition_warm,0.25,16,1.0,4,6,34.64730002451688
transition_first,0.25,16,1.0,4,7,40.14379996806383
transition_warm,0.25,16,1.0,4,7,37.02550003072247
transition_first,0.25,16,1.0,4,8,37.540299992542714
transition_warm,0.25,16,1.0,4,8,32.47259999625385
transition_first,0.25,16,1.0,4,9,37.19080000882968
transition_warm,0.25,16,1.0,4,9,32.250599993858486
transition_first,0.5,32,0.5,16,0,27.033700025640428
transition_warm,0.5,32,0.5,16,0,29.798800009302795
transition_first,0.5,32,0.5,16,1,39.033700013533235
transition_warm,0.5,32,0.5,16,1,28.125999961048365
transition_first,0.5,32,0.5,16,2,32.8014999977313
transition_warm,0.5,32,0.5,16,2,29.00560002308339
transition_first,0.5,32,0.5,16,3,28.69270002702251
transition_warm,0.5,32,0.5,16,3,30.02330003073439
transition_first,0.5,32,0.5,16,4,32.7269000117667
transition_warm,0.5,32,0.5,16,4,31.028299999888986
transition_first,0.5,32,0.5,16,5,32.665600010659546
transition_warm,0.5,32,0.5,16,5,34.784199960995466
transition_first,0.5,32,0.5,16,6,28.584200015757233
transition_warm,0.5,32,0.5,16,6,31.045300012920052
transition_first,0.5,32,0.5,16,7,30.710300023201853
transition_warm,0.5,32,0.5,16,7,33.816799987107515
transition_first,0.5,32,0.5,16,8,33.650900004431605
transition_warm,0.5,32,0.5,16,8,32.11329999612644
transition_first,0.5,32,0.5,16,9,30.86480003548786
transition_warm,0.5,32,0.5,16,9,28.669899969827384
transition_first,0.75,8,0.75,16,0,31.210899993311614
transition_warm,0.75,8,0.75,16,0,28.641399985644966
transition_first,0.75,8,0.75,16,1,34.73190002841875
transition_warm,0.75,8,0.75,16,1,34.19670002767816
transition_first,0.75,8,0.75,16,2,33.10900001088157
transition_warm,0.75,8,0.75,16,2,28.820700012147427
transition_first,0.75,8,0.75,16,3,31.44099999917671
transition_warm,0.75,8,0.75,16,3,35.83700000308454
transition_first,0.75,8,0.75,16,4,35.903100040741265
transition_warm,0.75,8,0.75,16,4,29.305400035809726
transition_first,0.75,8,0.75,16,5,32.82799996668473
transition_warm,0.75,8,0.75,16,5,33.50889997091144
transition_first,0.75,8,0.75,16,6,29.35069997329265
transition_warm,0.75,8,0.75,16,6,37.43079997366294
transition_first,0.75,8,0.75,16,7,44.78699999162927
transition_warm,0.75,8,0.75,16,7,35.20739998202771
transition_first,0.75,8,0.75,16,8,31.959999992977828
transition_warm,0.75,8,0.75,16,8,28.936700022313744
transition_first,0.75,8,0.75,16,9,31.961700005922467
transition_warm,0.75,8,0.75,16,9,46.61900002975017
transition_first,0.5,4,0.75,16,0,31.040099973324686
transition_warm,0.5,4,0.75,16,0,30.603800027165562
transition_first,0.5,4,0.75,16,1,32.28519996628165
transition_warm,0.5,4,0.75,16,1,29.65420001419261
transition_first,0.5,4,0.75,16,2,33.284999954048544
transition_warm,0.5,4,0.75,16,2,32.342799997422844
transition_first,0.5,4,0.75,16,3,41.02710000006482
transition_warm,0.5,4,0.75,16,3,34.3326999573037
transition_first,0.5,4,0.75,16,4,29.666799993719906
transition_warm,0.5,4,0.75,16,4,41.888499981723726
transition_first,0.5,4,0.75,16,5,31.828400038648397
transition_warm,0.5,4,0.75,16,5,30.471600010059774
transition_first,0.5,4,0.75,16,6,31.77149995462969
transition_warm,0.5,4,0.75,16,6,29.74899997934699
transition_first,0.5,4,0.75,16,7,33.750200003851205
transition_warm,0.5,4,0.75,16,7,33.07960001984611
transition_first,0.5,4,0.75,16,8,32.706999976653606
transition_warm,0.5,4,0.75,16,8,32.90910000214353
transition_first,0.5,4,0.75,16,9,34.00980000151321
transition_warm,0.5,4,0.75,16,9,31.72259998973459
transition_first,0.25,32,0.5,8,0,44.22400001203641
transition_warm,0.25,32,0.5,8,0,29.48959998320788
transition_first,0.25,32,0.5,8,1,29.803300043568015
transition_warm,0.25,32,0.5,8,1,31.502500001806766
transition_first,0.25,32,0.5,8,2,28.346400009468198
transition_warm,0.25,32,0.5,8,2,27.783899975474924
transition_first,0.25,32,0.5,8,3,35.824400023557246
transition_warm,0.25,32,0.5,8,3,34.203500021249056
transition_first,0.25,32,0.5,8,4,32.442000054288656
transition_warm,0.25,32,0.5,8,4,32.07650000695139
transition_first,0.25,32,0.5,8,5,33.1982999923639
transition_warm,0.25,32,0.5,8,5,37.60740003781393
transition_first,0.25,32,0.5,8,6,32.782699970994145
transition_warm,0.25,32,0.5,8,6,31.345699972007424
transition_first,0.25,32,0.5,8,7,29.730600013863295
transition_warm,0.25,32,0.5,8,7,34.43360002711415
transition_first,0.25,32,0.5,8,8,28.3149000024423
transition_warm,0.25,32,0.5,8,8,31.811900029424578
transition_first,0.25,32,0.5,8,9,30.10039997752756
transition_warm,0.25,32,0.5,8,9,26.607000036165118
transition_first,0.5,16,0.5,4,0,43.573200004175305
transition_warm,0.5,16,0.5,4,0,35.43439996428788
transition_first,0.5,16,0.5,4,1,48.80799999227747
transition_warm,0.5,16,0.5,4,1,33.73630001442507
transition_first,0.5,16,0.5,4,2,28.887899999972433
transition_warm,0.5,16,0.5,4,2,30.073100002482533
transition_first,0.5,16,0.5,4,3,31.213600013870746
transition_warm,0.5,16,0.5,4,3,33.67430000798777
transition_first,0.5,16,0.5,4,4,27.764300000853837
transition_warm,0.5,16,0.5,4,4,48.397200007457286
transition_first,0.5,16,0.5,4,5,29.954400029964745
transition_warm,0.5,16,0.5,4,5,33.15440000733361
transition_first,0.5,16,0.5,4,6,31.122300017159432
transition_warm,0.5,16,0.5,4,6,28.19520002231002
transition_first,0.5,16,0.5,4,7,34.117800008971244
transition_warm,0.5,16,0.5,4,7,32.48990001156926
transition_first,0.5,16,0.5,4,8,33.76539994496852
transition_warm,0.5,16,0.5,4,8,40.57509999256581
transition_first,0.5,16,0.5,4,9,31.68710001045838
transition_warm,0.5,16,0.5,4,9,32.35270001459867
transition_first,1.0,16,0.75,4,0,33.83259999100119
transition_warm,1.0,16,0.75,4,0,43.39230002369732
transition_first,1.0,16,0.75,4,1,103.48170000361279
transition_warm,1.0,16,0.75,4,1,59.44379995344207
transition_first,1.0,16,0.75,4,2,31.52389999013394
transition_warm,1.0,16,0.75,4,2,31.06609999667853
transition_first,1.0,16,0.75,4,3,38.68060000240803
transition_warm,1.0,16,0.75,4,3,45.275499986018986
transition_first,1.0,16,0.75,4,4,33.63629995146766
transition_warm,1.0,16,0.75,4,4,31.678800005465746
transition_first,1.0,16,0.75,4,5,34.13480002200231
transition_warm,1.0,16,0.75,4,5,34.03829998569563
transition_first,1.0,16,0.75,4,6,29.804600053466856
transition_warm,1.0,16,0.75,4,6,29.586500022560358
transition_first,1.0,16,0.75,4,7,34.975199960172176
transition_warm,1.0,16,0.75,4,7,47.35989996697754
transition_first,1.0,16,0.75,4,8,36.37310001067817
transition_warm,1.0,16,0.75,4,8,43.52389997802675
transition_first,1.0,16,0.75,4,9,29.988399997819215
transition_warm,1.0,16,0.75,4,9,29.229699983261526
transition_first,0.5,8,0.25,8,0,29.911699995864183
transition_warm,0.5,8,0.25,8,0,32.82939997734502
transition_first,0.5,8,0.25,8,1,33.62780000315979
transition_warm,0.5,8,0.25,8,1,29.49310000985861
transition_first,0.5,8,0.25,8,2,31.37909999350086
transition_warm,0.5,8,0.25,8,2,31.637499982025474
transition_first,0.5,8,0.25,8,3,29.635899991262704
transition_warm,0.5,8,0.25,8,3,29.24570004688576
transition_first,0.5,8,0.25,8,4,36.283499968703836
transition_warm,0.5,8,0.25,8,4,54.85810001846403
transition_first,0.5,8,0.25,8,5,28.733099985402077
transition_warm,0.5,8,0.25,8,5,34.18190003139898
transition_first,0.5,8,0.25,8,6,35.50929995253682
transition_warm,0.5,8,0.25,8,6,34.181600029114634
transition_first,0.5,8,0.25,8,7,30.431599996518344
transition_warm,0.5,8,0.25,8,7,29.159799974877387
transition_first,0.5,8,0.25,8,8,31.883299991022795
transition_warm,0.5,8,0.25,8,8,36.058600002434105
transition_first,0.5,8,0.25,8,9,29.36220000265166
transition_warm,0.5,8,0.25,8,9,28.917099989484996
transition_first,1.0,8,0.75,16,0,29.629600001499057
transition_warm,1.0,8,0.75,16,0,30.80529998987913
transition_first,1.0,8,0.75,16,1,39.13210000609979
transition_warm,1.0,8,0.75,16,1,33.12239999650046
transition_first,1.0,8,0.75,16,2,37.69349999492988
transition_warm,1.0,8,0.75,16,2,31.710400013253093
transition_first,1.0,8,0.75,16,3,41.18559998460114
transition_warm,1.0,8,0.75,16,3,33.077400003094226
transition_first,1.0,8,0.75,16,4,42.60469996370375
transition_warm,1.0,8,0.75,16,4,36.82839998509735
transition_first,1.0,8,0.75,16,5,34.24409998115152
transition_warm,1.0,8,0.75,16,5,30.145900032948703
transition_first,1.0,8,0.75,16,6,36.06189996935427
transition_warm,1.0,8,0.75,16,6,31.78329998627305
transition_first,1.0,8,0.75,16,7,32.316100026946515
transition_warm,1.0,8,0.75,16,7,30.08689999114722
transition_first,1.0,8,0.75,16,8,29.86310003325343
transition_warm,1.0,8,0.75,16,8,29.939099971670657
transition_first,1.0,8,0.75,16,9,29.287600016687065
transition_warm,1.0,8,0.75,16,9,30.56859999196604
transition_first,1.0,16,0.25,8,0,30.550300027243793
transition_warm,1.0,16,0.25,8,0,26.260199956595898
transition_first,1.0,16,0.25,8,1,29.7980000032112
transition_warm,1.0,16,0.25,8,1,28.614700015168637
transition_first,1.0,16,0.25,8,2,41.427799966186285
transition_warm,1.0,16,0.25,8,2,48.03970002103597
transition_first,1.0,16,0.25,8,3,32.21480001229793
transition_warm,1.0,16,0.25,8,3,31.530800042673945
transition_first,1.0,16,0.25,8,4,27.357399987522513
transition_warm,1.0,16,0.25,8,4,29.229700041469187
transition_first,1.0,16,0.25,8,5,41.47429997101426
transition_warm,1.0,16,0.25,8,5,40.05229996982962
transition_first,1.0,16,0.25,8,6,34.14970001904294
transition_warm,1.0,16,0.25,8,6,27.71799999754876
transition_first,1.0,16,0.25,8,7,34.628800000064075
transition_warm,1.0,16,0.25,8,7,46.049099997617304
transition_first,1.0,16,0.25,8,8,41.61539999768138
transition_warm,1.0,16,0.25,8,8,32.338200020603836
transition_first,1.0,16,0.25,8,9,37.966599978972226
transition_warm,1.0,16,0.25,8,9,34.64440000243485
transition_first,1.0,8,1.0,32,0,10.855200001969934
transition_warm,1.0,8,1.0,32,0,10.71660005254671
transition_first,1.0,8,1.0,32,1,12.015100044663996
transition_warm,1.0,8,1.0,32,1,9.496500017121434
transition_first,1.0,8,1.0,32,2,10.205800004769117
transition_warm,1.0,8,1.0,32,2,11.194699967745692
transition_first,1.0,8,1.0,32,3,12.152800045441836
transition_warm,1.0,8,1.0,32,3,11.317100026644766
transition_first,1.0,8,1.0,32,4,13.179100002162158
transition_warm,1.0,8,1.0,32,4,9.971000021323562
transition_first,1.0,8,1.0,32,5,11.536400008480996
transition_warm,1.0,8,1.0,32,5,10.997699981089681
transition_first,1.0,8,1.0,32,6,11.83959998888895
transition_warm,1.0,8,1.0,32,6,13.750199985224754
transition_first,1.0,8,1.0,32,7,11.065600032452494
transition_warm,1.0,8,1.0,32,7,10.817800008226186
transition_first,1.0,8,1.0,32,8,9.627900028135628
transition_warm,1.0,8,1.0,32,8,13.405099976807833
transition_first,1.0,8,1.0,32,9,12.000699993222952
transition_warm,1.0,8,1.0,32,9,11.69280003523454
transition_first,0.25,4,0.25,32,0,13.651999994181097
transition_warm,0.25,4,0.25,32,0,10.390799958258867
transition_first,0.25,4,0.25,32,1,13.439100002869964
transition_warm,0.25,4,0.25,32,1,11.756199994124472
transition_first,0.25,4,0.25,32,2,11.915499984752387
transition_warm,0.25,4,0.25,32,2,12.713699950836599
transition_first,0.25,4,0.25,32,3,11.665400001220405
transition_warm,0.25,4,0.25,32,3,9.074199944734573
transition_first,0.25,4,0.25,32,4,9.273000003304332
transition_warm,0.25,4,0.25,32,4,9.10750002367422
transition_first,0.25,4,0.25,32,5,10.062800021842122
transition_warm,0.25,4,0.25,32,5,10.803700017277151
transition_first,0.25,4,0.25,32,6,9.888999979011714
transition_warm,0.25,4,0.25,32,6,10.673900018446147
transition_first,0.25,4,0.25,32,7,11.190999997779727
transition_warm,0.25,4,0.25,32,7,11.288699985016137
transition_first,0.25,4,0.25,32,8,13.06909997947514
transition_warm,0.25,4,0.25,32,8,13.104999961797148
transition_first,0.25,4,0.25,32,9,12.275299988687038
transition_warm,0.25,4,0.25,32,9,12.616999971214682
transition_first,1.0,4,0.5,32,0,10.650100011844188
transition_warm,1.0,4,0.5,32,0,10.969599999953061
transition_first,1.0,4,0.5,32,1,12.767600012011826
transition_warm,1.0,4,0.5,32,1,9.188399999402463
transition_first,1.0,4,0.5,32,2,11.511599994264543
transition_warm,1.0,4,0.5,32,2,17.00420002453029
transition_first,1.0,4,0.5,32,3,14.417200000025332
transition_warm,1.0,4,0.5,32,3,11.73570001265034
transition_first,1.0,4,0.5,32,4,9.555800002999604
transition_warm,1.0,4,0.5,32,4,16.97599998442456
transition_first,1.0,4,0.5,32,5,12.854199972935021
transition_warm,1.0,4,0.5,32,5,11.370299966074526
transition_first,1.0,4,0.5,32,6,9.48519998928532
transition_warm,1.0,4,0.5,32,6,12.946200033184141
transition_first,1.0,4,0.5,32,7,15.950499975588173
transition_warm,1.0,4,0.5,32,7,11.952899978496134
transition_first,1.0,4,0.5,32,8,10.743000020738691
transition_warm,1.0,4,0.5,32,8,8.908800024073571
transition_first,1.0,4,0.5,32,9,10.834099957719445
transition_warm,1.0,4,0.5,32,9,12.456100026611239
transition_first,0.5,32,0.25,8,0,26.482900022529066
transition_warm,0.5,32,0.25,8,0,35.18669999903068
transition_first,0.5,32,0.25,8,1,29.11780000431463
transition_warm,0.5,32,0.25,8,1,25.401699997019023
transition_first,0.5,32,0.25,8,2,29.763399972580373
transition_warm,0.5,32,0.25,8,2,34.72759999567643
transition_first,0.5,32,0.25,8,3,45.53059994941577
transition_warm,0.5,32,0.25,8,3,29.383699991740286
transition_first,0.5,32,0.25,8,4,35.707600007299334
transition_warm,0.5,32,0.25,8,4,42.42020001402125
transition_first,0.5,32,0.25,8,5,37.09650004748255
transition_warm,0.5,32,0.25,8,5,31.35339997243136
transition_first,0.5,32,0.25,8,6,29.973199998494238
transition_warm,0.5,32,0.25,8,6,29.100800049491227
transition_first,0.5,32,0.25,8,7,31.448199995793402
transition_warm,0.5,32,0.25,8,7,30.31349997036159
transition_first,0.5,32,0.25,8,8,39.58219999913126
transition_warm,0.5,32,0.25,8,8,29.635900049470365
transition_first,0.5,32,0.25,8,9,30.93130001798272
transition_warm,0.5,32,0.25,8,9,31.631599995307624
